{"strategy":{"UltimateScalp10xStrategy":{"trades":[{"pair":"BTC/USDT","stake_amount":9.6567795,"max_stake_amount":9.6567795,"amount":9e-05,"open_date":"2025-06-25 15:16:00+00:00","close_date":"2025-06-25 17:20:00+00:00","open_rate":107297.55,"close_rate":107512.35990990991,"fee_open":0.001,"fee_close":0.001,"trade_duration":124,"profit_ratio":0.0,"profit_abs":0.0,"exit_reason":"roi","initial_stop_loss_abs":101932.68,"initial_stop_loss_ratio":-0.05,"stop_loss_abs":102152.89,"stop_loss_ratio":-0.05,"min_rate":106752.36,"max_rate":107529.35,"is_open":false,"enter_tag":"","leverage":1.0,"is_short":false,"open_timestamp":1750864560000,"close_timestamp":1750872000000,"orders":[{"amount":9e-05,"safe_price":107297.55,"ft_order_side":"buy","order_filled_timestamp":1750864560000,"ft_is_entry":true,"ft_order_tag":"","cost":9.6664362795},{"amount":9e-05,"safe_price":107512.35990990991,"ft_order_side":"sell","order_filled_timestamp":1750872000000,"ft_is_entry":false,"ft_order_tag":"roi","cost":9.685788504283783}]},{"pair":"BTC/USDT","stake_amount":9.6406992,"max_stake_amount":9.6406992,"amount":9e-05,"open_date":"2025-06-28 13:44:00+00:00","close_date":"2025-06-28 15:46:00+00:00","open_rate":107118.88,"close_rate":107333.3322122122,"fee_open":0.001,"fee_close":0.001,"trade_duration":122,"profit_ratio":0.0,"profit_abs":0.0,"exit_reason":"roi","initial_stop_loss_abs":101762.94,"initial_stop_loss_ratio":-0.05,"stop_loss_abs":101971.55,"stop_loss_ratio":-0.05,"min_rate":107100.99,"max_rate":107338.47,"is_open":false,"enter_tag":"","leverage":1.0,"is_short":false,"open_timestamp":1751118240000,"close_timestamp":1751125560000,"orders":[{"amount":9e-05,"safe_price":107118.88,"ft_order_side":"buy","order_filled_timestamp":1751118240000,"ft_is_entry":true,"ft_order_tag":"","cost":9.650339899199999},{"amount":9e-05,"safe_price":107333.3322122122,"ft_order_side":"sell","order_filled_timestamp":1751125560000,"ft_is_entry":false,"ft_order_tag":"roi","cost":9.669659898998196}]},{"pair":"BTC/USDT","stake_amount":9.6563691,"max_stake_amount":9.6563691,"amount":9e-05,"open_date":"2025-06-28 23:50:00+00:00","close_date":"2025-06-29 04:26:00+00:00","open_rate":107292.99,"close_rate":107241.77,"fee_open":0.001,"fee_close":0.001,"trade_duration":276,"profit_ratio":-0.0024744327517509626,"profit_abs":-0.02391793,"exit_reason":"exit_signal","initial_stop_loss_abs":101928.35,"initial_stop_loss_ratio":-0.05,"stop_loss_abs":102125.0,"stop_loss_ratio":-0.05,"min_rate":107172.52,"max_rate":107500.0,"is_open":false,"enter_tag":"","leverage":1.0,"is_short":false,"open_timestamp":1751154600000,"close_timestamp":1751171160000,"orders":[{"amount":9e-05,"safe_price":107292.99,"ft_order_side":"buy","order_filled_timestamp":1751154600000,"ft_is_entry":true,"ft_order_tag":"","cost":9.6660254691},{"amount":9e-05,"safe_price":107241.77,"ft_order_side":"sell","order_filled_timestamp":1751171160000,"ft_is_entry":false,"ft_order_tag":"exit_signal","cost":9.661411059299999}]},{"pair":"BTC/USDT","stake_amount":9.6507486,"max_stake_amount":9.6507486,"amount":9e-05,"open_date":"2025-06-29 05:21:00+00:00","close_date":"2025-06-29 06:29:00+00:00","open_rate":107230.54,"close_rate":107334.79,"fee_open":0.001,"fee_close":0.001,"trade_duration":68,"profit_ratio":-0.001027740121472187,"profit_abs":-0.00992838,"exit_reason":"exit_signal","initial_stop_loss_abs":101869.02,"initial_stop_loss_ratio":-0.05,"stop_loss_abs":101982.51,"stop_loss_ratio":-0.05,"min_rate":107205.82,"max_rate":107350.01,"is_open":false,"enter_tag":"","leverage":1.0,"is_short":false,"open_timestamp":1751174460000,"close_timestamp":1751178540000,"orders":[{"amount":9e-05,"safe_price":107230.54,"ft_order_side":"buy","order_filled_timestamp":1751174460000,"ft_is_entry":true,"ft_order_tag":"","cost":9.660399348599999},{"amount":9e-05,"safe_price":107334.79,"ft_order_side":"sell","order_filled_timestamp":1751178540000,"ft_is_entry":false,"ft_order_tag":"exit_signal","cost":9.669791231099998}]},{"pair":"BTC/USDT","stake_amount":9.6597036,"max_stake_amount":9.6597036,"amount":9e-05,"open_date":"2025-06-29 07:53:00+00:00","close_date":"2025-06-29 08:31:00+00:00","open_rate":107330.04,"close_rate":107544.91495495493,"fee_open":0.001,"fee_close":0.001,"trade_duration":38,"profit_ratio":0.0,"profit_abs":0.0,"exit_reason":"roi","initial_stop_loss_abs":101963.54,"initial_stop_loss_ratio":-0.05,"stop_loss_abs":102227.05,"stop_loss_ratio":-0.05,"min_rate":107330.03,"max_rate":107607.42,"is_open":false,"enter_tag":"","leverage":1.0,"is_short":false,"open_timestamp":1751183580000,"close_timestamp":1751185860000,"orders":[{"amount":9e-05,"safe_price":107330.04,"ft_order_side":"buy","order_filled_timestamp":1751183580000,"ft_is_entry":true,"ft_order_tag":"","cost":9.669363303599999},{"amount":9e-05,"safe_price":107544.91495495493,"ft_order_side":"sell","order_filled_timestamp":1751185860000,"ft_is_entry":false,"ft_order_tag":"roi","cost":9.68872138829189}]}],"locks":[],"best_pair":{"key":"ETH/USDT","trades":0,"profit_mean":0.0,"profit_mean_pct":0.0,"profit_sum":0.0,"profit_sum_pct":0.0,"profit_total_abs":0.0,"profit_total":0.0,"profit_total_pct":0.0,"duration_avg":"0:00","wins":0,"draws":0,"losses":0,"winrate":0.0},"worst_pair":{"key":"BTC/USDT","trades":5,"profit_mean":-0.0007004345746446299,"profit_mean_pct":-0.07,"profit_sum":-0.0035021728732231496,"profit_sum_pct":-0.35,"profit_total_abs":-0.033846310000000004,"profit_total":-3.384631e-05,"profit_total_pct":-0.0,"duration_avg":"2:06:00","wins":0,"draws":3,"losses":2,"winrate":0.0},"results_per_pair":[{"key":"ETH/USDT","trades":0,"profit_mean":0.0,"profit_mean_pct":0.0,"profit_sum":0.0,"profit_sum_pct":0.0,"profit_total_abs":0.0,"profit_total":0.0,"profit_total_pct":0.0,"duration_avg":"0:00","wins":0,"draws":0,"losses":0,"winrate":0.0},{"key":"BTC/USDT","trades":5,"profit_mean":-0.0007004345746446299,"profit_mean_pct":-0.07,"profit_sum":-0.0035021728732231496,"profit_sum_pct":-0.35,"profit_total_abs":-0.033846310000000004,"profit_total":-3.384631e-05,"profit_total_pct":-0.0,"duration_avg":"2:06:00","wins":0,"draws":3,"losses":2,"winrate":0.0},{"key":"TOTAL","trades":5,"profit_mean":-0.0007004345746446299,"profit_mean_pct":-0.07,"profit_sum":-0.0035021728732231496,"profit_sum_pct":-0.35,"profit_total_abs":-0.033846310000000004,"profit_total":-3.384631e-05,"profit_total_pct":-0.0,"duration_avg":"2:06:00","wins":0,"draws":3,"losses":2,"winrate":0.0}],"results_per_enter_tag":[{"key":"","trades":5,"profit_mean":-0.0007004345746446299,"profit_mean_pct":-0.07,"profit_sum":-0.0035021728732231496,"profit_sum_pct":-0.35,"profit_total_abs":-0.033846310000000004,"profit_total":-3.384631e-05,"profit_total_pct":-0.0,"duration_avg":"2:06:00","wins":0,"draws":3,"losses":2,"winrate":0.0},{"key":"TOTAL","trades":5,"profit_mean":-0.0007004345746446299,"profit_mean_pct":-0.07,"profit_sum":-0.0035021728732231496,"profit_sum_pct":-0.35,"profit_total_abs":-0.033846310000000004,"profit_total":-3.384631e-05,"profit_total_pct":-0.0,"duration_avg":"2:06:00","wins":0,"draws":3,"losses":2,"winrate":0.0}],"exit_reason_summary":[{"key":"roi","trades":3,"profit_mean":0.0,"profit_mean_pct":0.0,"profit_sum":0.0,"profit_sum_pct":0.0,"profit_total_abs":0.0,"profit_total":0.0,"profit_total_pct":0.0,"duration_avg":"1:35:00","wins":0,"draws":3,"losses":0,"winrate":0.0},{"key":"exit_signal","trades":2,"profit_mean":-0.0017510864366115748,"profit_mean_pct":-0.18,"profit_sum":-0.0035021728732231496,"profit_sum_pct":-0.35,"profit_total_abs":-0.033846310000000004,"profit_total":-3.384631e-05,"profit_total_pct":-0.0,"duration_avg":"2:52:00","wins":0,"draws":0,"losses":2,"winrate":0.0},{"key":"TOTAL","trades":5,"profit_mean":-0.0007004345746446299,"profit_mean_pct":-0.07,"profit_sum":-0.0035021728732231496,"profit_sum_pct":-0.35,"profit_total_abs":-0.033846310000000004,"profit_total":-3.384631e-05,"profit_total_pct":-0.0,"duration_avg":"2:06:00","wins":0,"draws":3,"losses":2,"winrate":0.0}],"mix_tag_stats":[{"key":["","roi"],"trades":3,"profit_mean":0.0,"profit_mean_pct":0.0,"profit_sum":0.0,"profit_sum_pct":0.0,"profit_total_abs":0.0,"profit_total":0.0,"profit_total_pct":0.0,"duration_avg":"1:35:00","wins":0,"draws":3,"losses":0,"winrate":0.0},{"key":["","exit_signal"],"trades":2,"profit_mean":-0.0017510864366115748,"profit_mean_pct":-0.18,"profit_sum":-0.0035021728732231496,"profit_sum_pct":-0.35,"profit_total_abs":-0.033846310000000004,"profit_total":-3.384631e-05,"profit_total_pct":-0.0,"duration_avg":"2:52:00","wins":0,"draws":0,"losses":2,"winrate":0.0},{"key":"TOTAL","trades":5,"profit_mean":-0.0007004345746446299,"profit_mean_pct":-0.07,"profit_sum":-0.0035021728732231496,"profit_sum_pct":-0.35,"profit_total_abs":-0.033846310000000004,"profit_total":-3.384631e-05,"profit_total_pct":-0.0,"duration_avg":"2:06:00","wins":0,"draws":3,"losses":2,"winrate":0.0}],"left_open_trades":[{"key":"TOTAL","trades":0,"profit_mean":0.0,"profit_mean_pct":0.0,"profit_sum":0.0,"profit_sum_pct":0.0,"profit_total_abs":0.0,"profit_total":0.0,"profit_total_pct":0.0,"duration_avg":"0:00","wins":0,"draws":0,"losses":0,"winrate":0.0}],"total_trades":5,"trade_count_long":5,"trade_count_short":0,"total_volume":96.68793638197386,"avg_stake_amount":9.65286,"profit_mean":-0.0007004345746446299,"profit_median":0.0,"profit_total":-3.384631e-05,"profit_total_long":-3.384631e-05,"profit_total_short":0.0,"profit_total_abs":-0.033846310000000004,"profit_total_long_abs":-0.033846310000000004,"profit_total_short_abs":0.0,"cagr":-0.0017633167016620765,"expectancy":-0.006769262000000002,"expectancy_ratio":-1.0,"sortino":-13.206446334325259,"sharpe":-9.83030052237943,"calmar":-272.9281882082024,"sqn":-1.4407,"profit_factor":0.0,"backtest_start":"2025-06-23 00:00:00","backtest_start_ts":1750636800000,"backtest_end":"2025-06-30 14:11:00","backtest_end_ts":1751292660000,"backtest_days":7,"backtest_run_start_ts":1751300859,"backtest_run_end_ts":1751300859,"trades_per_day":0.71,"market_change":0.08535653626498181,"pairlist":["BTC/USDT","ETH/USDT"],"stake_amount":10,"stake_currency":"USDT","stake_currency_decimals":3,"starting_balance":1000,"dry_run_wallet":1000,"final_balance":999.96615369,"rejected_signals":0,"timedout_entry_orders":0,"timedout_exit_orders":0,"canceled_trade_entries":0,"canceled_entry_orders":0,"replaced_entry_orders":0,"max_open_trades":2,"max_open_trades_setting":3,"timeframe":"1m","timeframe_detail":"","timerange":"","enable_protections":false,"strategy_name":"UltimateScalp10xStrategy","stoploss":-0.05,"trailing_stop":true,"trailing_stop_positive":0.01,"trailing_stop_positive_offset":0.02,"trailing_only_offset_is_reached":false,"use_custom_stoploss":false,"minimal_roi":{"0":0.03,"10":0.02,"20":0.01,"30":0},"use_exit_signal":true,"exit_profit_only":false,"exit_profit_offset":0.0,"ignore_roi_if_entry_signal":false,"trading_mode":"spot","margin_mode":"","periodic_breakdown":{"day":[{"date":"25/06/2025","date_ts":1750809600000,"profit_abs":0.0,"wins":0,"draws":1,"losses":0,"trades":1,"profit_factor":0.0},{"date":"26/06/2025","date_ts":1750896000000,"profit_abs":0.0,"wins":0,"draws":0,"losses":0,"trades":0,"profit_factor":0.0},{"date":"27/06/2025","date_ts":1750982400000,"profit_abs":0.0,"wins":0,"draws":0,"losses":0,"trades":0,"profit_factor":0.0},{"date":"28/06/2025","date_ts":1751068800000,"profit_abs":0.0,"wins":0,"draws":1,"losses":0,"trades":1,"profit_factor":0.0},{"date":"29/06/2025","date_ts":1751155200000,"profit_abs":-0.03384631,"wins":0,"draws":1,"losses":2,"trades":3,"profit_factor":0.0}],"week":[{"date":"30/06/2025","date_ts":1751241600000,"profit_abs":-0.03384631,"wins":0,"draws":3,"losses":2,"trades":5,"profit_factor":0.0}],"month":[{"date":"30/06/2025","date_ts":1751241600000,"profit_abs":-0.03384631,"wins":0,"draws":3,"losses":2,"trades":5,"profit_factor":0.0}],"year":[{"date":"31/12/2025","date_ts":1767139200000,"profit_abs":-0.03384631,"wins":0,"draws":3,"losses":2,"trades":5,"profit_factor":0.0}]},"backtest_best_day":0.0,"backtest_worst_day":-0.0035021728732231496,"backtest_best_day_abs":0.0,"backtest_worst_day_abs":-0.03384631,"winning_days":0,"draw_days":4,"losing_days":1,"daily_profit":[["2025-06-25",0.0],["2025-06-26",0.0],["2025-06-27",0.0],["2025-06-28",0.0],["2025-06-29",-0.03384631]],"wins":0,"losses":2,"draws":3,"winrate":0.0,"holding_avg":"2:06:00","holding_avg_s":7560.0,"winner_holding_avg":"0:00:00","winner_holding_avg_s":0.0,"loser_holding_avg":"2:52:00","loser_holding_avg_s":10320.0,"max_consecutive_wins":0,"max_consecutive_losses":5,"max_drawdown_account":3.384630999994442e-05,"max_relative_drawdown":3.384630999994442e-05,"max_drawdown_abs":0.033846310000000004,"drawdown_start":"2025-06-25 17:20:00","drawdown_start_ts":1750872000000.0,"drawdown_end":"2025-06-29 06:29:00","drawdown_end_ts":1751178540000.0,"max_drawdown_low":-0.033846310000000004,"max_drawdown_high":0.0,"csum_min":999.96615369,"csum_max":1000.0}},"strategy_comparison":[{"key":"UltimateScalp10xStrategy","trades":5,"profit_mean":-0.0007004345746446299,"profit_mean_pct":-0.07,"profit_sum":-0.0035021728732231496,"profit_sum_pct":-0.35,"profit_total_abs":-0.033846310000000004,"profit_total":-3.384631e-05,"profit_total_pct":-0.0,"duration_avg":"2:06:00","wins":0,"draws":3,"losses":2,"winrate":0.0,"max_drawdown_account":3.384630999994442e-05,"max_drawdown_abs":"0.034"}]}