{"strategy":{"FixedRiskRewardLossV2":{"trades":[{"pair":"SOL/USDT","stake_amount":329.94052,"max_stake_amount":329.94052,"amount":2.093,"open_date":"2025-06-01 23:55:00+00:00","close_date":"2025-07-01 19:25:00+00:00","open_rate":157.64,"close_rate":146.54,"fee_open":0.001,"fee_close":0.001,"trade_duration":42930,"profit_ratio":-0.07227091609228123,"profit_abs":-23.86894874,"exit_reason":"force_exit","initial_stop_loss_abs":15.77,"initial_stop_loss_ratio":-0.9,"stop_loss_abs":15.77,"stop_loss_ratio":-0.9,"min_rate":126.0,"max_rate":168.36,"is_open":false,"enter_tag":"","leverage":1.0,"is_short":false,"open_timestamp":1748822100000,"close_timestamp":1751397900000,"orders":[{"amount":2.093,"safe_price":157.64,"ft_order_side":"buy","order_filled_timestamp":1748822100000,"ft_is_entry":true,"ft_order_tag":"","cost":330.27046052},{"amount":2.093,"safe_price":146.54,"ft_order_side":"sell","order_filled_timestamp":1751397900000,"ft_is_entry":false,"ft_order_tag":"force_exit","cost":307.01492821999994}],"funding_fees":0.0}],"locks":[],"best_pair":{"key":"SOL/USDT","trades":1,"profit_mean":-0.07227091609228123,"profit_mean_pct":-7.23,"profit_sum":-0.07227091609228123,"profit_sum_pct":-7.23,"profit_total_abs":-23.86894874,"profit_total":-0.02386894874,"profit_total_pct":-2.39,"duration_avg":"29 days, 19:30:00","wins":0,"draws":0,"losses":1,"winrate":0.0,"cagr":-0.2621855951628056,"expectancy":-23.86894874,"expectancy_ratio":-1.0,"sortino":-100,"sharpe":-100,"calmar":-65.87921784325117,"sqn":-100.0,"profit_factor":0.0,"max_drawdown_account":0.02386894873999995,"max_drawdown_abs":23.86894874},"worst_pair":{"key":"SOL/USDT","trades":1,"profit_mean":-0.07227091609228123,"profit_mean_pct":-7.23,"profit_sum":-0.07227091609228123,"profit_sum_pct":-7.23,"profit_total_abs":-23.86894874,"profit_total":-0.02386894874,"profit_total_pct":-2.39,"duration_avg":"29 days, 19:30:00","wins":0,"draws":0,"losses":1,"winrate":0.0,"cagr":-0.2621855951628056,"expectancy":-23.86894874,"expectancy_ratio":-1.0,"sortino":-100,"sharpe":-100,"calmar":-65.87921784325117,"sqn":-100.0,"profit_factor":0.0,"max_drawdown_account":0.02386894873999995,"max_drawdown_abs":23.86894874},"results_per_pair":[{"key":"SOL/USDT","trades":1,"profit_mean":-0.07227091609228123,"profit_mean_pct":-7.23,"profit_sum":-0.07227091609228123,"profit_sum_pct":-7.23,"profit_total_abs":-23.86894874,"profit_total":-0.02386894874,"profit_total_pct":-2.39,"duration_avg":"29 days, 19:30:00","wins":0,"draws":0,"losses":1,"winrate":0.0,"cagr":-0.2621855951628056,"expectancy":-23.86894874,"expectancy_ratio":-1.0,"sortino":-100,"sharpe":-100,"calmar":-65.87921784325117,"sqn":-100.0,"profit_factor":0.0,"max_drawdown_account":0.02386894873999995,"max_drawdown_abs":23.86894874},{"key":"TOTAL","trades":1,"profit_mean":-0.07227091609228123,"profit_mean_pct":-7.23,"profit_sum":-0.07227091609228123,"profit_sum_pct":-7.23,"profit_total_abs":-23.86894874,"profit_total":-0.02386894874,"profit_total_pct":-2.39,"duration_avg":"29 days, 19:30:00","wins":0,"draws":0,"losses":1,"winrate":0.0,"cagr":-0.2621855951628056,"expectancy":-23.86894874,"expectancy_ratio":-1.0,"sortino":-100,"sharpe":-100,"calmar":-65.87921784325117,"sqn":-100.0,"profit_factor":0.0,"max_drawdown_account":0.02386894873999995,"max_drawdown_abs":23.86894874}],"results_per_enter_tag":[{"key":"","trades":1,"profit_mean":-0.07227091609228123,"profit_mean_pct":-7.23,"profit_sum":-0.07227091609228123,"profit_sum_pct":-7.23,"profit_total_abs":-23.86894874,"profit_total":-0.02386894874,"profit_total_pct":-2.39,"duration_avg":"29 days, 19:30:00","wins":0,"draws":0,"losses":1,"winrate":0.0,"cagr":-0.2621855951628056,"expectancy":-23.86894874,"expectancy_ratio":-1.0,"sortino":-100,"sharpe":-100,"calmar":-65.87921784325117,"sqn":-100.0,"profit_factor":0.0,"max_drawdown_account":0.02386894873999995,"max_drawdown_abs":23.86894874},{"key":"TOTAL","trades":1,"profit_mean":-0.07227091609228123,"profit_mean_pct":-7.23,"profit_sum":-0.07227091609228123,"profit_sum_pct":-7.23,"profit_total_abs":-23.86894874,"profit_total":-0.02386894874,"profit_total_pct":-2.39,"duration_avg":"29 days, 19:30:00","wins":0,"draws":0,"losses":1,"winrate":0.0,"cagr":-0.2621855951628056,"expectancy":-23.86894874,"expectancy_ratio":-1.0,"sortino":-100,"sharpe":-100,"calmar":-65.87921784325117,"sqn":-100.0,"profit_factor":0.0,"max_drawdown_account":0.02386894873999995,"max_drawdown_abs":23.86894874}],"exit_reason_summary":[{"key":"force_exit","trades":1,"profit_mean":-0.07227091609228123,"profit_mean_pct":-7.23,"profit_sum":-0.07227091609228123,"profit_sum_pct":-7.23,"profit_total_abs":-23.86894874,"profit_total":-0.02386894874,"profit_total_pct":-2.39,"duration_avg":"29 days, 19:30:00","wins":0,"draws":0,"losses":1,"winrate":0.0,"cagr":-0.2621855951628056,"expectancy":-23.86894874,"expectancy_ratio":-1.0,"sortino":-100,"sharpe":-100,"calmar":-65.87921784325117,"sqn":-100.0,"profit_factor":0.0,"max_drawdown_account":0.02386894873999995,"max_drawdown_abs":23.86894874},{"key":"TOTAL","trades":1,"profit_mean":-0.07227091609228123,"profit_mean_pct":-7.23,"profit_sum":-0.07227091609228123,"profit_sum_pct":-7.23,"profit_total_abs":-23.86894874,"profit_total":-0.02386894874,"profit_total_pct":-2.39,"duration_avg":"29 days, 19:30:00","wins":0,"draws":0,"losses":1,"winrate":0.0,"cagr":-0.2621855951628056,"expectancy":-23.86894874,"expectancy_ratio":-1.0,"sortino":-100,"sharpe":-100,"calmar":-65.87921784325117,"sqn":-100.0,"profit_factor":0.0,"max_drawdown_account":0.02386894873999995,"max_drawdown_abs":23.86894874}],"mix_tag_stats":[{"key":["","force_exit"],"trades":1,"profit_mean":-0.07227091609228123,"profit_mean_pct":-7.23,"profit_sum":-0.07227091609228123,"profit_sum_pct":-7.23,"profit_total_abs":-23.86894874,"profit_total":-0.02386894874,"profit_total_pct":-2.39,"duration_avg":"29 days, 19:30:00","wins":0,"draws":0,"losses":1,"winrate":0.0,"cagr":-0.2621855951628056,"expectancy":-23.86894874,"expectancy_ratio":-1.0,"sortino":-100,"sharpe":-100,"calmar":-65.87921784325117,"sqn":-100.0,"profit_factor":0.0,"max_drawdown_account":0.02386894873999995,"max_drawdown_abs":23.86894874},{"key":"TOTAL","trades":1,"profit_mean":-0.07227091609228123,"profit_mean_pct":-7.23,"profit_sum":-0.07227091609228123,"profit_sum_pct":-7.23,"profit_total_abs":-23.86894874,"profit_total":-0.02386894874,"profit_total_pct":-2.39,"duration_avg":"29 days, 19:30:00","wins":0,"draws":0,"losses":1,"winrate":0.0,"cagr":-0.2621855951628056,"expectancy":-23.86894874,"expectancy_ratio":-1.0,"sortino":-100,"sharpe":-100,"calmar":-65.87921784325117,"sqn":-100.0,"profit_factor":0.0,"max_drawdown_account":0.02386894873999995,"max_drawdown_abs":23.86894874}],"left_open_trades":[{"key":"SOL/USDT","trades":1,"profit_mean":-0.07227091609228123,"profit_mean_pct":-7.23,"profit_sum":-0.07227091609228123,"profit_sum_pct":-7.23,"profit_total_abs":-23.86894874,"profit_total":-0.02386894874,"profit_total_pct":-2.39,"duration_avg":"29 days, 19:30:00","wins":0,"draws":0,"losses":1,"winrate":0.0,"cagr":-0.2621855951628056,"expectancy":-23.86894874,"expectancy_ratio":-1.0,"sortino":-100,"sharpe":-100,"calmar":-65.87921784325117,"sqn":-100.0,"profit_factor":0.0,"max_drawdown_account":0.02386894873999995,"max_drawdown_abs":23.86894874},{"key":"TOTAL","trades":1,"profit_mean":-0.07227091609228123,"profit_mean_pct":-7.23,"profit_sum":-0.07227091609228123,"profit_sum_pct":-7.23,"profit_total_abs":-23.86894874,"profit_total":-0.02386894874,"profit_total_pct":-2.39,"duration_avg":"29 days, 19:30:00","wins":0,"draws":0,"losses":1,"winrate":0.0,"cagr":-0.2621855951628056,"expectancy":-23.86894874,"expectancy_ratio":-1.0,"sortino":-100,"sharpe":-100,"calmar":-65.87921784325117,"sqn":-100.0,"profit_factor":0.0,"max_drawdown_account":0.02386894873999995,"max_drawdown_abs":23.86894874}],"total_trades":1,"trade_count_long":1,"trade_count_short":0,"total_volume":637.2853887399999,"avg_stake_amount":329.94052,"profit_mean":-0.07227091609228123,"profit_median":-0.07227091609228123,"profit_total":-0.02386894874,"profit_total_long":-0.02386894874,"profit_total_short":0.0,"profit_total_abs":-23.86894874,"profit_total_long_abs":-23.86894874,"profit_total_short_abs":0.0,"cagr":-0.2621855951628056,"expectancy":-23.86894874,"expectancy_ratio":-1.0,"sortino":-100,"sharpe":-100,"calmar":-65.87921784325117,"sqn":-100.0,"profit_factor":0.0,"backtest_start":"2025-06-01 23:50:00","backtest_start_ts":1748821800000,"backtest_end":"2025-07-01 19:25:00","backtest_end_ts":1751397900000,"backtest_days":29,"backtest_run_start_ts":1751398235,"backtest_run_end_ts":1751398263,"trades_per_day":0.03,"market_change":-0.0707307789901039,"pairlist":["SOL/USDT"],"stake_amount":"unlimited","stake_currency":"USDT","stake_currency_decimals":3,"starting_balance":1000,"dry_run_wallet":1000,"final_balance":976.13105126,"rejected_signals":0,"timedout_entry_orders":0,"timedout_exit_orders":0,"canceled_trade_entries":0,"canceled_entry_orders":0,"replaced_entry_orders":0,"max_open_trades":1,"max_open_trades_setting":3,"timeframe":"5m","timeframe_detail":"","timerange":"","enable_protections":false,"strategy_name":"FixedRiskRewardLossV2","stoploss":-0.9,"trailing_stop":false,"trailing_stop_positive":null,"trailing_stop_positive_offset":0.0,"trailing_only_offset_is_reached":false,"use_custom_stoploss":true,"minimal_roi":{},"use_exit_signal":true,"exit_profit_only":false,"exit_profit_offset":0.0,"ignore_roi_if_entry_signal":false,"trading_mode":"spot","margin_mode":"","periodic_breakdown":{"day":[{"date":"01/07/2025","date_ts":1751328000000,"profit_abs":-23.86894874,"wins":0,"draws":0,"losses":1,"trades":1,"profit_factor":0.0}],"week":[{"date":"07/07/2025","date_ts":1751846400000,"profit_abs":-23.86894874,"wins":0,"draws":0,"losses":1,"trades":1,"profit_factor":0.0}],"month":[{"date":"31/07/2025","date_ts":1753920000000,"profit_abs":-23.86894874,"wins":0,"draws":0,"losses":1,"trades":1,"profit_factor":0.0}],"year":[{"date":"31/12/2025","date_ts":1767139200000,"profit_abs":-23.86894874,"wins":0,"draws":0,"losses":1,"trades":1,"profit_factor":0.0}]},"backtest_best_day":-0.07227091609228123,"backtest_worst_day":-0.07227091609228123,"backtest_best_day_abs":-23.86894874,"backtest_worst_day_abs":-23.86894874,"winning_days":0,"draw_days":0,"losing_days":1,"daily_profit":[["2025-07-01",-23.86894874]],"wins":0,"losses":1,"draws":0,"winrate":0.0,"holding_avg":"29 days, 19:30:00","holding_avg_s":2575800.0,"winner_holding_min":"0d 00:00","winner_holding_min_s":0.0,"winner_holding_max":"0d 00:00","winner_holding_max_s":0.0,"winner_holding_avg":"0d 00:00","winner_holding_avg_s":0.0,"loser_holding_min":"29d 19:30","loser_holding_min_s":2575800.0,"loser_holding_max":"29d 19:30","loser_holding_max_s":2575800.0,"loser_holding_avg":"29d 19:30","loser_holding_avg_s":2575800.0,"max_consecutive_wins":0,"max_consecutive_losses":1,"max_drawdown_account":0.02386894873999995,"max_relative_drawdown":0.02386894873999995,"max_drawdown_abs":23.86894874,"drawdown_start":"2025-07-01 19:25:00","drawdown_start_ts":1751397900000.0,"drawdown_end":"2025-07-01 19:25:00","drawdown_end_ts":1751397900000.0,"max_drawdown_low":-23.86894874,"max_drawdown_high":-23.86894874,"csum_min":976.13105126,"csum_max":976.13105126}},"strategy_comparison":[{"key":"FixedRiskRewardLossV2","trades":1,"profit_mean":-0.07227091609228123,"profit_mean_pct":-7.23,"profit_sum":-0.07227091609228123,"profit_sum_pct":-7.23,"profit_total_abs":-23.86894874,"profit_total":-0.02386894874,"profit_total_pct":-2.39,"duration_avg":"29 days, 19:30:00","wins":0,"draws":0,"losses":1,"winrate":0.0,"cagr":-0.2621855951628056,"expectancy":-23.86894874,"expectancy_ratio":-1.0,"sortino":-100,"sharpe":-100,"calmar":-65.87921784325117,"sqn":-100.0,"profit_factor":0.0,"max_drawdown_account":0.02386894873999995,"max_drawdown_abs":"23.869"}]}