{"strategy":{"FixedRiskRewardLossV2":{"trades":[{"pair":"BTC/USDT","stake_amount":329.72434,"max_stake_amount":329.72434,"amount":0.00485,"open_date":"2024-03-15 05:05:00+00:00","close_date":"2024-03-15 08:50:00+00:00","open_rate":67984.4,"close_rate":67040.86,"fee_open":0.001,"fee_close":0.001,"trade_duration":225,"profit_ratio":-0.015849044369322853,"profit_abs":-5.23104151,"exit_reason":"trailing_stop_loss","initial_stop_loss_abs":6798.44,"initial_stop_loss_ratio":-0.9,"stop_loss_abs":67040.86,"stop_loss_ratio":-0.016598457287230195,"min_rate":67036.0,"max_rate":68861.1,"is_open":false,"enter_tag":"","leverage":1.0,"is_short":false,"open_timestamp":1710479100000,"close_timestamp":1710492600000,"orders":[{"amount":0.00485,"safe_price":67984.4,"ft_order_side":"buy","order_filled_timestamp":1710479100000,"ft_is_entry":true,"ft_order_tag":"","cost":330.05406433999997},{"amount":0.00485,"safe_price":67040.86,"ft_order_side":"sell","order_filled_timestamp":1710492600000,"ft_is_entry":false,"ft_order_tag":"trailing_stop_loss","cost":325.47331917099996}],"funding_fees":0.0},{"pair":"BTC/USDT","stake_amount":327.8238834,"max_stake_amount":327.8238834,"amount":0.00494,"open_date":"2024-03-16 23:00:00+00:00","close_date":"2024-03-16 23:10:00+00:00","open_rate":66361.11,"close_rate":65671.04,"fee_open":0.001,"fee_close":0.001,"trade_duration":10,"profit_ratio":-0.012375936281485377,"profit_abs":-4.06118462,"exit_reason":"trailing_stop_loss","initial_stop_loss_abs":6636.12,"initial_stop_loss_ratio":-0.9,"stop_loss_abs":65671.04,"stop_loss_ratio":-0.010606913067104928,"min_rate":65209.87,"max_rate":66375.07,"is_open":false,"enter_tag":"","leverage":1.0,"is_short":false,"open_timestamp":1710630000000,"close_timestamp":1710630600000,"orders":[{"amount":0.00494,"safe_price":66361.11,"ft_order_side":"buy","order_filled_timestamp":1710630000000,"ft_is_entry":true,"ft_order_tag":"","cost":328.15170728339996},{"amount":0.00494,"safe_price":65671.04,"ft_order_side":"sell","order_filled_timestamp":1710630600000,"ft_is_entry":false,"ft_order_tag":"trailing_stop_loss","cost":324.7393525375999}],"funding_fees":0.0},{"pair":"BTC/USDT","stake_amount":326.2753739,"max_stake_amount":326.2753739,"amount":0.00469,"open_date":"2024-04-01 07:45:00+00:00","close_date":"2024-04-01 08:05:00+00:00","open_rate":69568.31,"close_rate":69399.48,"fee_open":0.001,"fee_close":0.001,"trade_duration":20,"profit_ratio":-0.004419976577611733,"profit_abs":-1.44357164,"exit_reason":"trailing_stop_loss","initial_stop_loss_abs":6956.84,"initial_stop_loss_ratio":-0.9,"stop_loss_abs":69399.48,"stop_loss_ratio":-0.0043116298269574305,"min_rate":69389.93,"max_rate":69723.53,"is_open":false,"enter_tag":"","leverage":1.0,"is_short":false,"open_timestamp":1711957500000,"close_timestamp":1711958700000,"orders":[{"amount":0.00469,"safe_price":69568.31,"ft_order_side":"buy","order_filled_timestamp":1711957500000,"ft_is_entry":true,"ft_order_tag":"","cost":326.60164927389997},{"amount":0.00469,"safe_price":69399.48,"ft_order_side":"sell","order_filled_timestamp":1711958700000,"ft_is_entry":false,"ft_order_tag":"trailing_stop_loss","cost":325.8090447611999}],"funding_fees":0.0},{"pair":"BTC/USDT","stake_amount":326.1433911,"max_stake_amount":326.1433911,"amount":0.00489,"open_date":"2024-04-02 05:05:00+00:00","close_date":"2024-04-02 05:20:00+00:00","open_rate":66695.99,"close_rate":66230.1,"fee_open":0.001,"fee_close":0.001,"trade_duration":15,"profit_ratio":-0.008969322924923112,"profit_abs":-2.92821068,"exit_reason":"trailing_stop_loss","initial_stop_loss_abs":6669.6,"initial_stop_loss_ratio":-0.9,"stop_loss_abs":66230.1,"stop_loss_ratio":-0.008259358851535725,"min_rate":66120.75,"max_rate":66781.67,"is_open":false,"enter_tag":"","leverage":1.0,"is_short":false,"open_timestamp":1712034300000,"close_timestamp":1712035200000,"orders":[{"amount":0.00489,"safe_price":66695.99,"ft_order_side":"buy","order_filled_timestamp":1712034300000,"ft_is_entry":true,"ft_order_tag":"","cost":326.4695344911},{"amount":0.00489,"safe_price":66230.1,"ft_order_side":"sell","order_filled_timestamp":1712035200000,"ft_is_entry":false,"ft_order_tag":"trailing_stop_loss","cost":324.189054189}],"funding_fees":0.0},{"pair":"BTC/USDT","stake_amount":324.867456,"max_stake_amount":324.867456,"amount":0.00488,"open_date":"2024-04-02 05:45:00+00:00","close_date":"2024-04-02 07:35:00+00:00","open_rate":66571.2,"close_rate":66704.35,"fee_open":0.001,"fee_close":0.001,"trade_duration":110,"profit_ratio":-1.8840543143476092e-06,"profit_abs":-0.00061268,"exit_reason":"trailing_stop_loss","initial_stop_loss_abs":6657.12,"initial_stop_loss_ratio":-0.9,"stop_loss_abs":66704.35,"stop_loss_ratio":-0.006192753277711849,"min_rate":66478.73,"max_rate":67120.0,"is_open":false,"enter_tag":"","leverage":1.0,"is_short":false,"open_timestamp":1712036700000,"close_timestamp":1712043300000,"orders":[{"amount":0.00488,"safe_price":66571.2,"ft_order_side":"buy","order_filled_timestamp":1712036700000,"ft_is_entry":true,"ft_order_tag":"","cost":325.1923234559999},{"amount":0.00488,"safe_price":66704.35,"ft_order_side":"sell","order_filled_timestamp":1712043300000,"ft_is_entry":false,"ft_order_tag":"trailing_stop_loss","cost":325.84274522799996}],"funding_fees":0.0},{"pair":"BTC/USDT","stake_amount":324.84816,"max_stake_amount":324.84816,"amount":0.00469,"open_date":"2024-04-09 16:00:00+00:00","close_date":"2024-04-09 16:50:00+00:00","open_rate":69264.0,"close_rate":68552.86,"fee_open":0.001,"fee_close":0.001,"trade_duration":50,"profit_ratio":-0.012244582330280213,"profit_abs":-3.98160767,"exit_reason":"trailing_stop_loss","initial_stop_loss_abs":6926.4,"initial_stop_loss_ratio":-0.9,"stop_loss_abs":68552.86,"stop_loss_ratio":-0.01106677879566409,"min_rate":68516.15,"max_rate":69320.0,"is_open":false,"enter_tag":"","leverage":1.0,"is_short":false,"open_timestamp":1712678400000,"close_timestamp":1712681400000,"orders":[{"amount":0.00469,"safe_price":69264.0,"ft_order_side":"buy","order_filled_timestamp":1712678400000,"ft_is_entry":true,"ft_order_tag":"","cost":325.17300816},{"amount":0.00469,"safe_price":68552.86,"ft_order_side":"sell","order_filled_timestamp":1712681400000,"ft_is_entry":false,"ft_order_tag":"trailing_stop_loss","cost":321.83442631339994}],"funding_fees":0.0},{"pair":"BTC/USDT","stake_amount":324.089896,"max_stake_amount":324.089896,"amount":0.0052,"open_date":"2024-04-13 21:45:00+00:00","close_date":"2024-04-14 03:05:00+00:00","open_rate":62324.98,"close_rate":62449.63,"fee_open":0.001,"fee_close":0.001,"trade_duration":320,"profit_ratio":-1.997355318114198e-06,"profit_abs":-0.00064797,"exit_reason":"trailing_stop_loss","initial_stop_loss_abs":6232.5,"initial_stop_loss_ratio":-0.9,"stop_loss_abs":62449.63,"stop_loss_ratio":-0.02211152880184397,"min_rate":62118.56,"max_rate":65608.09,"is_open":false,"enter_tag":"","leverage":1.0,"is_short":false,"open_timestamp":1713044700000,"close_timestamp":1713063900000,"orders":[{"amount":0.0052,"safe_price":62324.98,"ft_order_side":"buy","order_filled_timestamp":1713044700000,"ft_is_entry":true,"ft_order_tag":"","cost":324.413985896},{"amount":0.0052,"safe_price":62449.63,"ft_order_side":"sell","order_filled_timestamp":1713063900000,"ft_is_entry":false,"ft_order_tag":"trailing_stop_loss","cost":325.06281407599994}],"funding_fees":0.0},{"pair":"BTC/USDT","stake_amount":323.898642,"max_stake_amount":323.898642,"amount":0.00514,"open_date":"2024-04-17 11:45:00+00:00","close_date":"2024-04-17 11:50:00+00:00","open_rate":63015.3,"close_rate":62693.8,"fee_open":0.001,"fee_close":0.001,"trade_duration":5,"profit_ratio":-0.007089743869899929,"profit_abs":-2.29865477,"exit_reason":"trailing_stop_loss","initial_stop_loss_abs":6301.53,"initial_stop_loss_ratio":-0.9,"stop_loss_abs":62693.8,"stop_loss_ratio":-0.005102010826719128,"min_rate":62603.23,"max_rate":63015.3,"is_open":false,"enter_tag":"","leverage":1.0,"is_short":false,"open_timestamp":1713354300000,"close_timestamp":1713354600000,"orders":[{"amount":0.00514,"safe_price":63015.3,"ft_order_side":"buy","order_filled_timestamp":1713354300000,"ft_is_entry":true,"ft_order_tag":"","cost":324.22254064199996},{"amount":0.00514,"safe_price":62693.8,"ft_order_side":"sell","order_filled_timestamp":1713354600000,"ft_is_entry":false,"ft_order_tag":"trailing_stop_loss","cost":322.56837813199996}],"funding_fees":0.0},{"pair":"BTC/USDT","stake_amount":323.0698586,"max_stake_amount":323.0698586,"amount":0.00487,"open_date":"2024-04-23 21:15:00+00:00","close_date":"2024-04-23 23:05:00+00:00","open_rate":66338.78,"close_rate":66152.18,"fee_open":0.001,"fee_close":0.001,"trade_duration":110,"profit_ratio":-0.00480521632741557,"profit_abs":-1.55397298,"exit_reason":"trailing_stop_loss","initial_stop_loss_abs":6633.88,"initial_stop_loss_ratio":-0.9,"stop_loss_abs":66152.18,"stop_loss_ratio":-0.00281287651677975,"min_rate":66120.0,"max_rate":66464.0,"is_open":false,"enter_tag":"","leverage":1.0,"is_short":false,"open_timestamp":1713906900000,"close_timestamp":1713913500000,"orders":[{"amount":0.00487,"safe_price":66338.78,"ft_order_side":"buy","order_filled_timestamp":1713906900000,"ft_is_entry":true,"ft_order_tag":"","cost":323.3929284586},{"amount":0.00487,"safe_price":66152.18,"ft_order_side":"sell","order_filled_timestamp":1713913500000,"ft_is_entry":false,"ft_order_tag":"trailing_stop_loss","cost":322.4832777165999}],"funding_fees":0.0},{"pair":"BTC/USDT","stake_amount":322.500567,"max_stake_amount":322.500567,"amount":0.00498,"open_date":"2024-04-24 16:55:00+00:00","close_date":"2024-04-24 18:45:00+00:00","open_rate":64759.15,"close_rate":64367.46,"fee_open":0.001,"fee_close":0.001,"trade_duration":110,"profit_ratio":-0.008034328957801939,"profit_abs":-2.59366672,"exit_reason":"trailing_stop_loss","initial_stop_loss_abs":6475.92,"initial_stop_loss_ratio":-0.9,"stop_loss_abs":64367.46,"stop_loss_ratio":-0.007042868975366545,"min_rate":64367.11,"max_rate":65156.95,"is_open":false,"enter_tag":"","leverage":1.0,"is_short":false,"open_timestamp":1713977700000,"close_timestamp":1713984300000,"orders":[{"amount":0.00498,"safe_price":64759.15,"ft_order_side":"buy","order_filled_timestamp":1713977700000,"ft_is_entry":true,"ft_order_tag":"","cost":322.82306756699995},{"amount":0.00498,"safe_price":64367.46,"ft_order_side":"sell","order_filled_timestamp":1713984300000,"ft_is_entry":false,"ft_order_tag":"trailing_stop_loss","cost":320.8705007507999}],"funding_fees":0.0},{"pair":"BTC/USDT","stake_amount":321.8851578,"max_stake_amount":321.8851578,"amount":0.00521,"open_date":"2024-04-30 11:00:00+00:00","close_date":"2024-04-30 11:25:00+00:00","open_rate":61782.18,"close_rate":61365.89,"fee_open":0.001,"fee_close":0.001,"trade_duration":25,"profit_ratio":-0.008722566441131742,"profit_abs":-2.81047234,"exit_reason":"trailing_stop_loss","initial_stop_loss_abs":6178.22,"initial_stop_loss_ratio":-0.9,"stop_loss_abs":61365.89,"stop_loss_ratio":-0.006738313101778304,"min_rate":61200.0,"max_rate":61782.19,"is_open":false,"enter_tag":"","leverage":1.0,"is_short":false,"open_timestamp":1714474800000,"close_timestamp":1714476300000,"orders":[{"amount":0.00521,"safe_price":61782.18,"ft_order_side":"buy","order_filled_timestamp":1714474800000,"ft_is_entry":true,"ft_order_tag":"","cost":322.20704295779996},{"amount":0.00521,"safe_price":61365.89,"ft_order_side":"sell","order_filled_timestamp":1714476300000,"ft_is_entry":false,"ft_order_tag":"trailing_stop_loss","cost":320.03600318689996}],"funding_fees":0.0},{"pair":"BTC/USDT","stake_amount":321.051584,"max_stake_amount":321.051584,"amount":0.0056,"open_date":"2024-05-01 09:05:00+00:00","close_date":"2024-05-01 10:10:00+00:00","open_rate":57330.64,"close_rate":56892.23,"fee_open":0.001,"fee_close":0.001,"trade_duration":65,"profit_ratio":-0.009629768459832353,"profit_abs":-3.09474407,"exit_reason":"trailing_stop_loss","initial_stop_loss_abs":5733.07,"initial_stop_loss_ratio":-0.9,"stop_loss_abs":56892.23,"stop_loss_ratio":-0.013201516187632989,"min_rate":56888.0,"max_rate":57653.34,"is_open":false,"enter_tag":"","leverage":1.0,"is_short":false,"open_timestamp":1714554300000,"close_timestamp":1714558200000,"orders":[{"amount":0.0056,"safe_price":57330.64,"ft_order_side":"buy","order_filled_timestamp":1714554300000,"ft_is_entry":true,"ft_order_tag":"","cost":321.37263558399997},{"amount":0.0056,"safe_price":56892.23,"ft_order_side":"sell","order_filled_timestamp":1714558200000,"ft_is_entry":false,"ft_order_tag":"trailing_stop_loss","cost":318.915084488}],"funding_fees":0.0},{"pair":"BTC/USDT","stake_amount":320.0651894,"max_stake_amount":320.0651894,"amount":0.00506,"open_date":"2024-05-05 03:05:00+00:00","close_date":"2024-05-05 15:30:00+00:00","open_rate":63253.99,"close_rate":64250.09,"fee_open":0.001,"fee_close":0.001,"trade_duration":745,"profit_ratio":0.0137181574277901,"profit_abs":4.39509536,"exit_reason":"trailing_stop_loss","initial_stop_loss_abs":6325.4,"initial_stop_loss_ratio":-0.9,"stop_loss_abs":64250.09,"stop_loss_ratio":-0.003241397811006075,"min_rate":63001.0,"max_rate":64459.02,"is_open":false,"enter_tag":"","leverage":1.0,"is_short":false,"open_timestamp":1714878300000,"close_timestamp":1714923000000,"orders":[{"amount":0.00506,"safe_price":63253.99,"ft_order_side":"buy","order_filled_timestamp":1714878300000,"ft_is_entry":true,"ft_order_tag":"","cost":320.38525458939995},{"amount":0.00506,"safe_price":64250.09,"ft_order_side":"sell","order_filled_timestamp":1714923000000,"ft_is_entry":false,"ft_order_tag":"trailing_stop_loss","cost":325.43056085539996}],"funding_fees":0.0},{"pair":"BTC/USDT","stake_amount":321.2654256,"max_stake_amount":321.2654256,"amount":0.00504,"open_date":"2024-05-05 21:40:00+00:00","close_date":"2024-05-06 01:30:00+00:00","open_rate":63743.14,"close_rate":64242.09,"fee_open":0.001,"fee_close":0.001,"trade_duration":230,"profit_ratio":0.0058138675889767,"profit_abs":1.86966244,"exit_reason":"trailing_stop_loss","initial_stop_loss_abs":6374.32,"initial_stop_loss_ratio":-0.9,"stop_loss_abs":64242.09,"stop_loss_ratio":-0.002639223829302928,"min_rate":63680.82,"max_rate":64465.0,"is_open":false,"enter_tag":"","leverage":1.0,"is_short":false,"open_timestamp":1714945200000,"close_timestamp":1714959000000,"orders":[{"amount":0.00504,"safe_price":63743.14,"ft_order_side":"buy","order_filled_timestamp":1714945200000,"ft_is_entry":true,"ft_order_tag":"","cost":321.5866910256},{"amount":0.00504,"safe_price":64242.09,"ft_order_side":"sell","order_filled_timestamp":1714959000000,"ft_is_entry":false,"ft_order_tag":"trailing_stop_loss","cost":324.10391373359994}],"funding_fees":0.0},{"pair":"BTC/USDT","stake_amount":321.8002735,"max_stake_amount":321.8002735,"amount":0.00515,"open_date":"2024-05-08 00:35:00+00:00","close_date":"2024-05-08 03:20:00+00:00","open_rate":62485.49,"close_rate":62610.47,"fee_open":0.001,"fee_close":0.001,"trade_duration":165,"profit_ratio":-1.8539244858454311e-06,"profit_abs":-0.00059719,"exit_reason":"trailing_stop_loss","initial_stop_loss_abs":6248.55,"initial_stop_loss_ratio":-0.9,"stop_loss_abs":62610.47,"stop_loss_ratio":-0.002919064250970438,"min_rate":62360.97,"max_rate":62849.03,"is_open":false,"enter_tag":"","leverage":1.0,"is_short":false,"open_timestamp":1715128500000,"close_timestamp":1715138400000,"orders":[{"amount":0.00515,"safe_price":62485.49,"ft_order_side":"buy","order_filled_timestamp":1715128500000,"ft_is_entry":true,"ft_order_tag":"","cost":322.12207377349995},{"amount":0.00515,"safe_price":62610.47,"ft_order_side":"sell","order_filled_timestamp":1715138400000,"ft_is_entry":false,"ft_order_tag":"trailing_stop_loss","cost":322.76636442049994}],"funding_fees":0.0},{"pair":"BTC/USDT","stake_amount":321.7221666,"max_stake_amount":321.7221666,"amount":0.00526,"open_date":"2024-05-10 16:20:00+00:00","close_date":"2024-05-10 17:15:00+00:00","open_rate":61163.91,"close_rate":60565.6,"fee_open":0.001,"fee_close":0.001,"trade_duration":55,"profit_ratio":-0.01176053312020744,"profit_abs":-3.78740782,"exit_reason":"trailing_stop_loss","initial_stop_loss_abs":6116.4,"initial_stop_loss_ratio":-0.9,"stop_loss_abs":60565.6,"stop_loss_ratio":-0.01056372207288836,"min_rate":60337.14,"max_rate":61212.22,"is_open":false,"enter_tag":"","leverage":1.0,"is_short":false,"open_timestamp":1715358000000,"close_timestamp":1715361300000,"orders":[{"amount":0.00526,"safe_price":61163.91,"ft_order_side":"buy","order_filled_timestamp":1715358000000,"ft_is_entry":true,"ft_order_tag":"","cost":322.0438887666},{"amount":0.00526,"safe_price":60565.6,"ft_order_side":"sell","order_filled_timestamp":1715361300000,"ft_is_entry":false,"ft_order_tag":"trailing_stop_loss","cost":318.89363105599995}],"funding_fees":0.0},{"pair":"BTC/USDT","stake_amount":320.8492518,"max_stake_amount":320.8492518,"amount":0.00518,"open_date":"2024-05-14 07:50:00+00:00","close_date":"2024-05-14 08:35:00+00:00","open_rate":61940.01,"close_rate":61752.62,"fee_open":0.001,"fee_close":0.001,"trade_duration":45,"profit_ratio":-0.005017303960495699,"profit_abs":-1.61140802,"exit_reason":"trailing_stop_loss","initial_stop_loss_abs":6194.01,"initial_stop_loss_ratio":-0.9,"stop_loss_abs":61752.62,"stop_loss_ratio":-0.004982323683345391,"min_rate":61709.13,"max_rate":62061.83,"is_open":false,"enter_tag":"","leverage":1.0,"is_short":false,"open_timestamp":1715673000000,"close_timestamp":1715675700000,"orders":[{"amount":0.00518,"safe_price":61940.01,"ft_order_side":"buy","order_filled_timestamp":1715673000000,"ft_is_entry":true,"ft_order_tag":"","cost":321.1701010518},{"amount":0.00518,"safe_price":61752.62,"ft_order_side":"sell","order_filled_timestamp":1715675700000,"ft_is_entry":false,"ft_order_tag":"trailing_stop_loss","cost":320.1984501716}],"funding_fees":0.0},{"pair":"BTC/USDT","stake_amount":320.0437212,"max_stake_amount":320.0437212,"amount":0.00483,"open_date":"2024-05-19 20:35:00+00:00","close_date":"2024-05-20 06:55:00+00:00","open_rate":66261.64,"close_rate":66394.17,"fee_open":0.001,"fee_close":0.001,"trade_duration":620,"profit_ratio":-1.8967813046817774e-06,"profit_abs":-0.00060766,"exit_reason":"trailing_stop_loss","initial_stop_loss_abs":6626.17,"initial_stop_loss_ratio":-0.9,"stop_loss_abs":66394.17,"stop_loss_ratio":-0.004432713978064107,"min_rate":66000.0,"max_rate":67295.99,"is_open":false,"enter_tag":"","leverage":1.0,"is_short":false,"open_timestamp":1716150900000,"close_timestamp":1716188100000,"orders":[{"amount":0.00483,"safe_price":66261.64,"ft_order_side":"buy","order_filled_timestamp":1716150900000,"ft_is_entry":true,"ft_order_tag":"","cost":320.36376492119996},{"amount":0.00483,"safe_price":66394.17,"ft_order_side":"sell","order_filled_timestamp":1716188100000,"ft_is_entry":false,"ft_order_tag":"trailing_stop_loss","cost":321.0045249411}],"funding_fees":0.0},{"pair":"BTC/USDT","stake_amount":320.203339,"max_stake_amount":320.203339,"amount":0.0047,"open_date":"2024-05-23 15:15:00+00:00","close_date":"2024-05-23 17:55:00+00:00","open_rate":68128.37,"close_rate":67627.97,"fee_open":0.001,"fee_close":0.001,"trade_duration":160,"profit_ratio":-0.009328284525314872,"profit_abs":-2.9899348,"exit_reason":"trailing_stop_loss","initial_stop_loss_abs":6812.84,"initial_stop_loss_ratio":-0.9,"stop_loss_abs":67627.97,"stop_loss_ratio":-0.008096598948034162,"min_rate":67618.98,"max_rate":68313.79,"is_open":false,"enter_tag":"","leverage":1.0,"is_short":false,"open_timestamp":1716477300000,"close_timestamp":1716486900000,"orders":[{"amount":0.0047,"safe_price":68128.37,"ft_order_side":"buy","order_filled_timestamp":1716477300000,"ft_is_entry":true,"ft_order_tag":"","cost":320.52354233899996},{"amount":0.0047,"safe_price":67627.97,"ft_order_side":"sell","order_filled_timestamp":1716486900000,"ft_is_entry":false,"ft_order_tag":"trailing_stop_loss","cost":318.169310459}],"funding_fees":0.0},{"pair":"BTC/USDT","stake_amount":319.0968,"max_stake_amount":319.0968,"amount":0.00474,"open_date":"2024-05-23 19:25:00+00:00","close_date":"2024-05-23 19:45:00+00:00","open_rate":67320.0,"close_rate":67454.64,"fee_open":0.001,"fee_close":0.001,"trade_duration":20,"profit_ratio":-1.9979907274295686e-06,"profit_abs":-0.00063819,"exit_reason":"trailing_stop_loss","initial_stop_loss_abs":6732.0,"initial_stop_loss_ratio":-0.9,"stop_loss_abs":67454.64,"stop_loss_ratio":-0.003477027625942042,"min_rate":67294.37,"max_rate":67690.0,"is_open":false,"enter_tag":"","leverage":1.0,"is_short":false,"open_timestamp":1716492300000,"close_timestamp":1716493500000,"orders":[{"amount":0.00474,"safe_price":67320.0,"ft_order_side":"buy","order_filled_timestamp":1716492300000,"ft_is_entry":true,"ft_order_tag":"","cost":319.4158968},{"amount":0.00474,"safe_price":67454.64,"ft_order_side":"sell","order_filled_timestamp":1716493500000,"ft_is_entry":false,"ft_order_tag":"trailing_stop_loss","cost":320.0547285936}],"funding_fees":0.0},{"pair":"BTC/USDT","stake_amount":318.7669345,"max_stake_amount":318.7669345,"amount":0.00463,"open_date":"2024-05-26 17:35:00+00:00","close_date":"2024-05-26 17:55:00+00:00","open_rate":68848.15,"close_rate":68745.52,"fee_open":0.001,"fee_close":0.001,"trade_duration":20,"profit_ratio":-0.0034856954887034107,"profit_abs":-1.11223559,"exit_reason":"trailing_stop_loss","initial_stop_loss_abs":6884.82,"initial_stop_loss_ratio":-0.9,"stop_loss_abs":68745.52,"stop_loss_ratio":-0.002015558394495187,"min_rate":68731.36,"max_rate":68884.36,"is_open":false,"enter_tag":"","leverage":1.0,"is_short":false,"open_timestamp":1716744900000,"close_timestamp":1716746100000,"orders":[{"amount":0.00463,"safe_price":68848.15,"ft_order_side":"buy","order_filled_timestamp":1716744900000,"ft_is_entry":true,"ft_order_tag":"","cost":319.0857014344999},{"amount":0.00463,"safe_price":68745.52,"ft_order_side":"sell","order_filled_timestamp":1716746100000,"ft_is_entry":false,"ft_order_tag":"trailing_stop_loss","cost":318.61004935759996}],"funding_fees":0.0},{"pair":"BTC/USDT","stake_amount":318.830328,"max_stake_amount":318.830328,"amount":0.0047,"open_date":"2024-05-28 05:35:00+00:00","close_date":"2024-05-28 08:00:00+00:00","open_rate":67836.24,"close_rate":67627.77,"fee_open":0.001,"fee_close":0.001,"trade_duration":145,"profit_ratio":-0.005064998004283253,"profit_abs":-1.61648985,"exit_reason":"trailing_stop_loss","initial_stop_loss_abs":6783.63,"initial_stop_loss_ratio":-0.9,"stop_loss_abs":67627.77,"stop_loss_ratio":-0.00434736881524056,"min_rate":67582.13,"max_rate":68093.49,"is_open":false,"enter_tag":"","leverage":1.0,"is_short":false,"open_timestamp":1716874500000,"close_timestamp":1716883200000,"orders":[{"amount":0.0047,"safe_price":67836.24,"ft_order_side":"buy","order_filled_timestamp":1716874500000,"ft_is_entry":true,"ft_order_tag":"","cost":319.14915832800006},{"amount":0.0047,"safe_price":67627.77,"ft_order_side":"sell","order_filled_timestamp":1716883200000,"ft_is_entry":false,"ft_order_tag":"trailing_stop_loss","cost":318.168369519}],"funding_fees":0.0},{"pair":"BTC/USDT","stake_amount":318.263869,"max_stake_amount":318.263869,"amount":0.00469,"open_date":"2024-05-29 09:45:00+00:00","close_date":"2024-05-29 12:30:00+00:00","open_rate":67860.1,"close_rate":67710.43,"fee_open":0.001,"fee_close":0.001,"trade_duration":165,"profit_ratio":-0.004199162325748162,"profit_abs":-1.33777809,"exit_reason":"trailing_stop_loss","initial_stop_loss_abs":6786.01,"initial_stop_loss_ratio":-0.9,"stop_loss_abs":67710.43,"stop_loss_ratio":-0.0034378013817820685,"min_rate":67669.93,"max_rate":68024.0,"is_open":false,"enter_tag":"","leverage":1.0,"is_short":false,"open_timestamp":1716975900000,"close_timestamp":1716985800000,"orders":[{"amount":0.00469,"safe_price":67860.1,"ft_order_side":"buy","order_filled_timestamp":1716975900000,"ft_is_entry":true,"ft_order_tag":"","cost":318.58213286899996},{"amount":0.00469,"safe_price":67710.43,"ft_order_side":"sell","order_filled_timestamp":1716985800000,"ft_is_entry":false,"ft_order_tag":"trailing_stop_loss","cost":317.8794786166999}],"funding_fees":0.0}],"locks":[],"best_pair":{"key":"BTC/USDT","trades":23,"profit_mean":-0.004846698654514838,"profit_mean_pct":-0.48,"profit_sum":-0.11147406905384127,"profit_sum_pct":-11.15,"profit_total_abs":-36.19072705999999,"profit_total":-0.03619072705999999,"profit_total_pct":-3.62,"duration_avg":"2:29:00","wins":2,"draws":0,"losses":21,"winrate":0.08695652173913043,"cagr":-0.1403027766077487,"expectancy":-1.5735098721739127,"expectancy_ratio":-0.7783142136903197,"sortino":-5.140759664225279,"sharpe":-3.732188541802807,"calmar":-21.466261993868322,"sqn":-3.5456,"profit_factor":0.14756062310107843,"max_drawdown_account":0.03619072705999997,"max_drawdown_abs":36.19072705999999},"worst_pair":{"key":"BTC/USDT","trades":23,"profit_mean":-0.004846698654514838,"profit_mean_pct":-0.48,"profit_sum":-0.11147406905384127,"profit_sum_pct":-11.15,"profit_total_abs":-36.19072705999999,"profit_total":-0.03619072705999999,"profit_total_pct":-3.62,"duration_avg":"2:29:00","wins":2,"draws":0,"losses":21,"winrate":0.08695652173913043,"cagr":-0.1403027766077487,"expectancy":-1.5735098721739127,"expectancy_ratio":-0.7783142136903197,"sortino":-5.140759664225279,"sharpe":-3.732188541802807,"calmar":-21.466261993868322,"sqn":-3.5456,"profit_factor":0.14756062310107843,"max_drawdown_account":0.03619072705999997,"max_drawdown_abs":36.19072705999999},"results_per_pair":[{"key":"BTC/USDT","trades":23,"profit_mean":-0.004846698654514838,"profit_mean_pct":-0.48,"profit_sum":-0.11147406905384127,"profit_sum_pct":-11.15,"profit_total_abs":-36.19072705999999,"profit_total":-0.03619072705999999,"profit_total_pct":-3.62,"duration_avg":"2:29:00","wins":2,"draws":0,"losses":21,"winrate":0.08695652173913043,"cagr":-0.1403027766077487,"expectancy":-1.5735098721739127,"expectancy_ratio":-0.7783142136903197,"sortino":-5.140759664225279,"sharpe":-3.732188541802807,"calmar":-21.466261993868322,"sqn":-3.5456,"profit_factor":0.14756062310107843,"max_drawdown_account":0.03619072705999997,"max_drawdown_abs":36.19072705999999},{"key":"TOTAL","trades":23,"profit_mean":-0.004846698654514838,"profit_mean_pct":-0.48,"profit_sum":-0.11147406905384127,"profit_sum_pct":-11.15,"profit_total_abs":-36.19072705999999,"profit_total":-0.03619072705999999,"profit_total_pct":-3.62,"duration_avg":"2:29:00","wins":2,"draws":0,"losses":21,"winrate":0.08695652173913043,"cagr":-0.1403027766077487,"expectancy":-1.5735098721739127,"expectancy_ratio":-0.7783142136903197,"sortino":-5.140759664225279,"sharpe":-3.732188541802807,"calmar":-21.466261993868322,"sqn":-3.5456,"profit_factor":0.14756062310107843,"max_drawdown_account":0.03619072705999997,"max_drawdown_abs":36.19072705999999}],"results_per_enter_tag":[{"key":"","trades":23,"profit_mean":-0.004846698654514838,"profit_mean_pct":-0.48,"profit_sum":-0.11147406905384127,"profit_sum_pct":-11.15,"profit_total_abs":-36.19072705999999,"profit_total":-0.03619072705999999,"profit_total_pct":-3.62,"duration_avg":"2:29:00","wins":2,"draws":0,"losses":21,"winrate":0.08695652173913043,"cagr":-0.1403027766077487,"expectancy":-1.5735098721739127,"expectancy_ratio":-0.7783142136903197,"sortino":-5.140759664225279,"sharpe":-3.732188541802807,"calmar":-21.466261993868322,"sqn":-3.5456,"profit_factor":0.14756062310107843,"max_drawdown_account":0.03619072705999997,"max_drawdown_abs":36.19072705999999},{"key":"TOTAL","trades":23,"profit_mean":-0.004846698654514838,"profit_mean_pct":-0.48,"profit_sum":-0.11147406905384127,"profit_sum_pct":-11.15,"profit_total_abs":-36.19072705999999,"profit_total":-0.03619072705999999,"profit_total_pct":-3.62,"duration_avg":"2:29:00","wins":2,"draws":0,"losses":21,"winrate":0.08695652173913043,"cagr":-0.1403027766077487,"expectancy":-1.5735098721739127,"expectancy_ratio":-0.7783142136903197,"sortino":-5.140759664225279,"sharpe":-3.732188541802807,"calmar":-21.466261993868322,"sqn":-3.5456,"profit_factor":0.14756062310107843,"max_drawdown_account":0.03619072705999997,"max_drawdown_abs":36.19072705999999}],"exit_reason_summary":[{"key":"trailing_stop_loss","trades":23,"profit_mean":-0.004846698654514838,"profit_mean_pct":-0.48,"profit_sum":-0.11147406905384127,"profit_sum_pct":-11.15,"profit_total_abs":-36.19072705999999,"profit_total":-0.03619072705999999,"profit_total_pct":-3.62,"duration_avg":"2:29:00","wins":2,"draws":0,"losses":21,"winrate":0.08695652173913043,"cagr":-0.1403027766077487,"expectancy":-1.5735098721739127,"expectancy_ratio":-0.7783142136903197,"sortino":-5.140759664225279,"sharpe":-3.732188541802807,"calmar":-21.466261993868322,"sqn":-3.5456,"profit_factor":0.14756062310107843,"max_drawdown_account":0.03619072705999997,"max_drawdown_abs":36.19072705999999},{"key":"TOTAL","trades":23,"profit_mean":-0.004846698654514838,"profit_mean_pct":-0.48,"profit_sum":-0.11147406905384127,"profit_sum_pct":-11.15,"profit_total_abs":-36.19072705999999,"profit_total":-0.03619072705999999,"profit_total_pct":-3.62,"duration_avg":"2:29:00","wins":2,"draws":0,"losses":21,"winrate":0.08695652173913043,"cagr":-0.1403027766077487,"expectancy":-1.5735098721739127,"expectancy_ratio":-0.7783142136903197,"sortino":-5.140759664225279,"sharpe":-3.732188541802807,"calmar":-21.466261993868322,"sqn":-3.5456,"profit_factor":0.14756062310107843,"max_drawdown_account":0.03619072705999997,"max_drawdown_abs":36.19072705999999}],"mix_tag_stats":[{"key":["","trailing_stop_loss"],"trades":23,"profit_mean":-0.004846698654514838,"profit_mean_pct":-0.48,"profit_sum":-0.11147406905384127,"profit_sum_pct":-11.15,"profit_total_abs":-36.19072705999999,"profit_total":-0.03619072705999999,"profit_total_pct":-3.62,"duration_avg":"2:29:00","wins":2,"draws":0,"losses":21,"winrate":0.08695652173913043,"cagr":-0.1403027766077487,"expectancy":-1.5735098721739127,"expectancy_ratio":-0.7783142136903197,"sortino":-5.140759664225279,"sharpe":-3.732188541802807,"calmar":-21.466261993868322,"sqn":-3.5456,"profit_factor":0.14756062310107843,"max_drawdown_account":0.03619072705999997,"max_drawdown_abs":36.19072705999999},{"key":"TOTAL","trades":23,"profit_mean":-0.004846698654514838,"profit_mean_pct":-0.48,"profit_sum":-0.11147406905384127,"profit_sum_pct":-11.15,"profit_total_abs":-36.19072705999999,"profit_total":-0.03619072705999999,"profit_total_pct":-3.62,"duration_avg":"2:29:00","wins":2,"draws":0,"losses":21,"winrate":0.08695652173913043,"cagr":-0.1403027766077487,"expectancy":-1.5735098721739127,"expectancy_ratio":-0.7783142136903197,"sortino":-5.140759664225279,"sharpe":-3.732188541802807,"calmar":-21.466261993868322,"sqn":-3.5456,"profit_factor":0.14756062310107843,"max_drawdown_account":0.03619072705999997,"max_drawdown_abs":36.19072705999999}],"left_open_trades":[{"key":"TOTAL","trades":0,"profit_mean":0.0,"profit_mean_pct":0.0,"profit_sum":0.0,"profit_sum_pct":0.0,"profit_total_abs":0.0,"profit_total":0.0,"profit_total_pct":0.0,"duration_avg":"0:00","wins":0,"draws":0,"losses":0,"winrate":0.0,"cagr":0.0,"expectancy":0.0,"expectancy_ratio":100.0,"sortino":0,"sharpe":0,"calmar":0,"sqn":0.0,"profit_factor":0.0,"max_drawdown_account":0.0,"max_drawdown_abs":0.0}],"total_trades":23,"trade_count_long":23,"trade_count_short":0,"total_volume":14827.606076282998,"avg_stake_amount":322.4819829739131,"profit_mean":-0.004846698654514838,"profit_median":-0.005017303960495699,"profit_total":-0.03619072705999999,"profit_total_long":-0.03619072705999999,"profit_total_short":0.0,"profit_total_abs":-36.19072705999999,"profit_total_long_abs":-36.19072705999999,"profit_total_short_abs":0.0,"cagr":-0.1403027766077487,"expectancy":-1.5735098721739127,"expectancy_ratio":-0.7783142136903197,"sortino":-5.140759664225279,"sharpe":-3.732188541802807,"calmar":-21.466261993868322,"sqn":-3.5456,"profit_factor":0.14756062310107843,"backtest_start":"2024-03-01 04:20:00","backtest_start_ts":1709266800000,"backtest_end":"2024-05-29 23:55:00","backtest_end_ts":1717026900000,"backtest_days":89,"backtest_run_start_ts":1751406198,"backtest_run_end_ts":1751406198,"trades_per_day":0.26,"market_change":0.10315760843333407,"pairlist":["BTC/USDT"],"stake_amount":"unlimited","stake_currency":"USDT","stake_currency_decimals":3,"starting_balance":1000,"dry_run_wallet":1000,"final_balance":963.80927294,"rejected_signals":0,"timedout_entry_orders":0,"timedout_exit_orders":0,"canceled_trade_entries":0,"canceled_entry_orders":0,"replaced_entry_orders":0,"max_open_trades":1,"max_open_trades_setting":3,"timeframe":"5m","timeframe_detail":"","timerange":"20240301-20240530","enable_protections":false,"strategy_name":"FixedRiskRewardLossV2","stoploss":-0.9,"trailing_stop":false,"trailing_stop_positive":null,"trailing_stop_positive_offset":0.0,"trailing_only_offset_is_reached":false,"use_custom_stoploss":true,"minimal_roi":{},"use_exit_signal":true,"exit_profit_only":false,"exit_profit_offset":0.0,"ignore_roi_if_entry_signal":false,"trading_mode":"spot","margin_mode":"","periodic_breakdown":{"day":[{"date":"15/03/2024","date_ts":1710460800000,"profit_abs":-5.23104151,"wins":0,"draws":0,"losses":1,"trades":1,"profit_factor":0.0},{"date":"16/03/2024","date_ts":1710547200000,"profit_abs":-4.06118462,"wins":0,"draws":0,"losses":1,"trades":1,"profit_factor":0.0},{"date":"17/03/2024","date_ts":1710633600000,"profit_abs":0.0,"wins":0,"draws":0,"losses":0,"trades":0,"profit_factor":0.0},{"date":"18/03/2024","date_ts":1710720000000,"profit_abs":0.0,"wins":0,"draws":0,"losses":0,"trades":0,"profit_factor":0.0},{"date":"19/03/2024","date_ts":1710806400000,"profit_abs":0.0,"wins":0,"draws":0,"losses":0,"trades":0,"profit_factor":0.0},{"date":"20/03/2024","date_ts":1710892800000,"profit_abs":0.0,"wins":0,"draws":0,"losses":0,"trades":0,"profit_factor":0.0},{"date":"21/03/2024","date_ts":1710979200000,"profit_abs":0.0,"wins":0,"draws":0,"losses":0,"trades":0,"profit_factor":0.0},{"date":"22/03/2024","date_ts":1711065600000,"profit_abs":0.0,"wins":0,"draws":0,"losses":0,"trades":0,"profit_factor":0.0},{"date":"23/03/2024","date_ts":1711152000000,"profit_abs":0.0,"wins":0,"draws":0,"losses":0,"trades":0,"profit_factor":0.0},{"date":"24/03/2024","date_ts":1711238400000,"profit_abs":0.0,"wins":0,"draws":0,"losses":0,"trades":0,"profit_factor":0.0},{"date":"25/03/2024","date_ts":1711324800000,"profit_abs":0.0,"wins":0,"draws":0,"losses":0,"trades":0,"profit_factor":0.0},{"date":"26/03/2024","date_ts":1711411200000,"profit_abs":0.0,"wins":0,"draws":0,"losses":0,"trades":0,"profit_factor":0.0},{"date":"27/03/2024","date_ts":1711497600000,"profit_abs":0.0,"wins":0,"draws":0,"losses":0,"trades":0,"profit_factor":0.0},{"date":"28/03/2024","date_ts":1711584000000,"profit_abs":0.0,"wins":0,"draws":0,"losses":0,"trades":0,"profit_factor":0.0},{"date":"29/03/2024","date_ts":1711670400000,"profit_abs":0.0,"wins":0,"draws":0,"losses":0,"trades":0,"profit_factor":0.0},{"date":"30/03/2024","date_ts":1711756800000,"profit_abs":0.0,"wins":0,"draws":0,"losses":0,"trades":0,"profit_factor":0.0},{"date":"31/03/2024","date_ts":1711843200000,"profit_abs":0.0,"wins":0,"draws":0,"losses":0,"trades":0,"profit_factor":0.0},{"date":"01/04/2024","date_ts":1711929600000,"profit_abs":-1.44357164,"wins":0,"draws":0,"losses":1,"trades":1,"profit_factor":0.0},{"date":"02/04/2024","date_ts":1712016000000,"profit_abs":-2.92882336,"wins":0,"draws":0,"losses":2,"trades":2,"profit_factor":0.0},{"date":"03/04/2024","date_ts":1712102400000,"profit_abs":0.0,"wins":0,"draws":0,"losses":0,"trades":0,"profit_factor":0.0},{"date":"04/04/2024","date_ts":1712188800000,"profit_abs":0.0,"wins":0,"draws":0,"losses":0,"trades":0,"profit_factor":0.0},{"date":"05/04/2024","date_ts":1712275200000,"profit_abs":0.0,"wins":0,"draws":0,"losses":0,"trades":0,"profit_factor":0.0},{"date":"06/04/2024","date_ts":1712361600000,"profit_abs":0.0,"wins":0,"draws":0,"losses":0,"trades":0,"profit_factor":0.0},{"date":"07/04/2024","date_ts":1712448000000,"profit_abs":0.0,"wins":0,"draws":0,"losses":0,"trades":0,"profit_factor":0.0},{"date":"08/04/2024","date_ts":1712534400000,"profit_abs":0.0,"wins":0,"draws":0,"losses":0,"trades":0,"profit_factor":0.0},{"date":"09/04/2024","date_ts":1712620800000,"profit_abs":-3.98160767,"wins":0,"draws":0,"losses":1,"trades":1,"profit_factor":0.0},{"date":"10/04/2024","date_ts":1712707200000,"profit_abs":0.0,"wins":0,"draws":0,"losses":0,"trades":0,"profit_factor":0.0},{"date":"11/04/2024","date_ts":1712793600000,"profit_abs":0.0,"wins":0,"draws":0,"losses":0,"trades":0,"profit_factor":0.0},{"date":"12/04/2024","date_ts":1712880000000,"profit_abs":0.0,"wins":0,"draws":0,"losses":0,"trades":0,"profit_factor":0.0},{"date":"13/04/2024","date_ts":1712966400000,"profit_abs":0.0,"wins":0,"draws":0,"losses":0,"trades":0,"profit_factor":0.0},{"date":"14/04/2024","date_ts":1713052800000,"profit_abs":-0.00064797,"wins":0,"draws":0,"losses":1,"trades":1,"profit_factor":0.0},{"date":"15/04/2024","date_ts":1713139200000,"profit_abs":0.0,"wins":0,"draws":0,"losses":0,"trades":0,"profit_factor":0.0},{"date":"16/04/2024","date_ts":1713225600000,"profit_abs":0.0,"wins":0,"draws":0,"losses":0,"trades":0,"profit_factor":0.0},{"date":"17/04/2024","date_ts":1713312000000,"profit_abs":-2.29865477,"wins":0,"draws":0,"losses":1,"trades":1,"profit_factor":0.0},{"date":"18/04/2024","date_ts":1713398400000,"profit_abs":0.0,"wins":0,"draws":0,"losses":0,"trades":0,"profit_factor":0.0},{"date":"19/04/2024","date_ts":1713484800000,"profit_abs":0.0,"wins":0,"draws":0,"losses":0,"trades":0,"profit_factor":0.0},{"date":"20/04/2024","date_ts":1713571200000,"profit_abs":0.0,"wins":0,"draws":0,"losses":0,"trades":0,"profit_factor":0.0},{"date":"21/04/2024","date_ts":1713657600000,"profit_abs":0.0,"wins":0,"draws":0,"losses":0,"trades":0,"profit_factor":0.0},{"date":"22/04/2024","date_ts":1713744000000,"profit_abs":0.0,"wins":0,"draws":0,"losses":0,"trades":0,"profit_factor":0.0},{"date":"23/04/2024","date_ts":1713830400000,"profit_abs":-1.55397298,"wins":0,"draws":0,"losses":1,"trades":1,"profit_factor":0.0},{"date":"24/04/2024","date_ts":1713916800000,"profit_abs":-2.59366672,"wins":0,"draws":0,"losses":1,"trades":1,"profit_factor":0.0},{"date":"25/04/2024","date_ts":1714003200000,"profit_abs":0.0,"wins":0,"draws":0,"losses":0,"trades":0,"profit_factor":0.0},{"date":"26/04/2024","date_ts":1714089600000,"profit_abs":0.0,"wins":0,"draws":0,"losses":0,"trades":0,"profit_factor":0.0},{"date":"27/04/2024","date_ts":1714176000000,"profit_abs":0.0,"wins":0,"draws":0,"losses":0,"trades":0,"profit_factor":0.0},{"date":"28/04/2024","date_ts":1714262400000,"profit_abs":0.0,"wins":0,"draws":0,"losses":0,"trades":0,"profit_factor":0.0},{"date":"29/04/2024","date_ts":1714348800000,"profit_abs":0.0,"wins":0,"draws":0,"losses":0,"trades":0,"profit_factor":0.0},{"date":"30/04/2024","date_ts":1714435200000,"profit_abs":-2.81047234,"wins":0,"draws":0,"losses":1,"trades":1,"profit_factor":0.0},{"date":"01/05/2024","date_ts":1714521600000,"profit_abs":-3.09474407,"wins":0,"draws":0,"losses":1,"trades":1,"profit_factor":0.0},{"date":"02/05/2024","date_ts":1714608000000,"profit_abs":0.0,"wins":0,"draws":0,"losses":0,"trades":0,"profit_factor":0.0},{"date":"03/05/2024","date_ts":1714694400000,"profit_abs":0.0,"wins":0,"draws":0,"losses":0,"trades":0,"profit_factor":0.0},{"date":"04/05/2024","date_ts":1714780800000,"profit_abs":0.0,"wins":0,"draws":0,"losses":0,"trades":0,"profit_factor":0.0},{"date":"05/05/2024","date_ts":1714867200000,"profit_abs":4.39509536,"wins":1,"draws":0,"losses":0,"trades":1,"profit_factor":0.0},{"date":"06/05/2024","date_ts":1714953600000,"profit_abs":1.86966244,"wins":1,"draws":0,"losses":0,"trades":1,"profit_factor":0.0},{"date":"07/05/2024","date_ts":1715040000000,"profit_abs":0.0,"wins":0,"draws":0,"losses":0,"trades":0,"profit_factor":0.0},{"date":"08/05/2024","date_ts":1715126400000,"profit_abs":-0.00059719,"wins":0,"draws":0,"losses":1,"trades":1,"profit_factor":0.0},{"date":"09/05/2024","date_ts":1715212800000,"profit_abs":0.0,"wins":0,"draws":0,"losses":0,"trades":0,"profit_factor":0.0},{"date":"10/05/2024","date_ts":1715299200000,"profit_abs":-3.78740782,"wins":0,"draws":0,"losses":1,"trades":1,"profit_factor":0.0},{"date":"11/05/2024","date_ts":1715385600000,"profit_abs":0.0,"wins":0,"draws":0,"losses":0,"trades":0,"profit_factor":0.0},{"date":"12/05/2024","date_ts":1715472000000,"profit_abs":0.0,"wins":0,"draws":0,"losses":0,"trades":0,"profit_factor":0.0},{"date":"13/05/2024","date_ts":1715558400000,"profit_abs":0.0,"wins":0,"draws":0,"losses":0,"trades":0,"profit_factor":0.0},{"date":"14/05/2024","date_ts":1715644800000,"profit_abs":-1.61140802,"wins":0,"draws":0,"losses":1,"trades":1,"profit_factor":0.0},{"date":"15/05/2024","date_ts":1715731200000,"profit_abs":0.0,"wins":0,"draws":0,"losses":0,"trades":0,"profit_factor":0.0},{"date":"16/05/2024","date_ts":1715817600000,"profit_abs":0.0,"wins":0,"draws":0,"losses":0,"trades":0,"profit_factor":0.0},{"date":"17/05/2024","date_ts":1715904000000,"profit_abs":0.0,"wins":0,"draws":0,"losses":0,"trades":0,"profit_factor":0.0},{"date":"18/05/2024","date_ts":1715990400000,"profit_abs":0.0,"wins":0,"draws":0,"losses":0,"trades":0,"profit_factor":0.0},{"date":"19/05/2024","date_ts":1716076800000,"profit_abs":0.0,"wins":0,"draws":0,"losses":0,"trades":0,"profit_factor":0.0},{"date":"20/05/2024","date_ts":1716163200000,"profit_abs":-0.00060766,"wins":0,"draws":0,"losses":1,"trades":1,"profit_factor":0.0},{"date":"21/05/2024","date_ts":1716249600000,"profit_abs":0.0,"wins":0,"draws":0,"losses":0,"trades":0,"profit_factor":0.0},{"date":"22/05/2024","date_ts":1716336000000,"profit_abs":0.0,"wins":0,"draws":0,"losses":0,"trades":0,"profit_factor":0.0},{"date":"23/05/2024","date_ts":1716422400000,"profit_abs":-2.99057299,"wins":0,"draws":0,"losses":2,"trades":2,"profit_factor":0.0},{"date":"24/05/2024","date_ts":1716508800000,"profit_abs":0.0,"wins":0,"draws":0,"losses":0,"trades":0,"profit_factor":0.0},{"date":"25/05/2024","date_ts":1716595200000,"profit_abs":0.0,"wins":0,"draws":0,"losses":0,"trades":0,"profit_factor":0.0},{"date":"26/05/2024","date_ts":1716681600000,"profit_abs":-1.11223559,"wins":0,"draws":0,"losses":1,"trades":1,"profit_factor":0.0},{"date":"27/05/2024","date_ts":1716768000000,"profit_abs":0.0,"wins":0,"draws":0,"losses":0,"trades":0,"profit_factor":0.0},{"date":"28/05/2024","date_ts":1716854400000,"profit_abs":-1.61648985,"wins":0,"draws":0,"losses":1,"trades":1,"profit_factor":0.0},{"date":"29/05/2024","date_ts":1716940800000,"profit_abs":-1.33777809,"wins":0,"draws":0,"losses":1,"trades":1,"profit_factor":0.0}],"week":[{"date":"18/03/2024","date_ts":1710720000000,"profit_abs":-9.29222613,"wins":0,"draws":0,"losses":2,"trades":2,"profit_factor":0.0},{"date":"25/03/2024","date_ts":1711324800000,"profit_abs":0.0,"wins":0,"draws":0,"losses":0,"trades":0,"profit_factor":0.0},{"date":"01/04/2024","date_ts":1711929600000,"profit_abs":-1.44357164,"wins":0,"draws":0,"losses":1,"trades":1,"profit_factor":0.0},{"date":"08/04/2024","date_ts":1712534400000,"profit_abs":-2.92882336,"wins":0,"draws":0,"losses":2,"trades":2,"profit_factor":0.0},{"date":"15/04/2024","date_ts":1713139200000,"profit_abs":-3.98225564,"wins":0,"draws":0,"losses":2,"trades":2,"profit_factor":0.0},{"date":"22/04/2024","date_ts":1713744000000,"profit_abs":-2.29865477,"wins":0,"draws":0,"losses":1,"trades":1,"profit_factor":0.0},{"date":"29/04/2024","date_ts":1714348800000,"profit_abs":-4.1476397,"wins":0,"draws":0,"losses":2,"trades":2,"profit_factor":0.0},{"date":"06/05/2024","date_ts":1714953600000,"profit_abs":0.35954139,"wins":2,"draws":0,"losses":2,"trades":4,"profit_factor":1.06088539},{"date":"13/05/2024","date_ts":1715558400000,"profit_abs":-3.78800501,"wins":0,"draws":0,"losses":2,"trades":2,"profit_factor":0.0},{"date":"20/05/2024","date_ts":1716163200000,"profit_abs":-1.61201568,"wins":0,"draws":0,"losses":2,"trades":2,"profit_factor":0.0},{"date":"27/05/2024","date_ts":1716768000000,"profit_abs":-4.10280858,"wins":0,"draws":0,"losses":3,"trades":3,"profit_factor":0.0},{"date":"03/06/2024","date_ts":1717372800000,"profit_abs":-2.95426794,"wins":0,"draws":0,"losses":2,"trades":2,"profit_factor":0.0}],"month":[{"date":"31/03/2024","date_ts":1711843200000,"profit_abs":-9.29222613,"wins":0,"draws":0,"losses":2,"trades":2,"profit_factor":0.0},{"date":"30/04/2024","date_ts":1714435200000,"profit_abs":-17.61141745,"wins":0,"draws":0,"losses":9,"trades":9,"profit_factor":0.0},{"date":"31/05/2024","date_ts":1717113600000,"profit_abs":-9.28708348,"wins":2,"draws":0,"losses":10,"trades":12,"profit_factor":0.40283062}],"year":[{"date":"31/12/2024","date_ts":1735603200000,"profit_abs":-36.19072706,"wins":2,"draws":0,"losses":21,"trades":23,"profit_factor":0.14756062}]},"backtest_best_day":0.0137181574277901,"backtest_worst_day":-0.015849044369322853,"backtest_best_day_abs":4.39509536,"backtest_worst_day_abs":-5.23104151,"winning_days":2,"draw_days":55,"losing_days":19,"daily_profit":[["2024-03-15",-5.23104151],["2024-03-16",-4.06118462],["2024-03-17",0.0],["2024-03-18",0.0],["2024-03-19",0.0],["2024-03-20",0.0],["2024-03-21",0.0],["2024-03-22",0.0],["2024-03-23",0.0],["2024-03-24",0.0],["2024-03-25",0.0],["2024-03-26",0.0],["2024-03-27",0.0],["2024-03-28",0.0],["2024-03-29",0.0],["2024-03-30",0.0],["2024-03-31",0.0],["2024-04-01",-1.44357164],["2024-04-02",-2.92882336],["2024-04-03",0.0],["2024-04-04",0.0],["2024-04-05",0.0],["2024-04-06",0.0],["2024-04-07",0.0],["2024-04-08",0.0],["2024-04-09",-3.98160767],["2024-04-10",0.0],["2024-04-11",0.0],["2024-04-12",0.0],["2024-04-13",0.0],["2024-04-14",-0.00064797],["2024-04-15",0.0],["2024-04-16",0.0],["2024-04-17",-2.29865477],["2024-04-18",0.0],["2024-04-19",0.0],["2024-04-20",0.0],["2024-04-21",0.0],["2024-04-22",0.0],["2024-04-23",-1.55397298],["2024-04-24",-2.59366672],["2024-04-25",0.0],["2024-04-26",0.0],["2024-04-27",0.0],["2024-04-28",0.0],["2024-04-29",0.0],["2024-04-30",-2.81047234],["2024-05-01",-3.09474407],["2024-05-02",0.0],["2024-05-03",0.0],["2024-05-04",0.0],["2024-05-05",4.39509536],["2024-05-06",1.86966244],["2024-05-07",0.0],["2024-05-08",-0.00059719],["2024-05-09",0.0],["2024-05-10",-3.78740782],["2024-05-11",0.0],["2024-05-12",0.0],["2024-05-13",0.0],["2024-05-14",-1.61140802],["2024-05-15",0.0],["2024-05-16",0.0],["2024-05-17",0.0],["2024-05-18",0.0],["2024-05-19",0.0],["2024-05-20",-0.00060766],["2024-05-21",0.0],["2024-05-22",0.0],["2024-05-23",-2.99057299],["2024-05-24",0.0],["2024-05-25",0.0],["2024-05-26",-1.11223559],["2024-05-27",0.0],["2024-05-28",-1.61648985],["2024-05-29",-1.33777809]],"wins":2,"losses":21,"draws":0,"winrate":0.08695652173913043,"holding_avg":"2:29:00","holding_avg_s":8940.0,"winner_holding_min":"0d 03:50","winner_holding_min_s":13800.0,"winner_holding_max":"0d 12:25","winner_holding_max_s":44700.0,"winner_holding_avg":"0d 08:08","winner_holding_avg_s":29280.0,"loser_holding_min":"0d 00:05","loser_holding_min_s":300.0,"loser_holding_max":"0d 10:20","loser_holding_max_s":37200.0,"loser_holding_avg":"0d 01:57","loser_holding_avg_s":7020.0,"max_consecutive_wins":2,"max_consecutive_losses":12,"max_drawdown_account":0.03619072705999997,"max_relative_drawdown":0.03619072705999997,"max_drawdown_abs":36.19072705999999,"drawdown_start":"2024-03-15 08:50:00","drawdown_start_ts":1710492600000.0,"drawdown_end":"2024-05-29 12:30:00","drawdown_end_ts":1716985800000.0,"max_drawdown_low":-36.19072705999999,"max_drawdown_high":-5.23104151,"csum_min":963.80927294,"csum_max":994.76895849}},"strategy_comparison":[{"key":"FixedRiskRewardLossV2","trades":23,"profit_mean":-0.004846698654514838,"profit_mean_pct":-0.48,"profit_sum":-0.11147406905384127,"profit_sum_pct":-11.15,"profit_total_abs":-36.19072705999999,"profit_total":-0.03619072705999999,"profit_total_pct":-3.62,"duration_avg":"2:29:00","wins":2,"draws":0,"losses":21,"winrate":0.08695652173913043,"cagr":-0.1403027766077487,"expectancy":-1.5735098721739127,"expectancy_ratio":-0.7783142136903197,"sortino":-5.140759664225279,"sharpe":-3.732188541802807,"calmar":-21.466261993868322,"sqn":-3.5456,"profit_factor":0.14756062310107843,"max_drawdown_account":0.03619072705999997,"max_drawdown_abs":"36.191"}]}