{"strategy":{"CustomStoplossWithPSAR":{"trades":[{"pair":"BTC/USDT","stake_amount":9.1111473,"max_stake_amount":9.1111473,"amount":9e-05,"open_date":"2025-06-23 03:20:00+00:00","close_date":"2025-06-30 14:04:00+00:00","open_rate":101234.97,"close_rate":107475.99,"fee_open":0.001,"fee_close":0.001,"trade_duration":10724,"profit_ratio":0.05952767820529524,"profit_abs":0.54290781,"exit_reason":"force_exit","initial_stop_loss_abs":80987.98,"initial_stop_loss_ratio":-0.2,"stop_loss_abs":80987.98,"stop_loss_ratio":-0.2,"min_rate":99613.33,"max_rate":108789.99,"is_open":false,"enter_tag":"","leverage":1.0,"is_short":false,"open_timestamp":1750648800000,"close_timestamp":1751292240000,"orders":[{"amount":9e-05,"safe_price":101234.97,"ft_order_side":"buy","order_filled_timestamp":1750648800000,"ft_is_entry":true,"ft_order_tag":"","cost":9.1202584473},{"amount":9e-05,"safe_price":107475.99,"ft_order_side":"sell","order_filled_timestamp":1751292240000,"ft_is_entry":false,"ft_order_tag":"force_exit","cost":9.6825119391}]},{"pair":"ETH/USDT","stake_amount":9.848608,"max_stake_amount":9.848608,"amount":0.0044,"open_date":"2025-06-23 03:26:00+00:00","close_date":"2025-06-30 14:08:00+00:00","open_rate":2238.32,"close_rate":2459.06,"fee_open":0.001,"fee_close":0.001,"trade_duration":10722,"profit_ratio":0.09642356484367051,"profit_abs":0.95058753,"exit_reason":"force_exit","initial_stop_loss_abs":1790.66,"initial_stop_loss_ratio":-0.2,"stop_loss_abs":1790.66,"stop_loss_ratio":-0.2,"min_rate":2188.0,"max_rate":2525.0,"is_open":false,"enter_tag":"","leverage":1.0,"is_short":false,"open_timestamp":1750649160000,"close_timestamp":1751292480000,"orders":[{"amount":0.0044,"safe_price":2238.32,"ft_order_side":"buy","order_filled_timestamp":1750649160000,"ft_is_entry":true,"ft_order_tag":"","cost":9.858456608},{"amount":0.0044,"safe_price":2459.06,"ft_order_side":"sell","order_filled_timestamp":1751292480000,"ft_is_entry":false,"ft_order_tag":"force_exit","cost":10.830683864}]}],"locks":[],"best_pair":{"key":"ETH/USDT","trades":1,"profit_mean":0.09642356484367051,"profit_mean_pct":9.64,"profit_sum":0.09642356484367051,"profit_sum_pct":9.64,"profit_total_abs":0.95058753,"profit_total":0.00095058753,"profit_total_pct":0.1,"duration_avg":"7 days, 10:42:00","wins":1,"draws":0,"losses":0,"winrate":1.0},"worst_pair":{"key":"BTC/USDT","trades":1,"profit_mean":0.05952767820529524,"profit_mean_pct":5.95,"profit_sum":0.05952767820529524,"profit_sum_pct":5.95,"profit_total_abs":0.54290781,"profit_total":0.00054290781,"profit_total_pct":0.05,"duration_avg":"7 days, 10:44:00","wins":1,"draws":0,"losses":0,"winrate":1.0},"results_per_pair":[{"key":"ETH/USDT","trades":1,"profit_mean":0.09642356484367051,"profit_mean_pct":9.64,"profit_sum":0.09642356484367051,"profit_sum_pct":9.64,"profit_total_abs":0.95058753,"profit_total":0.00095058753,"profit_total_pct":0.1,"duration_avg":"7 days, 10:42:00","wins":1,"draws":0,"losses":0,"winrate":1.0},{"key":"BTC/USDT","trades":1,"profit_mean":0.05952767820529524,"profit_mean_pct":5.95,"profit_sum":0.05952767820529524,"profit_sum_pct":5.95,"profit_total_abs":0.54290781,"profit_total":0.00054290781,"profit_total_pct":0.05,"duration_avg":"7 days, 10:44:00","wins":1,"draws":0,"losses":0,"winrate":1.0},{"key":"TOTAL","trades":2,"profit_mean":0.07797562152448287,"profit_mean_pct":7.8,"profit_sum":0.15595124304896574,"profit_sum_pct":15.6,"profit_total_abs":1.49349534,"profit_total":0.00149349534,"profit_total_pct":0.15,"duration_avg":"7 days, 10:43:00","wins":2,"draws":0,"losses":0,"winrate":1.0}],"results_per_enter_tag":[{"key":"","trades":2,"profit_mean":0.07797562152448287,"profit_mean_pct":7.8,"profit_sum":0.15595124304896574,"profit_sum_pct":15.6,"profit_total_abs":1.49349534,"profit_total":0.00149349534,"profit_total_pct":0.15,"duration_avg":"7 days, 10:43:00","wins":2,"draws":0,"losses":0,"winrate":1.0},{"key":"TOTAL","trades":2,"profit_mean":0.07797562152448287,"profit_mean_pct":7.8,"profit_sum":0.15595124304896574,"profit_sum_pct":15.6,"profit_total_abs":1.49349534,"profit_total":0.00149349534,"profit_total_pct":0.15,"duration_avg":"7 days, 10:43:00","wins":2,"draws":0,"losses":0,"winrate":1.0}],"exit_reason_summary":[{"key":"force_exit","trades":2,"profit_mean":0.07797562152448287,"profit_mean_pct":7.8,"profit_sum":0.15595124304896574,"profit_sum_pct":15.6,"profit_total_abs":1.49349534,"profit_total":0.00149349534,"profit_total_pct":0.15,"duration_avg":"7 days, 10:43:00","wins":2,"draws":0,"losses":0,"winrate":1.0},{"key":"TOTAL","trades":2,"profit_mean":0.07797562152448287,"profit_mean_pct":7.8,"profit_sum":0.15595124304896574,"profit_sum_pct":15.6,"profit_total_abs":1.49349534,"profit_total":0.00149349534,"profit_total_pct":0.15,"duration_avg":"7 days, 10:43:00","wins":2,"draws":0,"losses":0,"winrate":1.0}],"mix_tag_stats":[{"key":["","force_exit"],"trades":2,"profit_mean":0.07797562152448287,"profit_mean_pct":7.8,"profit_sum":0.15595124304896574,"profit_sum_pct":15.6,"profit_total_abs":1.49349534,"profit_total":0.00149349534,"profit_total_pct":0.15,"duration_avg":"7 days, 10:43:00","wins":2,"draws":0,"losses":0,"winrate":1.0},{"key":"TOTAL","trades":2,"profit_mean":0.07797562152448287,"profit_mean_pct":7.8,"profit_sum":0.15595124304896574,"profit_sum_pct":15.6,"profit_total_abs":1.49349534,"profit_total":0.00149349534,"profit_total_pct":0.15,"duration_avg":"7 days, 10:43:00","wins":2,"draws":0,"losses":0,"winrate":1.0}],"left_open_trades":[{"key":"ETH/USDT","trades":1,"profit_mean":0.09642356484367051,"profit_mean_pct":9.64,"profit_sum":0.09642356484367051,"profit_sum_pct":9.64,"profit_total_abs":0.95058753,"profit_total":0.00095058753,"profit_total_pct":0.1,"duration_avg":"7 days, 10:42:00","wins":1,"draws":0,"losses":0,"winrate":1.0},{"key":"BTC/USDT","trades":1,"profit_mean":0.05952767820529524,"profit_mean_pct":5.95,"profit_sum":0.05952767820529524,"profit_sum_pct":5.95,"profit_total_abs":0.54290781,"profit_total":0.00054290781,"profit_total_pct":0.05,"duration_avg":"7 days, 10:44:00","wins":1,"draws":0,"losses":0,"winrate":1.0},{"key":"TOTAL","trades":2,"profit_mean":0.07797562152448287,"profit_mean_pct":7.8,"profit_sum":0.15595124304896574,"profit_sum_pct":15.6,"profit_total_abs":1.49349534,"profit_total":0.00149349534,"profit_total_pct":0.15,"duration_avg":"7 days, 10:43:00","wins":2,"draws":0,"losses":0,"winrate":1.0}],"total_trades":2,"trade_count_long":2,"trade_count_short":0,"total_volume":39.4919108584,"avg_stake_amount":9.47987765,"profit_mean":0.07797562152448287,"profit_median":0.07797562152448287,"profit_total":0.00149349534,"profit_total_long":0.00149349534,"profit_total_short":0.0,"profit_total_abs":1.49349534,"profit_total_long_abs":1.49349534,"profit_total_short_abs":0.0,"cagr":0.08092485179065889,"expectancy":0.74674767,"expectancy_ratio":100.0,"sortino":-100,"sharpe":19.996921958390473,"calmar":-100,"sqn":3.6634,"profit_factor":0.0,"backtest_start":"2025-06-23 03:19:00","backtest_start_ts":1750648740000,"backtest_end":"2025-06-30 14:08:00","backtest_end_ts":1751292480000,"backtest_days":7,"backtest_run_start_ts":1751306312,"backtest_run_end_ts":1751306321,"trades_per_day":0.29,"market_change":0.0846082271643927,"pairlist":["BTC/USDT","ETH/USDT"],"stake_amount":10,"stake_currency":"USDT","stake_currency_decimals":3,"starting_balance":1000,"dry_run_wallet":1000,"final_balance":1001.49349534,"rejected_signals":0,"timedout_entry_orders":0,"timedout_exit_orders":0,"canceled_trade_entries":0,"canceled_entry_orders":0,"replaced_entry_orders":0,"max_open_trades":-1,"max_open_trades_setting":-1,"timeframe":"1m","timeframe_detail":"","timerange":"","enable_protections":false,"strategy_name":"CustomStoplossWithPSAR","stoploss":-0.2,"trailing_stop":false,"trailing_stop_positive":null,"trailing_stop_positive_offset":0.0,"trailing_only_offset_is_reached":false,"use_custom_stoploss":true,"minimal_roi":{},"use_exit_signal":true,"exit_profit_only":false,"exit_profit_offset":0.0,"ignore_roi_if_entry_signal":false,"trading_mode":"spot","margin_mode":"","periodic_breakdown":{"day":[{"date":"30/06/2025","date_ts":1751241600000,"profit_abs":1.49349534,"wins":2,"draws":0,"losses":0,"trades":2,"profit_factor":0.0}],"week":[{"date":"30/06/2025","date_ts":1751241600000,"profit_abs":1.49349534,"wins":2,"draws":0,"losses":0,"trades":2,"profit_factor":0.0}],"month":[{"date":"30/06/2025","date_ts":1751241600000,"profit_abs":1.49349534,"wins":2,"draws":0,"losses":0,"trades":2,"profit_factor":0.0}],"year":[{"date":"31/12/2025","date_ts":1767139200000,"profit_abs":1.49349534,"wins":2,"draws":0,"losses":0,"trades":2,"profit_factor":0.0}]},"backtest_best_day":0.15595124304896574,"backtest_worst_day":0.15595124304896574,"backtest_best_day_abs":1.49349534,"backtest_worst_day_abs":1.49349534,"winning_days":1,"draw_days":0,"losing_days":0,"daily_profit":[["2025-06-30",1.49349534]],"wins":2,"losses":0,"draws":0,"winrate":1.0,"holding_avg":"7 days, 10:43:00","holding_avg_s":643380.0,"winner_holding_avg":"7 days, 10:43:00","winner_holding_avg_s":643380.0,"loser_holding_avg":"0:00:00","loser_holding_avg_s":0.0,"max_consecutive_wins":2,"max_consecutive_losses":0,"max_drawdown_account":0.0,"max_relative_drawdown":0.0,"max_drawdown_abs":0.0,"max_drawdown_low":0.0,"max_drawdown_high":0.0,"drawdown_start":"1970-01-01 00:00:00+00:00","drawdown_start_ts":0,"drawdown_end":"1970-01-01 00:00:00+00:00","drawdown_end_ts":0,"csum_min":0,"csum_max":0}},"strategy_comparison":[{"key":"CustomStoplossWithPSAR","trades":2,"profit_mean":0.07797562152448287,"profit_mean_pct":7.8,"profit_sum":0.15595124304896574,"profit_sum_pct":15.6,"profit_total_abs":1.49349534,"profit_total":0.00149349534,"profit_total_pct":0.15,"duration_avg":"7 days, 10:43:00","wins":2,"draws":0,"losses":0,"winrate":1.0,"max_drawdown_account":0.0,"max_drawdown_abs":"0"}]}