{"strategy":{"UltimateScalp10xStrategy":{"trades":[{"pair":"BTC/USDT","stake_amount":9.0479448,"max_stake_amount":9.0479448,"amount":9e-05,"open_date":"2025-06-23 00:33:00+00:00","close_date":"2025-06-23 00:37:00+00:00","open_rate":100532.72,"close_rate":100805.09,"fee_open":0.001,"fee_close":0.001,"trade_duration":4,"profit_ratio":0.0007058523927459732,"profit_abs":0.0063929,"exit_reason":"exit_signal","initial_stop_loss_abs":93495.43,"initial_stop_loss_ratio":-0.07,"stop_loss_abs":93762.6,"stop_loss_ratio":-0.07,"min_rate":100532.72,"max_rate":100820.0,"is_open":false,"enter_tag":"","leverage":1.0,"is_short":false,"open_timestamp":1750638780000,"close_timestamp":1750639020000,"orders":[{"amount":9e-05,"safe_price":100532.72,"ft_order_side":"buy","order_filled_timestamp":1750638780000,"ft_is_entry":true,"ft_order_tag":"","cost":9.056992744799999},{"amount":9e-05,"safe_price":100805.09,"ft_order_side":"sell","order_filled_timestamp":1750639020000,"ft_is_entry":false,"ft_order_tag":"exit_signal","cost":9.081530558099999}]},{"pair":"BTC/USDT","stake_amount":9.0886716,"max_stake_amount":9.0886716,"amount":9e-05,"open_date":"2025-06-23 02:14:00+00:00","close_date":"2025-06-23 02:44:00+00:00","open_rate":100985.24,"close_rate":101222.38,"fee_open":0.001,"fee_close":0.001,"trade_duration":30,"profit_ratio":0.0003455696683736742,"profit_abs":0.00314391,"exit_reason":"roi","initial_stop_loss_abs":93916.28,"initial_stop_loss_ratio":-0.07,"stop_loss_abs":94301.42,"stop_loss_ratio":-0.07,"min_rate":100985.23,"max_rate":101399.37,"is_open":false,"enter_tag":"","leverage":1.0,"is_short":false,"open_timestamp":1750644840000,"close_timestamp":1750646640000,"orders":[{"amount":9e-05,"safe_price":100985.24,"ft_order_side":"buy","order_filled_timestamp":1750644840000,"ft_is_entry":true,"ft_order_tag":"","cost":9.0977602716},{"amount":9e-05,"safe_price":101222.38,"ft_order_side":"sell","order_filled_timestamp":1750646640000,"ft_is_entry":false,"ft_order_tag":"roi","cost":9.1191242142}]},{"pair":"ETH/USDT","stake_amount":9.850632,"max_stake_amount":9.850632,"amount":0.0044,"open_date":"2025-06-23 03:25:00+00:00","close_date":"2025-06-23 04:26:00+00:00","open_rate":2238.78,"close_rate":2243.262042042042,"fee_open":0.001,"fee_close":0.001,"trade_duration":61,"profit_ratio":0.0,"profit_abs":0.0,"exit_reason":"roi","initial_stop_loss_abs":2082.07,"initial_stop_loss_ratio":-0.07,"stop_loss_abs":2086.76,"stop_loss_ratio":-0.07,"min_rate":2227.89,"max_rate":2243.82,"is_open":false,"enter_tag":"","leverage":1.0,"is_short":false,"open_timestamp":1750649100000,"close_timestamp":1750652760000,"orders":[{"amount":0.0044,"safe_price":2238.78,"ft_order_side":"buy","order_filled_timestamp":1750649100000,"ft_is_entry":true,"ft_order_tag":"","cost":9.860482632},{"amount":0.0044,"safe_price":2243.262042042042,"ft_order_side":"sell","order_filled_timestamp":1750652760000,"ft_is_entry":false,"ft_order_tag":"roi","cost":9.880223337969971}]},{"pair":"BTC/USDT","stake_amount":9.1048563,"max_stake_amount":9.1048563,"amount":9e-05,"open_date":"2025-06-23 03:26:00+00:00","close_date":"2025-06-23 05:11:00+00:00","open_rate":101165.07,"close_rate":101367.60267267267,"fee_open":0.001,"fee_close":0.001,"trade_duration":105,"profit_ratio":0.0,"profit_abs":0.0,"exit_reason":"roi","initial_stop_loss_abs":94083.52,"initial_stop_loss_ratio":-0.07,"stop_loss_abs":94320.6,"stop_loss_ratio":-0.07,"min_rate":100980.0,"max_rate":101419.99,"is_open":false,"enter_tag":"","leverage":1.0,"is_short":false,"open_timestamp":1750649160000,"close_timestamp":1750655460000,"orders":[{"amount":9e-05,"safe_price":101165.07,"ft_order_side":"buy","order_filled_timestamp":1750649160000,"ft_is_entry":true,"ft_order_tag":"","cost":9.1139611563},{"amount":9e-05,"safe_price":101367.60267267267,"ft_order_side":"sell","order_filled_timestamp":1750655460000,"ft_is_entry":false,"ft_order_tag":"roi","cost":9.13220732478108}]},{"pair":"ETH/USDT","stake_amount":9.96282,"max_stake_amount":9.96282,"amount":0.0045,"open_date":"2025-06-23 16:23:00+00:00","close_date":"2025-06-23 16:53:00+00:00","open_rate":2213.96,"close_rate":2218.392352352352,"fee_open":0.001,"fee_close":0.001,"trade_duration":30,"profit_ratio":0.0,"profit_abs":0.0,"exit_reason":"roi","initial_stop_loss_abs":2058.99,"initial_stop_loss_ratio":-0.07,"stop_loss_abs":2079.27,"stop_loss_ratio":-0.07,"min_rate":2188.0,"max_rate":2235.77,"is_open":false,"enter_tag":"","leverage":1.0,"is_short":false,"open_timestamp":1750695780000,"close_timestamp":1750697580000,"orders":[{"amount":0.0045,"safe_price":2213.96,"ft_order_side":"buy","order_filled_timestamp":1750695780000,"ft_is_entry":true,"ft_order_tag":"","cost":9.972782819999997},{"amount":0.0045,"safe_price":2218.392352352352,"ft_order_side":"sell","order_filled_timestamp":1750697580000,"ft_is_entry":false,"ft_order_tag":"roi","cost":9.99274835117117}]},{"pair":"ETH/USDT","stake_amount":9.996448,"max_stake_amount":9.996448,"amount":0.0044,"open_date":"2025-06-23 17:49:00+00:00","close_date":"2025-06-23 18:19:00+00:00","open_rate":2271.92,"close_rate":2295.72,"fee_open":0.001,"fee_close":0.001,"trade_duration":30,"profit_ratio":0.00845678806690558,"profit_abs":0.08462238,"exit_reason":"roi","initial_stop_loss_abs":2112.89,"initial_stop_loss_ratio":-0.07,"stop_loss_abs":2142.59,"stop_loss_ratio":-0.07,"min_rate":2262.74,"max_rate":2303.86,"is_open":false,"enter_tag":"","leverage":1.0,"is_short":false,"open_timestamp":1750700940000,"close_timestamp":1750702740000,"orders":[{"amount":0.0044,"safe_price":2271.92,"ft_order_side":"buy","order_filled_timestamp":1750700940000,"ft_is_entry":true,"ft_order_tag":"","cost":10.006444448},{"amount":0.0044,"safe_price":2295.72,"ft_order_side":"sell","order_filled_timestamp":1750702740000,"ft_is_entry":false,"ft_order_tag":"roi","cost":10.111269167999998}]},{"pair":"BTC/USDT","stake_amount":9.501948,"max_stake_amount":9.501948,"amount":9e-05,"open_date":"2025-06-24 07:11:00+00:00","close_date":"2025-06-24 10:21:00+00:00","open_rate":105577.2,"close_rate":105315.96,"fee_open":0.001,"fee_close":0.001,"trade_duration":190,"profit_ratio":-0.004467455564851594,"profit_abs":-0.04249198,"exit_reason":"exit_signal","initial_stop_loss_abs":98186.8,"initial_stop_loss_ratio":-0.07,"stop_loss_abs":98372.61,"stop_loss_ratio":-0.07,"min_rate":104622.02,"max_rate":105777.0,"is_open":false,"enter_tag":"","leverage":1.0,"is_short":false,"open_timestamp":1750749060000,"close_timestamp":1750760460000,"orders":[{"amount":9e-05,"safe_price":105577.2,"ft_order_side":"buy","order_filled_timestamp":1750749060000,"ft_is_entry":true,"ft_order_tag":"","cost":9.511449948},{"amount":9e-05,"safe_price":105315.96,"ft_order_side":"sell","order_filled_timestamp":1750760460000,"ft_is_entry":false,"ft_order_tag":"exit_signal","cost":9.4879148364}]},{"pair":"ETH/USDT","stake_amount":9.895432,"max_stake_amount":9.895432,"amount":0.0041,"open_date":"2025-06-24 10:04:00+00:00","close_date":"2025-06-24 10:21:00+00:00","open_rate":2413.52,"close_rate":2422.8,"fee_open":0.001,"fee_close":0.001,"trade_duration":17,"profit_ratio":0.001839322336901422,"profit_abs":0.01821909,"exit_reason":"exit_signal","initial_stop_loss_abs":2244.58,"initial_stop_loss_ratio":-0.07,"stop_loss_abs":2253.93,"stop_loss_ratio":-0.07,"min_rate":2412.41,"max_rate":2423.57,"is_open":false,"enter_tag":"","leverage":1.0,"is_short":false,"open_timestamp":1750759440000,"close_timestamp":1750760460000,"orders":[{"amount":0.0041,"safe_price":2413.52,"ft_order_side":"buy","order_filled_timestamp":1750759440000,"ft_is_entry":true,"ft_order_tag":"","cost":9.905327432},{"amount":0.0041,"safe_price":2422.8,"ft_order_side":"sell","order_filled_timestamp":1750760460000,"ft_is_entry":false,"ft_order_tag":"exit_signal","cost":9.94341348}]},{"pair":"BTC/USDT","stake_amount":9.45558,"max_stake_amount":9.45558,"amount":9e-05,"open_date":"2025-06-24 13:21:00+00:00","close_date":"2025-06-24 14:05:00+00:00","open_rate":105062.0,"close_rate":105272.33433433433,"fee_open":0.001,"fee_close":0.001,"trade_duration":44,"profit_ratio":0.0,"profit_abs":0.0,"exit_reason":"roi","initial_stop_loss_abs":97707.66,"initial_stop_loss_ratio":-0.07,"stop_loss_abs":97920.63,"stop_loss_ratio":-0.07,"min_rate":104800.98,"max_rate":105291.0,"is_open":false,"enter_tag":"","leverage":1.0,"is_short":false,"open_timestamp":1750771260000,"close_timestamp":1750773900000,"orders":[{"amount":9e-05,"safe_price":105062.0,"ft_order_side":"buy","order_filled_timestamp":1750771260000,"ft_is_entry":true,"ft_order_tag":"","cost":9.46503558},{"amount":9e-05,"safe_price":105272.33433433433,"ft_order_side":"sell","order_filled_timestamp":1750773900000,"ft_is_entry":false,"ft_order_tag":"roi","cost":9.483984600180179}]},{"pair":"ETH/USDT","stake_amount":9.76804,"max_stake_amount":9.76804,"amount":0.004,"open_date":"2025-06-24 21:03:00+00:00","close_date":"2025-06-24 21:33:00+00:00","open_rate":2442.01,"close_rate":2444.31,"fee_open":0.001,"fee_close":0.001,"trade_duration":30,"profit_ratio":-0.001058036725376335,"profit_abs":-0.01034528,"exit_reason":"exit_signal","initial_stop_loss_abs":2271.07,"initial_stop_loss_ratio":-0.07,"stop_loss_abs":2273.78,"stop_loss_ratio":-0.07,"min_rate":2436.0,"max_rate":2444.92,"is_open":false,"enter_tag":"","leverage":1.0,"is_short":false,"open_timestamp":1750798980000,"close_timestamp":1750800780000,"orders":[{"amount":0.004,"safe_price":2442.01,"ft_order_side":"buy","order_filled_timestamp":1750798980000,"ft_is_entry":true,"ft_order_tag":"","cost":9.77780804},{"amount":0.004,"safe_price":2444.31,"ft_order_side":"sell","order_filled_timestamp":1750800780000,"ft_is_entry":false,"ft_order_tag":"exit_signal","cost":9.787017239999999}]},{"pair":"BTC/USDT","stake_amount":9.5267655,"max_stake_amount":9.5267655,"amount":9e-05,"open_date":"2025-06-24 22:02:00+00:00","close_date":"2025-06-24 23:44:00+00:00","open_rate":105852.95,"close_rate":105932.0,"fee_open":0.001,"fee_close":0.001,"trade_duration":102,"profit_ratio":-0.0012527038462546165,"profit_abs":-0.01194615,"exit_reason":"exit_signal","initial_stop_loss_abs":98443.25,"initial_stop_loss_ratio":-0.07,"stop_loss_abs":98606.04,"stop_loss_ratio":-0.07,"min_rate":105734.38,"max_rate":106028.0,"is_open":false,"enter_tag":"","leverage":1.0,"is_short":false,"open_timestamp":1750802520000,"close_timestamp":1750808640000,"orders":[{"amount":9e-05,"safe_price":105852.95,"ft_order_side":"buy","order_filled_timestamp":1750802520000,"ft_is_entry":true,"ft_order_tag":"","cost":9.536292265499998},{"amount":9e-05,"safe_price":105932.0,"ft_order_side":"sell","order_filled_timestamp":1750808640000,"ft_is_entry":false,"ft_order_tag":"exit_signal","cost":9.54341388}]},{"pair":"BTC/USDT","stake_amount":9.5910651,"max_stake_amount":9.5910651,"amount":9e-05,"open_date":"2025-06-25 10:12:00+00:00","close_date":"2025-06-25 10:14:00+00:00","open_rate":106567.39,"close_rate":106737.6,"fee_open":0.001,"fee_close":0.001,"trade_duration":2,"profit_ratio":-0.0004039880122047472,"profit_abs":-0.00387855,"exit_reason":"exit_signal","initial_stop_loss_abs":99107.68,"initial_stop_loss_ratio":-0.07,"stop_loss_abs":99290.22,"stop_loss_ratio":-0.07,"min_rate":106567.38,"max_rate":106763.67,"is_open":false,"enter_tag":"","leverage":1.0,"is_short":false,"open_timestamp":1750846320000,"close_timestamp":1750846440000,"orders":[{"amount":9e-05,"safe_price":106567.39,"ft_order_side":"buy","order_filled_timestamp":1750846320000,"ft_is_entry":true,"ft_order_tag":"","cost":9.600656165099998},{"amount":9e-05,"safe_price":106737.6,"ft_order_side":"sell","order_filled_timestamp":1750846440000,"ft_is_entry":false,"ft_order_tag":"exit_signal","cost":9.615990384}]},{"pair":"BTC/USDT","stake_amount":9.6567795,"max_stake_amount":9.6567795,"amount":9e-05,"open_date":"2025-06-25 15:16:00+00:00","close_date":"2025-06-25 17:20:00+00:00","open_rate":107297.55,"close_rate":107512.35990990991,"fee_open":0.001,"fee_close":0.001,"trade_duration":124,"profit_ratio":0.0,"profit_abs":0.0,"exit_reason":"roi","initial_stop_loss_abs":99786.73,"initial_stop_loss_ratio":-0.07,"stop_loss_abs":100002.3,"stop_loss_ratio":-0.07,"min_rate":106752.36,"max_rate":107529.35,"is_open":false,"enter_tag":"","leverage":1.0,"is_short":false,"open_timestamp":1750864560000,"close_timestamp":1750872000000,"orders":[{"amount":9e-05,"safe_price":107297.55,"ft_order_side":"buy","order_filled_timestamp":1750864560000,"ft_is_entry":true,"ft_order_tag":"","cost":9.6664362795},{"amount":9e-05,"safe_price":107512.35990990991,"ft_order_side":"sell","order_filled_timestamp":1750872000000,"ft_is_entry":false,"ft_order_tag":"roi","cost":9.685788504283783}]},{"pair":"BTC/USDT","stake_amount":9.6670485,"max_stake_amount":9.6670485,"amount":9e-05,"open_date":"2025-06-25 22:02:00+00:00","close_date":"2025-06-26 01:33:00+00:00","open_rate":107411.65,"close_rate":107626.68833833832,"fee_open":0.001,"fee_close":0.001,"trade_duration":211,"profit_ratio":0.0,"profit_abs":0.0,"exit_reason":"roi","initial_stop_loss_abs":99892.84,"initial_stop_loss_ratio":-0.07,"stop_loss_abs":100174.29,"stop_loss_ratio":-0.07,"min_rate":107079.9,"max_rate":107714.28,"is_open":false,"enter_tag":"","leverage":1.0,"is_short":false,"open_timestamp":1750888920000,"close_timestamp":1750901580000,"orders":[{"amount":9e-05,"safe_price":107411.65,"ft_order_side":"buy","order_filled_timestamp":1750888920000,"ft_is_entry":true,"ft_order_tag":"","cost":9.676715548499999},{"amount":9e-05,"safe_price":107626.68833833832,"ft_order_side":"sell","order_filled_timestamp":1750901580000,"ft_is_entry":false,"ft_order_tag":"roi","cost":9.6960883524009}]},{"pair":"ETH/USDT","stake_amount":9.8504,"max_stake_amount":9.8504,"amount":0.004,"open_date":"2025-06-26 02:41:00+00:00","close_date":"2025-06-26 03:04:00+00:00","open_rate":2462.6,"close_rate":2516.831431431431,"fee_open":0.001,"fee_close":0.001,"trade_duration":23,"profit_ratio":0.01998001998001998,"profit_abs":0.197008,"exit_reason":"roi","initial_stop_loss_abs":2290.22,"initial_stop_loss_ratio":-0.07,"stop_loss_abs":2495.72,"stop_loss_ratio":-0.01,"min_rate":2460.0,"max_rate":2520.92,"is_open":false,"enter_tag":"","leverage":1.0,"is_short":false,"open_timestamp":1750905660000,"close_timestamp":1750907040000,"orders":[{"amount":0.004,"safe_price":2462.6,"ft_order_side":"buy","order_filled_timestamp":1750905660000,"ft_is_entry":true,"ft_order_tag":"","cost":9.8602504},{"amount":0.004,"safe_price":2516.831431431431,"ft_order_side":"sell","order_filled_timestamp":1750907040000,"ft_is_entry":false,"ft_order_tag":"roi","cost":10.07739305145145}]},{"pair":"BTC/USDT","stake_amount":9.6911136,"max_stake_amount":9.6911136,"amount":9e-05,"open_date":"2025-06-26 02:41:00+00:00","close_date":"2025-06-26 03:11:00+00:00","open_rate":107679.04,"close_rate":108022.0,"fee_open":0.001,"fee_close":0.001,"trade_duration":30,"profit_ratio":0.0011806556608590505,"profit_abs":0.01145331,"exit_reason":"roi","initial_stop_loss_abs":100141.51,"initial_stop_loss_ratio":-0.07,"stop_loss_abs":100693.38,"stop_loss_ratio":-0.07,"min_rate":107562.4,"max_rate":108272.45,"is_open":false,"enter_tag":"","leverage":1.0,"is_short":false,"open_timestamp":1750905660000,"close_timestamp":1750907460000,"orders":[{"amount":9e-05,"safe_price":107679.04,"ft_order_side":"buy","order_filled_timestamp":1750905660000,"ft_is_entry":true,"ft_order_tag":"","cost":9.700804713599998},{"amount":9e-05,"safe_price":108022.0,"ft_order_side":"sell","order_filled_timestamp":1750907460000,"ft_is_entry":false,"ft_order_tag":"roi","cost":9.731701979999999}]},{"pair":"ETH/USDT","stake_amount":9.8762,"max_stake_amount":9.8762,"amount":0.004,"open_date":"2025-06-26 05:39:00+00:00","close_date":"2025-06-26 06:09:00+00:00","open_rate":2469.05,"close_rate":2480.12,"fee_open":0.001,"fee_close":0.001,"trade_duration":30,"profit_ratio":0.0024765457502745124,"profit_abs":0.02448332,"exit_reason":"roi","initial_stop_loss_abs":2296.22,"initial_stop_loss_ratio":-0.07,"stop_loss_abs":2308.73,"stop_loss_ratio":-0.07,"min_rate":2467.14,"max_rate":2482.5,"is_open":false,"enter_tag":"","leverage":1.0,"is_short":false,"open_timestamp":1750916340000,"close_timestamp":1750918140000,"orders":[{"amount":0.004,"safe_price":2469.05,"ft_order_side":"buy","order_filled_timestamp":1750916340000,"ft_is_entry":true,"ft_order_tag":"","cost":9.8860762},{"amount":0.004,"safe_price":2480.12,"ft_order_side":"sell","order_filled_timestamp":1750918140000,"ft_is_entry":false,"ft_order_tag":"roi","cost":9.930400479999998}]},{"pair":"ETH/USDT","stake_amount":9.7874,"max_stake_amount":9.7874,"amount":0.004,"open_date":"2025-06-26 12:08:00+00:00","close_date":"2025-06-26 12:40:00+00:00","open_rate":2446.85,"close_rate":2451.748598598598,"fee_open":0.001,"fee_close":0.001,"trade_duration":32,"profit_ratio":0.0,"profit_abs":0.0,"exit_reason":"roi","initial_stop_loss_abs":2275.58,"initial_stop_loss_ratio":-0.07,"stop_loss_abs":2280.5,"stop_loss_ratio":-0.07,"min_rate":2433.88,"max_rate":2452.15,"is_open":false,"enter_tag":"","leverage":1.0,"is_short":false,"open_timestamp":1750939680000,"close_timestamp":1750941600000,"orders":[{"amount":0.004,"safe_price":2446.85,"ft_order_side":"buy","order_filled_timestamp":1750939680000,"ft_is_entry":true,"ft_order_tag":"","cost":9.797187399999999},{"amount":0.004,"safe_price":2451.748598598598,"ft_order_side":"sell","order_filled_timestamp":1750941600000,"ft_is_entry":false,"ft_order_tag":"roi","cost":9.816801388788786}]},{"pair":"BTC/USDT","stake_amount":9.6356736,"max_stake_amount":9.6356736,"amount":9e-05,"open_date":"2025-06-26 13:09:00+00:00","close_date":"2025-06-26 13:40:00+00:00","open_rate":107063.04,"close_rate":107277.3804204204,"fee_open":0.001,"fee_close":0.001,"trade_duration":31,"profit_ratio":0.0,"profit_abs":0.0,"exit_reason":"roi","initial_stop_loss_abs":99568.63,"initial_stop_loss_ratio":-0.07,"stop_loss_abs":99789.0,"stop_loss_ratio":-0.07,"min_rate":107011.66,"max_rate":107300.0,"is_open":false,"enter_tag":"","leverage":1.0,"is_short":false,"open_timestamp":1750943340000,"close_timestamp":1750945200000,"orders":[{"amount":9e-05,"safe_price":107063.04,"ft_order_side":"buy","order_filled_timestamp":1750943340000,"ft_is_entry":true,"ft_order_tag":"","cost":9.645309273599999},{"amount":9e-05,"safe_price":107277.3804204204,"ft_order_side":"sell","order_filled_timestamp":1750945200000,"ft_is_entry":false,"ft_order_tag":"roi","cost":9.664619202075675}]},{"pair":"ETH/USDT","stake_amount":9.989568,"max_stake_amount":9.989568,"amount":0.0041,"open_date":"2025-06-26 13:09:00+00:00","close_date":"2025-06-26 13:40:00+00:00","open_rate":2436.48,"close_rate":2441.357837837838,"fee_open":0.001,"fee_close":0.001,"trade_duration":31,"profit_ratio":0.0,"profit_abs":0.0,"exit_reason":"roi","initial_stop_loss_abs":2265.93,"initial_stop_loss_ratio":-0.07,"stop_loss_abs":2273.9,"stop_loss_ratio":-0.07,"min_rate":2427.77,"max_rate":2445.05,"is_open":false,"enter_tag":"","leverage":1.0,"is_short":false,"open_timestamp":1750943340000,"close_timestamp":1750945200000,"orders":[{"amount":0.0041,"safe_price":2436.48,"ft_order_side":"buy","order_filled_timestamp":1750943340000,"ft_is_entry":true,"ft_order_tag":"","cost":9.999557567999998},{"amount":0.0041,"safe_price":2441.357837837838,"ft_order_side":"sell","order_filled_timestamp":1750945200000,"ft_is_entry":false,"ft_order_tag":"roi","cost":10.01957670227027}]},{"pair":"ETH/USDT","stake_amount":9.945124,"max_stake_amount":9.945124,"amount":0.0041,"open_date":"2025-06-26 17:54:00+00:00","close_date":"2025-06-26 18:22:00+00:00","open_rate":2425.64,"close_rate":2434.65,"fee_open":0.001,"fee_close":0.001,"trade_duration":28,"profit_ratio":0.0017090599560963934,"profit_abs":0.01701381,"exit_reason":"exit_signal","initial_stop_loss_abs":2255.85,"initial_stop_loss_ratio":-0.07,"stop_loss_abs":2267.42,"stop_loss_ratio":-0.07,"min_rate":2418.2,"max_rate":2438.08,"is_open":false,"enter_tag":"","leverage":1.0,"is_short":false,"open_timestamp":1750960440000,"close_timestamp":1750962120000,"orders":[{"amount":0.0041,"safe_price":2425.64,"ft_order_side":"buy","order_filled_timestamp":1750960440000,"ft_is_entry":true,"ft_order_tag":"","cost":9.955069124},{"amount":0.0041,"safe_price":2434.65,"ft_order_side":"sell","order_filled_timestamp":1750962120000,"ft_is_entry":false,"ft_order_tag":"exit_signal","cost":9.992047065}]},{"pair":"ETH/USDT","stake_amount":9.940368,"max_stake_amount":9.940368,"amount":0.0041,"open_date":"2025-06-26 18:27:00+00:00","close_date":"2025-06-26 19:02:00+00:00","open_rate":2424.48,"close_rate":2429.3338138138133,"fee_open":0.001,"fee_close":0.001,"trade_duration":35,"profit_ratio":0.0,"profit_abs":0.0,"exit_reason":"roi","initial_stop_loss_abs":2254.77,"initial_stop_loss_ratio":-0.07,"stop_loss_abs":2260.54,"stop_loss_ratio":-0.07,"min_rate":2418.91,"max_rate":2430.68,"is_open":false,"enter_tag":"","leverage":1.0,"is_short":false,"open_timestamp":1750962420000,"close_timestamp":1750964520000,"orders":[{"amount":0.0041,"safe_price":2424.48,"ft_order_side":"buy","order_filled_timestamp":1750962420000,"ft_is_entry":true,"ft_order_tag":"","cost":9.950308368},{"amount":0.0041,"safe_price":2429.3338138138133,"ft_order_side":"sell","order_filled_timestamp":1750964520000,"ft_is_entry":false,"ft_order_tag":"roi","cost":9.970228905273272}]},{"pair":"BTC/USDT","stake_amount":9.6724143,"max_stake_amount":9.6724143,"amount":9e-05,"open_date":"2025-06-26 20:01:00+00:00","close_date":"2025-06-26 20:33:00+00:00","open_rate":107471.27,"close_rate":107686.4276976977,"fee_open":0.001,"fee_close":0.001,"trade_duration":32,"profit_ratio":0.0,"profit_abs":0.0,"exit_reason":"roi","initial_stop_loss_abs":99948.29,"initial_stop_loss_ratio":-0.07,"stop_loss_abs":100335.84,"stop_loss_ratio":-0.07,"min_rate":107451.95,"max_rate":107888.0,"is_open":false,"enter_tag":"","leverage":1.0,"is_short":false,"open_timestamp":1750968060000,"close_timestamp":1750969980000,"orders":[{"amount":9e-05,"safe_price":107471.27,"ft_order_side":"buy","order_filled_timestamp":1750968060000,"ft_is_entry":true,"ft_order_tag":"","cost":9.6820867143},{"amount":9e-05,"safe_price":107686.4276976977,"ft_order_side":"sell","order_filled_timestamp":1750969980000,"ft_is_entry":false,"ft_order_tag":"roi","cost":9.701470271285585}]},{"pair":"ETH/USDT","stake_amount":9.892439,"max_stake_amount":9.892439,"amount":0.0041,"open_date":"2025-06-26 22:55:00+00:00","close_date":"2025-06-27 00:02:00+00:00","open_rate":2412.79,"close_rate":2417.6204104104104,"fee_open":0.001,"fee_close":0.001,"trade_duration":67,"profit_ratio":0.0,"profit_abs":0.0,"exit_reason":"roi","initial_stop_loss_abs":2243.9,"initial_stop_loss_ratio":-0.07,"stop_loss_abs":2249.1,"stop_loss_ratio":-0.07,"min_rate":2405.91,"max_rate":2418.38,"is_open":false,"enter_tag":"","leverage":1.0,"is_short":false,"open_timestamp":1750978500000,"close_timestamp":1750982520000,"orders":[{"amount":0.0041,"safe_price":2412.79,"ft_order_side":"buy","order_filled_timestamp":1750978500000,"ft_is_entry":true,"ft_order_tag":"","cost":9.902331439000001},{"amount":0.0041,"safe_price":2417.6204104104104,"ft_order_side":"sell","order_filled_timestamp":1750982520000,"ft_is_entry":false,"ft_order_tag":"roi","cost":9.922155926365365}]},{"pair":"ETH/USDT","stake_amount":9.906871,"max_stake_amount":9.906871,"amount":0.0041,"open_date":"2025-06-27 00:42:00+00:00","close_date":"2025-06-27 01:12:00+00:00","open_rate":2416.31,"close_rate":2409.68,"fee_open":0.001,"fee_close":0.001,"trade_duration":30,"profit_ratio":-0.004736373105356612,"profit_abs":-0.04696956,"exit_reason":"exit_signal","initial_stop_loss_abs":2247.17,"initial_stop_loss_ratio":-0.07,"stop_loss_abs":2247.17,"stop_loss_ratio":-0.07,"min_rate":2382.53,"max_rate":2416.31,"is_open":false,"enter_tag":"","leverage":1.0,"is_short":false,"open_timestamp":1750984920000,"close_timestamp":1750986720000,"orders":[{"amount":0.0041,"safe_price":2416.31,"ft_order_side":"buy","order_filled_timestamp":1750984920000,"ft_is_entry":true,"ft_order_tag":"","cost":9.916777870999999},{"amount":0.0041,"safe_price":2409.68,"ft_order_side":"sell","order_filled_timestamp":1750986720000,"ft_is_entry":false,"ft_order_tag":"exit_signal","cost":9.889567687999998}]},{"pair":"BTC/USDT","stake_amount":9.6412212,"max_stake_amount":9.6412212,"amount":9e-05,"open_date":"2025-06-26 21:32:00+00:00","close_date":"2025-06-27 03:02:00+00:00","open_rate":107124.68,"close_rate":107339.1438238238,"fee_open":0.001,"fee_close":0.001,"trade_duration":330,"profit_ratio":0.0,"profit_abs":0.0,"exit_reason":"roi","initial_stop_loss_abs":99625.96,"initial_stop_loss_ratio":-0.07,"stop_loss_abs":99833.32,"stop_loss_ratio":-0.07,"min_rate":106438.33,"max_rate":107347.65,"is_open":false,"enter_tag":"","leverage":1.0,"is_short":false,"open_timestamp":1750973520000,"close_timestamp":1750993320000,"orders":[{"amount":9e-05,"safe_price":107124.68,"ft_order_side":"buy","order_filled_timestamp":1750973520000,"ft_is_entry":true,"ft_order_tag":"","cost":9.6508624212},{"amount":9e-05,"safe_price":107339.1438238238,"ft_order_side":"sell","order_filled_timestamp":1750993320000,"ft_is_entry":false,"ft_order_tag":"roi","cost":9.670183467088286}]},{"pair":"ETH/USDT","stake_amount":9.7914,"max_stake_amount":9.7914,"amount":0.004,"open_date":"2025-06-27 10:33:00+00:00","close_date":"2025-06-27 11:17:00+00:00","open_rate":2447.85,"close_rate":2452.7506006006,"fee_open":0.001,"fee_close":0.001,"trade_duration":44,"profit_ratio":0.0,"profit_abs":0.0,"exit_reason":"roi","initial_stop_loss_abs":2276.51,"initial_stop_loss_ratio":-0.07,"stop_loss_abs":2281.83,"stop_loss_ratio":-0.07,"min_rate":2445.95,"max_rate":2453.57,"is_open":false,"enter_tag":"","leverage":1.0,"is_short":false,"open_timestamp":1751020380000,"close_timestamp":1751023020000,"orders":[{"amount":0.004,"safe_price":2447.85,"ft_order_side":"buy","order_filled_timestamp":1751020380000,"ft_is_entry":true,"ft_order_tag":"","cost":9.801191399999999},{"amount":0.004,"safe_price":2452.7506006006,"ft_order_side":"sell","order_filled_timestamp":1751023020000,"ft_is_entry":false,"ft_order_tag":"roi","cost":9.820813404804802}]},{"pair":"BTC/USDT","stake_amount":9.6550938,"max_stake_amount":9.6550938,"amount":9e-05,"open_date":"2025-06-27 07:00:00+00:00","close_date":"2025-06-27 16:33:00+00:00","open_rate":107278.82,"close_rate":107493.59241241241,"fee_open":0.001,"fee_close":0.001,"trade_duration":573,"profit_ratio":0.0,"profit_abs":0.0,"exit_reason":"roi","initial_stop_loss_abs":99769.31,"initial_stop_loss_ratio":-0.07,"stop_loss_abs":100193.87,"stop_loss_ratio":-0.07,"min_rate":106356.76,"max_rate":107735.34,"is_open":false,"enter_tag":"","leverage":1.0,"is_short":false,"open_timestamp":1751007600000,"close_timestamp":1751041980000,"orders":[{"amount":9e-05,"safe_price":107278.82,"ft_order_side":"buy","order_filled_timestamp":1751007600000,"ft_is_entry":true,"ft_order_tag":"","cost":9.6647488938},{"amount":9e-05,"safe_price":107493.59241241241,"ft_order_side":"sell","order_filled_timestamp":1751041980000,"ft_is_entry":false,"ft_order_tag":"roi","cost":9.684097740434234}]},{"pair":"BTC/USDT","stake_amount":9.6649776,"max_stake_amount":9.6649776,"amount":9e-05,"open_date":"2025-06-27 17:02:00+00:00","close_date":"2025-06-27 23:05:00+00:00","open_rate":107388.64,"close_rate":107171.23,"fee_open":0.001,"fee_close":0.001,"trade_duration":363,"profit_ratio":-0.004018473001784459,"profit_abs":-0.03887729,"exit_reason":"exit_signal","initial_stop_loss_abs":99871.44,"initial_stop_loss_ratio":-0.07,"stop_loss_abs":99886.65,"stop_loss_ratio":-0.07,"min_rate":106446.45,"max_rate":107405.0,"is_open":false,"enter_tag":"","leverage":1.0,"is_short":false,"open_timestamp":1751043720000,"close_timestamp":1751065500000,"orders":[{"amount":9e-05,"safe_price":107388.64,"ft_order_side":"buy","order_filled_timestamp":1751043720000,"ft_is_entry":true,"ft_order_tag":"","cost":9.674642577599998},{"amount":9e-05,"safe_price":107171.23,"ft_order_side":"sell","order_filled_timestamp":1751065500000,"ft_is_entry":false,"ft_order_tag":"exit_signal","cost":9.6550561107}]},{"pair":"BTC/USDT","stake_amount":9.6372243,"max_stake_amount":9.6372243,"amount":9e-05,"open_date":"2025-06-28 03:15:00+00:00","close_date":"2025-06-28 03:55:00+00:00","open_rate":107080.27,"close_rate":107294.64491491491,"fee_open":0.001,"fee_close":0.001,"trade_duration":40,"profit_ratio":0.0,"profit_abs":0.0,"exit_reason":"roi","initial_stop_loss_abs":99584.66,"initial_stop_loss_ratio":-0.07,"stop_loss_abs":99812.72,"stop_loss_ratio":-0.07,"min_rate":107080.27,"max_rate":107325.5,"is_open":false,"enter_tag":"","leverage":1.0,"is_short":false,"open_timestamp":1751080500000,"close_timestamp":1751082900000,"orders":[{"amount":9e-05,"safe_price":107080.27,"ft_order_side":"buy","order_filled_timestamp":1751080500000,"ft_is_entry":true,"ft_order_tag":"","cost":9.6468615243},{"amount":9e-05,"safe_price":107294.64491491491,"ft_order_side":"sell","order_filled_timestamp":1751082900000,"ft_is_entry":false,"ft_order_tag":"roi","cost":9.666174560384684}]},{"pair":"ETH/USDT","stake_amount":9.913636,"max_stake_amount":9.913636,"amount":0.0041,"open_date":"2025-06-28 00:37:00+00:00","close_date":"2025-06-28 05:02:00+00:00","open_rate":2417.96,"close_rate":2422.8007607607606,"fee_open":0.001,"fee_close":0.001,"trade_duration":265,"profit_ratio":0.0,"profit_abs":0.0,"exit_reason":"roi","initial_stop_loss_abs":2248.71,"initial_stop_loss_ratio":-0.07,"stop_loss_abs":2254.72,"stop_loss_ratio":-0.07,"min_rate":2405.81,"max_rate":2424.42,"is_open":false,"enter_tag":"","leverage":1.0,"is_short":false,"open_timestamp":1751071020000,"close_timestamp":1751086920000,"orders":[{"amount":0.0041,"safe_price":2417.96,"ft_order_side":"buy","order_filled_timestamp":1751071020000,"ft_is_entry":true,"ft_order_tag":"","cost":9.923549635999999},{"amount":0.0041,"safe_price":2422.8007607607606,"ft_order_side":"sell","order_filled_timestamp":1751086920000,"ft_is_entry":false,"ft_order_tag":"roi","cost":9.943416602238237}]},{"pair":"ETH/USDT","stake_amount":9.75912,"max_stake_amount":9.75912,"amount":0.004,"open_date":"2025-06-28 23:15:00+00:00","close_date":"2025-06-29 03:07:00+00:00","open_rate":2439.78,"close_rate":2432.4,"fee_open":0.001,"fee_close":0.001,"trade_duration":232,"profit_ratio":-0.005016821213363525,"profit_abs":-0.04900872,"exit_reason":"exit_signal","initial_stop_loss_abs":2269.0,"initial_stop_loss_ratio":-0.07,"stop_loss_abs":2271.78,"stop_loss_ratio":-0.07,"min_rate":2424.65,"max_rate":2442.77,"is_open":false,"enter_tag":"","leverage":1.0,"is_short":false,"open_timestamp":1751152500000,"close_timestamp":1751166420000,"orders":[{"amount":0.004,"safe_price":2439.78,"ft_order_side":"buy","order_filled_timestamp":1751152500000,"ft_is_entry":true,"ft_order_tag":"","cost":9.76887912},{"amount":0.004,"safe_price":2432.4,"ft_order_side":"sell","order_filled_timestamp":1751166420000,"ft_is_entry":false,"ft_order_tag":"exit_signal","cost":9.7393296}]},{"pair":"ETH/USDT","stake_amount":9.9835,"max_stake_amount":9.9835,"amount":0.0041,"open_date":"2025-06-29 17:38:00+00:00","close_date":"2025-06-29 18:27:00+00:00","open_rate":2435.0,"close_rate":2439.874874874875,"fee_open":0.001,"fee_close":0.001,"trade_duration":49,"profit_ratio":0.0,"profit_abs":0.0,"exit_reason":"roi","initial_stop_loss_abs":2264.55,"initial_stop_loss_ratio":-0.07,"stop_loss_abs":2269.77,"stop_loss_ratio":-0.07,"min_rate":2432.63,"max_rate":2440.61,"is_open":false,"enter_tag":"","leverage":1.0,"is_short":false,"open_timestamp":1751218680000,"close_timestamp":1751221620000,"orders":[{"amount":0.0041,"safe_price":2435.0,"ft_order_side":"buy","order_filled_timestamp":1751218680000,"ft_is_entry":true,"ft_order_tag":"","cost":9.9934835},{"amount":0.0041,"safe_price":2439.874874874875,"ft_order_side":"sell","order_filled_timestamp":1751221620000,"ft_is_entry":false,"ft_order_tag":"roi","cost":10.013490473973974}]},{"pair":"BTC/USDT","stake_amount":9.7258896,"max_stake_amount":9.7258896,"amount":9e-05,"open_date":"2025-06-29 13:34:00+00:00","close_date":"2025-06-29 22:38:00+00:00","open_rate":108065.44,"close_rate":108188.09,"fee_open":0.001,"fee_close":0.001,"trade_duration":544,"profit_ratio":-0.0008653094412982126,"profit_abs":-0.00842432,"exit_reason":"exit_signal","initial_stop_loss_abs":100500.86,"initial_stop_loss_ratio":-0.07,"stop_loss_abs":100640.07,"stop_loss_ratio":-0.07,"min_rate":107250.0,"max_rate":108215.12,"is_open":false,"enter_tag":"","leverage":1.0,"is_short":false,"open_timestamp":1751204040000,"close_timestamp":1751236680000,"orders":[{"amount":9e-05,"safe_price":108065.44,"ft_order_side":"buy","order_filled_timestamp":1751204040000,"ft_is_entry":true,"ft_order_tag":"","cost":9.735615489599999},{"amount":9e-05,"safe_price":108188.09,"ft_order_side":"sell","order_filled_timestamp":1751236680000,"ft_is_entry":false,"ft_order_tag":"exit_signal","cost":9.746665028099999}]},{"pair":"ETH/USDT","stake_amount":9.761505,"max_stake_amount":9.761505,"amount":0.0039,"open_date":"2025-06-30 02:54:00+00:00","close_date":"2025-06-30 07:10:00+00:00","open_rate":2502.95,"close_rate":2468.93,"fee_open":0.001,"fee_close":0.001,"trade_duration":256,"profit_ratio":-0.015562806512562723,"profit_abs":-0.15206833,"exit_reason":"exit_signal","initial_stop_loss_abs":2327.75,"initial_stop_loss_ratio":-0.07,"stop_loss_abs":2329.94,"stop_loss_ratio":-0.07,"min_rate":2456.37,"max_rate":2505.31,"is_open":false,"enter_tag":"","leverage":1.0,"is_short":false,"open_timestamp":1751252040000,"close_timestamp":1751267400000,"orders":[{"amount":0.0039,"safe_price":2502.95,"ft_order_side":"buy","order_filled_timestamp":1751252040000,"ft_is_entry":true,"ft_order_tag":"","cost":9.771266504999998},{"amount":0.0039,"safe_price":2468.93,"ft_order_side":"sell","order_filled_timestamp":1751267400000,"ft_is_entry":false,"ft_order_tag":"exit_signal","cost":9.638455826999998}]},{"pair":"BTC/USDT","stake_amount":9.7628535,"max_stake_amount":9.7628535,"amount":9e-05,"open_date":"2025-06-30 04:19:00+00:00","close_date":"2025-06-30 08:05:00+00:00","open_rate":108476.15,"close_rate":107685.67,"fee_open":0.001,"fee_close":0.001,"trade_duration":226,"profit_ratio":-0.009270573684963392,"profit_abs":-0.09059776,"exit_reason":"exit_signal","initial_stop_loss_abs":100882.82,"initial_stop_loss_ratio":-0.07,"stop_loss_abs":100882.82,"stop_loss_ratio":-0.07,"min_rate":107481.31,"max_rate":108476.15,"is_open":false,"enter_tag":"","leverage":1.0,"is_short":false,"open_timestamp":1751257140000,"close_timestamp":1751270700000,"orders":[{"amount":9e-05,"safe_price":108476.15,"ft_order_side":"buy","order_filled_timestamp":1751257140000,"ft_is_entry":true,"ft_order_tag":"","cost":9.772616353499998},{"amount":9e-05,"safe_price":107685.67,"ft_order_side":"sell","order_filled_timestamp":1751270700000,"ft_is_entry":false,"ft_order_tag":"exit_signal","cost":9.701402010299999}]},{"pair":"ETH/USDT","stake_amount":9.82136,"max_stake_amount":9.82136,"amount":0.004,"open_date":"2025-06-30 11:02:00+00:00","close_date":"2025-06-30 11:07:00+00:00","open_rate":2455.34,"close_rate":2459.42,"fee_open":0.001,"fee_close":0.001,"trade_duration":5,"profit_ratio":-0.0003396377177605032,"profit_abs":-0.00333904,"exit_reason":"exit_signal","initial_stop_loss_abs":2283.47,"initial_stop_loss_ratio":-0.07,"stop_loss_abs":2287.8,"stop_loss_ratio":-0.07,"min_rate":2453.17,"max_rate":2460.0,"is_open":false,"enter_tag":"","leverage":1.0,"is_short":false,"open_timestamp":1751281320000,"close_timestamp":1751281620000,"orders":[{"amount":0.004,"safe_price":2455.34,"ft_order_side":"buy","order_filled_timestamp":1751281320000,"ft_is_entry":true,"ft_order_tag":"","cost":9.831181359999999},{"amount":0.004,"safe_price":2459.42,"ft_order_side":"sell","order_filled_timestamp":1751281620000,"ft_is_entry":false,"ft_order_tag":"exit_signal","cost":9.84751768}]},{"pair":"ETH/USDT","stake_amount":9.84032,"max_stake_amount":9.84032,"amount":0.004,"open_date":"2025-06-30 12:33:00+00:00","close_date":"2025-06-30 13:17:00+00:00","open_rate":2460.08,"close_rate":2465.005085085085,"fee_open":0.001,"fee_close":0.001,"trade_duration":44,"profit_ratio":0.0,"profit_abs":0.0,"exit_reason":"roi","initial_stop_loss_abs":2287.88,"initial_stop_loss_ratio":-0.07,"stop_loss_abs":2292.83,"stop_loss_ratio":-0.07,"min_rate":2457.25,"max_rate":2465.4,"is_open":false,"enter_tag":"","leverage":1.0,"is_short":false,"open_timestamp":1751286780000,"close_timestamp":1751289420000,"orders":[{"amount":0.004,"safe_price":2460.08,"ft_order_side":"buy","order_filled_timestamp":1751286780000,"ft_is_entry":true,"ft_order_tag":"","cost":9.850160319999999},{"amount":0.004,"safe_price":2465.005085085085,"ft_order_side":"sell","order_filled_timestamp":1751289420000,"ft_is_entry":false,"ft_order_tag":"roi","cost":9.869880360680678}]}],"locks":[],"best_pair":{"key":"ETH/USDT","trades":20,"profit_mean":0.0003874030407889095,"profit_mean_pct":0.04,"profit_sum":0.00774806081577819,"profit_sum_pct":0.77,"profit_total_abs":0.07961566999999996,"profit_total":7.961566999999995e-05,"profit_total_pct":0.01,"duration_avg":"1:07:00","wins":5,"draws":10,"losses":5,"winrate":0.25},"worst_pair":{"key":"BTC/USDT","trades":18,"profit_mean":-0.00100257921274324,"profit_mean_pct":-0.1,"profit_sum":-0.01804642582937832,"profit_sum_pct":-1.8,"profit_total_abs":-0.17522593,"profit_total":-0.00017522593000000001,"profit_total_pct":-0.02,"duration_avg":"2:46:00","wins":3,"draws":9,"losses":6,"winrate":0.16666666666666666},"results_per_pair":[{"key":"ETH/USDT","trades":20,"profit_mean":0.0003874030407889095,"profit_mean_pct":0.04,"profit_sum":0.00774806081577819,"profit_sum_pct":0.77,"profit_total_abs":0.07961566999999996,"profit_total":7.961566999999995e-05,"profit_total_pct":0.01,"duration_avg":"1:07:00","wins":5,"draws":10,"losses":5,"winrate":0.25},{"key":"BTC/USDT","trades":18,"profit_mean":-0.00100257921274324,"profit_mean_pct":-0.1,"profit_sum":-0.01804642582937832,"profit_sum_pct":-1.8,"profit_total_abs":-0.17522593,"profit_total":-0.00017522593000000001,"profit_total_pct":-0.02,"duration_avg":"2:46:00","wins":3,"draws":9,"losses":6,"winrate":0.16666666666666666},{"key":"TOTAL","trades":38,"profit_mean":-0.0002710096056210561,"profit_mean_pct":-0.03,"profit_sum":-0.010298365013600132,"profit_sum_pct":-1.03,"profit_total_abs":-0.09561026000000007,"profit_total":-9.561026000000007e-05,"profit_total_pct":-0.01,"duration_avg":"1:54:00","wins":8,"draws":19,"losses":11,"winrate":0.21052631578947367}],"results_per_enter_tag":[{"key":"","trades":38,"profit_mean":-0.0002710096056210561,"profit_mean_pct":-0.03,"profit_sum":-0.010298365013600132,"profit_sum_pct":-1.03,"profit_total_abs":-0.09561026000000007,"profit_total":-9.561026000000007e-05,"profit_total_pct":-0.01,"duration_avg":"1:54:00","wins":8,"draws":19,"losses":11,"winrate":0.21052631578947367},{"key":"TOTAL","trades":38,"profit_mean":-0.0002710096056210561,"profit_mean_pct":-0.03,"profit_sum":-0.010298365013600132,"profit_sum_pct":-1.03,"profit_total_abs":-0.09561026000000007,"profit_total":-9.561026000000007e-05,"profit_total_pct":-0.01,"duration_avg":"1:54:00","wins":8,"draws":19,"losses":11,"winrate":0.21052631578947367}],"exit_reason_summary":[{"key":"roi","trades":24,"profit_mean":0.0013516491302680332,"profit_mean_pct":0.14,"profit_sum":0.0324395791264328,"profit_sum_pct":3.24,"profit_total_abs":0.32071092,"profit_total":0.00032071092,"profit_total_pct":0.03,"duration_avg":"1:35:00","wins":5,"draws":19,"losses":0,"winrate":0.20833333333333334},{"key":"exit_signal","trades":14,"profit_mean":-0.0030527102957166375,"profit_mean_pct":-0.31,"profit_sum":-0.04273794414003292,"profit_sum_pct":-4.27,"profit_total_abs":-0.41632118,"profit_total":-0.00041632118,"profit_total_pct":-0.04,"duration_avg":"2:25:00","wins":3,"draws":0,"losses":11,"winrate":0.21428571428571427},{"key":"TOTAL","trades":38,"profit_mean":-0.0002710096056210561,"profit_mean_pct":-0.03,"profit_sum":-0.010298365013600132,"profit_sum_pct":-1.03,"profit_total_abs":-0.09561026000000007,"profit_total":-9.561026000000007e-05,"profit_total_pct":-0.01,"duration_avg":"1:54:00","wins":8,"draws":19,"losses":11,"winrate":0.21052631578947367}],"mix_tag_stats":[{"key":["","roi"],"trades":24,"profit_mean":0.0013516491302680332,"profit_mean_pct":0.14,"profit_sum":0.0324395791264328,"profit_sum_pct":3.24,"profit_total_abs":0.32071092,"profit_total":0.00032071092,"profit_total_pct":0.03,"duration_avg":"1:35:00","wins":5,"draws":19,"losses":0,"winrate":0.20833333333333334},{"key":["","exit_signal"],"trades":14,"profit_mean":-0.0030527102957166375,"profit_mean_pct":-0.31,"profit_sum":-0.04273794414003292,"profit_sum_pct":-4.27,"profit_total_abs":-0.41632118,"profit_total":-0.00041632118,"profit_total_pct":-0.04,"duration_avg":"2:25:00","wins":3,"draws":0,"losses":11,"winrate":0.21428571428571427},{"key":"TOTAL","trades":38,"profit_mean":-0.0002710096056210561,"profit_mean_pct":-0.03,"profit_sum":-0.010298365013600132,"profit_sum_pct":-1.03,"profit_total_abs":-0.09561026000000007,"profit_total":-9.561026000000007e-05,"profit_total_pct":-0.01,"duration_avg":"1:54:00","wins":8,"draws":19,"losses":11,"winrate":0.21052631578947367}],"left_open_trades":[{"key":"TOTAL","trades":0,"profit_mean":0.0,"profit_mean_pct":0.0,"profit_sum":0.0,"profit_sum_pct":0.0,"profit_total_abs":0.0,"profit_total":0.0,"profit_total_pct":0.0,"duration_avg":"0:00","wins":0,"draws":0,"losses":0,"winrate":0.0}],"total_trades":38,"trade_count_long":38,"trade_count_short":0,"total_volume":739.9021232615024,"avg_stake_amount":9.717360626315791,"profit_mean":-0.0002710096056210561,"profit_median":0.0,"profit_total":-9.561026000000007e-05,"profit_total_long":-9.561026000000007e-05,"profit_total_short":0.0,"profit_total_abs":-0.09561026000000007,"profit_total_long_abs":-0.09561026000000007,"profit_total_short_abs":0.0,"cagr":-0.004973222843993819,"expectancy":-0.002516059473684211,"expectancy_ratio":-0.5604363723733397,"sortino":-6.03883691769157,"sharpe":-5.461791613117264,"calmar":-67.05215217611519,"sqn":-0.3203,"profit_factor":0.7912198045284631,"backtest_start":"2025-06-23 00:00:00","backtest_start_ts":1750636800000,"backtest_end":"2025-06-30 14:11:00","backtest_end_ts":1751292660000,"backtest_days":7,"backtest_run_start_ts":1751301053,"backtest_run_end_ts":1751301054,"trades_per_day":5.43,"market_change":0.08535653626498181,"pairlist":["BTC/USDT","ETH/USDT"],"stake_amount":10,"stake_currency":"USDT","stake_currency_decimals":3,"starting_balance":1000,"dry_run_wallet":1000,"final_balance":999.90438974,"rejected_signals":0,"timedout_entry_orders":0,"timedout_exit_orders":0,"canceled_trade_entries":0,"canceled_entry_orders":0,"replaced_entry_orders":0,"max_open_trades":2,"max_open_trades_setting":3,"timeframe":"1m","timeframe_detail":"","timerange":"","enable_protections":false,"strategy_name":"UltimateScalp10xStrategy","stoploss":-0.07,"trailing_stop":true,"trailing_stop_positive":0.01,"trailing_stop_positive_offset":0.02,"trailing_only_offset_is_reached":false,"use_custom_stoploss":false,"minimal_roi":{"0":0.05,"10":0.03,"20":0.02,"30":0},"use_exit_signal":true,"exit_profit_only":false,"exit_profit_offset":0.0,"ignore_roi_if_entry_signal":false,"trading_mode":"spot","margin_mode":"","periodic_breakdown":{"day":[{"date":"23/06/2025","date_ts":1750636800000,"profit_abs":0.09415919,"wins":3,"draws":3,"losses":0,"trades":6,"profit_factor":0.0},{"date":"24/06/2025","date_ts":1750723200000,"profit_abs":-0.04656432,"wins":1,"draws":1,"losses":3,"trades":5,"profit_factor":0.2812308},{"date":"25/06/2025","date_ts":1750809600000,"profit_abs":-0.00387855,"wins":0,"draws":1,"losses":1,"trades":2,"profit_factor":0.0},{"date":"26/06/2025","date_ts":1750896000000,"profit_abs":0.24995844,"wins":4,"draws":6,"losses":0,"trades":10,"profit_factor":0.0},{"date":"27/06/2025","date_ts":1750982400000,"profit_abs":-0.08584685,"wins":0,"draws":4,"losses":2,"trades":6,"profit_factor":0.0},{"date":"28/06/2025","date_ts":1751068800000,"profit_abs":0.0,"wins":0,"draws":2,"losses":0,"trades":2,"profit_factor":0.0},{"date":"29/06/2025","date_ts":1751155200000,"profit_abs":-0.05743304,"wins":0,"draws":1,"losses":2,"trades":3,"profit_factor":0.0},{"date":"30/06/2025","date_ts":1751241600000,"profit_abs":-0.24600513,"wins":0,"draws":1,"losses":3,"trades":4,"profit_factor":0.0}],"week":[{"date":"23/06/2025","date_ts":1750636800000,"profit_abs":0.09415919,"wins":3,"draws":3,"losses":0,"trades":6,"profit_factor":0.0},{"date":"30/06/2025","date_ts":1751241600000,"profit_abs":-0.18976945,"wins":5,"draws":16,"losses":11,"trades":32,"profit_factor":0.58560825}],"month":[{"date":"30/06/2025","date_ts":1751241600000,"profit_abs":-0.09561026,"wins":8,"draws":19,"losses":11,"trades":38,"profit_factor":0.7912198}],"year":[{"date":"31/12/2025","date_ts":1767139200000,"profit_abs":-0.09561026,"wins":8,"draws":19,"losses":11,"trades":38,"profit_factor":0.7912198}]},"backtest_best_day":0.025346281347249935,"backtest_worst_day":-0.02517301791528662,"backtest_best_day_abs":0.24995844,"backtest_worst_day_abs":-0.24600513,"winning_days":2,"draw_days":1,"losing_days":5,"daily_profit":[["2025-06-23",0.09415919],["2025-06-24",-0.04656432],["2025-06-25",-0.00387855],["2025-06-26",0.24995844],["2025-06-27",-0.08584685],["2025-06-28",0.0],["2025-06-29",-0.05743304],["2025-06-30",-0.24600513]],"wins":8,"losses":11,"draws":19,"winrate":0.21052631578947367,"holding_avg":"1:54:00","holding_avg_s":6840.0,"winner_holding_avg":"0:24:00","winner_holding_avg_s":1440.0,"loser_holding_avg":"3:00:00","loser_holding_avg_s":10800.0,"max_consecutive_wins":3,"max_consecutive_losses":17,"max_drawdown_account":0.0003891707303791453,"max_relative_drawdown":0.0003891707303791453,"max_drawdown_abs":0.38928502000000004,"drawdown_start":"2025-06-26 18:22:00","drawdown_start_ts":1750962120000.0,"drawdown_end":"2025-06-30 11:07:00","drawdown_end_ts":1751281620000.0,"max_drawdown_low":-0.09561026000000004,"max_drawdown_high":0.29367476,"csum_min":999.90438974,"csum_max":1000.29367476}},"strategy_comparison":[{"key":"UltimateScalp10xStrategy","trades":38,"profit_mean":-0.0002710096056210561,"profit_mean_pct":-0.03,"profit_sum":-0.010298365013600132,"profit_sum_pct":-1.03,"profit_total_abs":-0.09561026000000007,"profit_total":-9.561026000000007e-05,"profit_total_pct":-0.01,"duration_avg":"1:54:00","wins":8,"draws":19,"losses":11,"winrate":0.21052631578947367,"max_drawdown_account":0.0003891707303791453,"max_drawdown_abs":"0.389"}]}