{"strategy":{"Diamond":{"trades":[{"pair":"ETH/USDT","stake_amount":9.916896,"max_stake_amount":9.916896,"amount":0.0044,"open_date":"2025-06-23 06:04:00+00:00","close_date":"2025-06-23 08:54:00+00:00","open_rate":2253.84,"close_rate":2259.32,"fee_open":0.001,"fee_close":0.001,"trade_duration":170,"profit_ratio":0.0004285464070461312,"profit_abs":0.0042541,"exit_reason":"roi","initial_stop_loss_abs":1643.05,"initial_stop_loss_ratio":-0.271,"stop_loss_abs":1658.97,"stop_loss_ratio":-0.271,"min_rate":2233.62,"max_rate":2275.67,"is_open":false,"enter_tag":"","leverage":1.0,"is_short":false,"open_timestamp":1750658640000,"close_timestamp":1750668840000,"orders":[{"amount":0.0044,"safe_price":2253.84,"ft_order_side":"buy","order_filled_timestamp":1750658640000,"ft_is_entry":true,"ft_order_tag":"","cost":9.926812896},{"amount":0.0044,"safe_price":2259.32,"ft_order_side":"sell","order_filled_timestamp":1750668840000,"ft_is_entry":false,"ft_order_tag":"roi","cost":9.950949008}]},{"pair":"ETH/USDT","stake_amount":9.776437,"max_stake_amount":9.776437,"amount":0.0043,"open_date":"2025-06-23 13:43:00+00:00","close_date":"2025-06-23 17:28:00+00:00","open_rate":2273.59,"close_rate":2278.141731731732,"fee_open":0.001,"fee_close":0.001,"trade_duration":225,"profit_ratio":0.0,"profit_abs":0.0,"exit_reason":"roi","initial_stop_loss_abs":1657.45,"initial_stop_loss_ratio":-0.271,"stop_loss_abs":1686.57,"stop_loss_ratio":-0.271,"min_rate":2188.0,"max_rate":2313.53,"is_open":false,"enter_tag":"","leverage":1.0,"is_short":false,"open_timestamp":1750686180000,"close_timestamp":1750699680000,"orders":[{"amount":0.0043,"safe_price":2273.59,"ft_order_side":"buy","order_filled_timestamp":1750686180000,"ft_is_entry":true,"ft_order_tag":"","cost":9.786213437},{"amount":0.0043,"safe_price":2278.141731731732,"ft_order_side":"sell","order_filled_timestamp":1750699680000,"ft_is_entry":false,"ft_order_tag":"roi","cost":9.805805455892893}]},{"pair":"ETH/USDT","stake_amount":9.792863,"max_stake_amount":9.792863,"amount":0.0043,"open_date":"2025-06-23 17:35:00+00:00","close_date":"2025-06-23 20:11:00+00:00","open_rate":2277.41,"close_rate":2327.563173173173,"fee_open":0.001,"fee_close":0.001,"trade_duration":156,"profit_ratio":0.01998001998001998,"profit_abs":0.19585726,"exit_reason":"roi","initial_stop_loss_abs":1660.24,"initial_stop_loss_ratio":-0.271,"stop_loss_abs":1703.68,"stop_loss_ratio":-0.271,"min_rate":2262.74,"max_rate":2337.0,"is_open":false,"enter_tag":"","leverage":1.0,"is_short":false,"open_timestamp":1750700100000,"close_timestamp":1750709460000,"orders":[{"amount":0.0043,"safe_price":2277.41,"ft_order_side":"buy","order_filled_timestamp":1750700100000,"ft_is_entry":true,"ft_order_tag":"","cost":9.802655862999998},{"amount":0.0043,"safe_price":2327.563173173173,"ft_order_side":"sell","order_filled_timestamp":1750709460000,"ft_is_entry":false,"ft_order_tag":"roi","cost":10.018530166289286}]},{"pair":"ETH/USDT","stake_amount":9.81372,"max_stake_amount":9.81372,"amount":0.0042,"open_date":"2025-06-23 20:13:00+00:00","close_date":"2025-06-23 22:09:00+00:00","open_rate":2336.6,"close_rate":2388.0566566566563,"fee_open":0.001,"fee_close":0.001,"trade_duration":116,"profit_ratio":0.019980019980019977,"profit_abs":0.1962744,"exit_reason":"roi","initial_stop_loss_abs":1703.39,"initial_stop_loss_ratio":-0.271,"stop_loss_abs":1744.75,"stop_loss_ratio":-0.271,"min_rate":2330.17,"max_rate":2393.34,"is_open":false,"enter_tag":"","leverage":1.0,"is_short":false,"open_timestamp":1750709580000,"close_timestamp":1750716540000,"orders":[{"amount":0.0042,"safe_price":2336.6,"ft_order_side":"buy","order_filled_timestamp":1750709580000,"ft_is_entry":true,"ft_order_tag":"","cost":9.823533719999997},{"amount":0.0042,"safe_price":2388.0566566566563,"ft_order_side":"sell","order_filled_timestamp":1750716540000,"ft_is_entry":false,"ft_order_tag":"roi","cost":10.039867795915912}]},{"pair":"ETH/USDT","stake_amount":9.829094,"max_stake_amount":9.829094,"amount":0.0041,"open_date":"2025-06-23 22:13:00+00:00","close_date":"2025-06-24 01:05:00+00:00","open_rate":2397.34,"close_rate":2402.139479479479,"fee_open":0.001,"fee_close":0.001,"trade_duration":172,"profit_ratio":0.0,"profit_abs":0.0,"exit_reason":"roi","initial_stop_loss_abs":1747.67,"initial_stop_loss_ratio":-0.271,"stop_loss_abs":1777.8,"stop_loss_ratio":-0.271,"min_rate":2385.0,"max_rate":2438.68,"is_open":false,"enter_tag":"","leverage":1.0,"is_short":false,"open_timestamp":1750716780000,"close_timestamp":1750727100000,"orders":[{"amount":0.0041,"safe_price":2397.34,"ft_order_side":"buy","order_filled_timestamp":1750716780000,"ft_is_entry":true,"ft_order_tag":"","cost":9.838923094},{"amount":0.0041,"safe_price":2402.139479479479,"ft_order_side":"sell","order_filled_timestamp":1750727100000,"ft_is_entry":false,"ft_order_tag":"roi","cost":9.85862063773173}]},{"pair":"ETH/USDT","stake_amount":9.857015,"max_stake_amount":9.857015,"amount":0.0041,"open_date":"2025-06-24 07:33:00+00:00","close_date":"2025-06-24 10:23:00+00:00","open_rate":2404.15,"close_rate":2416.02,"fee_open":0.001,"fee_close":0.001,"trade_duration":170,"profit_ratio":0.0029294288966207897,"profit_abs":0.0289043,"exit_reason":"roi","initial_stop_loss_abs":1752.63,"initial_stop_loss_ratio":-0.271,"stop_loss_abs":1785.43,"stop_loss_ratio":-0.271,"min_rate":2376.11,"max_rate":2449.14,"is_open":false,"enter_tag":"","leverage":1.0,"is_short":false,"open_timestamp":1750750380000,"close_timestamp":1750760580000,"orders":[{"amount":0.0041,"safe_price":2404.15,"ft_order_side":"buy","order_filled_timestamp":1750750380000,"ft_is_entry":true,"ft_order_tag":"","cost":9.866872015},{"amount":0.0041,"safe_price":2416.02,"ft_order_side":"sell","order_filled_timestamp":1750760580000,"ft_is_entry":false,"ft_order_tag":"roi","cost":9.915587682}]},{"pair":"ETH/USDT","stake_amount":9.95685,"max_stake_amount":9.95685,"amount":0.0041,"open_date":"2025-06-24 13:39:00+00:00","close_date":"2025-06-24 16:29:00+00:00","open_rate":2428.5,"close_rate":2447.13,"fee_open":0.001,"fee_close":0.001,"trade_duration":170,"profit_ratio":0.00565807292633548,"profit_abs":0.05639292,"exit_reason":"roi","initial_stop_loss_abs":1770.38,"initial_stop_loss_ratio":-0.271,"stop_loss_abs":1789.5,"stop_loss_ratio":-0.271,"min_rate":2411.1,"max_rate":2454.73,"is_open":false,"enter_tag":"","leverage":1.0,"is_short":false,"open_timestamp":1750772340000,"close_timestamp":1750782540000,"orders":[{"amount":0.0041,"safe_price":2428.5,"ft_order_side":"buy","order_filled_timestamp":1750772340000,"ft_is_entry":true,"ft_order_tag":"","cost":9.96680685},{"amount":0.0041,"safe_price":2447.13,"ft_order_side":"sell","order_filled_timestamp":1750782540000,"ft_is_entry":false,"ft_order_tag":"roi","cost":10.043266233}]},{"pair":"ETH/USDT","stake_amount":9.88128,"max_stake_amount":9.88128,"amount":0.004,"open_date":"2025-06-24 16:45:00+00:00","close_date":"2025-06-26 02:53:00+00:00","open_rate":2470.32,"close_rate":2475.2655855855855,"fee_open":0.001,"fee_close":0.001,"trade_duration":2048,"profit_ratio":0.0,"profit_abs":0.0,"exit_reason":"roi","initial_stop_loss_abs":1800.87,"initial_stop_loss_ratio":-0.271,"stop_loss_abs":1822.5,"stop_loss_ratio":-0.271,"min_rate":2389.69,"max_rate":2500.0,"is_open":false,"enter_tag":"","leverage":1.0,"is_short":false,"open_timestamp":1750783500000,"close_timestamp":1750906380000,"orders":[{"amount":0.004,"safe_price":2470.32,"ft_order_side":"buy","order_filled_timestamp":1750783500000,"ft_is_entry":true,"ft_order_tag":"","cost":9.891161279999999},{"amount":0.004,"safe_price":2475.2655855855855,"ft_order_side":"sell","order_filled_timestamp":1750906380000,"ft_is_entry":false,"ft_order_tag":"roi","cost":9.910963404684685}]},{"pair":"ETH/USDT","stake_amount":9.98192,"max_stake_amount":9.98192,"amount":0.004,"open_date":"2025-06-26 02:56:00+00:00","close_date":"2025-06-26 07:46:00+00:00","open_rate":2495.48,"close_rate":2500.4759559559557,"fee_open":0.001,"fee_close":0.001,"trade_duration":290,"profit_ratio":0.0,"profit_abs":0.0,"exit_reason":"roi","initial_stop_loss_abs":1819.21,"initial_stop_loss_ratio":-0.271,"stop_loss_abs":1837.76,"stop_loss_ratio":-0.271,"min_rate":2467.14,"max_rate":2520.92,"is_open":false,"enter_tag":"","leverage":1.0,"is_short":false,"open_timestamp":1750906560000,"close_timestamp":1750923960000,"orders":[{"amount":0.004,"safe_price":2495.48,"ft_order_side":"buy","order_filled_timestamp":1750906560000,"ft_is_entry":true,"ft_order_tag":"","cost":9.99190192},{"amount":0.004,"safe_price":2500.4759559559557,"ft_order_side":"sell","order_filled_timestamp":1750923960000,"ft_is_entry":false,"ft_order_tag":"roi","cost":10.011905727647644}]},{"pair":"ETH/USDT","stake_amount":9.90808,"max_stake_amount":9.90808,"amount":0.004,"open_date":"2025-06-26 09:10:00+00:00","close_date":"2025-06-29 22:30:00+00:00","open_rate":2477.02,"close_rate":2481.9789989989986,"fee_open":0.001,"fee_close":0.001,"trade_duration":5120,"profit_ratio":0.0,"profit_abs":0.0,"exit_reason":"roi","initial_stop_loss_abs":1805.75,"initial_stop_loss_ratio":-0.271,"stop_loss_abs":1810.19,"stop_loss_ratio":-0.271,"min_rate":2382.53,"max_rate":2483.11,"is_open":false,"enter_tag":"","leverage":1.0,"is_short":false,"open_timestamp":1750929000000,"close_timestamp":1751236200000,"orders":[{"amount":0.004,"safe_price":2477.02,"ft_order_side":"buy","order_filled_timestamp":1750929000000,"ft_is_entry":true,"ft_order_tag":"","cost":9.917988079999999},{"amount":0.004,"safe_price":2481.9789989989986,"ft_order_side":"sell","order_filled_timestamp":1751236200000,"ft_is_entry":false,"ft_order_tag":"roi","cost":9.937843911991989}]},{"pair":"ETH/USDT","stake_amount":9.95844,"max_stake_amount":9.95844,"amount":0.004,"open_date":"2025-06-29 22:39:00+00:00","close_date":"2025-06-30 01:29:00+00:00","open_rate":2489.61,"close_rate":2510.37,"fee_open":0.001,"fee_close":0.001,"trade_duration":170,"profit_ratio":0.0063239928038028945,"profit_abs":0.06304008,"exit_reason":"roi","initial_stop_loss_abs":1814.93,"initial_stop_loss_ratio":-0.271,"stop_loss_abs":1840.73,"stop_loss_ratio":-0.271,"min_rate":2485.81,"max_rate":2525.0,"is_open":false,"enter_tag":"","leverage":1.0,"is_short":false,"open_timestamp":1751236740000,"close_timestamp":1751246940000,"orders":[{"amount":0.004,"safe_price":2489.61,"ft_order_side":"buy","order_filled_timestamp":1751236740000,"ft_is_entry":true,"ft_order_tag":"","cost":9.96839844},{"amount":0.004,"safe_price":2510.37,"ft_order_side":"sell","order_filled_timestamp":1751246940000,"ft_is_entry":false,"ft_order_tag":"roi","cost":10.051521479999998}]},{"pair":"ETH/USDT","stake_amount":9.84512,"max_stake_amount":9.84512,"amount":0.004,"open_date":"2025-06-30 06:51:00+00:00","close_date":"2025-06-30 09:41:00+00:00","open_rate":2461.28,"close_rate":2468.1,"fee_open":0.001,"fee_close":0.001,"trade_duration":170,"profit_ratio":0.0007673776525755985,"profit_abs":0.00756248,"exit_reason":"roi","initial_stop_loss_abs":1794.28,"initial_stop_loss_ratio":-0.271,"stop_loss_abs":1812.77,"stop_loss_ratio":-0.271,"min_rate":2456.37,"max_rate":2486.64,"is_open":false,"enter_tag":"","leverage":1.0,"is_short":false,"open_timestamp":1751266260000,"close_timestamp":1751276460000,"orders":[{"amount":0.004,"safe_price":2461.28,"ft_order_side":"buy","order_filled_timestamp":1751266260000,"ft_is_entry":true,"ft_order_tag":"","cost":9.854965120000001},{"amount":0.004,"safe_price":2468.1,"ft_order_side":"sell","order_filled_timestamp":1751276460000,"ft_is_entry":false,"ft_order_tag":"roi","cost":9.882272399999998}]},{"pair":"ETH/USDT","stake_amount":9.83708,"max_stake_amount":9.83708,"amount":0.004,"open_date":"2025-06-30 09:45:00+00:00","close_date":"2025-06-30 12:41:00+00:00","open_rate":2459.27,"close_rate":2464.193463463463,"fee_open":0.001,"fee_close":0.001,"trade_duration":176,"profit_ratio":0.0,"profit_abs":0.0,"exit_reason":"roi","initial_stop_loss_abs":1792.81,"initial_stop_loss_ratio":-0.271,"stop_loss_abs":1799.21,"stop_loss_ratio":-0.271,"min_rate":2446.68,"max_rate":2468.04,"is_open":false,"enter_tag":"","leverage":1.0,"is_short":false,"open_timestamp":1751276700000,"close_timestamp":1751287260000,"orders":[{"amount":0.004,"safe_price":2459.27,"ft_order_side":"buy","order_filled_timestamp":1751276700000,"ft_is_entry":true,"ft_order_tag":"","cost":9.846917079999999},{"amount":0.004,"safe_price":2464.193463463463,"ft_order_side":"sell","order_filled_timestamp":1751287260000,"ft_is_entry":false,"ft_order_tag":"roi","cost":9.866630627707705}]}],"locks":[],"best_pair":{"key":"ETH/USDT","trades":13,"profit_mean":0.004312881434340065,"profit_mean_pct":0.43,"profit_sum":0.05606745864642084,"profit_sum_pct":5.61,"profit_total_abs":0.55228554,"profit_total":0.0005522855399999999,"profit_total_pct":0.06,"duration_avg":"11:44:00","wins":7,"draws":6,"losses":0,"winrate":0.5384615384615384},"worst_pair":{"key":"BTC/USDT","trades":0,"profit_mean":0.0,"profit_mean_pct":0.0,"profit_sum":0.0,"profit_sum_pct":0.0,"profit_total_abs":0.0,"profit_total":0.0,"profit_total_pct":0.0,"duration_avg":"0:00","wins":0,"draws":0,"losses":0,"winrate":0.0},"results_per_pair":[{"key":"ETH/USDT","trades":13,"profit_mean":0.004312881434340065,"profit_mean_pct":0.43,"profit_sum":0.05606745864642084,"profit_sum_pct":5.61,"profit_total_abs":0.55228554,"profit_total":0.0005522855399999999,"profit_total_pct":0.06,"duration_avg":"11:44:00","wins":7,"draws":6,"losses":0,"winrate":0.5384615384615384},{"key":"BTC/USDT","trades":0,"profit_mean":0.0,"profit_mean_pct":0.0,"profit_sum":0.0,"profit_sum_pct":0.0,"profit_total_abs":0.0,"profit_total":0.0,"profit_total_pct":0.0,"duration_avg":"0:00","wins":0,"draws":0,"losses":0,"winrate":0.0},{"key":"TOTAL","trades":13,"profit_mean":0.004312881434340065,"profit_mean_pct":0.43,"profit_sum":0.05606745864642084,"profit_sum_pct":5.61,"profit_total_abs":0.55228554,"profit_total":0.0005522855399999999,"profit_total_pct":0.06,"duration_avg":"11:44:00","wins":7,"draws":6,"losses":0,"winrate":0.5384615384615384}],"results_per_enter_tag":[{"key":"","trades":13,"profit_mean":0.004312881434340065,"profit_mean_pct":0.43,"profit_sum":0.05606745864642084,"profit_sum_pct":5.61,"profit_total_abs":0.55228554,"profit_total":0.0005522855399999999,"profit_total_pct":0.06,"duration_avg":"11:44:00","wins":7,"draws":6,"losses":0,"winrate":0.5384615384615384},{"key":"TOTAL","trades":13,"profit_mean":0.004312881434340065,"profit_mean_pct":0.43,"profit_sum":0.05606745864642084,"profit_sum_pct":5.61,"profit_total_abs":0.55228554,"profit_total":0.0005522855399999999,"profit_total_pct":0.06,"duration_avg":"11:44:00","wins":7,"draws":6,"losses":0,"winrate":0.5384615384615384}],"exit_reason_summary":[{"key":"roi","trades":13,"profit_mean":0.004312881434340065,"profit_mean_pct":0.43,"profit_sum":0.05606745864642084,"profit_sum_pct":5.61,"profit_total_abs":0.55228554,"profit_total":0.0005522855399999999,"profit_total_pct":0.06,"duration_avg":"11:44:00","wins":7,"draws":6,"losses":0,"winrate":0.5384615384615384},{"key":"TOTAL","trades":13,"profit_mean":0.004312881434340065,"profit_mean_pct":0.43,"profit_sum":0.05606745864642084,"profit_sum_pct":5.61,"profit_total_abs":0.55228554,"profit_total":0.0005522855399999999,"profit_total_pct":0.06,"duration_avg":"11:44:00","wins":7,"draws":6,"losses":0,"winrate":0.5384615384615384}],"mix_tag_stats":[{"key":["","roi"],"trades":13,"profit_mean":0.004312881434340065,"profit_mean_pct":0.43,"profit_sum":0.05606745864642084,"profit_sum_pct":5.61,"profit_total_abs":0.55228554,"profit_total":0.0005522855399999999,"profit_total_pct":0.06,"duration_avg":"11:44:00","wins":7,"draws":6,"losses":0,"winrate":0.5384615384615384},{"key":"TOTAL","trades":13,"profit_mean":0.004312881434340065,"profit_mean_pct":0.43,"profit_sum":0.05606745864642084,"profit_sum_pct":5.61,"profit_total_abs":0.55228554,"profit_total":0.0005522855399999999,"profit_total_pct":0.06,"duration_avg":"11:44:00","wins":7,"draws":6,"losses":0,"winrate":0.5384615384615384}],"left_open_trades":[{"key":"TOTAL","trades":0,"profit_mean":0.0,"profit_mean_pct":0.0,"profit_sum":0.0,"profit_sum_pct":0.0,"profit_total_abs":0.0,"profit_total":0.0,"profit_total_pct":0.0,"duration_avg":"0:00","wins":0,"draws":0,"losses":0,"winrate":0.0}],"total_trades":13,"trade_count_long":13,"trade_count_short":0,"total_volume":257.77691432586187,"avg_stake_amount":9.873445769230766,"profit_mean":0.004312881434340065,"profit_median":0.0004285464070461312,"profit_total":0.0005522855399999999,"profit_total_long":0.0005522855399999999,"profit_total_short":0.0,"profit_total_abs":0.55228554,"profit_total_long_abs":0.55228554,"profit_total_short_abs":0.0,"cagr":0.02920822871972306,"expectancy":0.042483503076923085,"expectancy_ratio":100.0,"sortino":-100,"sharpe":21.91779621271063,"calmar":-100,"sqn":2.1399,"profit_factor":0.0,"backtest_start":"2025-06-23 00:00:00","backtest_start_ts":1750636800000,"backtest_end":"2025-06-30 14:08:00","backtest_end_ts":1751292480000,"backtest_days":7,"backtest_run_start_ts":1751306337,"backtest_run_end_ts":1751306339,"trades_per_day":1.86,"market_change":0.0846082271643927,"pairlist":["BTC/USDT","ETH/USDT"],"stake_amount":10,"stake_currency":"USDT","stake_currency_decimals":3,"starting_balance":1000,"dry_run_wallet":1000,"final_balance":1000.55228554,"rejected_signals":0,"timedout_entry_orders":0,"timedout_exit_orders":0,"canceled_trade_entries":0,"canceled_entry_orders":0,"replaced_entry_orders":0,"max_open_trades":-1,"max_open_trades_setting":-1,"timeframe":"1m","timeframe_detail":"","timerange":"","enable_protections":false,"strategy_name":"Diamond","stoploss":-0.271,"trailing_stop":true,"trailing_stop_positive":0.011,"trailing_stop_positive_offset":0.054,"trailing_only_offset_is_reached":false,"use_custom_stoploss":false,"minimal_roi":{"0":0.242,"13":0.044,"51":0.02,"170":0},"use_exit_signal":true,"exit_profit_only":false,"exit_profit_offset":0.0,"ignore_roi_if_entry_signal":false,"trading_mode":"spot","margin_mode":"","periodic_breakdown":{"day":[{"date":"23/06/2025","date_ts":1750636800000,"profit_abs":0.39638576,"wins":3,"draws":1,"losses":0,"trades":4,"profit_factor":0.0},{"date":"24/06/2025","date_ts":1750723200000,"profit_abs":0.08529722,"wins":2,"draws":1,"losses":0,"trades":3,"profit_factor":0.0},{"date":"25/06/2025","date_ts":1750809600000,"profit_abs":0.0,"wins":0,"draws":0,"losses":0,"trades":0,"profit_factor":0.0},{"date":"26/06/2025","date_ts":1750896000000,"profit_abs":0.0,"wins":0,"draws":2,"losses":0,"trades":2,"profit_factor":0.0},{"date":"27/06/2025","date_ts":1750982400000,"profit_abs":0.0,"wins":0,"draws":0,"losses":0,"trades":0,"profit_factor":0.0},{"date":"28/06/2025","date_ts":1751068800000,"profit_abs":0.0,"wins":0,"draws":0,"losses":0,"trades":0,"profit_factor":0.0},{"date":"29/06/2025","date_ts":1751155200000,"profit_abs":0.0,"wins":0,"draws":1,"losses":0,"trades":1,"profit_factor":0.0},{"date":"30/06/2025","date_ts":1751241600000,"profit_abs":0.07060256,"wins":2,"draws":1,"losses":0,"trades":3,"profit_factor":0.0}],"week":[{"date":"23/06/2025","date_ts":1750636800000,"profit_abs":0.39638576,"wins":3,"draws":1,"losses":0,"trades":4,"profit_factor":0.0},{"date":"30/06/2025","date_ts":1751241600000,"profit_abs":0.15589978,"wins":4,"draws":5,"losses":0,"trades":9,"profit_factor":0.0}],"month":[{"date":"30/06/2025","date_ts":1751241600000,"profit_abs":0.55228554,"wins":7,"draws":6,"losses":0,"trades":13,"profit_factor":0.0}],"year":[{"date":"31/12/2025","date_ts":1767139200000,"profit_abs":0.55228554,"wins":7,"draws":6,"losses":0,"trades":13,"profit_factor":0.0}]},"backtest_best_day":0.04038858636708609,"backtest_worst_day":0.0,"backtest_best_day_abs":0.39638576,"backtest_worst_day_abs":0.0,"winning_days":3,"draw_days":5,"losing_days":0,"daily_profit":[["2025-06-23",0.39638576],["2025-06-24",0.08529722],["2025-06-25",0.0],["2025-06-26",0.0],["2025-06-27",0.0],["2025-06-28",0.0],["2025-06-29",0.0],["2025-06-30",0.07060256]],"wins":7,"losses":0,"draws":6,"winrate":0.5384615384615384,"holding_avg":"11:44:00","holding_avg_s":42240.0,"winner_holding_avg":"2:40:00","winner_holding_avg_s":9600.0,"loser_holding_avg":"0:00:00","loser_holding_avg_s":0.0,"max_consecutive_wins":2,"max_consecutive_losses":3,"max_drawdown_account":0.0,"max_relative_drawdown":0.0,"max_drawdown_abs":0.0,"max_drawdown_low":0.0,"max_drawdown_high":0.0,"drawdown_start":"1970-01-01 00:00:00+00:00","drawdown_start_ts":0,"drawdown_end":"1970-01-01 00:00:00+00:00","drawdown_end_ts":0,"csum_min":0,"csum_max":0}},"strategy_comparison":[{"key":"Diamond","trades":13,"profit_mean":0.004312881434340065,"profit_mean_pct":0.43,"profit_sum":0.05606745864642084,"profit_sum_pct":5.61,"profit_total_abs":0.55228554,"profit_total":0.0005522855399999999,"profit_total_pct":0.06,"duration_avg":"11:44:00","wins":7,"draws":6,"losses":0,"winrate":0.5384615384615384,"max_drawdown_account":0.0,"max_drawdown_abs":"0"}]}