{"strategy":{"UltimateScalp10xStrategy":{"trades":[{"pair":"BTC/USDT","stake_amount":9.0479448,"max_stake_amount":9.0479448,"amount":9e-05,"open_date":"2025-06-23 00:33:00+00:00","close_date":"2025-06-23 00:37:00+00:00","open_rate":100532.72,"close_rate":100805.09,"fee_open":0.001,"fee_close":0.001,"trade_duration":4,"profit_ratio":0.0007058523927459732,"profit_abs":0.0063929,"exit_reason":"exit_signal","initial_stop_loss_abs":94500.76,"initial_stop_loss_ratio":-0.06,"stop_loss_abs":94770.8,"stop_loss_ratio":-0.06,"min_rate":100532.72,"max_rate":100820.0,"is_open":false,"enter_tag":"","leverage":1.0,"is_short":false,"open_timestamp":1750638780000,"close_timestamp":1750639020000,"orders":[{"amount":9e-05,"safe_price":100532.72,"ft_order_side":"buy","order_filled_timestamp":1750638780000,"ft_is_entry":true,"ft_order_tag":"","cost":9.056992744799999},{"amount":9e-05,"safe_price":100805.09,"ft_order_side":"sell","order_filled_timestamp":1750639020000,"ft_is_entry":false,"ft_order_tag":"exit_signal","cost":9.081530558099999}]},{"pair":"ETH/USDT","stake_amount":9.827884,"max_stake_amount":9.827884,"amount":0.0044,"open_date":"2025-06-23 01:17:00+00:00","close_date":"2025-06-23 01:42:00+00:00","open_rate":2233.61,"close_rate":2233.88,"fee_open":0.001,"fee_close":0.001,"trade_duration":25,"profit_ratio":-0.0018773633765426503,"profit_abs":-0.01846896,"exit_reason":"exit_signal","initial_stop_loss_abs":2099.6,"initial_stop_loss_ratio":-0.06,"stop_loss_abs":2101.84,"stop_loss_ratio":-0.06,"min_rate":2225.0,"max_rate":2236.0,"is_open":false,"enter_tag":"","leverage":1.0,"is_short":false,"open_timestamp":1750641420000,"close_timestamp":1750642920000,"orders":[{"amount":0.0044,"safe_price":2233.61,"ft_order_side":"buy","order_filled_timestamp":1750641420000,"ft_is_entry":true,"ft_order_tag":"","cost":9.837711883999999},{"amount":0.0044,"safe_price":2233.88,"ft_order_side":"sell","order_filled_timestamp":1750642920000,"ft_is_entry":false,"ft_order_tag":"exit_signal","cost":9.838901072}]},{"pair":"BTC/USDT","stake_amount":9.0886716,"max_stake_amount":9.0886716,"amount":9e-05,"open_date":"2025-06-23 02:14:00+00:00","close_date":"2025-06-23 02:25:00+00:00","open_rate":100985.24,"close_rate":101152.6,"fee_open":0.001,"fee_close":0.001,"trade_duration":11,"profit_ratio":-0.00034404181980600076,"profit_abs":-0.00313001,"exit_reason":"exit_signal","initial_stop_loss_abs":94926.13,"initial_stop_loss_ratio":-0.06,"stop_loss_abs":95138.67,"stop_loss_ratio":-0.06,"min_rate":100985.23,"max_rate":101211.35,"is_open":false,"enter_tag":"","leverage":1.0,"is_short":false,"open_timestamp":1750644840000,"close_timestamp":1750645500000,"orders":[{"amount":9e-05,"safe_price":100985.24,"ft_order_side":"buy","order_filled_timestamp":1750644840000,"ft_is_entry":true,"ft_order_tag":"","cost":9.0977602716},{"amount":9e-05,"safe_price":101152.6,"ft_order_side":"sell","order_filled_timestamp":1750645500000,"ft_is_entry":false,"ft_order_tag":"exit_signal","cost":9.112837734}]},{"pair":"ETH/USDT","stake_amount":9.842492,"max_stake_amount":9.842492,"amount":0.0044,"open_date":"2025-06-23 02:23:00+00:00","close_date":"2025-06-23 02:58:00+00:00","open_rate":2236.93,"close_rate":2241.4083383383377,"fee_open":0.001,"fee_close":0.001,"trade_duration":35,"profit_ratio":0.0,"profit_abs":0.0,"exit_reason":"roi","initial_stop_loss_abs":2102.72,"initial_stop_loss_ratio":-0.06,"stop_loss_abs":2109.55,"stop_loss_ratio":-0.06,"min_rate":2233.71,"max_rate":2244.2,"is_open":false,"enter_tag":"","leverage":1.0,"is_short":false,"open_timestamp":1750645380000,"close_timestamp":1750647480000,"orders":[{"amount":0.0044,"safe_price":2236.93,"ft_order_side":"buy","order_filled_timestamp":1750645380000,"ft_is_entry":true,"ft_order_tag":"","cost":9.852334491999999},{"amount":0.0044,"safe_price":2241.4083383383377,"ft_order_side":"sell","order_filled_timestamp":1750647480000,"ft_is_entry":false,"ft_order_tag":"roi","cost":9.872058885377374}]},{"pair":"ETH/USDT","stake_amount":9.841524,"max_stake_amount":9.841524,"amount":0.0044,"open_date":"2025-06-23 03:02:00+00:00","close_date":"2025-06-23 03:06:00+00:00","open_rate":2236.71,"close_rate":2241.62,"fee_open":0.001,"fee_close":0.001,"trade_duration":4,"profit_ratio":0.00019280068284673667,"profit_abs":0.00189935,"exit_reason":"exit_signal","initial_stop_loss_abs":2102.51,"initial_stop_loss_ratio":-0.06,"stop_loss_abs":2108.58,"stop_loss_ratio":-0.06,"min_rate":2233.58,"max_rate":2243.17,"is_open":false,"enter_tag":"","leverage":1.0,"is_short":false,"open_timestamp":1750647720000,"close_timestamp":1750647960000,"orders":[{"amount":0.0044,"safe_price":2236.71,"ft_order_side":"buy","order_filled_timestamp":1750647720000,"ft_is_entry":true,"ft_order_tag":"","cost":9.851365524},{"amount":0.0044,"safe_price":2241.62,"ft_order_side":"sell","order_filled_timestamp":1750647960000,"ft_is_entry":false,"ft_order_tag":"exit_signal","cost":9.872991127999999}]},{"pair":"ETH/USDT","stake_amount":9.82476,"max_stake_amount":9.82476,"amount":0.0044,"open_date":"2025-06-23 03:53:00+00:00","close_date":"2025-06-23 04:23:00+00:00","open_rate":2232.9,"close_rate":2239.49,"fee_open":0.001,"fee_close":0.001,"trade_duration":30,"profit_ratio":0.0009474197668107747,"profit_abs":0.00931748,"exit_reason":"roi","initial_stop_loss_abs":2098.93,"initial_stop_loss_ratio":-0.06,"stop_loss_abs":2105.13,"stop_loss_ratio":-0.06,"min_rate":2227.89,"max_rate":2239.5,"is_open":false,"enter_tag":"","leverage":1.0,"is_short":false,"open_timestamp":1750650780000,"close_timestamp":1750652580000,"orders":[{"amount":0.0044,"safe_price":2232.9,"ft_order_side":"buy","order_filled_timestamp":1750650780000,"ft_is_entry":true,"ft_order_tag":"","cost":9.83458476},{"amount":0.0044,"safe_price":2239.49,"ft_order_side":"sell","order_filled_timestamp":1750652580000,"ft_is_entry":false,"ft_order_tag":"roi","cost":9.863609755999997}]},{"pair":"BTC/USDT","stake_amount":9.1048563,"max_stake_amount":9.1048563,"amount":9e-05,"open_date":"2025-06-23 03:26:00+00:00","close_date":"2025-06-23 05:11:00+00:00","open_rate":101165.07,"close_rate":101367.60267267267,"fee_open":0.001,"fee_close":0.001,"trade_duration":105,"profit_ratio":0.0,"profit_abs":0.0,"exit_reason":"roi","initial_stop_loss_abs":95095.17,"initial_stop_loss_ratio":-0.06,"stop_loss_abs":95334.8,"stop_loss_ratio":-0.06,"min_rate":100980.0,"max_rate":101419.99,"is_open":false,"enter_tag":"","leverage":1.0,"is_short":false,"open_timestamp":1750649160000,"close_timestamp":1750655460000,"orders":[{"amount":9e-05,"safe_price":101165.07,"ft_order_side":"buy","order_filled_timestamp":1750649160000,"ft_is_entry":true,"ft_order_tag":"","cost":9.1139611563},{"amount":9e-05,"safe_price":101367.60267267267,"ft_order_side":"sell","order_filled_timestamp":1750655460000,"ft_is_entry":false,"ft_order_tag":"roi","cost":9.13220732478108}]},{"pair":"ETH/USDT","stake_amount":9.827752,"max_stake_amount":9.827752,"amount":0.0044,"open_date":"2025-06-23 04:46:00+00:00","close_date":"2025-06-23 05:16:00+00:00","open_rate":2233.58,"close_rate":2241.83,"fee_open":0.001,"fee_close":0.001,"trade_duration":30,"profit_ratio":0.0016882404431459394,"profit_abs":0.0166082,"exit_reason":"roi","initial_stop_loss_abs":2099.57,"initial_stop_loss_ratio":-0.06,"stop_loss_abs":2108.42,"stop_loss_ratio":-0.06,"min_rate":2231.43,"max_rate":2242.99,"is_open":false,"enter_tag":"","leverage":1.0,"is_short":false,"open_timestamp":1750653960000,"close_timestamp":1750655760000,"orders":[{"amount":0.0044,"safe_price":2233.58,"ft_order_side":"buy","order_filled_timestamp":1750653960000,"ft_is_entry":true,"ft_order_tag":"","cost":9.837579752},{"amount":0.0044,"safe_price":2241.83,"ft_order_side":"sell","order_filled_timestamp":1750655760000,"ft_is_entry":false,"ft_order_tag":"roi","cost":9.873916052}]},{"pair":"BTC/USDT","stake_amount":9.1660383,"max_stake_amount":9.1660383,"amount":9e-05,"open_date":"2025-06-23 06:30:00+00:00","close_date":"2025-06-23 07:09:00+00:00","open_rate":101844.87,"close_rate":102048.76363363361,"fee_open":0.001,"fee_close":0.001,"trade_duration":39,"profit_ratio":0.0,"profit_abs":0.0,"exit_reason":"roi","initial_stop_loss_abs":95734.18,"initial_stop_loss_ratio":-0.06,"stop_loss_abs":95941.47,"stop_loss_ratio":-0.06,"min_rate":101645.47,"max_rate":102065.39,"is_open":false,"enter_tag":"","leverage":1.0,"is_short":false,"open_timestamp":1750660200000,"close_timestamp":1750662540000,"orders":[{"amount":9e-05,"safe_price":101844.87,"ft_order_side":"buy","order_filled_timestamp":1750660200000,"ft_is_entry":true,"ft_order_tag":"","cost":9.175204338299999},{"amount":9e-05,"safe_price":102048.76363363361,"ft_order_side":"sell","order_filled_timestamp":1750662540000,"ft_is_entry":false,"ft_order_tag":"roi","cost":9.193573115754052}]},{"pair":"ETH/USDT","stake_amount":9.877736,"max_stake_amount":9.877736,"amount":0.0044,"open_date":"2025-06-23 11:16:00+00:00","close_date":"2025-06-23 11:47:00+00:00","open_rate":2244.94,"close_rate":2249.434374374374,"fee_open":0.001,"fee_close":0.001,"trade_duration":31,"profit_ratio":0.0,"profit_abs":0.0,"exit_reason":"roi","initial_stop_loss_abs":2110.25,"initial_stop_loss_ratio":-0.06,"stop_loss_abs":2114.88,"stop_loss_ratio":-0.06,"min_rate":2241.29,"max_rate":2249.87,"is_open":false,"enter_tag":"","leverage":1.0,"is_short":false,"open_timestamp":1750677360000,"close_timestamp":1750679220000,"orders":[{"amount":0.0044,"safe_price":2244.94,"ft_order_side":"buy","order_filled_timestamp":1750677360000,"ft_is_entry":true,"ft_order_tag":"","cost":9.887613735999999},{"amount":0.0044,"safe_price":2249.434374374374,"ft_order_side":"sell","order_filled_timestamp":1750679220000,"ft_is_entry":false,"ft_order_tag":"roi","cost":9.907408758494492}]},{"pair":"BTC/USDT","stake_amount":9.1706319,"max_stake_amount":9.1706319,"amount":9e-05,"open_date":"2025-06-23 08:27:00+00:00","close_date":"2025-06-23 11:50:00+00:00","open_rate":101895.91,"close_rate":101343.37,"fee_open":0.001,"fee_close":0.001,"trade_duration":203,"profit_ratio":-0.007409760696227249,"profit_abs":-0.06802014,"exit_reason":"exit_signal","initial_stop_loss_abs":95782.16,"initial_stop_loss_ratio":-0.06,"stop_loss_abs":95880.47,"stop_loss_ratio":-0.06,"min_rate":101102.76,"max_rate":102000.49,"is_open":false,"enter_tag":"","leverage":1.0,"is_short":false,"open_timestamp":1750667220000,"close_timestamp":1750679400000,"orders":[{"amount":9e-05,"safe_price":101895.91,"ft_order_side":"buy","order_filled_timestamp":1750667220000,"ft_is_entry":true,"ft_order_tag":"","cost":9.179802531899998},{"amount":9e-05,"safe_price":101343.37,"ft_order_side":"sell","order_filled_timestamp":1750679400000,"ft_is_entry":false,"ft_order_tag":"exit_signal","cost":9.1300242033}]},{"pair":"BTC/USDT","stake_amount":9.150246,"max_stake_amount":9.150246,"amount":9e-05,"open_date":"2025-06-23 14:39:00+00:00","close_date":"2025-06-23 15:09:00+00:00","open_rate":101669.4,"close_rate":102000.78,"fee_open":0.001,"fee_close":0.001,"trade_duration":30,"profit_ratio":0.0012548731042201053,"profit_abs":0.01149388,"exit_reason":"roi","initial_stop_loss_abs":95569.24,"initial_stop_loss_ratio":-0.06,"stop_loss_abs":95928.71,"stop_loss_ratio":-0.06,"min_rate":101496.0,"max_rate":102051.81,"is_open":false,"enter_tag":"","leverage":1.0,"is_short":false,"open_timestamp":1750689540000,"close_timestamp":1750691340000,"orders":[{"amount":9e-05,"safe_price":101669.4,"ft_order_side":"buy","order_filled_timestamp":1750689540000,"ft_is_entry":true,"ft_order_tag":"","cost":9.159396245999998},{"amount":9e-05,"safe_price":102000.78,"ft_order_side":"sell","order_filled_timestamp":1750691340000,"ft_is_entry":false,"ft_order_tag":"roi","cost":9.1892502702}]},{"pair":"ETH/USDT","stake_amount":9.785864,"max_stake_amount":9.785864,"amount":0.0044,"open_date":"2025-06-23 16:22:00+00:00","close_date":"2025-06-23 17:04:00+00:00","open_rate":2224.06,"close_rate":2228.512572572572,"fee_open":0.001,"fee_close":0.001,"trade_duration":42,"profit_ratio":0.0,"profit_abs":0.0,"exit_reason":"roi","initial_stop_loss_abs":2090.62,"initial_stop_loss_ratio":-0.06,"stop_loss_abs":2101.63,"stop_loss_ratio":-0.06,"min_rate":2188.0,"max_rate":2235.77,"is_open":false,"enter_tag":"","leverage":1.0,"is_short":false,"open_timestamp":1750695720000,"close_timestamp":1750698240000,"orders":[{"amount":0.0044,"safe_price":2224.06,"ft_order_side":"buy","order_filled_timestamp":1750695720000,"ft_is_entry":true,"ft_order_tag":"","cost":9.795649864},{"amount":0.0044,"safe_price":2228.512572572572,"ft_order_side":"sell","order_filled_timestamp":1750698240000,"ft_is_entry":false,"ft_order_tag":"roi","cost":9.815260774638636}]},{"pair":"ETH/USDT","stake_amount":9.996448,"max_stake_amount":9.996448,"amount":0.0044,"open_date":"2025-06-23 17:49:00+00:00","close_date":"2025-06-23 18:11:00+00:00","open_rate":2271.92,"close_rate":2292.35,"fee_open":0.001,"fee_close":0.001,"trade_duration":22,"profit_ratio":0.006976425079135162,"profit_abs":0.06980921,"exit_reason":"trailing_stop_loss","initial_stop_loss_abs":2135.61,"initial_stop_loss_ratio":-0.06,"stop_loss_abs":2292.35,"stop_loss_ratio":-0.005,"min_rate":2262.74,"max_rate":2303.86,"is_open":false,"enter_tag":"","leverage":1.0,"is_short":false,"open_timestamp":1750700940000,"close_timestamp":1750702260000,"orders":[{"amount":0.0044,"safe_price":2271.92,"ft_order_side":"buy","order_filled_timestamp":1750700940000,"ft_is_entry":true,"ft_order_tag":"","cost":10.006444448},{"amount":0.0044,"safe_price":2292.35,"ft_order_side":"sell","order_filled_timestamp":1750702260000,"ft_is_entry":false,"ft_order_tag":"trailing_stop_loss","cost":10.096426339999999}]},{"pair":"ETH/USDT","stake_amount":9.898342,"max_stake_amount":9.898342,"amount":0.0043,"open_date":"2025-06-23 19:17:00+00:00","close_date":"2025-06-23 19:36:00+00:00","open_rate":2301.94,"close_rate":2306.83,"fee_open":0.001,"fee_close":0.001,"trade_duration":19,"profit_ratio":0.00012204891668543259,"profit_abs":0.00120929,"exit_reason":"exit_signal","initial_stop_loss_abs":2163.83,"initial_stop_loss_ratio":-0.06,"stop_loss_abs":2180.6,"stop_loss_ratio":-0.06,"min_rate":2295.5,"max_rate":2319.78,"is_open":false,"enter_tag":"","leverage":1.0,"is_short":false,"open_timestamp":1750706220000,"close_timestamp":1750707360000,"orders":[{"amount":0.0043,"safe_price":2301.94,"ft_order_side":"buy","order_filled_timestamp":1750706220000,"ft_is_entry":true,"ft_order_tag":"","cost":9.908240342},{"amount":0.0043,"safe_price":2306.83,"ft_order_side":"sell","order_filled_timestamp":1750707360000,"ft_is_entry":false,"ft_order_tag":"exit_signal","cost":9.929288368999998}]},{"pair":"BTC/USDT","stake_amount":9.2474982,"max_stake_amount":9.2474982,"amount":9e-05,"open_date":"2025-06-23 19:42:00+00:00","close_date":"2025-06-23 20:12:00+00:00","open_rate":102749.98,"close_rate":103265.92,"fee_open":0.001,"fee_close":0.001,"trade_duration":30,"profit_ratio":0.0030132803589304506,"profit_abs":0.02789317,"exit_reason":"roi","initial_stop_loss_abs":96584.99,"initial_stop_loss_ratio":-0.06,"stop_loss_abs":97155.85,"stop_loss_ratio":-0.06,"min_rate":102677.16,"max_rate":103357.28,"is_open":false,"enter_tag":"","leverage":1.0,"is_short":false,"open_timestamp":1750707720000,"close_timestamp":1750709520000,"orders":[{"amount":9e-05,"safe_price":102749.98,"ft_order_side":"buy","order_filled_timestamp":1750707720000,"ft_is_entry":true,"ft_order_tag":"","cost":9.2567456982},{"amount":9e-05,"safe_price":103265.92,"ft_order_side":"sell","order_filled_timestamp":1750709520000,"ft_is_entry":false,"ft_order_tag":"roi","cost":9.303226732799999}]},{"pair":"ETH/USDT","stake_amount":9.866178,"max_stake_amount":9.866178,"amount":0.0042,"open_date":"2025-06-23 20:44:00+00:00","close_date":"2025-06-23 21:15:00+00:00","open_rate":2349.09,"close_rate":2353.7928828828826,"fee_open":0.001,"fee_close":0.001,"trade_duration":31,"profit_ratio":0.0,"profit_abs":0.0,"exit_reason":"roi","initial_stop_loss_abs":2208.15,"initial_stop_loss_ratio":-0.06,"stop_loss_abs":2219.56,"stop_loss_ratio":-0.06,"min_rate":2342.09,"max_rate":2361.23,"is_open":false,"enter_tag":"","leverage":1.0,"is_short":false,"open_timestamp":1750711440000,"close_timestamp":1750713300000,"orders":[{"amount":0.0042,"safe_price":2349.09,"ft_order_side":"buy","order_filled_timestamp":1750711440000,"ft_is_entry":true,"ft_order_tag":"","cost":9.876044177999999},{"amount":0.0042,"safe_price":2353.7928828828826,"ft_order_side":"sell","order_filled_timestamp":1750713300000,"ft_is_entry":false,"ft_order_tag":"roi","cost":9.895816038216212}]},{"pair":"BTC/USDT","stake_amount":9.4573791,"max_stake_amount":9.4573791,"amount":9e-05,"open_date":"2025-06-24 00:42:00+00:00","close_date":"2025-06-24 01:07:00+00:00","open_rate":105081.99,"close_rate":105170.4,"fee_open":0.001,"fee_close":0.001,"trade_duration":25,"profit_ratio":-0.00115834048937143,"profit_abs":-0.01096582,"exit_reason":"exit_signal","initial_stop_loss_abs":98777.08,"initial_stop_loss_ratio":-0.06,"stop_loss_abs":98920.6,"stop_loss_ratio":-0.06,"min_rate":104909.69,"max_rate":105234.68,"is_open":false,"enter_tag":"","leverage":1.0,"is_short":false,"open_timestamp":1750725720000,"close_timestamp":1750727220000,"orders":[{"amount":9e-05,"safe_price":105081.99,"ft_order_side":"buy","order_filled_timestamp":1750725720000,"ft_is_entry":true,"ft_order_tag":"","cost":9.4668364791},{"amount":9e-05,"safe_price":105170.4,"ft_order_side":"sell","order_filled_timestamp":1750727220000,"ft_is_entry":false,"ft_order_tag":"exit_signal","cost":9.474801335999999}]},{"pair":"ETH/USDT","stake_amount":9.807651,"max_stake_amount":9.807651,"amount":0.0041,"open_date":"2025-06-24 02:47:00+00:00","close_date":"2025-06-24 03:17:00+00:00","open_rate":2392.11,"close_rate":2402.14,"fee_open":0.001,"fee_close":0.001,"trade_duration":30,"profit_ratio":0.0021865709612959184,"profit_abs":0.02146657,"exit_reason":"roi","initial_stop_loss_abs":2248.59,"initial_stop_loss_ratio":-0.06,"stop_loss_abs":2260.03,"stop_loss_ratio":-0.06,"min_rate":2391.09,"max_rate":2404.28,"is_open":false,"enter_tag":"","leverage":1.0,"is_short":false,"open_timestamp":1750733220000,"close_timestamp":1750735020000,"orders":[{"amount":0.0041,"safe_price":2392.11,"ft_order_side":"buy","order_filled_timestamp":1750733220000,"ft_is_entry":true,"ft_order_tag":"","cost":9.817458651},{"amount":0.0041,"safe_price":2402.14,"ft_order_side":"sell","order_filled_timestamp":1750735020000,"ft_is_entry":false,"ft_order_tag":"roi","cost":9.858622773999999}]},{"pair":"ETH/USDT","stake_amount":9.82401,"max_stake_amount":9.82401,"amount":0.0041,"open_date":"2025-06-24 04:46:00+00:00","close_date":"2025-06-24 05:16:00+00:00","open_rate":2396.1,"close_rate":2410.61,"fee_open":0.001,"fee_close":0.001,"trade_duration":30,"profit_ratio":0.004045572658593207,"profit_abs":0.03978349,"exit_reason":"roi","initial_stop_loss_abs":2252.34,"initial_stop_loss_ratio":-0.06,"stop_loss_abs":2267.46,"stop_loss_ratio":-0.06,"min_rate":2395.99,"max_rate":2412.19,"is_open":false,"enter_tag":"","leverage":1.0,"is_short":false,"open_timestamp":1750740360000,"close_timestamp":1750742160000,"orders":[{"amount":0.0041,"safe_price":2396.1,"ft_order_side":"buy","order_filled_timestamp":1750740360000,"ft_is_entry":true,"ft_order_tag":"","cost":9.83383401},{"amount":0.0041,"safe_price":2410.61,"ft_order_side":"sell","order_filled_timestamp":1750742160000,"ft_is_entry":false,"ft_order_tag":"roi","cost":9.893384501}]},{"pair":"BTC/USDT","stake_amount":9.4309209,"max_stake_amount":9.4309209,"amount":9e-05,"open_date":"2025-06-24 04:55:00+00:00","close_date":"2025-06-24 05:23:00+00:00","open_rate":104788.01,"close_rate":105089.02,"fee_open":0.001,"fee_close":0.001,"trade_duration":28,"profit_ratio":0.0008688203740290329,"profit_abs":0.00820197,"exit_reason":"exit_signal","initial_stop_loss_abs":98500.73,"initial_stop_loss_ratio":-0.06,"stop_loss_abs":98900.45,"stop_loss_ratio":-0.06,"min_rate":104750.93,"max_rate":105213.24,"is_open":false,"enter_tag":"","leverage":1.0,"is_short":false,"open_timestamp":1750740900000,"close_timestamp":1750742580000,"orders":[{"amount":9e-05,"safe_price":104788.01,"ft_order_side":"buy","order_filled_timestamp":1750740900000,"ft_is_entry":true,"ft_order_tag":"","cost":9.440351820899998},{"amount":9e-05,"safe_price":105089.02,"ft_order_side":"sell","order_filled_timestamp":1750742580000,"ft_is_entry":false,"ft_order_tag":"exit_signal","cost":9.467469811800001}]},{"pair":"ETH/USDT","stake_amount":9.936063,"max_stake_amount":9.936063,"amount":0.0041,"open_date":"2025-06-24 07:10:00+00:00","close_date":"2025-06-24 08:22:00+00:00","open_rate":2423.43,"close_rate":2396.15,"fee_open":0.001,"fee_close":0.001,"trade_duration":72,"profit_ratio":-0.013232283571149176,"profit_abs":-0.13160828,"exit_reason":"exit_signal","initial_stop_loss_abs":2278.03,"initial_stop_loss_ratio":-0.06,"stop_loss_abs":2280.97,"stop_loss_ratio":-0.06,"min_rate":2376.11,"max_rate":2426.56,"is_open":false,"enter_tag":"","leverage":1.0,"is_short":false,"open_timestamp":1750749000000,"close_timestamp":1750753320000,"orders":[{"amount":0.0041,"safe_price":2423.43,"ft_order_side":"buy","order_filled_timestamp":1750749000000,"ft_is_entry":true,"ft_order_tag":"","cost":9.945999063},{"amount":0.0041,"safe_price":2396.15,"ft_order_side":"sell","order_filled_timestamp":1750753320000,"ft_is_entry":false,"ft_order_tag":"exit_signal","cost":9.834039214999999}]},{"pair":"BTC/USDT","stake_amount":9.501948,"max_stake_amount":9.501948,"amount":9e-05,"open_date":"2025-06-24 07:11:00+00:00","close_date":"2025-06-24 08:37:00+00:00","open_rate":105577.2,"close_rate":105119.99,"fee_open":0.001,"fee_close":0.001,"trade_duration":86,"profit_ratio":-0.006319924967132888,"profit_abs":-0.06011165,"exit_reason":"exit_signal","initial_stop_loss_abs":99242.57,"initial_stop_loss_ratio":-0.06,"stop_loss_abs":99430.38,"stop_loss_ratio":-0.06,"min_rate":104622.02,"max_rate":105777.0,"is_open":false,"enter_tag":"","leverage":1.0,"is_short":false,"open_timestamp":1750749060000,"close_timestamp":1750754220000,"orders":[{"amount":9e-05,"safe_price":105577.2,"ft_order_side":"buy","order_filled_timestamp":1750749060000,"ft_is_entry":true,"ft_order_tag":"","cost":9.511449948},{"amount":9e-05,"safe_price":105119.99,"ft_order_side":"sell","order_filled_timestamp":1750754220000,"ft_is_entry":false,"ft_order_tag":"exit_signal","cost":9.4702598991}]},{"pair":"ETH/USDT","stake_amount":9.842296,"max_stake_amount":9.842296,"amount":0.0041,"open_date":"2025-06-24 09:11:00+00:00","close_date":"2025-06-24 09:17:00+00:00","open_rate":2400.56,"close_rate":2404.48,"fee_open":0.001,"fee_close":0.001,"trade_duration":6,"profit_ratio":-0.00036831192285163595,"profit_abs":-0.00362866,"exit_reason":"exit_signal","initial_stop_loss_abs":2256.53,"initial_stop_loss_ratio":-0.06,"stop_loss_abs":2261.55,"stop_loss_ratio":-0.06,"min_rate":2399.2,"max_rate":2405.9,"is_open":false,"enter_tag":"","leverage":1.0,"is_short":false,"open_timestamp":1750756260000,"close_timestamp":1750756620000,"orders":[{"amount":0.0041,"safe_price":2400.56,"ft_order_side":"buy","order_filled_timestamp":1750756260000,"ft_is_entry":true,"ft_order_tag":"","cost":9.852138296},{"amount":0.0041,"safe_price":2404.48,"ft_order_side":"sell","order_filled_timestamp":1750756620000,"ft_is_entry":false,"ft_order_tag":"exit_signal","cost":9.868226368}]},{"pair":"ETH/USDT","stake_amount":9.895432,"max_stake_amount":9.895432,"amount":0.0041,"open_date":"2025-06-24 10:04:00+00:00","close_date":"2025-06-24 10:21:00+00:00","open_rate":2413.52,"close_rate":2422.8,"fee_open":0.001,"fee_close":0.001,"trade_duration":17,"profit_ratio":0.001839322336901422,"profit_abs":0.01821909,"exit_reason":"exit_signal","initial_stop_loss_abs":2268.71,"initial_stop_loss_ratio":-0.06,"stop_loss_abs":2278.16,"stop_loss_ratio":-0.06,"min_rate":2412.41,"max_rate":2423.57,"is_open":false,"enter_tag":"","leverage":1.0,"is_short":false,"open_timestamp":1750759440000,"close_timestamp":1750760460000,"orders":[{"amount":0.0041,"safe_price":2413.52,"ft_order_side":"buy","order_filled_timestamp":1750759440000,"ft_is_entry":true,"ft_order_tag":"","cost":9.905327432},{"amount":0.0041,"safe_price":2422.8,"ft_order_side":"sell","order_filled_timestamp":1750760460000,"ft_is_entry":false,"ft_order_tag":"exit_signal","cost":9.94341348}]},{"pair":"BTC/USDT","stake_amount":9.4495932,"max_stake_amount":9.4495932,"amount":9e-05,"open_date":"2025-06-24 12:33:00+00:00","close_date":"2025-06-24 13:03:00+00:00","open_rate":104995.48,"close_rate":105211.99,"fee_open":0.001,"fee_close":0.001,"trade_duration":30,"profit_ratio":5.996695568475229e-05,"profit_abs":0.00056723,"exit_reason":"roi","initial_stop_loss_abs":98695.76,"initial_stop_loss_ratio":-0.06,"stop_loss_abs":98988.15,"stop_loss_ratio":-0.06,"min_rate":104968.43,"max_rate":105306.54,"is_open":false,"enter_tag":"","leverage":1.0,"is_short":false,"open_timestamp":1750768380000,"close_timestamp":1750770180000,"orders":[{"amount":9e-05,"safe_price":104995.48,"ft_order_side":"buy","order_filled_timestamp":1750768380000,"ft_is_entry":true,"ft_order_tag":"","cost":9.4590427932},{"amount":9e-05,"safe_price":105211.99,"ft_order_side":"sell","order_filled_timestamp":1750770180000,"ft_is_entry":false,"ft_order_tag":"roi","cost":9.4785481791}]},{"pair":"BTC/USDT","stake_amount":9.45558,"max_stake_amount":9.45558,"amount":9e-05,"open_date":"2025-06-24 13:21:00+00:00","close_date":"2025-06-24 13:38:00+00:00","open_rate":105062.0,"close_rate":105225.5,"fee_open":0.001,"fee_close":0.001,"trade_duration":17,"profit_ratio":-0.00044488792085449296,"profit_abs":-0.00421088,"exit_reason":"exit_signal","initial_stop_loss_abs":98758.28,"initial_stop_loss_ratio":-0.06,"stop_loss_abs":98964.14,"stop_loss_ratio":-0.06,"min_rate":104800.98,"max_rate":105281.0,"is_open":false,"enter_tag":"","leverage":1.0,"is_short":false,"open_timestamp":1750771260000,"close_timestamp":1750772280000,"orders":[{"amount":9e-05,"safe_price":105062.0,"ft_order_side":"buy","order_filled_timestamp":1750771260000,"ft_is_entry":true,"ft_order_tag":"","cost":9.46503558},{"amount":9e-05,"safe_price":105225.5,"ft_order_side":"sell","order_filled_timestamp":1750772280000,"ft_is_entry":false,"ft_order_tag":"exit_signal","cost":9.479765294999998}]},{"pair":"ETH/USDT","stake_amount":9.80084,"max_stake_amount":9.80084,"amount":0.004,"open_date":"2025-06-24 18:14:00+00:00","close_date":"2025-06-24 21:33:00+00:00","open_rate":2450.21,"close_rate":2444.31,"fee_open":0.001,"fee_close":0.001,"trade_duration":199,"profit_ratio":-0.004401147764369693,"profit_abs":-0.04317808,"exit_reason":"exit_signal","initial_stop_loss_abs":2303.2,"initial_stop_loss_ratio":-0.06,"stop_loss_abs":2304.32,"stop_loss_ratio":-0.06,"min_rate":2417.22,"max_rate":2451.4,"is_open":false,"enter_tag":"","leverage":1.0,"is_short":false,"open_timestamp":1750788840000,"close_timestamp":1750800780000,"orders":[{"amount":0.004,"safe_price":2450.21,"ft_order_side":"buy","order_filled_timestamp":1750788840000,"ft_is_entry":true,"ft_order_tag":"","cost":9.81064084},{"amount":0.004,"safe_price":2444.31,"ft_order_side":"sell","order_filled_timestamp":1750800780000,"ft_is_entry":false,"ft_order_tag":"exit_signal","cost":9.787017239999999}]},{"pair":"BTC/USDT","stake_amount":9.5298444,"max_stake_amount":9.5298444,"amount":9e-05,"open_date":"2025-06-24 18:13:00+00:00","close_date":"2025-06-24 21:34:00+00:00","open_rate":105887.16,"close_rate":106040.49,"fee_open":0.001,"fee_close":0.001,"trade_duration":201,"profit_ratio":-0.0005528444387320195,"profit_abs":-0.00527379,"exit_reason":"exit_signal","initial_stop_loss_abs":99533.94,"initial_stop_loss_ratio":-0.06,"stop_loss_abs":99732.12,"stop_loss_ratio":-0.06,"min_rate":105270.48,"max_rate":106098.0,"is_open":false,"enter_tag":"","leverage":1.0,"is_short":false,"open_timestamp":1750788780000,"close_timestamp":1750800840000,"orders":[{"amount":9e-05,"safe_price":105887.16,"ft_order_side":"buy","order_filled_timestamp":1750788780000,"ft_is_entry":true,"ft_order_tag":"","cost":9.539374244400001},{"amount":9e-05,"safe_price":106040.49,"ft_order_side":"sell","order_filled_timestamp":1750800840000,"ft_is_entry":false,"ft_order_tag":"exit_signal","cost":9.5531877441}]},{"pair":"BTC/USDT","stake_amount":9.5267655,"max_stake_amount":9.5267655,"amount":9e-05,"open_date":"2025-06-24 22:02:00+00:00","close_date":"2025-06-24 23:44:00+00:00","open_rate":105852.95,"close_rate":105932.0,"fee_open":0.001,"fee_close":0.001,"trade_duration":102,"profit_ratio":-0.0012527038462546165,"profit_abs":-0.01194615,"exit_reason":"exit_signal","initial_stop_loss_abs":99501.78,"initial_stop_loss_ratio":-0.06,"stop_loss_abs":99666.32,"stop_loss_ratio":-0.06,"min_rate":105734.38,"max_rate":106028.0,"is_open":false,"enter_tag":"","leverage":1.0,"is_short":false,"open_timestamp":1750802520000,"close_timestamp":1750808640000,"orders":[{"amount":9e-05,"safe_price":105852.95,"ft_order_side":"buy","order_filled_timestamp":1750802520000,"ft_is_entry":true,"ft_order_tag":"","cost":9.536292265499998},{"amount":9e-05,"safe_price":105932.0,"ft_order_side":"sell","order_filled_timestamp":1750808640000,"ft_is_entry":false,"ft_order_tag":"exit_signal","cost":9.54341388}]},{"pair":"ETH/USDT","stake_amount":9.980302,"max_stake_amount":9.980302,"amount":0.0041,"open_date":"2025-06-25 08:30:00+00:00","close_date":"2025-06-25 09:00:00+00:00","open_rate":2434.22,"close_rate":2439.49,"fee_open":0.001,"fee_close":0.001,"trade_duration":30,"profit_ratio":0.00016263704576943995,"profit_abs":0.00162479,"exit_reason":"roi","initial_stop_loss_abs":2288.17,"initial_stop_loss_ratio":-0.06,"stop_loss_abs":2293.28,"stop_loss_ratio":-0.06,"min_rate":2424.64,"max_rate":2439.65,"is_open":false,"enter_tag":"","leverage":1.0,"is_short":false,"open_timestamp":1750840200000,"close_timestamp":1750842000000,"orders":[{"amount":0.0041,"safe_price":2434.22,"ft_order_side":"buy","order_filled_timestamp":1750840200000,"ft_is_entry":true,"ft_order_tag":"","cost":9.990282301999999},{"amount":0.0041,"safe_price":2439.49,"ft_order_side":"sell","order_filled_timestamp":1750842000000,"ft_is_entry":false,"ft_order_tag":"roi","cost":10.011910909}]},{"pair":"BTC/USDT","stake_amount":9.5913,"max_stake_amount":9.5913,"amount":9e-05,"open_date":"2025-06-25 08:04:00+00:00","close_date":"2025-06-25 09:08:00+00:00","open_rate":106570.0,"close_rate":106783.35335335335,"fee_open":0.001,"fee_close":0.001,"trade_duration":64,"profit_ratio":0.0,"profit_abs":0.0,"exit_reason":"roi","initial_stop_loss_abs":100175.8,"initial_stop_loss_ratio":-0.06,"stop_loss_abs":100475.19,"stop_loss_ratio":-0.06,"min_rate":106343.13,"max_rate":106888.5,"is_open":false,"enter_tag":"","leverage":1.0,"is_short":false,"open_timestamp":1750838640000,"close_timestamp":1750842480000,"orders":[{"amount":9e-05,"safe_price":106570.0,"ft_order_side":"buy","order_filled_timestamp":1750838640000,"ft_is_entry":true,"ft_order_tag":"","cost":9.600891299999999},{"amount":9e-05,"safe_price":106783.35335335335,"ft_order_side":"sell","order_filled_timestamp":1750842480000,"ft_is_entry":false,"ft_order_tag":"roi","cost":9.620112303603602}]},{"pair":"BTC/USDT","stake_amount":9.6567795,"max_stake_amount":9.6567795,"amount":9e-05,"open_date":"2025-06-25 15:16:00+00:00","close_date":"2025-06-25 17:20:00+00:00","open_rate":107297.55,"close_rate":107512.35990990991,"fee_open":0.001,"fee_close":0.001,"trade_duration":124,"profit_ratio":0.0,"profit_abs":0.0,"exit_reason":"roi","initial_stop_loss_abs":100859.7,"initial_stop_loss_ratio":-0.06,"stop_loss_abs":101077.59,"stop_loss_ratio":-0.06,"min_rate":106752.36,"max_rate":107529.35,"is_open":false,"enter_tag":"","leverage":1.0,"is_short":false,"open_timestamp":1750864560000,"close_timestamp":1750872000000,"orders":[{"amount":9e-05,"safe_price":107297.55,"ft_order_side":"buy","order_filled_timestamp":1750864560000,"ft_is_entry":true,"ft_order_tag":"","cost":9.6664362795},{"amount":9e-05,"safe_price":107512.35990990991,"ft_order_side":"sell","order_filled_timestamp":1750872000000,"ft_is_entry":false,"ft_order_tag":"roi","cost":9.685788504283783}]},{"pair":"ETH/USDT","stake_amount":9.89863,"max_stake_amount":9.89863,"amount":0.0041,"open_date":"2025-06-25 18:37:00+00:00","close_date":"2025-06-25 19:07:00+00:00","open_rate":2414.3,"close_rate":2419.1334334334333,"fee_open":0.001,"fee_close":0.001,"trade_duration":30,"profit_ratio":0.0,"profit_abs":0.0,"exit_reason":"roi","initial_stop_loss_abs":2269.45,"initial_stop_loss_ratio":-0.06,"stop_loss_abs":2277.92,"stop_loss_ratio":-0.06,"min_rate":2411.73,"max_rate":2423.31,"is_open":false,"enter_tag":"","leverage":1.0,"is_short":false,"open_timestamp":1750876620000,"close_timestamp":1750878420000,"orders":[{"amount":0.0041,"safe_price":2414.3,"ft_order_side":"buy","order_filled_timestamp":1750876620000,"ft_is_entry":true,"ft_order_tag":"","cost":9.90852863},{"amount":0.0041,"safe_price":2419.1334334334333,"ft_order_side":"sell","order_filled_timestamp":1750878420000,"ft_is_entry":false,"ft_order_tag":"roi","cost":9.928365524154154}]},{"pair":"BTC/USDT","stake_amount":9.68688,"max_stake_amount":9.68688,"amount":9e-05,"open_date":"2025-06-25 20:02:00+00:00","close_date":"2025-06-25 20:55:00+00:00","open_rate":107632.0,"close_rate":107847.47947947946,"fee_open":0.001,"fee_close":0.001,"trade_duration":53,"profit_ratio":0.0,"profit_abs":0.0,"exit_reason":"roi","initial_stop_loss_abs":101174.08,"initial_stop_loss_ratio":-0.06,"stop_loss_abs":101384.16,"stop_loss_ratio":-0.06,"min_rate":107500.0,"max_rate":107855.48,"is_open":false,"enter_tag":"","leverage":1.0,"is_short":false,"open_timestamp":1750881720000,"close_timestamp":1750884900000,"orders":[{"amount":9e-05,"safe_price":107632.0,"ft_order_side":"buy","order_filled_timestamp":1750881720000,"ft_is_entry":true,"ft_order_tag":"","cost":9.696566879999999},{"amount":9e-05,"safe_price":107847.47947947946,"ft_order_side":"sell","order_filled_timestamp":1750884900000,"ft_is_entry":false,"ft_order_tag":"roi","cost":9.715979426306303}]},{"pair":"ETH/USDT","stake_amount":9.961893,"max_stake_amount":9.961893,"amount":0.0041,"open_date":"2025-06-25 20:20:00+00:00","close_date":"2025-06-25 20:55:00+00:00","open_rate":2429.73,"close_rate":2434.594324324324,"fee_open":0.001,"fee_close":0.001,"trade_duration":35,"profit_ratio":0.0,"profit_abs":0.0,"exit_reason":"roi","initial_stop_loss_abs":2283.95,"initial_stop_loss_ratio":-0.06,"stop_loss_abs":2289.45,"stop_loss_ratio":-0.06,"min_rate":2426.08,"max_rate":2435.58,"is_open":false,"enter_tag":"","leverage":1.0,"is_short":false,"open_timestamp":1750882800000,"close_timestamp":1750884900000,"orders":[{"amount":0.0041,"safe_price":2429.73,"ft_order_side":"buy","order_filled_timestamp":1750882800000,"ft_is_entry":true,"ft_order_tag":"","cost":9.971854893},{"amount":0.0041,"safe_price":2434.594324324324,"ft_order_side":"sell","order_filled_timestamp":1750884900000,"ft_is_entry":false,"ft_order_tag":"roi","cost":9.99181856645946}]},{"pair":"BTC/USDT","stake_amount":9.6670485,"max_stake_amount":9.6670485,"amount":9e-05,"open_date":"2025-06-25 22:02:00+00:00","close_date":"2025-06-26 01:33:00+00:00","open_rate":107411.65,"close_rate":107626.68833833832,"fee_open":0.001,"fee_close":0.001,"trade_duration":211,"profit_ratio":0.0,"profit_abs":0.0,"exit_reason":"roi","initial_stop_loss_abs":100966.96,"initial_stop_loss_ratio":-0.06,"stop_loss_abs":101251.43,"stop_loss_ratio":-0.06,"min_rate":107079.9,"max_rate":107714.28,"is_open":false,"enter_tag":"","leverage":1.0,"is_short":false,"open_timestamp":1750888920000,"close_timestamp":1750901580000,"orders":[{"amount":9e-05,"safe_price":107411.65,"ft_order_side":"buy","order_filled_timestamp":1750888920000,"ft_is_entry":true,"ft_order_tag":"","cost":9.676715548499999},{"amount":9e-05,"safe_price":107626.68833833832,"ft_order_side":"sell","order_filled_timestamp":1750901580000,"ft_is_entry":false,"ft_order_tag":"roi","cost":9.6960883524009}]},{"pair":"ETH/USDT","stake_amount":9.86128,"max_stake_amount":9.86128,"amount":0.004,"open_date":"2025-06-26 02:22:00+00:00","close_date":"2025-06-26 02:52:00+00:00","open_rate":2465.32,"close_rate":2470.2555755755757,"fee_open":0.001,"fee_close":0.001,"trade_duration":30,"profit_ratio":0.0,"profit_abs":0.0,"exit_reason":"roi","initial_stop_loss_abs":2317.41,"initial_stop_loss_ratio":-0.06,"stop_loss_abs":2323.66,"stop_loss_ratio":-0.06,"min_rate":2460.0,"max_rate":2471.97,"is_open":false,"enter_tag":"","leverage":1.0,"is_short":false,"open_timestamp":1750904520000,"close_timestamp":1750906320000,"orders":[{"amount":0.004,"safe_price":2465.32,"ft_order_side":"buy","order_filled_timestamp":1750904520000,"ft_is_entry":true,"ft_order_tag":"","cost":9.87114128},{"amount":0.004,"safe_price":2470.2555755755757,"ft_order_side":"sell","order_filled_timestamp":1750906320000,"ft_is_entry":false,"ft_order_tag":"roi","cost":9.890903324604603}]},{"pair":"BTC/USDT","stake_amount":9.6989994,"max_stake_amount":9.6989994,"amount":9e-05,"open_date":"2025-06-26 02:29:00+00:00","close_date":"2025-06-26 03:00:00+00:00","open_rate":107766.66,"close_rate":107982.40906906906,"fee_open":0.001,"fee_close":0.001,"trade_duration":31,"profit_ratio":0.0,"profit_abs":0.0,"exit_reason":"roi","initial_stop_loss_abs":101300.67,"initial_stop_loss_ratio":-0.06,"stop_loss_abs":101557.19,"stop_loss_ratio":-0.06,"min_rate":107562.4,"max_rate":108039.56,"is_open":false,"enter_tag":"","leverage":1.0,"is_short":false,"open_timestamp":1750904940000,"close_timestamp":1750906800000,"orders":[{"amount":9e-05,"safe_price":107766.66,"ft_order_side":"buy","order_filled_timestamp":1750904940000,"ft_is_entry":true,"ft_order_tag":"","cost":9.708698399400001},{"amount":9e-05,"safe_price":107982.40906906906,"ft_order_side":"sell","order_filled_timestamp":1750906800000,"ft_is_entry":false,"ft_order_tag":"roi","cost":9.72813523303243}]},{"pair":"BTC/USDT","stake_amount":9.7043481,"max_stake_amount":9.7043481,"amount":9e-05,"open_date":"2025-06-26 03:52:00+00:00","close_date":"2025-06-26 05:59:00+00:00","open_rate":107826.09,"close_rate":107605.03,"fee_open":0.001,"fee_close":0.001,"trade_duration":127,"profit_ratio":-0.004044058873460551,"profit_abs":-0.0392842,"exit_reason":"exit_signal","initial_stop_loss_abs":101356.53,"initial_stop_loss_ratio":-0.06,"stop_loss_abs":101476.08,"stop_loss_ratio":-0.06,"min_rate":107520.0,"max_rate":107953.27,"is_open":false,"enter_tag":"","leverage":1.0,"is_short":false,"open_timestamp":1750909920000,"close_timestamp":1750917540000,"orders":[{"amount":9e-05,"safe_price":107826.09,"ft_order_side":"buy","order_filled_timestamp":1750909920000,"ft_is_entry":true,"ft_order_tag":"","cost":9.7140524481},{"amount":9e-05,"safe_price":107605.03,"ft_order_side":"sell","order_filled_timestamp":1750917540000,"ft_is_entry":false,"ft_order_tag":"exit_signal","cost":9.6941371527}]},{"pair":"ETH/USDT","stake_amount":9.93724,"max_stake_amount":9.93724,"amount":0.004,"open_date":"2025-06-26 03:42:00+00:00","close_date":"2025-06-26 06:57:00+00:00","open_rate":2484.31,"close_rate":2489.283593593593,"fee_open":0.001,"fee_close":0.001,"trade_duration":195,"profit_ratio":0.0,"profit_abs":0.0,"exit_reason":"roi","initial_stop_loss_abs":2335.26,"initial_stop_loss_ratio":-0.06,"stop_loss_abs":2342.09,"stop_loss_ratio":-0.06,"min_rate":2467.14,"max_rate":2491.58,"is_open":false,"enter_tag":"","leverage":1.0,"is_short":false,"open_timestamp":1750909320000,"close_timestamp":1750921020000,"orders":[{"amount":0.004,"safe_price":2484.31,"ft_order_side":"buy","order_filled_timestamp":1750909320000,"ft_is_entry":true,"ft_order_tag":"","cost":9.947177239999998},{"amount":0.004,"safe_price":2489.283593593593,"ft_order_side":"sell","order_filled_timestamp":1750921020000,"ft_is_entry":false,"ft_order_tag":"roi","cost":9.967091508748746}]},{"pair":"BTC/USDT","stake_amount":9.6606423,"max_stake_amount":9.6606423,"amount":9e-05,"open_date":"2025-06-26 10:55:00+00:00","close_date":"2025-06-26 10:59:00+00:00","open_rate":107340.47,"close_rate":107414.39,"fee_open":0.001,"fee_close":0.001,"trade_duration":4,"profit_ratio":-0.0013107283272953314,"profit_abs":-0.01267514,"exit_reason":"exit_signal","initial_stop_loss_abs":100900.05,"initial_stop_loss_ratio":-0.06,"stop_loss_abs":100969.55,"stop_loss_ratio":-0.06,"min_rate":107331.51,"max_rate":107414.41,"is_open":false,"enter_tag":"","leverage":1.0,"is_short":false,"open_timestamp":1750935300000,"close_timestamp":1750935540000,"orders":[{"amount":9e-05,"safe_price":107340.47,"ft_order_side":"buy","order_filled_timestamp":1750935300000,"ft_is_entry":true,"ft_order_tag":"","cost":9.6703029423},{"amount":9e-05,"safe_price":107414.39,"ft_order_side":"sell","order_filled_timestamp":1750935540000,"ft_is_entry":false,"ft_order_tag":"exit_signal","cost":9.676962395099999}]},{"pair":"ETH/USDT","stake_amount":9.7874,"max_stake_amount":9.7874,"amount":0.004,"open_date":"2025-06-26 12:08:00+00:00","close_date":"2025-06-26 12:40:00+00:00","open_rate":2446.85,"close_rate":2451.748598598598,"fee_open":0.001,"fee_close":0.001,"trade_duration":32,"profit_ratio":0.0,"profit_abs":0.0,"exit_reason":"roi","initial_stop_loss_abs":2300.04,"initial_stop_loss_ratio":-0.06,"stop_loss_abs":2305.03,"stop_loss_ratio":-0.06,"min_rate":2433.88,"max_rate":2452.15,"is_open":false,"enter_tag":"","leverage":1.0,"is_short":false,"open_timestamp":1750939680000,"close_timestamp":1750941600000,"orders":[{"amount":0.004,"safe_price":2446.85,"ft_order_side":"buy","order_filled_timestamp":1750939680000,"ft_is_entry":true,"ft_order_tag":"","cost":9.797187399999999},{"amount":0.004,"safe_price":2451.748598598598,"ft_order_side":"sell","order_filled_timestamp":1750941600000,"ft_is_entry":false,"ft_order_tag":"roi","cost":9.816801388788786}]},{"pair":"BTC/USDT","stake_amount":9.6548112,"max_stake_amount":9.6548112,"amount":9e-05,"open_date":"2025-06-26 12:09:00+00:00","close_date":"2025-06-26 14:32:00+00:00","open_rate":107275.68,"close_rate":107490.44612612612,"fee_open":0.001,"fee_close":0.001,"trade_duration":143,"profit_ratio":0.0,"profit_abs":0.0,"exit_reason":"roi","initial_stop_loss_abs":100839.14,"initial_stop_loss_ratio":-0.06,"stop_loss_abs":101144.0,"stop_loss_ratio":-0.06,"min_rate":106817.64,"max_rate":107600.0,"is_open":false,"enter_tag":"","leverage":1.0,"is_short":false,"open_timestamp":1750939740000,"close_timestamp":1750948320000,"orders":[{"amount":9e-05,"safe_price":107275.68,"ft_order_side":"buy","order_filled_timestamp":1750939740000,"ft_is_entry":true,"ft_order_tag":"","cost":9.664466011199998},{"amount":9e-05,"safe_price":107490.44612612612,"ft_order_side":"sell","order_filled_timestamp":1750948320000,"ft_is_entry":false,"ft_order_tag":"roi","cost":9.683814291502701}]},{"pair":"BTC/USDT","stake_amount":9.6359094,"max_stake_amount":9.6359094,"amount":9e-05,"open_date":"2025-06-26 16:47:00+00:00","close_date":"2025-06-26 17:17:00+00:00","open_rate":107065.66,"close_rate":107280.00566566567,"fee_open":0.001,"fee_close":0.001,"trade_duration":30,"profit_ratio":0.0,"profit_abs":0.0,"exit_reason":"roi","initial_stop_loss_abs":100641.73,"initial_stop_loss_ratio":-0.06,"stop_loss_abs":100996.27,"stop_loss_ratio":-0.06,"min_rate":107009.28,"max_rate":107442.84,"is_open":false,"enter_tag":"","leverage":1.0,"is_short":false,"open_timestamp":1750956420000,"close_timestamp":1750958220000,"orders":[{"amount":9e-05,"safe_price":107065.66,"ft_order_side":"buy","order_filled_timestamp":1750956420000,"ft_is_entry":true,"ft_order_tag":"","cost":9.6455453094},{"amount":9e-05,"safe_price":107280.00566566567,"ft_order_side":"sell","order_filled_timestamp":1750958220000,"ft_is_entry":false,"ft_order_tag":"roi","cost":9.66485571041982}]},{"pair":"BTC/USDT","stake_amount":9.6529509,"max_stake_amount":9.6529509,"amount":9e-05,"open_date":"2025-06-26 17:40:00+00:00","close_date":"2025-06-26 18:10:00+00:00","open_rate":107255.01,"close_rate":107469.73474474474,"fee_open":0.001,"fee_close":0.001,"trade_duration":30,"profit_ratio":0.0,"profit_abs":0.0,"exit_reason":"roi","initial_stop_loss_abs":100819.71,"initial_stop_loss_ratio":-0.06,"stop_loss_abs":101026.13,"stop_loss_ratio":-0.06,"min_rate":107137.03,"max_rate":107474.6,"is_open":false,"enter_tag":"","leverage":1.0,"is_short":false,"open_timestamp":1750959600000,"close_timestamp":1750961400000,"orders":[{"amount":9e-05,"safe_price":107255.01,"ft_order_side":"buy","order_filled_timestamp":1750959600000,"ft_is_entry":true,"ft_order_tag":"","cost":9.6626038509},{"amount":9e-05,"safe_price":107469.73474474474,"ft_order_side":"sell","order_filled_timestamp":1750961400000,"ft_is_entry":false,"ft_order_tag":"roi","cost":9.681948403154053}]},{"pair":"ETH/USDT","stake_amount":9.945124,"max_stake_amount":9.945124,"amount":0.0041,"open_date":"2025-06-26 17:54:00+00:00","close_date":"2025-06-26 18:13:00+00:00","open_rate":2425.64,"close_rate":2429.28,"fee_open":0.001,"fee_close":0.001,"trade_duration":19,"profit_ratio":-0.0005003651846064268,"profit_abs":-0.00498117,"exit_reason":"exit_signal","initial_stop_loss_abs":2280.11,"initial_stop_loss_ratio":-0.06,"stop_loss_abs":2285.7,"stop_loss_ratio":-0.06,"min_rate":2418.2,"max_rate":2431.59,"is_open":false,"enter_tag":"","leverage":1.0,"is_short":false,"open_timestamp":1750960440000,"close_timestamp":1750961580000,"orders":[{"amount":0.0041,"safe_price":2425.64,"ft_order_side":"buy","order_filled_timestamp":1750960440000,"ft_is_entry":true,"ft_order_tag":"","cost":9.955069124},{"amount":0.0041,"safe_price":2429.28,"ft_order_side":"sell","order_filled_timestamp":1750961580000,"ft_is_entry":false,"ft_order_tag":"exit_signal","cost":9.970008048}]},{"pair":"ETH/USDT","stake_amount":9.940368,"max_stake_amount":9.940368,"amount":0.0041,"open_date":"2025-06-26 18:27:00+00:00","close_date":"2025-06-26 19:02:00+00:00","open_rate":2424.48,"close_rate":2429.3338138138133,"fee_open":0.001,"fee_close":0.001,"trade_duration":35,"profit_ratio":0.0,"profit_abs":0.0,"exit_reason":"roi","initial_stop_loss_abs":2279.02,"initial_stop_loss_ratio":-0.06,"stop_loss_abs":2284.84,"stop_loss_ratio":-0.06,"min_rate":2418.91,"max_rate":2430.68,"is_open":false,"enter_tag":"","leverage":1.0,"is_short":false,"open_timestamp":1750962420000,"close_timestamp":1750964520000,"orders":[{"amount":0.0041,"safe_price":2424.48,"ft_order_side":"buy","order_filled_timestamp":1750962420000,"ft_is_entry":true,"ft_order_tag":"","cost":9.950308368},{"amount":0.0041,"safe_price":2429.3338138138133,"ft_order_side":"sell","order_filled_timestamp":1750964520000,"ft_is_entry":false,"ft_order_tag":"roi","cost":9.970228905273272}]},{"pair":"BTC/USDT","stake_amount":9.6724143,"max_stake_amount":9.6724143,"amount":9e-05,"open_date":"2025-06-26 20:01:00+00:00","close_date":"2025-06-26 20:33:00+00:00","open_rate":107471.27,"close_rate":107686.4276976977,"fee_open":0.001,"fee_close":0.001,"trade_duration":32,"profit_ratio":0.0,"profit_abs":0.0,"exit_reason":"roi","initial_stop_loss_abs":101023.0,"initial_stop_loss_ratio":-0.06,"stop_loss_abs":101414.72,"stop_loss_ratio":-0.06,"min_rate":107451.95,"max_rate":107888.0,"is_open":false,"enter_tag":"","leverage":1.0,"is_short":false,"open_timestamp":1750968060000,"close_timestamp":1750969980000,"orders":[{"amount":9e-05,"safe_price":107471.27,"ft_order_side":"buy","order_filled_timestamp":1750968060000,"ft_is_entry":true,"ft_order_tag":"","cost":9.6820867143},{"amount":9e-05,"safe_price":107686.4276976977,"ft_order_side":"sell","order_filled_timestamp":1750969980000,"ft_is_entry":false,"ft_order_tag":"roi","cost":9.701470271285585}]},{"pair":"ETH/USDT","stake_amount":9.892439,"max_stake_amount":9.892439,"amount":0.0041,"open_date":"2025-06-26 22:55:00+00:00","close_date":"2025-06-26 23:38:00+00:00","open_rate":2412.79,"close_rate":2416.48,"fee_open":0.001,"fee_close":0.001,"trade_duration":43,"profit_ratio":-0.0004717081051845411,"profit_abs":-0.00467101,"exit_reason":"exit_signal","initial_stop_loss_abs":2268.03,"initial_stop_loss_ratio":-0.06,"stop_loss_abs":2272.41,"stop_loss_ratio":-0.06,"min_rate":2405.91,"max_rate":2417.45,"is_open":false,"enter_tag":"","leverage":1.0,"is_short":false,"open_timestamp":1750978500000,"close_timestamp":1750981080000,"orders":[{"amount":0.0041,"safe_price":2412.79,"ft_order_side":"buy","order_filled_timestamp":1750978500000,"ft_is_entry":true,"ft_order_tag":"","cost":9.902331439000001},{"amount":0.0041,"safe_price":2416.48,"ft_order_side":"sell","order_filled_timestamp":1750981080000,"ft_is_entry":false,"ft_order_tag":"exit_signal","cost":9.917475568}]},{"pair":"BTC/USDT","stake_amount":9.6412212,"max_stake_amount":9.6412212,"amount":9e-05,"open_date":"2025-06-26 21:32:00+00:00","close_date":"2025-06-27 00:18:00+00:00","open_rate":107124.68,"close_rate":107132.95,"fee_open":0.001,"fee_close":0.001,"trade_duration":166,"profit_ratio":-0.0019209568213588576,"profit_abs":-0.01853889,"exit_reason":"exit_signal","initial_stop_loss_abs":100697.2,"initial_stop_loss_ratio":-0.06,"stop_loss_abs":100801.18,"stop_loss_ratio":-0.06,"min_rate":106850.0,"max_rate":107235.29,"is_open":false,"enter_tag":"","leverage":1.0,"is_short":false,"open_timestamp":1750973520000,"close_timestamp":1750983480000,"orders":[{"amount":9e-05,"safe_price":107124.68,"ft_order_side":"buy","order_filled_timestamp":1750973520000,"ft_is_entry":true,"ft_order_tag":"","cost":9.6508624212},{"amount":9e-05,"safe_price":107132.95,"ft_order_side":"sell","order_filled_timestamp":1750983480000,"ft_is_entry":false,"ft_order_tag":"exit_signal","cost":9.651607465499998}]},{"pair":"ETH/USDT","stake_amount":9.906871,"max_stake_amount":9.906871,"amount":0.0041,"open_date":"2025-06-27 00:42:00+00:00","close_date":"2025-06-27 01:12:00+00:00","open_rate":2416.31,"close_rate":2409.68,"fee_open":0.001,"fee_close":0.001,"trade_duration":30,"profit_ratio":-0.004736373105356612,"profit_abs":-0.04696956,"exit_reason":"exit_signal","initial_stop_loss_abs":2271.34,"initial_stop_loss_ratio":-0.06,"stop_loss_abs":2271.34,"stop_loss_ratio":-0.06,"min_rate":2382.53,"max_rate":2416.31,"is_open":false,"enter_tag":"","leverage":1.0,"is_short":false,"open_timestamp":1750984920000,"close_timestamp":1750986720000,"orders":[{"amount":0.0041,"safe_price":2416.31,"ft_order_side":"buy","order_filled_timestamp":1750984920000,"ft_is_entry":true,"ft_order_tag":"","cost":9.916777870999999},{"amount":0.0041,"safe_price":2409.68,"ft_order_side":"sell","order_filled_timestamp":1750986720000,"ft_is_entry":false,"ft_order_tag":"exit_signal","cost":9.889567687999998}]},{"pair":"BTC/USDT","stake_amount":9.6550938,"max_stake_amount":9.6550938,"amount":9e-05,"open_date":"2025-06-27 07:00:00+00:00","close_date":"2025-06-27 10:11:00+00:00","open_rate":107278.82,"close_rate":107158.77,"fee_open":0.001,"fee_close":0.001,"trade_duration":191,"profit_ratio":-0.0031148124313205732,"profit_abs":-0.03010388,"exit_reason":"exit_signal","initial_stop_loss_abs":100842.1,"initial_stop_loss_ratio":-0.06,"stop_loss_abs":101271.22,"stop_loss_ratio":-0.06,"min_rate":106679.98,"max_rate":107735.34,"is_open":false,"enter_tag":"","leverage":1.0,"is_short":false,"open_timestamp":1751007600000,"close_timestamp":1751019060000,"orders":[{"amount":9e-05,"safe_price":107278.82,"ft_order_side":"buy","order_filled_timestamp":1751007600000,"ft_is_entry":true,"ft_order_tag":"","cost":9.6647488938},{"amount":9e-05,"safe_price":107158.77,"ft_order_side":"sell","order_filled_timestamp":1751019060000,"ft_is_entry":false,"ft_order_tag":"exit_signal","cost":9.6539335893}]},{"pair":"ETH/USDT","stake_amount":9.7914,"max_stake_amount":9.7914,"amount":0.004,"open_date":"2025-06-27 10:33:00+00:00","close_date":"2025-06-27 11:17:00+00:00","open_rate":2447.85,"close_rate":2452.7506006006,"fee_open":0.001,"fee_close":0.001,"trade_duration":44,"profit_ratio":0.0,"profit_abs":0.0,"exit_reason":"roi","initial_stop_loss_abs":2300.98,"initial_stop_loss_ratio":-0.06,"stop_loss_abs":2306.36,"stop_loss_ratio":-0.06,"min_rate":2445.95,"max_rate":2453.57,"is_open":false,"enter_tag":"","leverage":1.0,"is_short":false,"open_timestamp":1751020380000,"close_timestamp":1751023020000,"orders":[{"amount":0.004,"safe_price":2447.85,"ft_order_side":"buy","order_filled_timestamp":1751020380000,"ft_is_entry":true,"ft_order_tag":"","cost":9.801191399999999},{"amount":0.004,"safe_price":2452.7506006006,"ft_order_side":"sell","order_filled_timestamp":1751023020000,"ft_is_entry":false,"ft_order_tag":"roi","cost":9.820813404804802}]},{"pair":"BTC/USDT","stake_amount":9.6260787,"max_stake_amount":9.6260787,"amount":9e-05,"open_date":"2025-06-27 11:54:00+00:00","close_date":"2025-06-27 12:24:00+00:00","open_rate":106956.43,"close_rate":107186.95,"fee_open":0.001,"fee_close":0.001,"trade_duration":30,"profit_ratio":0.00015296234513723355,"profit_abs":0.0014739,"exit_reason":"roi","initial_stop_loss_abs":100539.05,"initial_stop_loss_ratio":-0.06,"stop_loss_abs":100768.0,"stop_loss_ratio":-0.06,"min_rate":106924.0,"max_rate":107200.0,"is_open":false,"enter_tag":"","leverage":1.0,"is_short":false,"open_timestamp":1751025240000,"close_timestamp":1751027040000,"orders":[{"amount":9e-05,"safe_price":106956.43,"ft_order_side":"buy","order_filled_timestamp":1751025240000,"ft_is_entry":true,"ft_order_tag":"","cost":9.6357047787},{"amount":9e-05,"safe_price":107186.95,"ft_order_side":"sell","order_filled_timestamp":1751027040000,"ft_is_entry":false,"ft_order_tag":"roi","cost":9.6564723255}]},{"pair":"BTC/USDT","stake_amount":9.6131691,"max_stake_amount":9.6131691,"amount":9e-05,"open_date":"2025-06-27 12:41:00+00:00","close_date":"2025-06-27 14:04:00+00:00","open_rate":106812.99,"close_rate":107026.82981981982,"fee_open":0.001,"fee_close":0.001,"trade_duration":83,"profit_ratio":0.0,"profit_abs":0.0,"exit_reason":"roi","initial_stop_loss_abs":100404.22,"initial_stop_loss_ratio":-0.06,"stop_loss_abs":100679.11,"stop_loss_ratio":-0.06,"min_rate":106356.76,"max_rate":107105.43,"is_open":false,"enter_tag":"","leverage":1.0,"is_short":false,"open_timestamp":1751028060000,"close_timestamp":1751033040000,"orders":[{"amount":9e-05,"safe_price":106812.99,"ft_order_side":"buy","order_filled_timestamp":1751028060000,"ft_is_entry":true,"ft_order_tag":"","cost":9.6227822691},{"amount":9e-05,"safe_price":107026.82981981982,"ft_order_side":"sell","order_filled_timestamp":1751033040000,"ft_is_entry":false,"ft_order_tag":"roi","cost":9.642047098467566}]},{"pair":"ETH/USDT","stake_amount":9.916629,"max_stake_amount":9.916629,"amount":0.0041,"open_date":"2025-06-27 14:25:00+00:00","close_date":"2025-06-27 14:55:00+00:00","open_rate":2418.69,"close_rate":2425.09,"fee_open":0.001,"fee_close":0.001,"trade_duration":30,"profit_ratio":0.0006427714371613453,"profit_abs":0.0063805,"exit_reason":"roi","initial_stop_loss_abs":2273.57,"initial_stop_loss_ratio":-0.06,"stop_loss_abs":2282.25,"stop_loss_ratio":-0.06,"min_rate":2414.15,"max_rate":2427.92,"is_open":false,"enter_tag":"","leverage":1.0,"is_short":false,"open_timestamp":1751034300000,"close_timestamp":1751036100000,"orders":[{"amount":0.0041,"safe_price":2418.69,"ft_order_side":"buy","order_filled_timestamp":1751034300000,"ft_is_entry":true,"ft_order_tag":"","cost":9.926545629},{"amount":0.0041,"safe_price":2425.09,"ft_order_side":"sell","order_filled_timestamp":1751036100000,"ft_is_entry":false,"ft_order_tag":"roi","cost":9.952811869000001}]},{"pair":"BTC/USDT","stake_amount":9.5778009,"max_stake_amount":9.5778009,"amount":9e-05,"open_date":"2025-06-27 14:41:00+00:00","close_date":"2025-06-27 15:14:00+00:00","open_rate":106420.01,"close_rate":106596.0,"fee_open":0.001,"fee_close":0.001,"trade_duration":33,"profit_ratio":-0.0003475757142760181,"profit_abs":-0.00333234,"exit_reason":"exit_signal","initial_stop_loss_abs":100034.81,"initial_stop_loss_ratio":-0.06,"stop_loss_abs":100286.72,"stop_loss_ratio":-0.06,"min_rate":106386.61,"max_rate":106688.0,"is_open":false,"enter_tag":"","leverage":1.0,"is_short":false,"open_timestamp":1751035260000,"close_timestamp":1751037240000,"orders":[{"amount":9e-05,"safe_price":106420.01,"ft_order_side":"buy","order_filled_timestamp":1751035260000,"ft_is_entry":true,"ft_order_tag":"","cost":9.587378700899999},{"amount":9e-05,"safe_price":106596.0,"ft_order_side":"sell","order_filled_timestamp":1751037240000,"ft_is_entry":false,"ft_order_tag":"exit_signal","cost":9.60323364}]},{"pair":"ETH/USDT","stake_amount":9.9835,"max_stake_amount":9.9835,"amount":0.0041,"open_date":"2025-06-27 16:11:00+00:00","close_date":"2025-06-27 19:22:00+00:00","open_rate":2435.0,"close_rate":2408.03,"fee_open":0.001,"fee_close":0.001,"trade_duration":191,"profit_ratio":-0.013051847236251503,"profit_abs":-0.13043342,"exit_reason":"exit_signal","initial_stop_loss_abs":2288.9,"initial_stop_loss_ratio":-0.06,"stop_loss_abs":2302.48,"stop_loss_ratio":-0.06,"min_rate":2388.29,"max_rate":2449.44,"is_open":false,"enter_tag":"","leverage":1.0,"is_short":false,"open_timestamp":1751040660000,"close_timestamp":1751052120000,"orders":[{"amount":0.0041,"safe_price":2435.0,"ft_order_side":"buy","order_filled_timestamp":1751040660000,"ft_is_entry":true,"ft_order_tag":"","cost":9.9934835},{"amount":0.0041,"safe_price":2408.03,"ft_order_side":"sell","order_filled_timestamp":1751052120000,"ft_is_entry":false,"ft_order_tag":"exit_signal","cost":9.882795923000002}]},{"pair":"BTC/USDT","stake_amount":9.6649776,"max_stake_amount":9.6649776,"amount":9e-05,"open_date":"2025-06-27 17:02:00+00:00","close_date":"2025-06-27 20:42:00+00:00","open_rate":107388.64,"close_rate":107093.93,"fee_open":0.001,"fee_close":0.001,"trade_duration":220,"profit_ratio":-0.0047368499282966214,"profit_abs":-0.04582733,"exit_reason":"exit_signal","initial_stop_loss_abs":100945.33,"initial_stop_loss_ratio":-0.06,"stop_loss_abs":100960.7,"stop_loss_ratio":-0.06,"min_rate":106446.45,"max_rate":107405.0,"is_open":false,"enter_tag":"","leverage":1.0,"is_short":false,"open_timestamp":1751043720000,"close_timestamp":1751056920000,"orders":[{"amount":9e-05,"safe_price":107388.64,"ft_order_side":"buy","order_filled_timestamp":1751043720000,"ft_is_entry":true,"ft_order_tag":"","cost":9.674642577599998},{"amount":9e-05,"safe_price":107093.93,"ft_order_side":"sell","order_filled_timestamp":1751056920000,"ft_is_entry":false,"ft_order_tag":"exit_signal","cost":9.648092153699999}]},{"pair":"ETH/USDT","stake_amount":9.926059,"max_stake_amount":9.926059,"amount":0.0041,"open_date":"2025-06-27 22:22:00+00:00","close_date":"2025-06-28 00:31:00+00:00","open_rate":2420.99,"close_rate":2419.89,"fee_open":0.001,"fee_close":0.001,"trade_duration":129,"profit_ratio":-0.002451453968113299,"profit_abs":-0.02435761,"exit_reason":"exit_signal","initial_stop_loss_abs":2275.74,"initial_stop_loss_ratio":-0.06,"stop_loss_abs":2279.53,"stop_loss_ratio":-0.06,"min_rate":2415.01,"max_rate":2425.03,"is_open":false,"enter_tag":"","leverage":1.0,"is_short":false,"open_timestamp":1751062920000,"close_timestamp":1751070660000,"orders":[{"amount":0.0041,"safe_price":2420.99,"ft_order_side":"buy","order_filled_timestamp":1751062920000,"ft_is_entry":true,"ft_order_tag":"","cost":9.935985059},{"amount":0.0041,"safe_price":2419.89,"ft_order_side":"sell","order_filled_timestamp":1751070660000,"ft_is_entry":false,"ft_order_tag":"exit_signal","cost":9.931470549}]},{"pair":"BTC/USDT","stake_amount":9.6291189,"max_stake_amount":9.6291189,"amount":9e-05,"open_date":"2025-06-27 23:31:00+00:00","close_date":"2025-06-28 03:31:00+00:00","open_rate":106990.21,"close_rate":107204.40461461461,"fee_open":0.001,"fee_close":0.001,"trade_duration":240,"profit_ratio":0.0,"profit_abs":0.0,"exit_reason":"roi","initial_stop_loss_abs":100570.8,"initial_stop_loss_ratio":-0.06,"stop_loss_abs":100788.0,"stop_loss_ratio":-0.06,"min_rate":106811.51,"max_rate":107221.27,"is_open":false,"enter_tag":"","leverage":1.0,"is_short":false,"open_timestamp":1751067060000,"close_timestamp":1751081460000,"orders":[{"amount":9e-05,"safe_price":106990.21,"ft_order_side":"buy","order_filled_timestamp":1751067060000,"ft_is_entry":true,"ft_order_tag":"","cost":9.638748018900001},{"amount":9e-05,"safe_price":107204.40461461461,"ft_order_side":"sell","order_filled_timestamp":1751081460000,"ft_is_entry":false,"ft_order_tag":"roi","cost":9.658044811730631}]},{"pair":"ETH/USDT","stake_amount":9.913636,"max_stake_amount":9.913636,"amount":0.0041,"open_date":"2025-06-28 00:37:00+00:00","close_date":"2025-06-28 04:35:00+00:00","open_rate":2417.96,"close_rate":2421.08,"fee_open":0.001,"fee_close":0.001,"trade_duration":238,"profit_ratio":-0.0007102357783782843,"profit_abs":-0.00704806,"exit_reason":"exit_signal","initial_stop_loss_abs":2272.89,"initial_stop_loss_ratio":-0.06,"stop_loss_abs":2277.79,"stop_loss_ratio":-0.06,"min_rate":2405.81,"max_rate":2423.18,"is_open":false,"enter_tag":"","leverage":1.0,"is_short":false,"open_timestamp":1751071020000,"close_timestamp":1751085300000,"orders":[{"amount":0.0041,"safe_price":2417.96,"ft_order_side":"buy","order_filled_timestamp":1751071020000,"ft_is_entry":true,"ft_order_tag":"","cost":9.923549635999999},{"amount":0.0041,"safe_price":2421.08,"ft_order_side":"sell","order_filled_timestamp":1751085300000,"ft_is_entry":false,"ft_order_tag":"exit_signal","cost":9.936354428}]},{"pair":"ETH/USDT","stake_amount":9.940368,"max_stake_amount":9.940368,"amount":0.0041,"open_date":"2025-06-28 06:32:00+00:00","close_date":"2025-06-28 07:46:00+00:00","open_rate":2424.48,"close_rate":2429.3338138138133,"fee_open":0.001,"fee_close":0.001,"trade_duration":74,"profit_ratio":0.0,"profit_abs":0.0,"exit_reason":"roi","initial_stop_loss_abs":2279.02,"initial_stop_loss_ratio":-0.06,"stop_loss_abs":2284.08,"stop_loss_ratio":-0.06,"min_rate":2423.86,"max_rate":2429.87,"is_open":false,"enter_tag":"","leverage":1.0,"is_short":false,"open_timestamp":1751092320000,"close_timestamp":1751096760000,"orders":[{"amount":0.0041,"safe_price":2424.48,"ft_order_side":"buy","order_filled_timestamp":1751092320000,"ft_is_entry":true,"ft_order_tag":"","cost":9.950308368},{"amount":0.0041,"safe_price":2429.3338138138133,"ft_order_side":"sell","order_filled_timestamp":1751096760000,"ft_is_entry":false,"ft_order_tag":"roi","cost":9.970228905273272}]},{"pair":"ETH/USDT","stake_amount":9.943894,"max_stake_amount":9.943894,"amount":0.0041,"open_date":"2025-06-28 14:42:00+00:00","close_date":"2025-06-28 15:45:00+00:00","open_rate":2425.34,"close_rate":2430.1955355355353,"fee_open":0.001,"fee_close":0.001,"trade_duration":63,"profit_ratio":0.0,"profit_abs":0.0,"exit_reason":"roi","initial_stop_loss_abs":2279.82,"initial_stop_loss_ratio":-0.06,"stop_loss_abs":2285.74,"stop_loss_ratio":-0.06,"min_rate":2423.2,"max_rate":2431.63,"is_open":false,"enter_tag":"","leverage":1.0,"is_short":false,"open_timestamp":1751121720000,"close_timestamp":1751125500000,"orders":[{"amount":0.0041,"safe_price":2425.34,"ft_order_side":"buy","order_filled_timestamp":1751121720000,"ft_is_entry":true,"ft_order_tag":"","cost":9.953837894000001},{"amount":0.0041,"safe_price":2430.1955355355353,"ft_order_side":"sell","order_filled_timestamp":1751125500000,"ft_is_entry":false,"ft_order_tag":"roi","cost":9.973765497391389}]},{"pair":"BTC/USDT","stake_amount":9.6555447,"max_stake_amount":9.6555447,"amount":9e-05,"open_date":"2025-06-28 09:45:00+00:00","close_date":"2025-06-28 15:57:00+00:00","open_rate":107283.83,"close_rate":107498.61244244243,"fee_open":0.001,"fee_close":0.001,"trade_duration":372,"profit_ratio":0.0,"profit_abs":0.0,"exit_reason":"roi","initial_stop_loss_abs":100846.81,"initial_stop_loss_ratio":-0.06,"stop_loss_abs":101123.09,"stop_loss_ratio":-0.06,"min_rate":107084.15,"max_rate":107577.75,"is_open":false,"enter_tag":"","leverage":1.0,"is_short":false,"open_timestamp":1751103900000,"close_timestamp":1751126220000,"orders":[{"amount":9e-05,"safe_price":107283.83,"ft_order_side":"buy","order_filled_timestamp":1751103900000,"ft_is_entry":true,"ft_order_tag":"","cost":9.6652002447},{"amount":9e-05,"safe_price":107498.61244244243,"ft_order_side":"sell","order_filled_timestamp":1751126220000,"ft_is_entry":false,"ft_order_tag":"roi","cost":9.684549994939639}]},{"pair":"ETH/USDT","stake_amount":9.997932,"max_stake_amount":9.997932,"amount":0.0041,"open_date":"2025-06-28 18:24:00+00:00","close_date":"2025-06-28 20:43:00+00:00","open_rate":2438.52,"close_rate":2433.12,"fee_open":0.001,"fee_close":0.001,"trade_duration":139,"profit_ratio":-0.004208035056814585,"profit_abs":-0.04211372,"exit_reason":"exit_signal","initial_stop_loss_abs":2292.21,"initial_stop_loss_ratio":-0.06,"stop_loss_abs":2293.6,"stop_loss_ratio":-0.06,"min_rate":2427.44,"max_rate":2440.0,"is_open":false,"enter_tag":"","leverage":1.0,"is_short":false,"open_timestamp":1751135040000,"close_timestamp":1751143380000,"orders":[{"amount":0.0041,"safe_price":2438.52,"ft_order_side":"buy","order_filled_timestamp":1751135040000,"ft_is_entry":true,"ft_order_tag":"","cost":10.007929932},{"amount":0.0041,"safe_price":2433.12,"ft_order_side":"sell","order_filled_timestamp":1751143380000,"ft_is_entry":false,"ft_order_tag":"exit_signal","cost":9.985767791999999}]},{"pair":"ETH/USDT","stake_amount":9.983746,"max_stake_amount":9.983746,"amount":0.0041,"open_date":"2025-06-28 22:12:00+00:00","close_date":"2025-06-28 22:18:00+00:00","open_rate":2435.06,"close_rate":2438.0,"fee_open":0.001,"fee_close":0.001,"trade_duration":6,"profit_ratio":-0.000793052263913001,"profit_abs":-0.00792555,"exit_reason":"exit_signal","initial_stop_loss_abs":2288.96,"initial_stop_loss_ratio":-0.06,"stop_loss_abs":2292.31,"stop_loss_ratio":-0.06,"min_rate":2434.48,"max_rate":2438.62,"is_open":false,"enter_tag":"","leverage":1.0,"is_short":false,"open_timestamp":1751148720000,"close_timestamp":1751149080000,"orders":[{"amount":0.0041,"safe_price":2435.06,"ft_order_side":"buy","order_filled_timestamp":1751148720000,"ft_is_entry":true,"ft_order_tag":"","cost":9.993729746},{"amount":0.0041,"safe_price":2438.0,"ft_order_side":"sell","order_filled_timestamp":1751149080000,"ft_is_entry":false,"ft_order_tag":"exit_signal","cost":10.0057958}]},{"pair":"ETH/USDT","stake_amount":9.75912,"max_stake_amount":9.75912,"amount":0.004,"open_date":"2025-06-28 23:15:00+00:00","close_date":"2025-06-29 03:07:00+00:00","open_rate":2439.78,"close_rate":2432.4,"fee_open":0.001,"fee_close":0.001,"trade_duration":232,"profit_ratio":-0.005016821213363525,"profit_abs":-0.04900872,"exit_reason":"exit_signal","initial_stop_loss_abs":2293.4,"initial_stop_loss_ratio":-0.06,"stop_loss_abs":2296.21,"stop_loss_ratio":-0.06,"min_rate":2424.65,"max_rate":2442.77,"is_open":false,"enter_tag":"","leverage":1.0,"is_short":false,"open_timestamp":1751152500000,"close_timestamp":1751166420000,"orders":[{"amount":0.004,"safe_price":2439.78,"ft_order_side":"buy","order_filled_timestamp":1751152500000,"ft_is_entry":true,"ft_order_tag":"","cost":9.76887912},{"amount":0.004,"safe_price":2432.4,"ft_order_side":"sell","order_filled_timestamp":1751166420000,"ft_is_entry":false,"ft_order_tag":"exit_signal","cost":9.7393296}]},{"pair":"BTC/USDT","stake_amount":9.6890877,"max_stake_amount":9.6890877,"amount":9e-05,"open_date":"2025-06-29 09:03:00+00:00","close_date":"2025-06-29 09:33:00+00:00","open_rate":107656.53,"close_rate":107872.05858858858,"fee_open":0.001,"fee_close":0.001,"trade_duration":30,"profit_ratio":0.0,"profit_abs":0.0,"exit_reason":"roi","initial_stop_loss_abs":101197.14,"initial_stop_loss_ratio":-0.06,"stop_loss_abs":101447.62,"stop_loss_ratio":-0.06,"min_rate":107627.49,"max_rate":107923.0,"is_open":false,"enter_tag":"","leverage":1.0,"is_short":false,"open_timestamp":1751187780000,"close_timestamp":1751189580000,"orders":[{"amount":9e-05,"safe_price":107656.53,"ft_order_side":"buy","order_filled_timestamp":1751187780000,"ft_is_entry":true,"ft_order_tag":"","cost":9.698776787699998},{"amount":9e-05,"safe_price":107872.05858858858,"ft_order_side":"sell","order_filled_timestamp":1751189580000,"ft_is_entry":false,"ft_order_tag":"roi","cost":9.718193758245945}]},{"pair":"ETH/USDT","stake_amount":9.991823,"max_stake_amount":9.991823,"amount":0.0041,"open_date":"2025-06-29 17:18:00+00:00","close_date":"2025-06-29 18:28:00+00:00","open_rate":2437.03,"close_rate":2441.9089389389387,"fee_open":0.001,"fee_close":0.001,"trade_duration":70,"profit_ratio":0.0,"profit_abs":0.0,"exit_reason":"roi","initial_stop_loss_abs":2290.81,"initial_stop_loss_ratio":-0.06,"stop_loss_abs":2295.91,"stop_loss_ratio":-0.06,"min_rate":2432.63,"max_rate":2442.45,"is_open":false,"enter_tag":"","leverage":1.0,"is_short":false,"open_timestamp":1751217480000,"close_timestamp":1751221680000,"orders":[{"amount":0.0041,"safe_price":2437.03,"ft_order_side":"buy","order_filled_timestamp":1751217480000,"ft_is_entry":true,"ft_order_tag":"","cost":10.001814823},{"amount":0.0041,"safe_price":2441.9089389389387,"ft_order_side":"sell","order_filled_timestamp":1751221680000,"ft_is_entry":false,"ft_order_tag":"roi","cost":10.021838476299298}]},{"pair":"ETH/USDT","stake_amount":9.979728,"max_stake_amount":9.979728,"amount":0.0041,"open_date":"2025-06-29 19:16:00+00:00","close_date":"2025-06-29 20:01:00+00:00","open_rate":2434.08,"close_rate":2438.9530330330326,"fee_open":0.001,"fee_close":0.001,"trade_duration":45,"profit_ratio":0.0,"profit_abs":0.0,"exit_reason":"roi","initial_stop_loss_abs":2288.04,"initial_stop_loss_ratio":-0.06,"stop_loss_abs":2293.22,"stop_loss_ratio":-0.06,"min_rate":2434.08,"max_rate":2439.59,"is_open":false,"enter_tag":"","leverage":1.0,"is_short":false,"open_timestamp":1751224560000,"close_timestamp":1751227260000,"orders":[{"amount":0.0041,"safe_price":2434.08,"ft_order_side":"buy","order_filled_timestamp":1751224560000,"ft_is_entry":true,"ft_order_tag":"","cost":9.989707727999999},{"amount":0.0041,"safe_price":2438.9530330330326,"ft_order_side":"sell","order_filled_timestamp":1751227260000,"ft_is_entry":false,"ft_order_tag":"roi","cost":10.00970714287087}]},{"pair":"ETH/USDT","stake_amount":9.978621,"max_stake_amount":9.978621,"amount":0.0041,"open_date":"2025-06-29 20:36:00+00:00","close_date":"2025-06-29 22:02:00+00:00","open_rate":2433.81,"close_rate":2438.682492492492,"fee_open":0.001,"fee_close":0.001,"trade_duration":86,"profit_ratio":0.0,"profit_abs":0.0,"exit_reason":"roi","initial_stop_loss_abs":2287.79,"initial_stop_loss_ratio":-0.06,"stop_loss_abs":2296.12,"stop_loss_ratio":-0.06,"min_rate":2412.0,"max_rate":2442.68,"is_open":false,"enter_tag":"","leverage":1.0,"is_short":false,"open_timestamp":1751229360000,"close_timestamp":1751234520000,"orders":[{"amount":0.0041,"safe_price":2433.81,"ft_order_side":"buy","order_filled_timestamp":1751229360000,"ft_is_entry":true,"ft_order_tag":"","cost":9.988599620999999},{"amount":0.0041,"safe_price":2438.682492492492,"ft_order_side":"sell","order_filled_timestamp":1751234520000,"ft_is_entry":false,"ft_order_tag":"roi","cost":10.008596817438436}]},{"pair":"BTC/USDT","stake_amount":9.7258896,"max_stake_amount":9.7258896,"amount":9e-05,"open_date":"2025-06-29 13:34:00+00:00","close_date":"2025-06-29 22:38:00+00:00","open_rate":108065.44,"close_rate":108188.09,"fee_open":0.001,"fee_close":0.001,"trade_duration":544,"profit_ratio":-0.0008653094412982126,"profit_abs":-0.00842432,"exit_reason":"exit_signal","initial_stop_loss_abs":101581.52,"initial_stop_loss_ratio":-0.06,"stop_loss_abs":101722.22,"stop_loss_ratio":-0.06,"min_rate":107250.0,"max_rate":108215.12,"is_open":false,"enter_tag":"","leverage":1.0,"is_short":false,"open_timestamp":1751204040000,"close_timestamp":1751236680000,"orders":[{"amount":9e-05,"safe_price":108065.44,"ft_order_side":"buy","order_filled_timestamp":1751204040000,"ft_is_entry":true,"ft_order_tag":"","cost":9.735615489599999},{"amount":9e-05,"safe_price":108188.09,"ft_order_side":"sell","order_filled_timestamp":1751236680000,"ft_is_entry":false,"ft_order_tag":"exit_signal","cost":9.746665028099999}]},{"pair":"ETH/USDT","stake_amount":9.99248,"max_stake_amount":9.99248,"amount":0.004,"open_date":"2025-06-29 23:43:00+00:00","close_date":"2025-06-30 00:13:00+00:00","open_rate":2498.12,"close_rate":2507.57,"fee_open":0.001,"fee_close":0.001,"trade_duration":30,"profit_ratio":0.0017772845699446504,"profit_abs":0.01777724,"exit_reason":"roi","initial_stop_loss_abs":2348.24,"initial_stop_loss_ratio":-0.06,"stop_loss_abs":2357.94,"stop_loss_ratio":-0.06,"min_rate":2497.34,"max_rate":2508.44,"is_open":false,"enter_tag":"","leverage":1.0,"is_short":false,"open_timestamp":1751240580000,"close_timestamp":1751242380000,"orders":[{"amount":0.004,"safe_price":2498.12,"ft_order_side":"buy","order_filled_timestamp":1751240580000,"ft_is_entry":true,"ft_order_tag":"","cost":10.00247248},{"amount":0.004,"safe_price":2507.57,"ft_order_side":"sell","order_filled_timestamp":1751242380000,"ft_is_entry":false,"ft_order_tag":"roi","cost":10.04031028}]},{"pair":"ETH/USDT","stake_amount":9.761505,"max_stake_amount":9.761505,"amount":0.0039,"open_date":"2025-06-30 02:54:00+00:00","close_date":"2025-06-30 04:04:00+00:00","open_rate":2502.95,"close_rate":2502.48,"fee_open":0.001,"fee_close":0.001,"trade_duration":70,"profit_ratio":-0.002185405544826044,"profit_abs":-0.02135418,"exit_reason":"exit_signal","initial_stop_loss_abs":2352.78,"initial_stop_loss_ratio":-0.06,"stop_loss_abs":2354.7,"stop_loss_ratio":-0.06,"min_rate":2495.17,"max_rate":2505.0,"is_open":false,"enter_tag":"","leverage":1.0,"is_short":false,"open_timestamp":1751252040000,"close_timestamp":1751256240000,"orders":[{"amount":0.0039,"safe_price":2502.95,"ft_order_side":"buy","order_filled_timestamp":1751252040000,"ft_is_entry":true,"ft_order_tag":"","cost":9.771266504999998},{"amount":0.0039,"safe_price":2502.48,"ft_order_side":"sell","order_filled_timestamp":1751256240000,"ft_is_entry":false,"ft_order_tag":"exit_signal","cost":9.769431672}]},{"pair":"BTC/USDT","stake_amount":9.7628535,"max_stake_amount":9.7628535,"amount":9e-05,"open_date":"2025-06-30 04:19:00+00:00","close_date":"2025-06-30 05:56:00+00:00","open_rate":108476.15,"close_rate":108266.69,"fee_open":0.001,"fee_close":0.001,"trade_duration":97,"profit_ratio":-0.003925075804931423,"profit_abs":-0.03835826,"exit_reason":"exit_signal","initial_stop_loss_abs":101967.59,"initial_stop_loss_ratio":-0.06,"stop_loss_abs":101967.59,"stop_loss_ratio":-0.06,"min_rate":108168.48,"max_rate":108476.15,"is_open":false,"enter_tag":"","leverage":1.0,"is_short":false,"open_timestamp":1751257140000,"close_timestamp":1751262960000,"orders":[{"amount":9e-05,"safe_price":108476.15,"ft_order_side":"buy","order_filled_timestamp":1751257140000,"ft_is_entry":true,"ft_order_tag":"","cost":9.772616353499998},{"amount":9e-05,"safe_price":108266.69,"ft_order_side":"sell","order_filled_timestamp":1751262960000,"ft_is_entry":false,"ft_order_tag":"exit_signal","cost":9.753746102100001}]},{"pair":"ETH/USDT","stake_amount":9.750195,"max_stake_amount":9.750195,"amount":0.0039,"open_date":"2025-06-30 04:42:00+00:00","close_date":"2025-06-30 07:10:00+00:00","open_rate":2500.05,"close_rate":2468.93,"fee_open":0.001,"fee_close":0.001,"trade_duration":148,"profit_ratio":-0.014420882206603414,"profit_abs":-0.14074702,"exit_reason":"exit_signal","initial_stop_loss_abs":2350.05,"initial_stop_loss_ratio":-0.06,"stop_loss_abs":2353.68,"stop_loss_ratio":-0.06,"min_rate":2456.37,"max_rate":2503.91,"is_open":false,"enter_tag":"","leverage":1.0,"is_short":false,"open_timestamp":1751258520000,"close_timestamp":1751267400000,"orders":[{"amount":0.0039,"safe_price":2500.05,"ft_order_side":"buy","order_filled_timestamp":1751258520000,"ft_is_entry":true,"ft_order_tag":"","cost":9.759945194999998},{"amount":0.0039,"safe_price":2468.93,"ft_order_side":"sell","order_filled_timestamp":1751267400000,"ft_is_entry":false,"ft_order_tag":"exit_signal","cost":9.638455826999998}]},{"pair":"ETH/USDT","stake_amount":9.89508,"max_stake_amount":9.89508,"amount":0.004,"open_date":"2025-06-30 08:33:00+00:00","close_date":"2025-06-30 10:36:00+00:00","open_rate":2473.77,"close_rate":2454.42,"fee_open":0.001,"fee_close":0.001,"trade_duration":123,"profit_ratio":-0.009804442637729484,"profit_abs":-0.09711276,"exit_reason":"exit_signal","initial_stop_loss_abs":2325.35,"initial_stop_loss_ratio":-0.06,"stop_loss_abs":2328.38,"stop_loss_ratio":-0.06,"min_rate":2446.68,"max_rate":2477.0,"is_open":false,"enter_tag":"","leverage":1.0,"is_short":false,"open_timestamp":1751272380000,"close_timestamp":1751279760000,"orders":[{"amount":0.004,"safe_price":2473.77,"ft_order_side":"buy","order_filled_timestamp":1751272380000,"ft_is_entry":true,"ft_order_tag":"","cost":9.90497508},{"amount":0.004,"safe_price":2454.42,"ft_order_side":"sell","order_filled_timestamp":1751279760000,"ft_is_entry":false,"ft_order_tag":"exit_signal","cost":9.82749768}]},{"pair":"ETH/USDT","stake_amount":9.82136,"max_stake_amount":9.82136,"amount":0.004,"open_date":"2025-06-30 11:02:00+00:00","close_date":"2025-06-30 11:07:00+00:00","open_rate":2455.34,"close_rate":2459.42,"fee_open":0.001,"fee_close":0.001,"trade_duration":5,"profit_ratio":-0.0003396377177605032,"profit_abs":-0.00333904,"exit_reason":"exit_signal","initial_stop_loss_abs":2308.02,"initial_stop_loss_ratio":-0.06,"stop_loss_abs":2312.4,"stop_loss_ratio":-0.06,"min_rate":2453.17,"max_rate":2460.0,"is_open":false,"enter_tag":"","leverage":1.0,"is_short":false,"open_timestamp":1751281320000,"close_timestamp":1751281620000,"orders":[{"amount":0.004,"safe_price":2455.34,"ft_order_side":"buy","order_filled_timestamp":1751281320000,"ft_is_entry":true,"ft_order_tag":"","cost":9.831181359999999},{"amount":0.004,"safe_price":2459.42,"ft_order_side":"sell","order_filled_timestamp":1751281620000,"ft_is_entry":false,"ft_order_tag":"exit_signal","cost":9.84751768}]},{"pair":"ETH/USDT","stake_amount":9.84032,"max_stake_amount":9.84032,"amount":0.004,"open_date":"2025-06-30 12:33:00+00:00","close_date":"2025-06-30 13:12:00+00:00","open_rate":2460.08,"close_rate":2464.4,"fee_open":0.001,"fee_close":0.001,"trade_duration":39,"profit_ratio":-0.00024547011636862374,"profit_abs":-0.00241792,"exit_reason":"exit_signal","initial_stop_loss_abs":2312.48,"initial_stop_loss_ratio":-0.06,"stop_loss_abs":2317.48,"stop_loss_ratio":-0.06,"min_rate":2457.25,"max_rate":2465.4,"is_open":false,"enter_tag":"","leverage":1.0,"is_short":false,"open_timestamp":1751286780000,"close_timestamp":1751289120000,"orders":[{"amount":0.004,"safe_price":2460.08,"ft_order_side":"buy","order_filled_timestamp":1751286780000,"ft_is_entry":true,"ft_order_tag":"","cost":9.850160319999999},{"amount":0.004,"safe_price":2464.4,"ft_order_side":"sell","order_filled_timestamp":1751289120000,"ft_is_entry":false,"ft_order_tag":"exit_signal","cost":9.867457599999998}]}],"locks":[],"best_pair":{"key":"BTC/USDT","trades":36,"profit_mean":-0.0008803365552741316,"profit_mean_pct":-0.09,"profit_sum":-0.031692115989868735,"profit_sum_pct":-3.17,"profit_total_abs":-0.30417975,"profit_total":-0.00030417975,"profit_total_pct":-0.03,"duration_avg":"1:45:00","wins":6,"draws":15,"losses":15,"winrate":0.16666666666666666},"worst_pair":{"key":"ETH/USDT","trades":45,"profit_mean":-0.0012940831749309548,"profit_mean_pct":-0.13,"profit_sum":-0.058233742871892966,"profit_sum_pct":-5.82,"profit_total_abs":-0.5752685099999999,"profit_total":-0.0005752685099999999,"profit_total_pct":-0.06,"duration_avg":"1:04:00","wins":11,"draws":16,"losses":18,"winrate":0.24444444444444444},"results_per_pair":[{"key":"BTC/USDT","trades":36,"profit_mean":-0.0008803365552741316,"profit_mean_pct":-0.09,"profit_sum":-0.031692115989868735,"profit_sum_pct":-3.17,"profit_total_abs":-0.30417975,"profit_total":-0.00030417975,"profit_total_pct":-0.03,"duration_avg":"1:45:00","wins":6,"draws":15,"losses":15,"winrate":0.16666666666666666},{"key":"ETH/USDT","trades":45,"profit_mean":-0.0012940831749309548,"profit_mean_pct":-0.13,"profit_sum":-0.058233742871892966,"profit_sum_pct":-5.82,"profit_total_abs":-0.5752685099999999,"profit_total":-0.0005752685099999999,"profit_total_pct":-0.06,"duration_avg":"1:04:00","wins":11,"draws":16,"losses":18,"winrate":0.24444444444444444},{"key":"TOTAL","trades":81,"profit_mean":-0.001110195788416811,"profit_mean_pct":-0.11,"profit_sum":-0.0899258588617617,"profit_sum_pct":-8.99,"profit_total_abs":-0.87944826,"profit_total":-0.00087944826,"profit_total_pct":-0.09,"duration_avg":"1:22:00","wins":17,"draws":31,"losses":33,"winrate":0.20987654320987653}],"results_per_enter_tag":[{"key":"","trades":81,"profit_mean":-0.001110195788416811,"profit_mean_pct":-0.11,"profit_sum":-0.0899258588617617,"profit_sum_pct":-8.99,"profit_total_abs":-0.87944826,"profit_total":-0.00087944826,"profit_total_pct":-0.09,"duration_avg":"1:22:00","wins":17,"draws":31,"losses":33,"winrate":0.20987654320987653},{"key":"TOTAL","trades":81,"profit_mean":-0.001110195788416811,"profit_mean_pct":-0.11,"profit_sum":-0.0899258588617617,"profit_sum_pct":-8.99,"profit_total_abs":-0.87944826,"profit_total":-0.00087944826,"profit_total_pct":-0.09,"duration_avg":"1:22:00","wins":17,"draws":31,"losses":33,"winrate":0.20987654320987653}],"exit_reason_summary":[{"key":"roi","trades":42,"profit_mean":0.0003793233249212814,"profit_mean_pct":0.04,"profit_sum":0.015931579646693818,"profit_sum_pct":1.59,"profit_total_abs":0.15438644999999998,"profit_total":0.00015438644999999997,"profit_total_pct":0.02,"duration_avg":"1:07:00","wins":11,"draws":31,"losses":0,"winrate":0.2619047619047619},{"key":"trailing_stop_loss","trades":1,"profit_mean":0.006976425079135162,"profit_mean_pct":0.7,"profit_sum":0.006976425079135162,"profit_sum_pct":0.7,"profit_total_abs":0.06980921,"profit_total":6.980921e-05,"profit_total_pct":0.01,"duration_avg":"0:22:00","wins":1,"draws":0,"losses":0,"winrate":1.0},{"key":"exit_signal","trades":38,"profit_mean":-0.0029693121996734397,"profit_mean_pct":-0.3,"profit_sum":-0.1128338635875907,"profit_sum_pct":-11.28,"profit_total_abs":-1.10364392,"profit_total":-0.0011036439199999999,"profit_total_pct":-0.11,"duration_avg":"1:40:00","wins":5,"draws":0,"losses":33,"winrate":0.13157894736842105},{"key":"TOTAL","trades":81,"profit_mean":-0.001110195788416811,"profit_mean_pct":-0.11,"profit_sum":-0.0899258588617617,"profit_sum_pct":-8.99,"profit_total_abs":-0.87944826,"profit_total":-0.00087944826,"profit_total_pct":-0.09,"duration_avg":"1:22:00","wins":17,"draws":31,"losses":33,"winrate":0.20987654320987653}],"mix_tag_stats":[{"key":["","roi"],"trades":42,"profit_mean":0.0003793233249212814,"profit_mean_pct":0.04,"profit_sum":0.015931579646693818,"profit_sum_pct":1.59,"profit_total_abs":0.15438644999999998,"profit_total":0.00015438644999999997,"profit_total_pct":0.02,"duration_avg":"1:07:00","wins":11,"draws":31,"losses":0,"winrate":0.2619047619047619},{"key":["","trailing_stop_loss"],"trades":1,"profit_mean":0.006976425079135162,"profit_mean_pct":0.7,"profit_sum":0.006976425079135162,"profit_sum_pct":0.7,"profit_total_abs":0.06980921,"profit_total":6.980921e-05,"profit_total_pct":0.01,"duration_avg":"0:22:00","wins":1,"draws":0,"losses":0,"winrate":1.0},{"key":["","exit_signal"],"trades":38,"profit_mean":-0.0029693121996734397,"profit_mean_pct":-0.3,"profit_sum":-0.1128338635875907,"profit_sum_pct":-11.28,"profit_total_abs":-1.10364392,"profit_total":-0.0011036439199999999,"profit_total_pct":-0.11,"duration_avg":"1:40:00","wins":5,"draws":0,"losses":33,"winrate":0.13157894736842105},{"key":"TOTAL","trades":81,"profit_mean":-0.001110195788416811,"profit_mean_pct":-0.11,"profit_sum":-0.0899258588617617,"profit_sum_pct":-8.99,"profit_total_abs":-0.87944826,"profit_total":-0.00087944826,"profit_total_pct":-0.09,"duration_avg":"1:22:00","wins":17,"draws":31,"losses":33,"winrate":0.20987654320987653}],"left_open_trades":[{"key":"TOTAL","trades":0,"profit_mean":0.0,"profit_mean_pct":0.0,"profit_sum":0.0,"profit_sum_pct":0.0,"profit_total_abs":0.0,"profit_total":0.0,"profit_total_pct":0.0,"duration_avg":"0:00","wins":0,"draws":0,"losses":0,"winrate":0.0}],"total_trades":81,"trade_count_long":81,"trade_count_short":0,"total_volume":1577.9233507747422,"avg_stake_amount":9.726235216049384,"profit_mean":-0.001110195788416811,"profit_median":0.0,"profit_total":-0.00087944826,"profit_total_long":-0.00087944826,"profit_total_short":0.0,"profit_total_abs":-0.87944826,"profit_total_long_abs":-0.87944826,"profit_total_short_abs":0.0,"cagr":-0.04484067620871657,"expectancy":-0.010857385925925925,"expectancy_ratio":-0.6971283537697873,"sortino":-62.154443257937096,"sharpe":-72.81581262750333,"calmar":-241.7605710128318,"sqn":-2.946,"profit_factor":0.22826070741355228,"backtest_start":"2025-06-23 00:00:00","backtest_start_ts":1750636800000,"backtest_end":"2025-06-30 14:11:00","backtest_end_ts":1751292660000,"backtest_days":7,"backtest_run_start_ts":1751301534,"backtest_run_end_ts":1751301535,"trades_per_day":11.57,"market_change":0.08535653626498181,"pairlist":["BTC/USDT","ETH/USDT"],"stake_amount":10,"stake_currency":"USDT","stake_currency_decimals":3,"starting_balance":1000,"dry_run_wallet":1000,"final_balance":999.12055174,"rejected_signals":0,"timedout_entry_orders":0,"timedout_exit_orders":0,"canceled_trade_entries":0,"canceled_entry_orders":0,"replaced_entry_orders":0,"max_open_trades":2,"max_open_trades_setting":3,"timeframe":"1m","timeframe_detail":"","timerange":"","enable_protections":false,"strategy_name":"UltimateScalp10xStrategy","stoploss":-0.06,"trailing_stop":true,"trailing_stop_positive":0.005,"trailing_stop_positive_offset":0.01,"trailing_only_offset_is_reached":false,"use_custom_stoploss":false,"minimal_roi":{"0":0.04,"10":0.03,"20":0.02,"30":0},"use_exit_signal":true,"exit_profit_only":false,"exit_profit_offset":0.0,"ignore_roi_if_entry_signal":false,"trading_mode":"spot","margin_mode":"","periodic_breakdown":{"day":[{"date":"23/06/2025","date_ts":1750636800000,"profit_abs":0.05500437,"wins":8,"draws":6,"losses":3,"trades":17,"profit_factor":1.61375716},{"date":"24/06/2025","date_ts":1750723200000,"profit_abs":-0.18268496,"wins":5,"draws":0,"losses":8,"trades":13,"profit_factor":0.32569494},{"date":"25/06/2025","date_ts":1750809600000,"profit_abs":0.00162479,"wins":1,"draws":5,"losses":0,"trades":6,"profit_factor":0.0},{"date":"26/06/2025","date_ts":1750896000000,"profit_abs":-0.06161152,"wins":0,"draws":10,"losses":4,"trades":14,"profit_factor":0.0},{"date":"27/06/2025","date_ts":1750982400000,"profit_abs":-0.26735102,"wins":2,"draws":2,"losses":6,"trades":10,"profit_factor":0.02854014},{"date":"28/06/2025","date_ts":1751068800000,"profit_abs":-0.08144494,"wins":0,"draws":4,"losses":4,"trades":8,"profit_factor":0.0},{"date":"29/06/2025","date_ts":1751155200000,"profit_abs":-0.05743304,"wins":0,"draws":4,"losses":2,"trades":6,"profit_factor":0.0},{"date":"30/06/2025","date_ts":1751241600000,"profit_abs":-0.28555194,"wins":1,"draws":0,"losses":6,"trades":7,"profit_factor":0.05860709}],"week":[{"date":"23/06/2025","date_ts":1750636800000,"profit_abs":0.05500437,"wins":8,"draws":6,"losses":3,"trades":17,"profit_factor":1.61375716},{"date":"30/06/2025","date_ts":1751241600000,"profit_abs":-0.93445263,"wins":9,"draws":25,"losses":30,"trades":64,"profit_factor":0.11000054}],"month":[{"date":"30/06/2025","date_ts":1751241600000,"profit_abs":-0.87944826,"wins":17,"draws":31,"losses":33,"trades":81,"profit_factor":0.22826071}],"year":[{"date":"31/12/2025","date_ts":1767139200000,"profit_abs":-0.87944826,"wins":17,"draws":31,"losses":33,"trades":81,"profit_factor":0.22826071}]},"backtest_best_day":0.005269774851944674,"backtest_worst_day":-0.029143629458274842,"backtest_best_day_abs":0.05500437,"backtest_worst_day_abs":-0.28555194,"winning_days":2,"draw_days":0,"losing_days":6,"daily_profit":[["2025-06-23",0.05500437],["2025-06-24",-0.18268496],["2025-06-25",0.00162479],["2025-06-26",-0.06161152],["2025-06-27",-0.26735102],["2025-06-28",-0.08144494],["2025-06-29",-0.05743304],["2025-06-30",-0.28555194]],"wins":17,"losses":33,"draws":31,"winrate":0.20987654320987653,"holding_avg":"1:22:00","holding_avg_s":4920.0,"winner_holding_avg":"0:25:00","winner_holding_avg_s":1500.0,"loser_holding_avg":"1:53:00","loser_holding_avg_s":6780.0,"max_consecutive_wins":3,"max_consecutive_losses":23,"max_drawdown_account":0.0009928261635828212,"max_relative_drawdown":0.0009928261635828212,"max_drawdown_abs":0.99293884,"drawdown_start":"2025-06-24 05:23:00","drawdown_start_ts":1750742580000.0,"drawdown_end":"2025-06-30 13:12:00","drawdown_end_ts":1751289120000.0,"max_drawdown_low":-0.87944826,"max_drawdown_high":0.11349057999999998,"csum_min":999.12055174,"csum_max":1000.11349058}},"strategy_comparison":[{"key":"UltimateScalp10xStrategy","trades":81,"profit_mean":-0.001110195788416811,"profit_mean_pct":-0.11,"profit_sum":-0.0899258588617617,"profit_sum_pct":-8.99,"profit_total_abs":-0.87944826,"profit_total":-0.00087944826,"profit_total_pct":-0.09,"duration_avg":"1:22:00","wins":17,"draws":31,"losses":33,"winrate":0.20987654320987653,"max_drawdown_account":0.0009928261635828212,"max_drawdown_abs":"0.993"}]}