{"strategy":{"NostalgiaForInfinityNext":{"trades":[{"pair":"BTC/USDT","stake_amount":329.4034785,"max_stake_amount":329.4034785,"amount":0.00307,"open_date":"2025-06-25 15:16:00+00:00","close_date":"2025-06-30 00:24:00+00:00","open_rate":107297.55,"close_rate":108586.40945945945,"fee_open":0.001,"fee_close":0.001,"trade_duration":6308,"profit_ratio":0.0099900099748462,"profit_abs":3.29403478,"exit_reason":"roi","initial_stop_loss_abs":96567.8,"initial_stop_loss_ratio":-0.1,"stop_loss_abs":96567.8,"stop_loss_ratio":-0.1,"min_rate":106356.76,"max_rate":108686.39,"is_open":false,"enter_tag":"","leverage":1.0,"is_short":false,"open_timestamp":1750864560000,"close_timestamp":1751243040000,"orders":[{"amount":0.00307,"safe_price":107297.55,"ft_order_side":"buy","order_filled_timestamp":1750864560000,"ft_is_entry":true,"ft_order_tag":"","cost":329.73288197849996},{"amount":0.00307,"safe_price":108586.40945945945,"ft_order_side":"sell","order_filled_timestamp":1751243040000,"ft_is_entry":false,"ft_order_tag":"roi","cost":333.693637317581}],"funding_fees":0.0}],"locks":[],"best_pair":{"key":"BTC/USDT","trades":1,"profit_mean":0.0099900099748462,"profit_mean_pct":1.0,"profit_sum":0.0099900099748462,"profit_sum_pct":1.0,"profit_total_abs":3.29403478,"profit_total":0.00329403478,"profit_total_pct":0.33,"duration_avg":"4 days, 9:08:00","wins":1,"draws":0,"losses":0,"winrate":1.0,"cagr":0.18705816050304502,"expectancy":3.29403478,"expectancy_ratio":100.0,"sortino":-100,"sharpe":-100,"calmar":-100,"sqn":-100.0,"profit_factor":0.0,"max_drawdown_account":0.0,"max_drawdown_abs":0.0},"worst_pair":{"key":"ETH/USDT","trades":0,"profit_mean":0.0,"profit_mean_pct":0.0,"profit_sum":0.0,"profit_sum_pct":0.0,"profit_total_abs":0.0,"profit_total":0.0,"profit_total_pct":0.0,"duration_avg":"0:00","wins":0,"draws":0,"losses":0,"winrate":0.0,"cagr":0.0,"expectancy":0.0,"expectancy_ratio":100.0,"sortino":0,"sharpe":0,"calmar":0,"sqn":0.0,"profit_factor":0.0,"max_drawdown_account":0.0,"max_drawdown_abs":0.0},"results_per_pair":[{"key":"BTC/USDT","trades":1,"profit_mean":0.0099900099748462,"profit_mean_pct":1.0,"profit_sum":0.0099900099748462,"profit_sum_pct":1.0,"profit_total_abs":3.29403478,"profit_total":0.00329403478,"profit_total_pct":0.33,"duration_avg":"4 days, 9:08:00","wins":1,"draws":0,"losses":0,"winrate":1.0,"cagr":0.18705816050304502,"expectancy":3.29403478,"expectancy_ratio":100.0,"sortino":-100,"sharpe":-100,"calmar":-100,"sqn":-100.0,"profit_factor":0.0,"max_drawdown_account":0.0,"max_drawdown_abs":0.0},{"key":"ETH/USDT","trades":0,"profit_mean":0.0,"profit_mean_pct":0.0,"profit_sum":0.0,"profit_sum_pct":0.0,"profit_total_abs":0.0,"profit_total":0.0,"profit_total_pct":0.0,"duration_avg":"0:00","wins":0,"draws":0,"losses":0,"winrate":0.0,"cagr":0.0,"expectancy":0.0,"expectancy_ratio":100.0,"sortino":0,"sharpe":0,"calmar":0,"sqn":0.0,"profit_factor":0.0,"max_drawdown_account":0.0,"max_drawdown_abs":0.0},{"key":"TOTAL","trades":1,"profit_mean":0.0099900099748462,"profit_mean_pct":1.0,"profit_sum":0.0099900099748462,"profit_sum_pct":1.0,"profit_total_abs":3.29403478,"profit_total":0.00329403478,"profit_total_pct":0.33,"duration_avg":"4 days, 9:08:00","wins":1,"draws":0,"losses":0,"winrate":1.0,"cagr":0.18705816050304502,"expectancy":3.29403478,"expectancy_ratio":100.0,"sortino":-100,"sharpe":-100,"calmar":-100,"sqn":-100.0,"profit_factor":0.0,"max_drawdown_account":0.0,"max_drawdown_abs":0.0}],"results_per_enter_tag":[{"key":"","trades":1,"profit_mean":0.0099900099748462,"profit_mean_pct":1.0,"profit_sum":0.0099900099748462,"profit_sum_pct":1.0,"profit_total_abs":3.29403478,"profit_total":0.00329403478,"profit_total_pct":0.33,"duration_avg":"4 days, 9:08:00","wins":1,"draws":0,"losses":0,"winrate":1.0,"cagr":0.18705816050304502,"expectancy":3.29403478,"expectancy_ratio":100.0,"sortino":-100,"sharpe":-100,"calmar":-100,"sqn":-100.0,"profit_factor":0.0,"max_drawdown_account":0.0,"max_drawdown_abs":0.0},{"key":"TOTAL","trades":1,"profit_mean":0.0099900099748462,"profit_mean_pct":1.0,"profit_sum":0.0099900099748462,"profit_sum_pct":1.0,"profit_total_abs":3.29403478,"profit_total":0.00329403478,"profit_total_pct":0.33,"duration_avg":"4 days, 9:08:00","wins":1,"draws":0,"losses":0,"winrate":1.0,"cagr":0.18705816050304502,"expectancy":3.29403478,"expectancy_ratio":100.0,"sortino":-100,"sharpe":-100,"calmar":-100,"sqn":-100.0,"profit_factor":0.0,"max_drawdown_account":0.0,"max_drawdown_abs":0.0}],"exit_reason_summary":[{"key":"roi","trades":1,"profit_mean":0.0099900099748462,"profit_mean_pct":1.0,"profit_sum":0.0099900099748462,"profit_sum_pct":1.0,"profit_total_abs":3.29403478,"profit_total":0.00329403478,"profit_total_pct":0.33,"duration_avg":"4 days, 9:08:00","wins":1,"draws":0,"losses":0,"winrate":1.0,"cagr":0.18705816050304502,"expectancy":3.29403478,"expectancy_ratio":100.0,"sortino":-100,"sharpe":-100,"calmar":-100,"sqn":-100.0,"profit_factor":0.0,"max_drawdown_account":0.0,"max_drawdown_abs":0.0},{"key":"TOTAL","trades":1,"profit_mean":0.0099900099748462,"profit_mean_pct":1.0,"profit_sum":0.0099900099748462,"profit_sum_pct":1.0,"profit_total_abs":3.29403478,"profit_total":0.00329403478,"profit_total_pct":0.33,"duration_avg":"4 days, 9:08:00","wins":1,"draws":0,"losses":0,"winrate":1.0,"cagr":0.18705816050304502,"expectancy":3.29403478,"expectancy_ratio":100.0,"sortino":-100,"sharpe":-100,"calmar":-100,"sqn":-100.0,"profit_factor":0.0,"max_drawdown_account":0.0,"max_drawdown_abs":0.0}],"mix_tag_stats":[{"key":["","roi"],"trades":1,"profit_mean":0.0099900099748462,"profit_mean_pct":1.0,"profit_sum":0.0099900099748462,"profit_sum_pct":1.0,"profit_total_abs":3.29403478,"profit_total":0.00329403478,"profit_total_pct":0.33,"duration_avg":"4 days, 9:08:00","wins":1,"draws":0,"losses":0,"winrate":1.0,"cagr":0.18705816050304502,"expectancy":3.29403478,"expectancy_ratio":100.0,"sortino":-100,"sharpe":-100,"calmar":-100,"sqn":-100.0,"profit_factor":0.0,"max_drawdown_account":0.0,"max_drawdown_abs":0.0},{"key":"TOTAL","trades":1,"profit_mean":0.0099900099748462,"profit_mean_pct":1.0,"profit_sum":0.0099900099748462,"profit_sum_pct":1.0,"profit_total_abs":3.29403478,"profit_total":0.00329403478,"profit_total_pct":0.33,"duration_avg":"4 days, 9:08:00","wins":1,"draws":0,"losses":0,"winrate":1.0,"cagr":0.18705816050304502,"expectancy":3.29403478,"expectancy_ratio":100.0,"sortino":-100,"sharpe":-100,"calmar":-100,"sqn":-100.0,"profit_factor":0.0,"max_drawdown_account":0.0,"max_drawdown_abs":0.0}],"left_open_trades":[{"key":"TOTAL","trades":0,"profit_mean":0.0,"profit_mean_pct":0.0,"profit_sum":0.0,"profit_sum_pct":0.0,"profit_total_abs":0.0,"profit_total":0.0,"profit_total_pct":0.0,"duration_avg":"0:00","wins":0,"draws":0,"losses":0,"winrate":0.0,"cagr":0.0,"expectancy":0.0,"expectancy_ratio":100.0,"sortino":0,"sharpe":0,"calmar":0,"sqn":0.0,"profit_factor":0.0,"max_drawdown_account":0.0,"max_drawdown_abs":0.0}],"total_trades":1,"trade_count_long":1,"trade_count_short":0,"total_volume":663.426519296081,"avg_stake_amount":329.4034785,"profit_mean":0.0099900099748462,"profit_median":0.0099900099748462,"profit_total":0.00329403478,"profit_total_long":0.00329403478,"profit_total_short":0.0,"profit_total_abs":3.29403478,"profit_total_long_abs":3.29403478,"profit_total_short_abs":0.0,"cagr":0.18705816050304502,"expectancy":3.29403478,"expectancy_ratio":100.0,"sortino":-100,"sharpe":-100,"calmar":-100,"sqn":-100.0,"profit_factor":0.0,"backtest_start":"2025-06-23 00:52:00","backtest_start_ts":1750639920000,"backtest_end":"2025-06-30 21:07:00","backtest_end_ts":1751317620000,"backtest_days":7,"backtest_run_start_ts":1751377487,"backtest_run_end_ts":1751377488,"trades_per_day":0.14,"market_change":0.08736143880747069,"pairlist":["BTC/USDT","ETH/USDT"],"stake_amount":"unlimited","stake_currency":"USDT","stake_currency_decimals":3,"starting_balance":1000,"dry_run_wallet":1000,"final_balance":1003.29403478,"rejected_signals":0,"timedout_entry_orders":0,"timedout_exit_orders":0,"canceled_trade_entries":0,"canceled_entry_orders":0,"replaced_entry_orders":0,"max_open_trades":2,"max_open_trades_setting":3,"timeframe":"1m","timeframe_detail":"","timerange":"","enable_protections":false,"strategy_name":"NostalgiaForInfinityNext","stoploss":-0.1,"trailing_stop":true,"trailing_stop_positive":0.01,"trailing_stop_positive_offset":0.02,"trailing_only_offset_is_reached":true,"use_custom_stoploss":false,"minimal_roi":{"0":0.1,"30":0.05,"60":0.025,"120":0.01},"use_exit_signal":true,"exit_profit_only":false,"exit_profit_offset":0.0,"ignore_roi_if_entry_signal":false,"trading_mode":"spot","margin_mode":"","periodic_breakdown":{"day":[{"date":"30/06/2025","date_ts":1751241600000,"profit_abs":3.29403478,"wins":1,"draws":0,"losses":0,"trades":1,"profit_factor":0.0}],"week":[{"date":"30/06/2025","date_ts":1751241600000,"profit_abs":3.29403478,"wins":1,"draws":0,"losses":0,"trades":1,"profit_factor":0.0}],"month":[{"date":"30/06/2025","date_ts":1751241600000,"profit_abs":3.29403478,"wins":1,"draws":0,"losses":0,"trades":1,"profit_factor":0.0}],"year":[{"date":"31/12/2025","date_ts":1767139200000,"profit_abs":3.29403478,"wins":1,"draws":0,"losses":0,"trades":1,"profit_factor":0.0}]},"backtest_best_day":0.0099900099748462,"backtest_worst_day":0.0099900099748462,"backtest_best_day_abs":3.29403478,"backtest_worst_day_abs":3.29403478,"winning_days":1,"draw_days":0,"losing_days":0,"daily_profit":[["2025-06-30",3.29403478]],"wins":1,"losses":0,"draws":0,"winrate":1.0,"holding_avg":"4 days, 9:08:00","holding_avg_s":378480.0,"winner_holding_min":"4d 09:08","winner_holding_min_s":378480.0,"winner_holding_max":"4d 09:08","winner_holding_max_s":378480.0,"winner_holding_avg":"4d 09:08","winner_holding_avg_s":378480.0,"loser_holding_min":"0d 00:00","loser_holding_min_s":0.0,"loser_holding_max":"0d 00:00","loser_holding_max_s":0.0,"loser_holding_avg":"0d 00:00","loser_holding_avg_s":0.0,"max_consecutive_wins":1,"max_consecutive_losses":0,"max_drawdown_account":0.0,"max_relative_drawdown":0.0,"max_drawdown_abs":0.0,"drawdown_start":"2025-06-30 00:24:00","drawdown_start_ts":1751243040000.0,"drawdown_end":"2025-06-30 00:24:00","drawdown_end_ts":1751243040000.0,"max_drawdown_low":3.29403478,"max_drawdown_high":3.29403478,"csum_min":1003.29403478,"csum_max":1003.29403478}},"strategy_comparison":[{"key":"NostalgiaForInfinityNext","trades":1,"profit_mean":0.0099900099748462,"profit_mean_pct":1.0,"profit_sum":0.0099900099748462,"profit_sum_pct":1.0,"profit_total_abs":3.29403478,"profit_total":0.00329403478,"profit_total_pct":0.33,"duration_avg":"4 days, 9:08:00","wins":1,"draws":0,"losses":0,"winrate":1.0,"cagr":0.18705816050304502,"expectancy":3.29403478,"expectancy_ratio":100.0,"sortino":-100,"sharpe":-100,"calmar":-100,"sqn":-100.0,"profit_factor":0.0,"max_drawdown_account":0.0,"max_drawdown_abs":"0"}]}