{"strategy":{"UltimateScalp10xStrategy":{"trades":[{"pair":"BTC/USDT","stake_amount":9.1171152,"max_stake_amount":9.1171152,"amount":9e-05,"open_date":"2025-06-23 04:27:00+00:00","close_date":"2025-06-23 04:37:00+00:00","open_rate":101301.28,"close_rate":101212.49,"fee_open":0.001,"fee_close":0.001,"trade_duration":10,"profit_ratio":-0.0028727451914997027,"profit_abs":-0.02621734,"exit_reason":"exit_signal","initial_stop_loss_abs":100288.27,"initial_stop_loss_ratio":-0.01,"stop_loss_abs":100288.27,"stop_loss_ratio":-0.01,"min_rate":101181.12,"max_rate":101301.28,"is_open":false,"enter_tag":"","leverage":1.0,"is_short":false,"open_timestamp":1750652820000,"close_timestamp":1750653420000,"orders":[{"amount":9e-05,"safe_price":101301.28,"ft_order_side":"buy","order_filled_timestamp":1750652820000,"ft_is_entry":true,"ft_order_tag":"","cost":9.1262323152},{"amount":9e-05,"safe_price":101212.49,"ft_order_side":"sell","order_filled_timestamp":1750653420000,"ft_is_entry":false,"ft_order_tag":"exit_signal","cost":9.118233224099999}]},{"pair":"ETH/USDT","stake_amount":9.87008,"max_stake_amount":9.87008,"amount":0.0044,"open_date":"2025-06-23 05:21:00+00:00","close_date":"2025-06-23 05:27:00+00:00","open_rate":2243.2,"close_rate":2240.62,"fee_open":0.001,"fee_close":0.001,"trade_duration":6,"profit_ratio":-0.003145846866465139,"profit_abs":-0.03108081,"exit_reason":"exit_signal","initial_stop_loss_abs":2220.77,"initial_stop_loss_ratio":-0.01,"stop_loss_abs":2223.2,"stop_loss_ratio":-0.01,"min_rate":2240.08,"max_rate":2245.65,"is_open":false,"enter_tag":"","leverage":1.0,"is_short":false,"open_timestamp":1750656060000,"close_timestamp":1750656420000,"orders":[{"amount":0.0044,"safe_price":2243.2,"ft_order_side":"buy","order_filled_timestamp":1750656060000,"ft_is_entry":true,"ft_order_tag":"","cost":9.879950079999999},{"amount":0.0044,"safe_price":2240.62,"ft_order_side":"sell","order_filled_timestamp":1750656420000,"ft_is_entry":false,"ft_order_tag":"exit_signal","cost":9.868586727999999}]},{"pair":"BTC/USDT","stake_amount":9.12528,"max_stake_amount":9.12528,"amount":9e-05,"open_date":"2025-06-23 05:12:00+00:00","close_date":"2025-06-23 05:43:00+00:00","open_rate":101392.0,"close_rate":101484.6,"fee_open":0.001,"fee_close":0.001,"trade_duration":31,"profit_ratio":-0.0010865392650937862,"profit_abs":-0.00992489,"exit_reason":"exit_signal","initial_stop_loss_abs":100378.08,"initial_stop_loss_ratio":-0.01,"stop_loss_abs":100522.7,"stop_loss_ratio":-0.01,"min_rate":101391.99,"max_rate":101538.08,"is_open":false,"enter_tag":"","leverage":1.0,"is_short":false,"open_timestamp":1750655520000,"close_timestamp":1750657380000,"orders":[{"amount":9e-05,"safe_price":101392.0,"ft_order_side":"buy","order_filled_timestamp":1750655520000,"ft_is_entry":true,"ft_order_tag":"","cost":9.13440528},{"amount":9e-05,"safe_price":101484.6,"ft_order_side":"sell","order_filled_timestamp":1750657380000,"ft_is_entry":false,"ft_order_tag":"exit_signal","cost":9.142747614000001}]},{"pair":"ETH/USDT","stake_amount":9.907348,"max_stake_amount":9.907348,"amount":0.0044,"open_date":"2025-06-23 06:03:00+00:00","close_date":"2025-06-23 06:18:00+00:00","open_rate":2251.67,"close_rate":2250.37,"fee_open":0.001,"fee_close":0.001,"trade_duration":15,"profit_ratio":-0.002574198112701454,"profit_abs":-0.02552898,"exit_reason":"exit_signal","initial_stop_loss_abs":2229.16,"initial_stop_loss_ratio":-0.01,"stop_loss_abs":2232.52,"stop_loss_ratio":-0.01,"min_rate":2247.79,"max_rate":2255.07,"is_open":false,"enter_tag":"","leverage":1.0,"is_short":false,"open_timestamp":1750658580000,"close_timestamp":1750659480000,"orders":[{"amount":0.0044,"safe_price":2251.67,"ft_order_side":"buy","order_filled_timestamp":1750658580000,"ft_is_entry":true,"ft_order_tag":"","cost":9.917255348},{"amount":0.0044,"safe_price":2250.37,"ft_order_side":"sell","order_filled_timestamp":1750659480000,"ft_is_entry":false,"ft_order_tag":"exit_signal","cost":9.911529628}]},{"pair":"BTC/USDT","stake_amount":9.1503,"max_stake_amount":9.1503,"amount":9e-05,"open_date":"2025-06-23 05:48:00+00:00","close_date":"2025-06-23 06:20:00+00:00","open_rate":101670.0,"close_rate":101844.14,"fee_open":0.001,"fee_close":0.001,"trade_duration":32,"profit_ratio":-0.00028862758281465863,"profit_abs":-0.00264367,"exit_reason":"exit_signal","initial_stop_loss_abs":100653.3,"initial_stop_loss_ratio":-0.01,"stop_loss_abs":101044.05,"stop_loss_ratio":-0.01,"min_rate":101618.45,"max_rate":102064.69,"is_open":false,"enter_tag":"","leverage":1.0,"is_short":false,"open_timestamp":1750657680000,"close_timestamp":1750659600000,"orders":[{"amount":9e-05,"safe_price":101670.0,"ft_order_side":"buy","order_filled_timestamp":1750657680000,"ft_is_entry":true,"ft_order_tag":"","cost":9.1594503},{"amount":9e-05,"safe_price":101844.14,"ft_order_side":"sell","order_filled_timestamp":1750659600000,"ft_is_entry":false,"ft_order_tag":"exit_signal","cost":9.175138572599998}]},{"pair":"ETH/USDT","stake_amount":9.93784,"max_stake_amount":9.93784,"amount":0.0044,"open_date":"2025-06-23 07:05:00+00:00","close_date":"2025-06-23 07:16:00+00:00","open_rate":2258.6,"close_rate":2257.98,"fee_open":0.001,"fee_close":0.001,"trade_duration":11,"profit_ratio":-0.002271959664109266,"profit_abs":-0.02260095,"exit_reason":"exit_signal","initial_stop_loss_abs":2236.02,"initial_stop_loss_ratio":-0.01,"stop_loss_abs":2252.92,"stop_loss_ratio":-0.01,"min_rate":2256.72,"max_rate":2275.67,"is_open":false,"enter_tag":"","leverage":1.0,"is_short":false,"open_timestamp":1750662300000,"close_timestamp":1750662960000,"orders":[{"amount":0.0044,"safe_price":2258.6,"ft_order_side":"buy","order_filled_timestamp":1750662300000,"ft_is_entry":true,"ft_order_tag":"","cost":9.947777839999999},{"amount":0.0044,"safe_price":2257.98,"ft_order_side":"sell","order_filled_timestamp":1750662960000,"ft_is_entry":false,"ft_order_tag":"exit_signal","cost":9.945047112}]},{"pair":"ETH/USDT","stake_amount":9.955176,"max_stake_amount":9.955176,"amount":0.0044,"open_date":"2025-06-23 12:41:00+00:00","close_date":"2025-06-23 13:06:00+00:00","open_rate":2262.54,"close_rate":2260.63,"fee_open":0.001,"fee_close":0.001,"trade_duration":25,"profit_ratio":-0.002840499487670768,"profit_abs":-0.02830595,"exit_reason":"exit_signal","initial_stop_loss_abs":2239.92,"initial_stop_loss_ratio":-0.01,"stop_loss_abs":2244.8,"stop_loss_ratio":-0.01,"min_rate":2257.6,"max_rate":2267.47,"is_open":false,"enter_tag":"","leverage":1.0,"is_short":false,"open_timestamp":1750682460000,"close_timestamp":1750683960000,"orders":[{"amount":0.0044,"safe_price":2262.54,"ft_order_side":"buy","order_filled_timestamp":1750682460000,"ft_is_entry":true,"ft_order_tag":"","cost":9.965131175999998},{"amount":0.0044,"safe_price":2260.63,"ft_order_side":"sell","order_filled_timestamp":1750683960000,"ft_is_entry":false,"ft_order_tag":"exit_signal","cost":9.956718772}]},{"pair":"ETH/USDT","stake_amount":9.783059,"max_stake_amount":9.783059,"amount":0.0043,"open_date":"2025-06-23 13:42:00+00:00","close_date":"2025-06-23 13:53:00+00:00","open_rate":2275.13,"close_rate":2278.44,"fee_open":0.001,"fee_close":0.001,"trade_duration":11,"profit_ratio":-0.0005460467929313307,"profit_abs":-0.00534735,"exit_reason":"trailing_stop_loss","initial_stop_loss_abs":2252.38,"initial_stop_loss_ratio":-0.01,"stop_loss_abs":2278.44,"stop_loss_ratio":-0.01,"min_rate":2272.23,"max_rate":2301.45,"is_open":false,"enter_tag":"","leverage":1.0,"is_short":false,"open_timestamp":1750686120000,"close_timestamp":1750686780000,"orders":[{"amount":0.0043,"safe_price":2275.13,"ft_order_side":"buy","order_filled_timestamp":1750686120000,"ft_is_entry":true,"ft_order_tag":"","cost":9.792842058999998},{"amount":0.0043,"safe_price":2278.44,"ft_order_side":"sell","order_filled_timestamp":1750686780000,"ft_is_entry":false,"ft_order_tag":"trailing_stop_loss","cost":9.807089291999999}]},{"pair":"BTC/USDT","stake_amount":9.18,"max_stake_amount":9.18,"amount":9e-05,"open_date":"2025-06-23 13:45:00+00:00","close_date":"2025-06-23 14:12:00+00:00","open_rate":102000.0,"close_rate":102132.0,"fee_open":0.001,"fee_close":0.001,"trade_duration":27,"profit_ratio":-0.0007064700005876476,"profit_abs":-0.00649188,"exit_reason":"exit_signal","initial_stop_loss_abs":100980.0,"initial_stop_loss_ratio":-0.01,"stop_loss_abs":101586.96,"stop_loss_ratio":-0.01,"min_rate":101816.19,"max_rate":102613.09,"is_open":false,"enter_tag":"","leverage":1.0,"is_short":false,"open_timestamp":1750686300000,"close_timestamp":1750687920000,"orders":[{"amount":9e-05,"safe_price":102000.0,"ft_order_side":"buy","order_filled_timestamp":1750686300000,"ft_is_entry":true,"ft_order_tag":"","cost":9.189179999999999},{"amount":9e-05,"safe_price":102132.0,"ft_order_side":"sell","order_filled_timestamp":1750687920000,"ft_is_entry":false,"ft_order_tag":"exit_signal","cost":9.20107188}]},{"pair":"ETH/USDT","stake_amount":9.898428,"max_stake_amount":9.898428,"amount":0.0043,"open_date":"2025-06-23 14:01:00+00:00","close_date":"2025-06-23 14:12:00+00:00","open_rate":2301.96,"close_rate":2293.16,"fee_open":0.001,"fee_close":0.001,"trade_duration":11,"profit_ratio":-0.005813193622409388,"profit_abs":-0.05759902,"exit_reason":"exit_signal","initial_stop_loss_abs":2278.95,"initial_stop_loss_ratio":-0.01,"stop_loss_abs":2287.57,"stop_loss_ratio":-0.01,"min_rate":2292.2,"max_rate":2310.67,"is_open":false,"enter_tag":"","leverage":1.0,"is_short":false,"open_timestamp":1750687260000,"close_timestamp":1750687920000,"orders":[{"amount":0.0043,"safe_price":2301.96,"ft_order_side":"buy","order_filled_timestamp":1750687260000,"ft_is_entry":true,"ft_order_tag":"","cost":9.908326428},{"amount":0.0043,"safe_price":2293.16,"ft_order_side":"sell","order_filled_timestamp":1750687920000,"ft_is_entry":false,"ft_order_tag":"exit_signal","cost":9.870448587999999}]},{"pair":"BTC/USDT","stake_amount":9.2402154,"max_stake_amount":9.2402154,"amount":9e-05,"open_date":"2025-06-23 18:03:00+00:00","close_date":"2025-06-23 18:28:00+00:00","open_rate":102669.06,"close_rate":102782.11,"fee_open":0.001,"fee_close":0.001,"trade_duration":25,"profit_ratio":-0.0008990918326213691,"profit_abs":-0.00831611,"exit_reason":"exit_signal","initial_stop_loss_abs":101642.37,"initial_stop_loss_ratio":-0.01,"stop_loss_abs":102154.05,"stop_loss_ratio":-0.01,"min_rate":102628.9,"max_rate":103185.9,"is_open":false,"enter_tag":"","leverage":1.0,"is_short":false,"open_timestamp":1750701780000,"close_timestamp":1750703280000,"orders":[{"amount":9e-05,"safe_price":102669.06,"ft_order_side":"buy","order_filled_timestamp":1750701780000,"ft_is_entry":true,"ft_order_tag":"","cost":9.249455615399999},{"amount":9e-05,"safe_price":102782.11,"ft_order_side":"sell","order_filled_timestamp":1750703280000,"ft_is_entry":false,"ft_order_tag":"exit_signal","cost":9.259640289899998}]},{"pair":"ETH/USDT","stake_amount":9.862179,"max_stake_amount":9.862179,"amount":0.0043,"open_date":"2025-06-23 18:06:00+00:00","close_date":"2025-06-23 18:28:00+00:00","open_rate":2293.53,"close_rate":2289.36,"fee_open":0.001,"fee_close":0.001,"trade_duration":22,"profit_ratio":-0.003812527654368286,"profit_abs":-0.03763743,"exit_reason":"exit_signal","initial_stop_loss_abs":2270.6,"initial_stop_loss_ratio":-0.01,"stop_loss_abs":2280.83,"stop_loss_ratio":-0.01,"min_rate":2284.98,"max_rate":2303.86,"is_open":false,"enter_tag":"","leverage":1.0,"is_short":false,"open_timestamp":1750701960000,"close_timestamp":1750703280000,"orders":[{"amount":0.0043,"safe_price":2293.53,"ft_order_side":"buy","order_filled_timestamp":1750701960000,"ft_is_entry":true,"ft_order_tag":"","cost":9.872041179},{"amount":0.0043,"safe_price":2289.36,"ft_order_side":"sell","order_filled_timestamp":1750703280000,"ft_is_entry":false,"ft_order_tag":"exit_signal","cost":9.854092247999999}]},{"pair":"BTC/USDT","stake_amount":9.2895228,"max_stake_amount":9.2895228,"amount":9e-05,"open_date":"2025-06-23 18:37:00+00:00","close_date":"2025-06-23 18:48:00+00:00","open_rate":103216.92,"close_rate":102924.48,"fee_open":0.001,"fee_close":0.001,"trade_duration":11,"profit_ratio":-0.004825597984161522,"profit_abs":-0.04487233,"exit_reason":"exit_signal","initial_stop_loss_abs":102184.76,"initial_stop_loss_ratio":-0.01,"stop_loss_abs":102260.21,"stop_loss_ratio":-0.01,"min_rate":102923.98,"max_rate":103293.14,"is_open":false,"enter_tag":"","leverage":1.0,"is_short":false,"open_timestamp":1750703820000,"close_timestamp":1750704480000,"orders":[{"amount":9e-05,"safe_price":103216.92,"ft_order_side":"buy","order_filled_timestamp":1750703820000,"ft_is_entry":true,"ft_order_tag":"","cost":9.2988123228},{"amount":9e-05,"safe_price":102924.48,"ft_order_side":"sell","order_filled_timestamp":1750704480000,"ft_is_entry":false,"ft_order_tag":"exit_signal","cost":9.2724664032}]},{"pair":"ETH/USDT","stake_amount":9.8532,"max_stake_amount":9.8532,"amount":0.0042,"open_date":"2025-06-23 20:19:00+00:00","close_date":"2025-06-23 20:32:00+00:00","open_rate":2346.0,"close_rate":2356.0,"fee_open":0.001,"fee_close":0.001,"trade_duration":13,"profit_ratio":0.0022560559644958624,"profit_abs":0.0222516,"exit_reason":"trailing_stop_loss","initial_stop_loss_abs":2322.54,"initial_stop_loss_ratio":-0.01,"stop_loss_abs":2356.0,"stop_loss_ratio":-0.01,"min_rate":2342.82,"max_rate":2379.79,"is_open":false,"enter_tag":"","leverage":1.0,"is_short":false,"open_timestamp":1750709940000,"close_timestamp":1750710720000,"orders":[{"amount":0.0042,"safe_price":2346.0,"ft_order_side":"buy","order_filled_timestamp":1750709940000,"ft_is_entry":true,"ft_order_tag":"","cost":9.863053199999998},{"amount":0.0042,"safe_price":2356.0,"ft_order_side":"sell","order_filled_timestamp":1750710720000,"ft_is_entry":false,"ft_order_tag":"trailing_stop_loss","cost":9.905095199999998}]},{"pair":"BTC/USDT","stake_amount":9.2996154,"max_stake_amount":9.2996154,"amount":9e-05,"open_date":"2025-06-23 20:13:00+00:00","close_date":"2025-06-23 20:39:00+00:00","open_rate":103329.06,"close_rate":103665.98,"fee_open":0.001,"fee_close":0.001,"trade_duration":26,"profit_ratio":0.0012561345742930865,"profit_abs":0.01169325,"exit_reason":"exit_signal","initial_stop_loss_abs":102295.77,"initial_stop_loss_ratio":-0.01,"stop_loss_abs":102811.5,"stop_loss_ratio":-0.01,"min_rate":103301.42,"max_rate":103850.0,"is_open":false,"enter_tag":"","leverage":1.0,"is_short":false,"open_timestamp":1750709580000,"close_timestamp":1750711140000,"orders":[{"amount":9e-05,"safe_price":103329.06,"ft_order_side":"buy","order_filled_timestamp":1750709580000,"ft_is_entry":true,"ft_order_tag":"","cost":9.3089150154},{"amount":9e-05,"safe_price":103665.98,"ft_order_side":"sell","order_filled_timestamp":1750711140000,"ft_is_entry":false,"ft_order_tag":"exit_signal","cost":9.3392681382}]},{"pair":"ETH/USDT","stake_amount":9.868454,"max_stake_amount":9.868454,"amount":0.0041,"open_date":"2025-06-23 22:12:00+00:00","close_date":"2025-06-23 22:24:00+00:00","open_rate":2406.94,"close_rate":2414.3,"fee_open":0.001,"fee_close":0.001,"trade_duration":12,"profit_ratio":0.0010537133251592883,"profit_abs":0.01040892,"exit_reason":"trailing_stop_loss","initial_stop_loss_abs":2382.88,"initial_stop_loss_ratio":-0.01,"stop_loss_abs":2414.3,"stop_loss_ratio":-0.01,"min_rate":2391.13,"max_rate":2438.68,"is_open":false,"enter_tag":"","leverage":1.0,"is_short":false,"open_timestamp":1750716720000,"close_timestamp":1750717440000,"orders":[{"amount":0.0041,"safe_price":2406.94,"ft_order_side":"buy","order_filled_timestamp":1750716720000,"ft_is_entry":true,"ft_order_tag":"","cost":9.878322454000001},{"amount":0.0041,"safe_price":2414.3,"ft_order_side":"sell","order_filled_timestamp":1750717440000,"ft_is_entry":false,"ft_order_tag":"trailing_stop_loss","cost":9.90852863}]},{"pair":"BTC/USDT","stake_amount":9.3886164,"max_stake_amount":9.3886164,"amount":9e-05,"open_date":"2025-06-23 22:05:00+00:00","close_date":"2025-06-23 22:25:00+00:00","open_rate":104317.96,"close_rate":105753.0,"fee_open":0.001,"fee_close":0.001,"trade_duration":20,"profit_ratio":0.011730916275061884,"profit_abs":0.11024721,"exit_reason":"roi","initial_stop_loss_abs":103274.79,"initial_stop_loss_ratio":-0.01,"stop_loss_abs":104896.75,"stop_loss_ratio":-0.01,"min_rate":104293.43,"max_rate":105956.31,"is_open":false,"enter_tag":"","leverage":1.0,"is_short":false,"open_timestamp":1750716300000,"close_timestamp":1750717500000,"orders":[{"amount":9e-05,"safe_price":104317.96,"ft_order_side":"buy","order_filled_timestamp":1750716300000,"ft_is_entry":true,"ft_order_tag":"","cost":9.3980050164},{"amount":9e-05,"safe_price":105753.0,"ft_order_side":"sell","order_filled_timestamp":1750717500000,"ft_is_entry":false,"ft_order_tag":"roi","cost":9.52728777}]},{"pair":"ETH/USDT","stake_amount":9.954349,"max_stake_amount":9.954349,"amount":0.0041,"open_date":"2025-06-23 22:25:00+00:00","close_date":"2025-06-23 22:33:00+00:00","open_rate":2427.89,"close_rate":2408.81,"fee_open":0.001,"fee_close":0.001,"trade_duration":8,"profit_ratio":-0.009840975988536215,"profit_abs":-0.09805847,"exit_reason":"trailing_stop_loss","initial_stop_loss_abs":2403.62,"initial_stop_loss_ratio":-0.01,"stop_loss_abs":2408.81,"stop_loss_ratio":-0.01,"min_rate":2401.91,"max_rate":2433.14,"is_open":false,"enter_tag":"","leverage":1.0,"is_short":false,"open_timestamp":1750717500000,"close_timestamp":1750717980000,"orders":[{"amount":0.0041,"safe_price":2427.89,"ft_order_side":"buy","order_filled_timestamp":1750717500000,"ft_is_entry":true,"ft_order_tag":"","cost":9.964303349},{"amount":0.0041,"safe_price":2408.81,"ft_order_side":"sell","order_filled_timestamp":1750717980000,"ft_is_entry":false,"ft_order_tag":"trailing_stop_loss","cost":9.885997121}]},{"pair":"ETH/USDT","stake_amount":9.883501,"max_stake_amount":9.883501,"amount":0.0041,"open_date":"2025-06-24 05:16:00+00:00","close_date":"2025-06-24 05:19:00+00:00","open_rate":2410.61,"close_rate":2403.35,"fee_open":0.001,"fee_close":0.001,"trade_duration":3,"profit_ratio":-0.005003670886843257,"profit_abs":-0.04950324,"exit_reason":"exit_signal","initial_stop_loss_abs":2386.51,"initial_stop_loss_ratio":-0.01,"stop_loss_abs":2388.07,"stop_loss_ratio":-0.01,"min_rate":2402.96,"max_rate":2412.19,"is_open":false,"enter_tag":"","leverage":1.0,"is_short":false,"open_timestamp":1750742160000,"close_timestamp":1750742340000,"orders":[{"amount":0.0041,"safe_price":2410.61,"ft_order_side":"buy","order_filled_timestamp":1750742160000,"ft_is_entry":true,"ft_order_tag":"","cost":9.893384501},{"amount":0.0041,"safe_price":2403.35,"ft_order_side":"sell","order_filled_timestamp":1750742340000,"ft_is_entry":false,"ft_order_tag":"exit_signal","cost":9.863588734999999}]},{"pair":"ETH/USDT","stake_amount":9.912283,"max_stake_amount":9.912283,"amount":0.0041,"open_date":"2025-06-24 05:37:00+00:00","close_date":"2025-06-24 06:00:00+00:00","open_rate":2417.63,"close_rate":2420.02,"fee_open":0.001,"fee_close":0.001,"trade_duration":23,"profit_ratio":-0.00101140621745209,"profit_abs":-0.01003537,"exit_reason":"exit_signal","initial_stop_loss_abs":2393.46,"initial_stop_loss_ratio":-0.01,"stop_loss_abs":2400.2,"stop_loss_ratio":-0.01,"min_rate":2416.61,"max_rate":2424.44,"is_open":false,"enter_tag":"","leverage":1.0,"is_short":false,"open_timestamp":1750743420000,"close_timestamp":1750744800000,"orders":[{"amount":0.0041,"safe_price":2417.63,"ft_order_side":"buy","order_filled_timestamp":1750743420000,"ft_is_entry":true,"ft_order_tag":"","cost":9.922195282999999},{"amount":0.0041,"safe_price":2420.02,"ft_order_side":"sell","order_filled_timestamp":1750744800000,"ft_is_entry":false,"ft_order_tag":"exit_signal","cost":9.932004082}]},{"pair":"BTC/USDT","stake_amount":9.504,"max_stake_amount":9.504,"amount":9e-05,"open_date":"2025-06-24 06:36:00+00:00","close_date":"2025-06-24 06:53:00+00:00","open_rate":105600.0,"close_rate":105671.49,"fee_open":0.001,"fee_close":0.001,"trade_duration":17,"profit_ratio":-0.001322365555320101,"profit_abs":-0.01258033,"exit_reason":"exit_signal","initial_stop_loss_abs":104544.0,"initial_stop_loss_ratio":-0.01,"stop_loss_abs":104752.89,"stop_loss_ratio":-0.01,"min_rate":105567.27,"max_rate":105811.0,"is_open":false,"enter_tag":"","leverage":1.0,"is_short":false,"open_timestamp":1750746960000,"close_timestamp":1750747980000,"orders":[{"amount":9e-05,"safe_price":105600.0,"ft_order_side":"buy","order_filled_timestamp":1750746960000,"ft_is_entry":true,"ft_order_tag":"","cost":9.513504000000001},{"amount":9e-05,"safe_price":105671.49,"ft_order_side":"sell","order_filled_timestamp":1750747980000,"ft_is_entry":false,"ft_order_tag":"exit_signal","cost":9.5199445341}]},{"pair":"ETH/USDT","stake_amount":9.954021,"max_stake_amount":9.954021,"amount":0.0041,"open_date":"2025-06-24 06:43:00+00:00","close_date":"2025-06-24 06:55:00+00:00","open_rate":2427.81,"close_rate":2426.5,"fee_open":0.001,"fee_close":0.001,"trade_duration":12,"profit_ratio":-0.0025365047530461894,"profit_abs":-0.02527367,"exit_reason":"exit_signal","initial_stop_loss_abs":2403.54,"initial_stop_loss_ratio":-0.01,"stop_loss_abs":2410.48,"stop_loss_ratio":-0.01,"min_rate":2423.81,"max_rate":2434.82,"is_open":false,"enter_tag":"","leverage":1.0,"is_short":false,"open_timestamp":1750747380000,"close_timestamp":1750748100000,"orders":[{"amount":0.0041,"safe_price":2427.81,"ft_order_side":"buy","order_filled_timestamp":1750747380000,"ft_is_entry":true,"ft_order_tag":"","cost":9.963975021},{"amount":0.0041,"safe_price":2426.5,"ft_order_side":"sell","order_filled_timestamp":1750748100000,"ft_is_entry":false,"ft_order_tag":"exit_signal","cost":9.958598649999999}]},{"pair":"ETH/USDT","stake_amount":9.998916,"max_stake_amount":9.998916,"amount":0.0041,"open_date":"2025-06-24 09:29:00+00:00","close_date":"2025-06-24 09:37:00+00:00","open_rate":2438.76,"close_rate":2419.09,"fee_open":0.001,"fee_close":0.001,"trade_duration":8,"profit_ratio":-0.010047460773119434,"profit_abs":-0.10056418,"exit_reason":"exit_signal","initial_stop_loss_abs":2414.38,"initial_stop_loss_ratio":-0.01,"stop_loss_abs":2414.53,"stop_loss_ratio":-0.01,"min_rate":2414.6,"max_rate":2438.91,"is_open":false,"enter_tag":"","leverage":1.0,"is_short":false,"open_timestamp":1750757340000,"close_timestamp":1750757820000,"orders":[{"amount":0.0041,"safe_price":2438.76,"ft_order_side":"buy","order_filled_timestamp":1750757340000,"ft_is_entry":true,"ft_order_tag":"","cost":10.008914916},{"amount":0.0041,"safe_price":2419.09,"ft_order_side":"sell","order_filled_timestamp":1750757820000,"ft_is_entry":false,"ft_order_tag":"exit_signal","cost":9.928187269}]},{"pair":"BTC/USDT","stake_amount":9.5375898,"max_stake_amount":9.5375898,"amount":9e-05,"open_date":"2025-06-24 16:54:00+00:00","close_date":"2025-06-24 17:12:00+00:00","open_rate":105973.22,"close_rate":105943.94,"fee_open":0.001,"fee_close":0.001,"trade_duration":18,"profit_ratio":-0.002273745715720962,"profit_abs":-0.02170774,"exit_reason":"exit_signal","initial_stop_loss_abs":104913.49,"initial_stop_loss_ratio":-0.01,"stop_loss_abs":105227.1,"stop_loss_ratio":-0.01,"min_rate":105935.88,"max_rate":106290.0,"is_open":false,"enter_tag":"","leverage":1.0,"is_short":false,"open_timestamp":1750784040000,"close_timestamp":1750785120000,"orders":[{"amount":9e-05,"safe_price":105973.22,"ft_order_side":"buy","order_filled_timestamp":1750784040000,"ft_is_entry":true,"ft_order_tag":"","cost":9.5471273898},{"amount":9e-05,"safe_price":105943.94,"ft_order_side":"sell","order_filled_timestamp":1750785120000,"ft_is_entry":false,"ft_order_tag":"exit_signal","cost":9.5444895546}]},{"pair":"BTC/USDT","stake_amount":9.5423751,"max_stake_amount":9.5423751,"amount":9e-05,"open_date":"2025-06-24 20:50:00+00:00","close_date":"2025-06-24 21:02:00+00:00","open_rate":106026.39,"close_rate":105980.89,"fee_open":0.001,"fee_close":0.001,"trade_duration":12,"profit_ratio":-0.00242628352479117,"profit_abs":-0.02317566,"exit_reason":"exit_signal","initial_stop_loss_abs":104966.13,"initial_stop_loss_ratio":-0.01,"stop_loss_abs":105037.02,"stop_loss_ratio":-0.01,"min_rate":105903.29,"max_rate":106098.0,"is_open":false,"enter_tag":"","leverage":1.0,"is_short":false,"open_timestamp":1750798200000,"close_timestamp":1750798920000,"orders":[{"amount":9e-05,"safe_price":106026.39,"ft_order_side":"buy","order_filled_timestamp":1750798200000,"ft_is_entry":true,"ft_order_tag":"","cost":9.5519174751},{"amount":9e-05,"safe_price":105980.89,"ft_order_side":"sell","order_filled_timestamp":1750798920000,"ft_is_entry":false,"ft_order_tag":"exit_signal","cost":9.547818380099999}]},{"pair":"BTC/USDT","stake_amount":9.5540328,"max_stake_amount":9.5540328,"amount":9e-05,"open_date":"2025-06-25 00:09:00+00:00","close_date":"2025-06-25 00:22:00+00:00","open_rate":106155.92,"close_rate":106166.11,"fee_open":0.001,"fee_close":0.001,"trade_duration":13,"profit_ratio":-0.001902202627324693,"profit_abs":-0.01819188,"exit_reason":"exit_signal","initial_stop_loss_abs":105094.37,"initial_stop_loss_ratio":-0.01,"stop_loss_abs":105385.5,"stop_loss_ratio":-0.01,"min_rate":106127.45,"max_rate":106450.0,"is_open":false,"enter_tag":"","leverage":1.0,"is_short":false,"open_timestamp":1750810140000,"close_timestamp":1750810920000,"orders":[{"amount":9e-05,"safe_price":106155.92,"ft_order_side":"buy","order_filled_timestamp":1750810140000,"ft_is_entry":true,"ft_order_tag":"","cost":9.563586832799999},{"amount":9e-05,"safe_price":106166.11,"ft_order_side":"sell","order_filled_timestamp":1750810920000,"ft_is_entry":false,"ft_order_tag":"exit_signal","cost":9.564504849899999}]},{"pair":"ETH/USDT","stake_amount":9.81816,"max_stake_amount":9.81816,"amount":0.004,"open_date":"2025-06-25 00:14:00+00:00","close_date":"2025-06-25 00:25:00+00:00","open_rate":2454.54,"close_rate":2450.5,"fee_open":0.001,"fee_close":0.001,"trade_duration":11,"profit_ratio":-0.0036406430109527225,"profit_abs":-0.03578016,"exit_reason":"exit_signal","initial_stop_loss_abs":2430.0,"initial_stop_loss_ratio":-0.01,"stop_loss_abs":2432.94,"stop_loss_ratio":-0.01,"min_rate":2449.82,"max_rate":2457.51,"is_open":false,"enter_tag":"","leverage":1.0,"is_short":false,"open_timestamp":1750810440000,"close_timestamp":1750811100000,"orders":[{"amount":0.004,"safe_price":2454.54,"ft_order_side":"buy","order_filled_timestamp":1750810440000,"ft_is_entry":true,"ft_order_tag":"","cost":9.827978159999999},{"amount":0.004,"safe_price":2450.5,"ft_order_side":"sell","order_filled_timestamp":1750811100000,"ft_is_entry":false,"ft_order_tag":"exit_signal","cost":9.811801999999998}]},{"pair":"ETH/USDT","stake_amount":9.84692,"max_stake_amount":9.84692,"amount":0.004,"open_date":"2025-06-25 00:56:00+00:00","close_date":"2025-06-25 01:15:00+00:00","open_rate":2461.73,"close_rate":2455.64,"fee_open":0.001,"fee_close":0.001,"trade_duration":19,"profit_ratio":-0.004466929202785694,"profit_abs":-0.04402948,"exit_reason":"exit_signal","initial_stop_loss_abs":2437.12,"initial_stop_loss_ratio":-0.01,"stop_loss_abs":2438.2,"stop_loss_ratio":-0.01,"min_rate":2454.16,"max_rate":2462.82,"is_open":false,"enter_tag":"","leverage":1.0,"is_short":false,"open_timestamp":1750812960000,"close_timestamp":1750814100000,"orders":[{"amount":0.004,"safe_price":2461.73,"ft_order_side":"buy","order_filled_timestamp":1750812960000,"ft_is_entry":true,"ft_order_tag":"","cost":9.85676692},{"amount":0.004,"safe_price":2455.64,"ft_order_side":"sell","order_filled_timestamp":1750814100000,"ft_is_entry":false,"ft_order_tag":"exit_signal","cost":9.832382559999997}]},{"pair":"BTC/USDT","stake_amount":9.5823189,"max_stake_amount":9.5823189,"amount":9e-05,"open_date":"2025-06-25 00:56:00+00:00","close_date":"2025-06-25 01:20:00+00:00","open_rate":106470.21,"close_rate":106133.35,"fee_open":0.001,"fee_close":0.001,"trade_duration":24,"profit_ratio":-0.005155570191085759,"profit_abs":-0.04945172,"exit_reason":"exit_signal","initial_stop_loss_abs":105405.51,"initial_stop_loss_ratio":-0.01,"stop_loss_abs":105549.85,"stop_loss_ratio":-0.01,"min_rate":106097.75,"max_rate":106616.01,"is_open":false,"enter_tag":"","leverage":1.0,"is_short":false,"open_timestamp":1750812960000,"close_timestamp":1750814400000,"orders":[{"amount":9e-05,"safe_price":106470.21,"ft_order_side":"buy","order_filled_timestamp":1750812960000,"ft_is_entry":true,"ft_order_tag":"","cost":9.5919012189},{"amount":9e-05,"safe_price":106133.35,"ft_order_side":"sell","order_filled_timestamp":1750814400000,"ft_is_entry":false,"ft_order_tag":"exit_signal","cost":9.5615535015}]},{"pair":"BTC/USDT","stake_amount":9.6074991,"max_stake_amount":9.6074991,"amount":9e-05,"open_date":"2025-06-25 02:12:00+00:00","close_date":"2025-06-25 02:27:00+00:00","open_rate":106749.99,"close_rate":106566.8,"fee_open":0.001,"fee_close":0.001,"trade_duration":15,"profit_ratio":-0.00371063891538226,"profit_abs":-0.03568561,"exit_reason":"exit_signal","initial_stop_loss_abs":105682.5,"initial_stop_loss_ratio":-0.01,"stop_loss_abs":105723.27,"stop_loss_ratio":-0.01,"min_rate":106540.67,"max_rate":106791.18,"is_open":false,"enter_tag":"","leverage":1.0,"is_short":false,"open_timestamp":1750817520000,"close_timestamp":1750818420000,"orders":[{"amount":9e-05,"safe_price":106749.99,"ft_order_side":"buy","order_filled_timestamp":1750817520000,"ft_is_entry":true,"ft_order_tag":"","cost":9.617106599100001},{"amount":9e-05,"safe_price":106566.8,"ft_order_side":"sell","order_filled_timestamp":1750818420000,"ft_is_entry":false,"ft_order_tag":"exit_signal","cost":9.600603012}]},{"pair":"ETH/USDT","stake_amount":9.78428,"max_stake_amount":9.78428,"amount":0.004,"open_date":"2025-06-25 07:04:00+00:00","close_date":"2025-06-25 07:06:00+00:00","open_rate":2446.07,"close_rate":2442.9,"fee_open":0.001,"fee_close":0.001,"trade_duration":2,"profit_ratio":-0.003291369045415332,"profit_abs":-0.03223588,"exit_reason":"exit_signal","initial_stop_loss_abs":2421.61,"initial_stop_loss_ratio":-0.01,"stop_loss_abs":2421.61,"stop_loss_ratio":-0.01,"min_rate":2442.21,"max_rate":2446.07,"is_open":false,"enter_tag":"","leverage":1.0,"is_short":false,"open_timestamp":1750835040000,"close_timestamp":1750835160000,"orders":[{"amount":0.004,"safe_price":2446.07,"ft_order_side":"buy","order_filled_timestamp":1750835040000,"ft_is_entry":true,"ft_order_tag":"","cost":9.794064279999999},{"amount":0.004,"safe_price":2442.9,"ft_order_side":"sell","order_filled_timestamp":1750835160000,"ft_is_entry":false,"ft_order_tag":"exit_signal","cost":9.7813716}]},{"pair":"BTC/USDT","stake_amount":9.5874183,"max_stake_amount":9.5874183,"amount":9e-05,"open_date":"2025-06-25 07:26:00+00:00","close_date":"2025-06-25 07:52:00+00:00","open_rate":106526.87,"close_rate":106608.56,"fee_open":0.001,"fee_close":0.001,"trade_duration":26,"profit_ratio":-0.0012326855216353424,"profit_abs":-0.01183009,"exit_reason":"exit_signal","initial_stop_loss_abs":105461.61,"initial_stop_loss_ratio":-0.01,"stop_loss_abs":105634.98,"stop_loss_ratio":-0.01,"min_rate":106526.87,"max_rate":106702.0,"is_open":false,"enter_tag":"","leverage":1.0,"is_short":false,"open_timestamp":1750836360000,"close_timestamp":1750837920000,"orders":[{"amount":9e-05,"safe_price":106526.87,"ft_order_side":"buy","order_filled_timestamp":1750836360000,"ft_is_entry":true,"ft_order_tag":"","cost":9.597005718299998},{"amount":9e-05,"safe_price":106608.56,"ft_order_side":"sell","order_filled_timestamp":1750837920000,"ft_is_entry":false,"ft_order_tag":"exit_signal","cost":9.6043651704}]},{"pair":"BTC/USDT","stake_amount":9.5972184,"max_stake_amount":9.5972184,"amount":9e-05,"open_date":"2025-06-25 09:00:00+00:00","close_date":"2025-06-25 09:37:00+00:00","open_rate":106635.76,"close_rate":106785.1,"fee_open":0.001,"fee_close":0.001,"trade_duration":37,"profit_ratio":-0.0006003321213903479,"profit_abs":-0.00576728,"exit_reason":"exit_signal","initial_stop_loss_abs":105569.41,"initial_stop_loss_ratio":-0.01,"stop_loss_abs":105902.2,"stop_loss_ratio":-0.01,"min_rate":106590.89,"max_rate":106971.91,"is_open":false,"enter_tag":"","leverage":1.0,"is_short":false,"open_timestamp":1750842000000,"close_timestamp":1750844220000,"orders":[{"amount":9e-05,"safe_price":106635.76,"ft_order_side":"buy","order_filled_timestamp":1750842000000,"ft_is_entry":true,"ft_order_tag":"","cost":9.6068156184},{"amount":9e-05,"safe_price":106785.1,"ft_order_side":"sell","order_filled_timestamp":1750844220000,"ft_is_entry":false,"ft_order_tag":"exit_signal","cost":9.620269659000002}]},{"pair":"BTC/USDT","stake_amount":9.6368832,"max_stake_amount":9.6368832,"amount":9e-05,"open_date":"2025-06-25 10:27:00+00:00","close_date":"2025-06-25 10:36:00+00:00","open_rate":107076.48,"close_rate":106961.77,"fee_open":0.001,"fee_close":0.001,"trade_duration":9,"profit_ratio":-0.003067151651042343,"profit_abs":-0.02958734,"exit_reason":"exit_signal","initial_stop_loss_abs":106005.72,"initial_stop_loss_ratio":-0.01,"stop_loss_abs":106072.38,"stop_loss_ratio":-0.01,"min_rate":106910.09,"max_rate":107143.81,"is_open":false,"enter_tag":"","leverage":1.0,"is_short":false,"open_timestamp":1750847220000,"close_timestamp":1750847760000,"orders":[{"amount":9e-05,"safe_price":107076.48,"ft_order_side":"buy","order_filled_timestamp":1750847220000,"ft_is_entry":true,"ft_order_tag":"","cost":9.646520083199999},{"amount":9e-05,"safe_price":106961.77,"ft_order_side":"sell","order_filled_timestamp":1750847760000,"ft_is_entry":false,"ft_order_tag":"exit_signal","cost":9.6361858593}]},{"pair":"BTC/USDT","stake_amount":9.648234,"max_stake_amount":9.648234,"amount":9e-05,"open_date":"2025-06-25 11:55:00+00:00","close_date":"2025-06-25 12:01:00+00:00","open_rate":107202.6,"close_rate":107156.26,"fee_open":0.001,"fee_close":0.001,"trade_duration":6,"profit_ratio":-0.002429404234957458,"profit_abs":-0.0234629,"exit_reason":"exit_signal","initial_stop_loss_abs":106130.58,"initial_stop_loss_ratio":-0.01,"stop_loss_abs":106165.07,"stop_loss_ratio":-0.01,"min_rate":107132.38,"max_rate":107237.44,"is_open":false,"enter_tag":"","leverage":1.0,"is_short":false,"open_timestamp":1750852500000,"close_timestamp":1750852860000,"orders":[{"amount":9e-05,"safe_price":107202.6,"ft_order_side":"buy","order_filled_timestamp":1750852500000,"ft_is_entry":true,"ft_order_tag":"","cost":9.657882233999999},{"amount":9e-05,"safe_price":107156.26,"ft_order_side":"sell","order_filled_timestamp":1750852860000,"ft_is_entry":false,"ft_order_tag":"exit_signal","cost":9.6537074634}]},{"pair":"ETH/USDT","stake_amount":9.76512,"max_stake_amount":9.76512,"amount":0.004,"open_date":"2025-06-25 13:21:00+00:00","close_date":"2025-06-25 13:31:00+00:00","open_rate":2441.28,"close_rate":2437.63,"fee_open":0.001,"fee_close":0.001,"trade_duration":10,"profit_ratio":-0.003490132066124988,"profit_abs":-0.03411564,"exit_reason":"exit_signal","initial_stop_loss_abs":2416.87,"initial_stop_loss_ratio":-0.01,"stop_loss_abs":2419.55,"stop_loss_ratio":-0.01,"min_rate":2436.23,"max_rate":2443.98,"is_open":false,"enter_tag":"","leverage":1.0,"is_short":false,"open_timestamp":1750857660000,"close_timestamp":1750858260000,"orders":[{"amount":0.004,"safe_price":2441.28,"ft_order_side":"buy","order_filled_timestamp":1750857660000,"ft_is_entry":true,"ft_order_tag":"","cost":9.77488512},{"amount":0.004,"safe_price":2437.63,"ft_order_side":"sell","order_filled_timestamp":1750858260000,"ft_is_entry":false,"ft_order_tag":"exit_signal","cost":9.760270519999999}]},{"pair":"BTC/USDT","stake_amount":9.6647301,"max_stake_amount":9.6647301,"amount":9e-05,"open_date":"2025-06-25 13:13:00+00:00","close_date":"2025-06-25 13:34:00+00:00","open_rate":107385.89,"close_rate":107700.01,"fee_open":0.001,"fee_close":0.001,"trade_duration":21,"profit_ratio":0.0009213051727296383,"profit_abs":0.00891307,"exit_reason":"exit_signal","initial_stop_loss_abs":106312.04,"initial_stop_loss_ratio":-0.01,"stop_loss_abs":106831.83,"stop_loss_ratio":-0.01,"min_rate":107385.89,"max_rate":107910.93,"is_open":false,"enter_tag":"","leverage":1.0,"is_short":false,"open_timestamp":1750857180000,"close_timestamp":1750858440000,"orders":[{"amount":9e-05,"safe_price":107385.89,"ft_order_side":"buy","order_filled_timestamp":1750857180000,"ft_is_entry":true,"ft_order_tag":"","cost":9.674394830099999},{"amount":9e-05,"safe_price":107700.01,"ft_order_side":"sell","order_filled_timestamp":1750858440000,"ft_is_entry":false,"ft_order_tag":"exit_signal","cost":9.702693900899998}]},{"pair":"BTC/USDT","stake_amount":9.726246,"max_stake_amount":9.726246,"amount":9e-05,"open_date":"2025-06-25 13:46:00+00:00","close_date":"2025-06-25 13:51:00+00:00","open_rate":108069.4,"close_rate":107845.81,"fee_open":0.001,"fee_close":0.001,"trade_duration":5,"profit_ratio":-0.004062816635108144,"profit_abs":-0.03955547,"exit_reason":"exit_signal","initial_stop_loss_abs":106988.71,"initial_stop_loss_ratio":-0.01,"stop_loss_abs":107048.94,"stop_loss_ratio":-0.01,"min_rate":107738.34,"max_rate":108130.24,"is_open":false,"enter_tag":"","leverage":1.0,"is_short":false,"open_timestamp":1750859160000,"close_timestamp":1750859460000,"orders":[{"amount":9e-05,"safe_price":108069.4,"ft_order_side":"buy","order_filled_timestamp":1750859160000,"ft_is_entry":true,"ft_order_tag":"","cost":9.735972246},{"amount":9e-05,"safe_price":107845.81,"ft_order_side":"sell","order_filled_timestamp":1750859460000,"ft_is_entry":false,"ft_order_tag":"exit_signal","cost":9.7158290229}]},{"pair":"ETH/USDT","stake_amount":9.99744,"max_stake_amount":9.99744,"amount":0.0041,"open_date":"2025-06-25 19:23:00+00:00","close_date":"2025-06-25 19:32:00+00:00","open_rate":2438.4,"close_rate":2431.01,"fee_open":0.001,"fee_close":0.001,"trade_duration":9,"profit_ratio":-0.005022622454685063,"profit_abs":-0.05026358,"exit_reason":"exit_signal","initial_stop_loss_abs":2414.02,"initial_stop_loss_ratio":-0.01,"stop_loss_abs":2415.6,"stop_loss_ratio":-0.01,"min_rate":2426.54,"max_rate":2440.0,"is_open":false,"enter_tag":"","leverage":1.0,"is_short":false,"open_timestamp":1750879380000,"close_timestamp":1750879920000,"orders":[{"amount":0.0041,"safe_price":2438.4,"ft_order_side":"buy","order_filled_timestamp":1750879380000,"ft_is_entry":true,"ft_order_tag":"","cost":10.00743744},{"amount":0.0041,"safe_price":2431.01,"ft_order_side":"sell","order_filled_timestamp":1750879920000,"ft_is_entry":false,"ft_order_tag":"exit_signal","cost":9.977108141}]},{"pair":"ETH/USDT","stake_amount":9.78896,"max_stake_amount":9.78896,"amount":0.004,"open_date":"2025-06-25 21:03:00+00:00","close_date":"2025-06-25 21:10:00+00:00","open_rate":2447.24,"close_rate":2438.79,"fee_open":0.001,"fee_close":0.001,"trade_duration":7,"profit_ratio":-0.005443972512997211,"profit_abs":-0.05334412,"exit_reason":"exit_signal","initial_stop_loss_abs":2422.77,"initial_stop_loss_ratio":-0.01,"stop_loss_abs":2430.44,"stop_loss_ratio":-0.01,"min_rate":2435.63,"max_rate":2454.98,"is_open":false,"enter_tag":"","leverage":1.0,"is_short":false,"open_timestamp":1750885380000,"close_timestamp":1750885800000,"orders":[{"amount":0.004,"safe_price":2447.24,"ft_order_side":"buy","order_filled_timestamp":1750885380000,"ft_is_entry":true,"ft_order_tag":"","cost":9.798748959999998},{"amount":0.004,"safe_price":2438.79,"ft_order_side":"sell","order_filled_timestamp":1750885800000,"ft_is_entry":false,"ft_order_tag":"exit_signal","cost":9.76491516}]},{"pair":"ETH/USDT","stake_amount":9.76588,"max_stake_amount":9.76588,"amount":0.004,"open_date":"2025-06-26 01:30:00+00:00","close_date":"2025-06-26 01:52:00+00:00","open_rate":2441.47,"close_rate":2453.15,"fee_open":0.001,"fee_close":0.001,"trade_duration":22,"profit_ratio":0.002776442634397063,"profit_abs":0.02714152,"exit_reason":"exit_signal","initial_stop_loss_abs":2417.06,"initial_stop_loss_ratio":-0.01,"stop_loss_abs":2450.13,"stop_loss_ratio":-0.01,"min_rate":2436.98,"max_rate":2474.87,"is_open":false,"enter_tag":"","leverage":1.0,"is_short":false,"open_timestamp":1750901400000,"close_timestamp":1750902720000,"orders":[{"amount":0.004,"safe_price":2441.47,"ft_order_side":"buy","order_filled_timestamp":1750901400000,"ft_is_entry":true,"ft_order_tag":"","cost":9.775645879999999},{"amount":0.004,"safe_price":2453.15,"ft_order_side":"sell","order_filled_timestamp":1750902720000,"ft_is_entry":false,"ft_order_tag":"exit_signal","cost":9.822412599999998}]},{"pair":"ETH/USDT","stake_amount":9.8582,"max_stake_amount":9.8582,"amount":0.004,"open_date":"2025-06-26 02:01:00+00:00","close_date":"2025-06-26 02:21:00+00:00","open_rate":2464.55,"close_rate":2466.53,"fee_open":0.001,"fee_close":0.001,"trade_duration":20,"profit_ratio":-0.001196215077045249,"profit_abs":-0.01180432,"exit_reason":"exit_signal","initial_stop_loss_abs":2439.91,"initial_stop_loss_ratio":-0.01,"stop_loss_abs":2449.75,"stop_loss_ratio":-0.01,"min_rate":2462.03,"max_rate":2474.49,"is_open":false,"enter_tag":"","leverage":1.0,"is_short":false,"open_timestamp":1750903260000,"close_timestamp":1750904460000,"orders":[{"amount":0.004,"safe_price":2464.55,"ft_order_side":"buy","order_filled_timestamp":1750903260000,"ft_is_entry":true,"ft_order_tag":"","cost":9.868058199999998},{"amount":0.004,"safe_price":2466.53,"ft_order_side":"sell","order_filled_timestamp":1750904460000,"ft_is_entry":false,"ft_order_tag":"exit_signal","cost":9.875986119999999}]},{"pair":"BTC/USDT","stake_amount":9.7038036,"max_stake_amount":9.7038036,"amount":9e-05,"open_date":"2025-06-26 02:06:00+00:00","close_date":"2025-06-26 02:21:00+00:00","open_rate":107820.04,"close_rate":107766.68,"fee_open":0.001,"fee_close":0.001,"trade_duration":15,"profit_ratio":-0.002491911417190985,"profit_abs":-0.0242052,"exit_reason":"exit_signal","initial_stop_loss_abs":106741.84,"initial_stop_loss_ratio":-0.01,"stop_loss_abs":106870.5,"stop_loss_ratio":-0.01,"min_rate":107723.52,"max_rate":107950.0,"is_open":false,"enter_tag":"","leverage":1.0,"is_short":false,"open_timestamp":1750903560000,"close_timestamp":1750904460000,"orders":[{"amount":9e-05,"safe_price":107820.04,"ft_order_side":"buy","order_filled_timestamp":1750903560000,"ft_is_entry":true,"ft_order_tag":"","cost":9.7135074036},{"amount":9e-05,"safe_price":107766.68,"ft_order_side":"sell","order_filled_timestamp":1750904460000,"ft_is_entry":false,"ft_order_tag":"exit_signal","cost":9.7087002012}]},{"pair":"BTC/USDT","stake_amount":9.7379316,"max_stake_amount":9.7379316,"amount":9e-05,"open_date":"2025-06-26 03:05:00+00:00","close_date":"2025-06-26 03:13:00+00:00","open_rate":108199.24,"close_rate":107992.7,"fee_open":0.001,"fee_close":0.001,"trade_duration":8,"profit_ratio":-0.0039030734348002756,"profit_abs":-0.03804587,"exit_reason":"exit_signal","initial_stop_loss_abs":107117.25,"initial_stop_loss_ratio":-0.01,"stop_loss_abs":107189.73,"stop_loss_ratio":-0.01,"min_rate":107950.46,"max_rate":108272.45,"is_open":false,"enter_tag":"","leverage":1.0,"is_short":false,"open_timestamp":1750907100000,"close_timestamp":1750907580000,"orders":[{"amount":9e-05,"safe_price":108199.24,"ft_order_side":"buy","order_filled_timestamp":1750907100000,"ft_is_entry":true,"ft_order_tag":"","cost":9.7476695316},{"amount":9e-05,"safe_price":107992.7,"ft_order_side":"sell","order_filled_timestamp":1750907580000,"ft_is_entry":false,"ft_order_tag":"exit_signal","cost":9.729062342999999}]},{"pair":"ETH/USDT","stake_amount":9.750429,"max_stake_amount":9.750429,"amount":0.0039,"open_date":"2025-06-26 02:55:00+00:00","close_date":"2025-06-26 03:14:00+00:00","open_rate":2500.11,"close_rate":2500.2,"fee_open":0.001,"fee_close":0.001,"trade_duration":19,"profit_ratio":-0.00196207560929667,"profit_abs":-0.01915021,"exit_reason":"exit_signal","initial_stop_loss_abs":2475.11,"initial_stop_loss_ratio":-0.01,"stop_loss_abs":2495.72,"stop_loss_ratio":-0.01,"min_rate":2490.18,"max_rate":2520.92,"is_open":false,"enter_tag":"","leverage":1.0,"is_short":false,"open_timestamp":1750906500000,"close_timestamp":1750907640000,"orders":[{"amount":0.0039,"safe_price":2500.11,"ft_order_side":"buy","order_filled_timestamp":1750906500000,"ft_is_entry":true,"ft_order_tag":"","cost":9.760179428999999},{"amount":0.0039,"safe_price":2500.2,"ft_order_side":"sell","order_filled_timestamp":1750907640000,"ft_is_entry":false,"ft_order_tag":"exit_signal","cost":9.760530779999998}]},{"pair":"BTC/USDT","stake_amount":9.7241229,"max_stake_amount":9.7241229,"amount":9e-05,"open_date":"2025-06-26 07:26:00+00:00","close_date":"2025-06-26 07:38:00+00:00","open_rate":108045.81,"close_rate":107909.71,"fee_open":0.001,"fee_close":0.001,"trade_duration":12,"profit_ratio":-0.0032551364250390804,"profit_abs":-0.031685,"exit_reason":"exit_signal","initial_stop_loss_abs":106965.36,"initial_stop_loss_ratio":-0.01,"stop_loss_abs":106978.47,"stop_loss_ratio":-0.01,"min_rate":107909.7,"max_rate":108059.06,"is_open":false,"enter_tag":"","leverage":1.0,"is_short":false,"open_timestamp":1750922760000,"close_timestamp":1750923480000,"orders":[{"amount":9e-05,"safe_price":108045.81,"ft_order_side":"buy","order_filled_timestamp":1750922760000,"ft_is_entry":true,"ft_order_tag":"","cost":9.733847022900001},{"amount":9e-05,"safe_price":107909.71,"ft_order_side":"sell","order_filled_timestamp":1750923480000,"ft_is_entry":false,"ft_order_tag":"exit_signal","cost":9.7215857739}]},{"pair":"ETH/USDT","stake_amount":9.9962,"max_stake_amount":9.9962,"amount":0.004,"open_date":"2025-06-26 07:47:00+00:00","close_date":"2025-06-26 07:49:00+00:00","open_rate":2499.05,"close_rate":2494.15,"fee_open":0.001,"fee_close":0.001,"trade_duration":2,"profit_ratio":-0.0039548295085399185,"profit_abs":-0.0395728,"exit_reason":"exit_signal","initial_stop_loss_abs":2474.06,"initial_stop_loss_ratio":-0.01,"stop_loss_abs":2474.11,"stop_loss_ratio":-0.01,"min_rate":2493.2,"max_rate":2499.1,"is_open":false,"enter_tag":"","leverage":1.0,"is_short":false,"open_timestamp":1750924020000,"close_timestamp":1750924140000,"orders":[{"amount":0.004,"safe_price":2499.05,"ft_order_side":"buy","order_filled_timestamp":1750924020000,"ft_is_entry":true,"ft_order_tag":"","cost":10.006196200000002},{"amount":0.004,"safe_price":2494.15,"ft_order_side":"sell","order_filled_timestamp":1750924140000,"ft_is_entry":false,"ft_order_tag":"exit_signal","cost":9.9865766}]},{"pair":"ETH/USDT","stake_amount":9.997481,"max_stake_amount":9.997481,"amount":0.0041,"open_date":"2025-06-26 19:45:00+00:00","close_date":"2025-06-26 19:56:00+00:00","open_rate":2438.41,"close_rate":2437.92,"fee_open":0.001,"fee_close":0.001,"trade_duration":11,"profit_ratio":-0.002198550817948044,"profit_abs":-0.02200195,"exit_reason":"exit_signal","initial_stop_loss_abs":2414.03,"initial_stop_loss_ratio":-0.01,"stop_loss_abs":2418.49,"stop_loss_ratio":-0.01,"min_rate":2436.9,"max_rate":2442.91,"is_open":false,"enter_tag":"","leverage":1.0,"is_short":false,"open_timestamp":1750967100000,"close_timestamp":1750967760000,"orders":[{"amount":0.0041,"safe_price":2438.41,"ft_order_side":"buy","order_filled_timestamp":1750967100000,"ft_is_entry":true,"ft_order_tag":"","cost":10.007478481},{"amount":0.0041,"safe_price":2437.92,"ft_order_side":"sell","order_filled_timestamp":1750967760000,"ft_is_entry":false,"ft_order_tag":"exit_signal","cost":10.005467472}]},{"pair":"ETH/USDT","stake_amount":9.801,"max_stake_amount":9.801,"amount":0.004,"open_date":"2025-06-26 20:34:00+00:00","close_date":"2025-06-26 20:47:00+00:00","open_rate":2450.25,"close_rate":2449.83,"fee_open":0.001,"fee_close":0.001,"trade_duration":13,"profit_ratio":-0.002169070598822665,"profit_abs":-0.02128032,"exit_reason":"exit_signal","initial_stop_loss_abs":2425.75,"initial_stop_loss_ratio":-0.01,"stop_loss_abs":2432.75,"stop_loss_ratio":-0.01,"min_rate":2448.46,"max_rate":2457.32,"is_open":false,"enter_tag":"","leverage":1.0,"is_short":false,"open_timestamp":1750970040000,"close_timestamp":1750970820000,"orders":[{"amount":0.004,"safe_price":2450.25,"ft_order_side":"buy","order_filled_timestamp":1750970040000,"ft_is_entry":true,"ft_order_tag":"","cost":9.810801},{"amount":0.004,"safe_price":2449.83,"ft_order_side":"sell","order_filled_timestamp":1750970820000,"ft_is_entry":false,"ft_order_tag":"exit_signal","cost":9.809119319999999}]},{"pair":"BTC/USDT","stake_amount":9.7158231,"max_stake_amount":9.7158231,"amount":9e-05,"open_date":"2025-06-26 20:45:00+00:00","close_date":"2025-06-26 20:47:00+00:00","open_rate":107953.59,"close_rate":107772.09,"fee_open":0.001,"fee_close":0.001,"trade_duration":2,"profit_ratio":-0.0036759207158264754,"profit_abs":-0.03575031,"exit_reason":"exit_signal","initial_stop_loss_abs":106874.06,"initial_stop_loss_ratio":-0.01,"stop_loss_abs":106920.0,"stop_loss_ratio":-0.01,"min_rate":107730.18,"max_rate":108000.0,"is_open":false,"enter_tag":"","leverage":1.0,"is_short":false,"open_timestamp":1750970700000,"close_timestamp":1750970820000,"orders":[{"amount":9e-05,"safe_price":107953.59,"ft_order_side":"buy","order_filled_timestamp":1750970700000,"ft_is_entry":true,"ft_order_tag":"","cost":9.725538923099998},{"amount":9e-05,"safe_price":107772.09,"ft_order_side":"sell","order_filled_timestamp":1750970820000,"ft_is_entry":false,"ft_order_tag":"exit_signal","cost":9.709187588099999}]},{"pair":"ETH/USDT","stake_amount":9.994037,"max_stake_amount":9.994037,"amount":0.0041,"open_date":"2025-06-27 02:48:00+00:00","close_date":"2025-06-27 03:11:00+00:00","open_rate":2437.57,"close_rate":2438.7,"fee_open":0.001,"fee_close":0.001,"trade_duration":23,"profit_ratio":-0.00153535209389015,"profit_abs":-0.01535971,"exit_reason":"exit_signal","initial_stop_loss_abs":2413.2,"initial_stop_loss_ratio":-0.01,"stop_loss_abs":2418.21,"stop_loss_ratio":-0.01,"min_rate":2436.21,"max_rate":2442.63,"is_open":false,"enter_tag":"","leverage":1.0,"is_short":false,"open_timestamp":1750992480000,"close_timestamp":1750993860000,"orders":[{"amount":0.0041,"safe_price":2437.57,"ft_order_side":"buy","order_filled_timestamp":1750992480000,"ft_is_entry":true,"ft_order_tag":"","cost":10.004031037},{"amount":0.0041,"safe_price":2438.7,"ft_order_side":"sell","order_filled_timestamp":1750993860000,"ft_is_entry":false,"ft_order_tag":"exit_signal","cost":10.008668669999999}]},{"pair":"ETH/USDT","stake_amount":9.77736,"max_stake_amount":9.77736,"amount":0.004,"open_date":"2025-06-27 03:27:00+00:00","close_date":"2025-06-27 04:03:00+00:00","open_rate":2444.34,"close_rate":2445.64,"fee_open":0.001,"fee_close":0.001,"trade_duration":36,"profit_ratio":-0.0014672237112650476,"profit_abs":-0.01435992,"exit_reason":"exit_signal","initial_stop_loss_abs":2419.9,"initial_stop_loss_ratio":-0.01,"stop_loss_abs":2424.36,"stop_loss_ratio":-0.01,"min_rate":2440.65,"max_rate":2448.84,"is_open":false,"enter_tag":"","leverage":1.0,"is_short":false,"open_timestamp":1750994820000,"close_timestamp":1750996980000,"orders":[{"amount":0.004,"safe_price":2444.34,"ft_order_side":"buy","order_filled_timestamp":1750994820000,"ft_is_entry":true,"ft_order_tag":"","cost":9.787137360000001},{"amount":0.004,"safe_price":2445.64,"ft_order_side":"sell","order_filled_timestamp":1750996980000,"ft_is_entry":false,"ft_order_tag":"exit_signal","cost":9.79234256}]},{"pair":"ETH/USDT","stake_amount":9.78984,"max_stake_amount":9.78984,"amount":0.004,"open_date":"2025-06-27 06:47:00+00:00","close_date":"2025-06-27 07:04:00+00:00","open_rate":2447.46,"close_rate":2447.52,"fee_open":0.001,"fee_close":0.001,"trade_duration":17,"profit_ratio":-0.001973535767755081,"profit_abs":-0.01933992,"exit_reason":"exit_signal","initial_stop_loss_abs":2422.99,"initial_stop_loss_ratio":-0.01,"stop_loss_abs":2426.04,"stop_loss_ratio":-0.01,"min_rate":2445.75,"max_rate":2450.54,"is_open":false,"enter_tag":"","leverage":1.0,"is_short":false,"open_timestamp":1751006820000,"close_timestamp":1751007840000,"orders":[{"amount":0.004,"safe_price":2447.46,"ft_order_side":"buy","order_filled_timestamp":1751006820000,"ft_is_entry":true,"ft_order_tag":"","cost":9.799629839999998},{"amount":0.004,"safe_price":2447.52,"ft_order_side":"sell","order_filled_timestamp":1751007840000,"ft_is_entry":false,"ft_order_tag":"exit_signal","cost":9.799870079999998}]},{"pair":"ETH/USDT","stake_amount":9.82008,"max_stake_amount":9.82008,"amount":0.004,"open_date":"2025-06-27 07:19:00+00:00","close_date":"2025-06-27 07:25:00+00:00","open_rate":2455.02,"close_rate":2450.34,"fee_open":0.001,"fee_close":0.001,"trade_duration":6,"profit_ratio":-0.003900491326255678,"profit_abs":-0.03834144,"exit_reason":"exit_signal","initial_stop_loss_abs":2430.47,"initial_stop_loss_ratio":-0.01,"stop_loss_abs":2434.94,"stop_loss_ratio":-0.01,"min_rate":2447.87,"max_rate":2459.53,"is_open":false,"enter_tag":"","leverage":1.0,"is_short":false,"open_timestamp":1751008740000,"close_timestamp":1751009100000,"orders":[{"amount":0.004,"safe_price":2455.02,"ft_order_side":"buy","order_filled_timestamp":1751008740000,"ft_is_entry":true,"ft_order_tag":"","cost":9.82990008},{"amount":0.004,"safe_price":2450.34,"ft_order_side":"sell","order_filled_timestamp":1751009100000,"ft_is_entry":false,"ft_order_tag":"exit_signal","cost":9.81116136}]},{"pair":"BTC/USDT","stake_amount":9.6839991,"max_stake_amount":9.6839991,"amount":9e-05,"open_date":"2025-06-27 07:19:00+00:00","close_date":"2025-06-27 07:26:00+00:00","open_rate":107599.99,"close_rate":107468.96,"fee_open":0.001,"fee_close":0.001,"trade_duration":7,"profit_ratio":-0.003213320435747687,"profit_abs":-0.03114891,"exit_reason":"exit_signal","initial_stop_loss_abs":106524.0,"initial_stop_loss_ratio":-0.01,"stop_loss_abs":106657.99,"stop_loss_ratio":-0.01,"min_rate":107393.85,"max_rate":107735.34,"is_open":false,"enter_tag":"","leverage":1.0,"is_short":false,"open_timestamp":1751008740000,"close_timestamp":1751009160000,"orders":[{"amount":9e-05,"safe_price":107599.99,"ft_order_side":"buy","order_filled_timestamp":1751008740000,"ft_is_entry":true,"ft_order_tag":"","cost":9.6936830991},{"amount":9e-05,"safe_price":107468.96,"ft_order_side":"sell","order_filled_timestamp":1751009160000,"ft_is_entry":false,"ft_order_tag":"exit_signal","cost":9.6818786064}]},{"pair":"ETH/USDT","stake_amount":9.8104,"max_stake_amount":9.8104,"amount":0.004,"open_date":"2025-06-27 08:46:00+00:00","close_date":"2025-06-27 08:55:00+00:00","open_rate":2452.6,"close_rate":2450.2,"fee_open":0.001,"fee_close":0.001,"trade_duration":9,"profit_ratio":-0.002974600218341554,"profit_abs":-0.0292112,"exit_reason":"exit_signal","initial_stop_loss_abs":2428.08,"initial_stop_loss_ratio":-0.01,"stop_loss_abs":2438.91,"stop_loss_ratio":-0.01,"min_rate":2445.26,"max_rate":2463.54,"is_open":false,"enter_tag":"","leverage":1.0,"is_short":false,"open_timestamp":1751013960000,"close_timestamp":1751014500000,"orders":[{"amount":0.004,"safe_price":2452.6,"ft_order_side":"buy","order_filled_timestamp":1751013960000,"ft_is_entry":true,"ft_order_tag":"","cost":9.820210399999999},{"amount":0.004,"safe_price":2450.2,"ft_order_side":"sell","order_filled_timestamp":1751014500000,"ft_is_entry":false,"ft_order_tag":"exit_signal","cost":9.810600799999998}]},{"pair":"ETH/USDT","stake_amount":9.76416,"max_stake_amount":9.76416,"amount":0.004,"open_date":"2025-06-27 15:54:00+00:00","close_date":"2025-06-27 16:02:00+00:00","open_rate":2441.04,"close_rate":2434.89,"fee_open":0.001,"fee_close":0.001,"trade_duration":8,"profit_ratio":-0.004512386148901732,"profit_abs":-0.04410372,"exit_reason":"exit_signal","initial_stop_loss_abs":2416.63,"initial_stop_loss_ratio":-0.01,"stop_loss_abs":2418.21,"stop_loss_ratio":-0.01,"min_rate":2434.88,"max_rate":2442.63,"is_open":false,"enter_tag":"","leverage":1.0,"is_short":false,"open_timestamp":1751039640000,"close_timestamp":1751040120000,"orders":[{"amount":0.004,"safe_price":2441.04,"ft_order_side":"buy","order_filled_timestamp":1751039640000,"ft_is_entry":true,"ft_order_tag":"","cost":9.77392416},{"amount":0.004,"safe_price":2434.89,"ft_order_side":"sell","order_filled_timestamp":1751040120000,"ft_is_entry":false,"ft_order_tag":"exit_signal","cost":9.749299559999997}]},{"pair":"BTC/USDT","stake_amount":9.6568047,"max_stake_amount":9.6568047,"amount":9e-05,"open_date":"2025-06-27 15:54:00+00:00","close_date":"2025-06-27 16:11:00+00:00","open_rate":107297.83,"close_rate":107263.57,"fee_open":0.001,"fee_close":0.001,"trade_duration":17,"profit_ratio":-0.002316662616316393,"profit_abs":-0.02239393,"exit_reason":"exit_signal","initial_stop_loss_abs":106224.86,"initial_stop_loss_ratio":-0.01,"stop_loss_abs":106333.07,"stop_loss_ratio":-0.01,"min_rate":107202.89,"max_rate":107407.14,"is_open":false,"enter_tag":"","leverage":1.0,"is_short":false,"open_timestamp":1751039640000,"close_timestamp":1751040660000,"orders":[{"amount":9e-05,"safe_price":107297.83,"ft_order_side":"buy","order_filled_timestamp":1751039640000,"ft_is_entry":true,"ft_order_tag":"","cost":9.666461504699999},{"amount":9e-05,"safe_price":107263.57,"ft_order_side":"sell","order_filled_timestamp":1751040660000,"ft_is_entry":false,"ft_order_tag":"exit_signal","cost":9.6633750213}]},{"pair":"BTC/USDT","stake_amount":9.649548,"max_stake_amount":9.649548,"amount":9e-05,"open_date":"2025-06-28 03:32:00+00:00","close_date":"2025-06-28 04:08:00+00:00","open_rate":107217.2,"close_rate":107263.12,"fee_open":0.001,"fee_close":0.001,"trade_duration":36,"profit_ratio":-0.001570568354629121,"profit_abs":-0.01517043,"exit_reason":"exit_signal","initial_stop_loss_abs":106145.03,"initial_stop_loss_ratio":-0.01,"stop_loss_abs":106273.63,"stop_loss_ratio":-0.01,"min_rate":107201.27,"max_rate":107347.1,"is_open":false,"enter_tag":"","leverage":1.0,"is_short":false,"open_timestamp":1751081520000,"close_timestamp":1751083680000,"orders":[{"amount":9e-05,"safe_price":107217.2,"ft_order_side":"buy","order_filled_timestamp":1751081520000,"ft_is_entry":true,"ft_order_tag":"","cost":9.659197548},{"amount":9e-05,"safe_price":107263.12,"ft_order_side":"sell","order_filled_timestamp":1751083680000,"ft_is_entry":false,"ft_order_tag":"exit_signal","cost":9.6633344808}]},{"pair":"BTC/USDT","stake_amount":9.6625305,"max_stake_amount":9.6625305,"amount":9e-05,"open_date":"2025-06-28 06:10:00+00:00","close_date":"2025-06-28 06:43:00+00:00","open_rate":107361.45,"close_rate":107400.01,"fee_open":0.001,"fee_close":0.001,"trade_duration":33,"profit_ratio":-0.0016395588828710774,"profit_abs":-0.01585813,"exit_reason":"exit_signal","initial_stop_loss_abs":106287.84,"initial_stop_loss_ratio":-0.01,"stop_loss_abs":106374.58,"stop_loss_ratio":-0.01,"min_rate":107361.44,"max_rate":107449.07,"is_open":false,"enter_tag":"","leverage":1.0,"is_short":false,"open_timestamp":1751091000000,"close_timestamp":1751092980000,"orders":[{"amount":9e-05,"safe_price":107361.45,"ft_order_side":"buy","order_filled_timestamp":1751091000000,"ft_is_entry":true,"ft_order_tag":"","cost":9.672193030499999},{"amount":9e-05,"safe_price":107400.01,"ft_order_side":"sell","order_filled_timestamp":1751092980000,"ft_is_entry":false,"ft_order_tag":"exit_signal","cost":9.6756669009}]},{"pair":"BTC/USDT","stake_amount":9.6697665,"max_stake_amount":9.6697665,"amount":9e-05,"open_date":"2025-06-28 07:29:00+00:00","close_date":"2025-06-28 07:47:00+00:00","open_rate":107441.85,"close_rate":107448.42,"fee_open":0.001,"fee_close":0.001,"trade_duration":18,"profit_ratio":-0.0019369743736924682,"profit_abs":-0.01874882,"exit_reason":"exit_signal","initial_stop_loss_abs":106367.44,"initial_stop_loss_ratio":-0.01,"stop_loss_abs":106391.62,"stop_loss_ratio":-0.01,"min_rate":107441.85,"max_rate":107466.28,"is_open":false,"enter_tag":"","leverage":1.0,"is_short":false,"open_timestamp":1751095740000,"close_timestamp":1751096820000,"orders":[{"amount":9e-05,"safe_price":107441.85,"ft_order_side":"buy","order_filled_timestamp":1751095740000,"ft_is_entry":true,"ft_order_tag":"","cost":9.6794362665},{"amount":9e-05,"safe_price":107448.42,"ft_order_side":"sell","order_filled_timestamp":1751096820000,"ft_is_entry":false,"ft_order_tag":"exit_signal","cost":9.680028157799999}]},{"pair":"ETH/USDT","stake_amount":9.959146,"max_stake_amount":9.959146,"amount":0.0041,"open_date":"2025-06-28 07:47:00+00:00","close_date":"2025-06-28 07:52:00+00:00","open_rate":2429.06,"close_rate":2428.29,"fee_open":0.001,"fee_close":0.001,"trade_duration":5,"profit_ratio":-0.0023143631912897872,"profit_abs":-0.02307213,"exit_reason":"exit_signal","initial_stop_loss_abs":2404.77,"initial_stop_loss_ratio":-0.01,"stop_loss_abs":2405.35,"stop_loss_ratio":-0.01,"min_rate":2428.05,"max_rate":2429.64,"is_open":false,"enter_tag":"","leverage":1.0,"is_short":false,"open_timestamp":1751096820000,"close_timestamp":1751097120000,"orders":[{"amount":0.0041,"safe_price":2429.06,"ft_order_side":"buy","order_filled_timestamp":1751096820000,"ft_is_entry":true,"ft_order_tag":"","cost":9.969105145999999},{"amount":0.0041,"safe_price":2428.29,"ft_order_side":"sell","order_filled_timestamp":1751097120000,"ft_is_entry":false,"ft_order_tag":"exit_signal","cost":9.965944988999999}]},{"pair":"BTC/USDT","stake_amount":9.6746499,"max_stake_amount":9.6746499,"amount":9e-05,"open_date":"2025-06-28 07:57:00+00:00","close_date":"2025-06-28 08:03:00+00:00","open_rate":107496.11,"close_rate":107466.01,"fee_open":0.001,"fee_close":0.001,"trade_duration":6,"profit_ratio":-0.002277452587049837,"profit_abs":-0.02205559,"exit_reason":"exit_signal","initial_stop_loss_abs":106421.15,"initial_stop_loss_ratio":-0.01,"stop_loss_abs":106421.16,"stop_loss_ratio":-0.01,"min_rate":107466.0,"max_rate":107496.12,"is_open":false,"enter_tag":"","leverage":1.0,"is_short":false,"open_timestamp":1751097420000,"close_timestamp":1751097780000,"orders":[{"amount":9e-05,"safe_price":107496.11,"ft_order_side":"buy","order_filled_timestamp":1751097420000,"ft_is_entry":true,"ft_order_tag":"","cost":9.6843245499},{"amount":9e-05,"safe_price":107466.01,"ft_order_side":"sell","order_filled_timestamp":1751097780000,"ft_is_entry":false,"ft_order_tag":"exit_signal","cost":9.6816128409}]},{"pair":"BTC/USDT","stake_amount":9.6768549,"max_stake_amount":9.6768549,"amount":9e-05,"open_date":"2025-06-28 15:58:00+00:00","close_date":"2025-06-28 16:11:00+00:00","open_rate":107520.61,"close_rate":107412.07,"fee_open":0.001,"fee_close":0.001,"trade_duration":13,"profit_ratio":-0.003005465809294768,"profit_abs":-0.02911254,"exit_reason":"exit_signal","initial_stop_loss_abs":106445.41,"initial_stop_loss_ratio":-0.01,"stop_loss_abs":106458.92,"stop_loss_ratio":-0.01,"min_rate":107380.74,"max_rate":107534.26,"is_open":false,"enter_tag":"","leverage":1.0,"is_short":false,"open_timestamp":1751126280000,"close_timestamp":1751127060000,"orders":[{"amount":9e-05,"safe_price":107520.61,"ft_order_side":"buy","order_filled_timestamp":1751126280000,"ft_is_entry":true,"ft_order_tag":"","cost":9.686531754899999},{"amount":9e-05,"safe_price":107412.07,"ft_order_side":"sell","order_filled_timestamp":1751127060000,"ft_is_entry":false,"ft_order_tag":"exit_signal","cost":9.6767533863}]},{"pair":"ETH/USDT","stake_amount":9.75692,"max_stake_amount":9.75692,"amount":0.004,"open_date":"2025-06-28 15:58:00+00:00","close_date":"2025-06-28 16:16:00+00:00","open_rate":2439.23,"close_rate":2435.73,"fee_open":0.001,"fee_close":0.001,"trade_duration":18,"profit_ratio":-0.003430014146510746,"profit_abs":-0.03349984,"exit_reason":"exit_signal","initial_stop_loss_abs":2414.84,"initial_stop_loss_ratio":-0.01,"stop_loss_abs":2419.29,"stop_loss_ratio":-0.01,"min_rate":2433.77,"max_rate":2443.72,"is_open":false,"enter_tag":"","leverage":1.0,"is_short":false,"open_timestamp":1751126280000,"close_timestamp":1751127360000,"orders":[{"amount":0.004,"safe_price":2439.23,"ft_order_side":"buy","order_filled_timestamp":1751126280000,"ft_is_entry":true,"ft_order_tag":"","cost":9.76667692},{"amount":0.004,"safe_price":2435.73,"ft_order_side":"sell","order_filled_timestamp":1751127360000,"ft_is_entry":false,"ft_order_tag":"exit_signal","cost":9.752662919999999}]},{"pair":"BTC/USDT","stake_amount":9.6681663,"max_stake_amount":9.6681663,"amount":9e-05,"open_date":"2025-06-28 17:44:00+00:00","close_date":"2025-06-28 18:01:00+00:00","open_rate":107424.07,"close_rate":107454.4,"fee_open":0.001,"fee_close":0.001,"trade_duration":17,"profit_ratio":-0.0017162269160354879,"profit_abs":-0.01660936,"exit_reason":"exit_signal","initial_stop_loss_abs":106349.83,"initial_stop_loss_ratio":-0.01,"stop_loss_abs":106467.08,"stop_loss_ratio":-0.01,"min_rate":107394.12,"max_rate":107542.5,"is_open":false,"enter_tag":"","leverage":1.0,"is_short":false,"open_timestamp":1751132640000,"close_timestamp":1751133660000,"orders":[{"amount":9e-05,"safe_price":107424.07,"ft_order_side":"buy","order_filled_timestamp":1751132640000,"ft_is_entry":true,"ft_order_tag":"","cost":9.6778344663},{"amount":9e-05,"safe_price":107454.4,"ft_order_side":"sell","order_filled_timestamp":1751133660000,"ft_is_entry":false,"ft_order_tag":"exit_signal","cost":9.680566896}]},{"pair":"ETH/USDT","stake_amount":9.7736,"max_stake_amount":9.7736,"amount":0.004,"open_date":"2025-06-28 17:49:00+00:00","close_date":"2025-06-28 18:02:00+00:00","open_rate":2443.4,"close_rate":2442.76,"fee_open":0.001,"fee_close":0.001,"trade_duration":13,"profit_ratio":-0.0022594087585493003,"profit_abs":-0.02210464,"exit_reason":"exit_signal","initial_stop_loss_abs":2418.97,"initial_stop_loss_ratio":-0.01,"stop_loss_abs":2423.33,"stop_loss_ratio":-0.01,"min_rate":2441.72,"max_rate":2447.8,"is_open":false,"enter_tag":"","leverage":1.0,"is_short":false,"open_timestamp":1751132940000,"close_timestamp":1751133720000,"orders":[{"amount":0.004,"safe_price":2443.4,"ft_order_side":"buy","order_filled_timestamp":1751132940000,"ft_is_entry":true,"ft_order_tag":"","cost":9.7833736},{"amount":0.004,"safe_price":2442.76,"ft_order_side":"sell","order_filled_timestamp":1751133720000,"ft_is_entry":false,"ft_order_tag":"exit_signal","cost":9.78081104}]},{"pair":"BTC/USDT","stake_amount":9.6598233,"max_stake_amount":9.6598233,"amount":9e-05,"open_date":"2025-06-28 22:00:00+00:00","close_date":"2025-06-28 22:11:00+00:00","open_rate":107331.37,"close_rate":107301.3,"fee_open":0.001,"fee_close":0.001,"trade_duration":11,"profit_ratio":-0.002277602610105587,"profit_abs":-0.02202324,"exit_reason":"exit_signal","initial_stop_loss_abs":106258.06,"initial_stop_loss_ratio":-0.01,"stop_loss_abs":106299.8,"stop_loss_ratio":-0.01,"min_rate":107275.0,"max_rate":107373.53,"is_open":false,"enter_tag":"","leverage":1.0,"is_short":false,"open_timestamp":1751148000000,"close_timestamp":1751148660000,"orders":[{"amount":9e-05,"safe_price":107331.37,"ft_order_side":"buy","order_filled_timestamp":1751148000000,"ft_is_entry":true,"ft_order_tag":"","cost":9.6694831233},{"amount":9e-05,"safe_price":107301.3,"ft_order_side":"sell","order_filled_timestamp":1751148660000,"ft_is_entry":false,"ft_order_tag":"exit_signal","cost":9.666774117000001}]},{"pair":"ETH/USDT","stake_amount":9.75736,"max_stake_amount":9.75736,"amount":0.004,"open_date":"2025-06-28 22:24:00+00:00","close_date":"2025-06-28 22:34:00+00:00","open_rate":2439.34,"close_rate":2437.25,"fee_open":0.001,"fee_close":0.001,"trade_duration":10,"profit_ratio":-0.002853079263091807,"profit_abs":-0.02786636,"exit_reason":"exit_signal","initial_stop_loss_abs":2414.95,"initial_stop_loss_ratio":-0.01,"stop_loss_abs":2415.54,"stop_loss_ratio":-0.01,"min_rate":2436.18,"max_rate":2439.93,"is_open":false,"enter_tag":"","leverage":1.0,"is_short":false,"open_timestamp":1751149440000,"close_timestamp":1751150040000,"orders":[{"amount":0.004,"safe_price":2439.34,"ft_order_side":"buy","order_filled_timestamp":1751149440000,"ft_is_entry":true,"ft_order_tag":"","cost":9.767117359999999},{"amount":0.004,"safe_price":2437.25,"ft_order_side":"sell","order_filled_timestamp":1751150040000,"ft_is_entry":false,"ft_order_tag":"exit_signal","cost":9.758749}]},{"pair":"BTC/USDT","stake_amount":9.6640524,"max_stake_amount":9.6640524,"amount":9e-05,"open_date":"2025-06-28 22:56:00+00:00","close_date":"2025-06-28 23:03:00+00:00","open_rate":107378.36,"close_rate":107358.39,"fee_open":0.001,"fee_close":0.001,"trade_duration":7,"profit_ratio":-0.0021836085545756654,"profit_abs":-0.02112361,"exit_reason":"exit_signal","initial_stop_loss_abs":106304.58,"initial_stop_loss_ratio":-0.01,"stop_loss_abs":106304.59,"stop_loss_ratio":-0.01,"min_rate":107342.47,"max_rate":107378.37,"is_open":false,"enter_tag":"","leverage":1.0,"is_short":false,"open_timestamp":1751151360000,"close_timestamp":1751151780000,"orders":[{"amount":9e-05,"safe_price":107378.36,"ft_order_side":"buy","order_filled_timestamp":1751151360000,"ft_is_entry":true,"ft_order_tag":"","cost":9.6737164524},{"amount":9e-05,"safe_price":107358.39,"ft_order_side":"sell","order_filled_timestamp":1751151780000,"ft_is_entry":false,"ft_order_tag":"exit_signal","cost":9.6719173551}]},{"pair":"BTC/USDT","stake_amount":9.6655761,"max_stake_amount":9.6655761,"amount":9e-05,"open_date":"2025-06-29 00:27:00+00:00","close_date":"2025-06-29 00:39:00+00:00","open_rate":107395.29,"close_rate":107394.01,"fee_open":0.001,"fee_close":0.001,"trade_duration":12,"profit_ratio":-0.002009897080714432,"profit_abs":-0.01944624,"exit_reason":"exit_signal","initial_stop_loss_abs":106321.34,"initial_stop_loss_ratio":-0.01,"stop_loss_abs":106401.0,"stop_loss_ratio":-0.01,"min_rate":107394.0,"max_rate":107475.75,"is_open":false,"enter_tag":"","leverage":1.0,"is_short":false,"open_timestamp":1751156820000,"close_timestamp":1751157540000,"orders":[{"amount":9e-05,"safe_price":107395.29,"ft_order_side":"buy","order_filled_timestamp":1751156820000,"ft_is_entry":true,"ft_order_tag":"","cost":9.6752416761},{"amount":9e-05,"safe_price":107394.01,"ft_order_side":"sell","order_filled_timestamp":1751157540000,"ft_is_entry":false,"ft_order_tag":"exit_signal","cost":9.675126360899998}]},{"pair":"BTC/USDT","stake_amount":9.6748191,"max_stake_amount":9.6748191,"amount":9e-05,"open_date":"2025-06-29 00:50:00+00:00","close_date":"2025-06-29 01:02:00+00:00","open_rate":107497.99,"close_rate":107459.59,"fee_open":0.001,"fee_close":0.001,"trade_duration":12,"profit_ratio":-0.0023545040340238093,"profit_abs":-0.02280218,"exit_reason":"exit_signal","initial_stop_loss_abs":106423.02,"initial_stop_loss_ratio":-0.01,"stop_loss_abs":106425.0,"stop_loss_ratio":-0.01,"min_rate":107444.56,"max_rate":107500.0,"is_open":false,"enter_tag":"","leverage":1.0,"is_short":false,"open_timestamp":1751158200000,"close_timestamp":1751158920000,"orders":[{"amount":9e-05,"safe_price":107497.99,"ft_order_side":"buy","order_filled_timestamp":1751158200000,"ft_is_entry":true,"ft_order_tag":"","cost":9.6844939191},{"amount":9e-05,"safe_price":107459.59,"ft_order_side":"sell","order_filled_timestamp":1751158920000,"ft_is_entry":false,"ft_order_tag":"exit_signal","cost":9.6810344631}]},{"pair":"BTC/USDT","stake_amount":9.659592,"max_stake_amount":9.659592,"amount":9e-05,"open_date":"2025-06-29 06:16:00+00:00","close_date":"2025-06-29 06:44:00+00:00","open_rate":107328.8,"close_rate":107339.52,"fee_open":0.001,"fee_close":0.001,"trade_duration":28,"profit_ratio":-0.001898321687604713,"profit_abs":-0.01835535,"exit_reason":"exit_signal","initial_stop_loss_abs":106255.52,"initial_stop_loss_ratio":-0.01,"stop_loss_abs":106276.51,"stop_loss_ratio":-0.01,"min_rate":107328.79,"max_rate":107350.01,"is_open":false,"enter_tag":"","leverage":1.0,"is_short":false,"open_timestamp":1751177760000,"close_timestamp":1751179440000,"orders":[{"amount":9e-05,"safe_price":107328.8,"ft_order_side":"buy","order_filled_timestamp":1751177760000,"ft_is_entry":true,"ft_order_tag":"","cost":9.669251592},{"amount":9e-05,"safe_price":107339.52,"ft_order_side":"sell","order_filled_timestamp":1751179440000,"ft_is_entry":false,"ft_order_tag":"exit_signal","cost":9.670217356799998}]},{"pair":"BTC/USDT","stake_amount":9.6615,"max_stake_amount":9.6615,"amount":9e-05,"open_date":"2025-06-29 06:57:00+00:00","close_date":"2025-06-29 07:04:00+00:00","open_rate":107350.0,"close_rate":107349.99,"fee_open":0.001,"fee_close":0.001,"trade_duration":7,"profit_ratio":-0.0019980950581788962,"profit_abs":-0.0193239,"exit_reason":"exit_signal","initial_stop_loss_abs":106276.5,"initial_stop_loss_ratio":-0.01,"stop_loss_abs":106312.07,"stop_loss_ratio":-0.01,"min_rate":107347.64,"max_rate":107385.92,"is_open":false,"enter_tag":"","leverage":1.0,"is_short":false,"open_timestamp":1751180220000,"close_timestamp":1751180640000,"orders":[{"amount":9e-05,"safe_price":107350.0,"ft_order_side":"buy","order_filled_timestamp":1751180220000,"ft_is_entry":true,"ft_order_tag":"","cost":9.671161499999998},{"amount":9e-05,"safe_price":107349.99,"ft_order_side":"sell","order_filled_timestamp":1751180640000,"ft_is_entry":false,"ft_order_tag":"exit_signal","cost":9.671160599099998}]},{"pair":"ETH/USDT","stake_amount":9.76032,"max_stake_amount":9.76032,"amount":0.004,"open_date":"2025-06-29 07:27:00+00:00","close_date":"2025-06-29 07:37:00+00:00","open_rate":2440.08,"close_rate":2437.82,"fee_open":0.001,"fee_close":0.001,"trade_duration":10,"profit_ratio":-0.0029223505912794787,"profit_abs":-0.0285516,"exit_reason":"exit_signal","initial_stop_loss_abs":2415.68,"initial_stop_loss_ratio":-0.01,"stop_loss_abs":2415.68,"stop_loss_ratio":-0.01,"min_rate":2437.82,"max_rate":2440.08,"is_open":false,"enter_tag":"","leverage":1.0,"is_short":false,"open_timestamp":1751182020000,"close_timestamp":1751182620000,"orders":[{"amount":0.004,"safe_price":2440.08,"ft_order_side":"buy","order_filled_timestamp":1751182020000,"ft_is_entry":true,"ft_order_tag":"","cost":9.770080319999998},{"amount":0.004,"safe_price":2437.82,"ft_order_side":"sell","order_filled_timestamp":1751182620000,"ft_is_entry":false,"ft_order_tag":"exit_signal","cost":9.761031280000001}]},{"pair":"ETH/USDT","stake_amount":9.76864,"max_stake_amount":9.76864,"amount":0.004,"open_date":"2025-06-29 08:04:00+00:00","close_date":"2025-06-29 08:08:00+00:00","open_rate":2442.16,"close_rate":2439.5,"fee_open":0.001,"fee_close":0.001,"trade_duration":4,"profit_ratio":-0.003085025499609311,"profit_abs":-0.03016664,"exit_reason":"exit_signal","initial_stop_loss_abs":2417.74,"initial_stop_loss_ratio":-0.01,"stop_loss_abs":2419.42,"stop_loss_ratio":-0.01,"min_rate":2438.8,"max_rate":2443.85,"is_open":false,"enter_tag":"","leverage":1.0,"is_short":false,"open_timestamp":1751184240000,"close_timestamp":1751184480000,"orders":[{"amount":0.004,"safe_price":2442.16,"ft_order_side":"buy","order_filled_timestamp":1751184240000,"ft_is_entry":true,"ft_order_tag":"","cost":9.778408639999999},{"amount":0.004,"safe_price":2439.5,"ft_order_side":"sell","order_filled_timestamp":1751184480000,"ft_is_entry":false,"ft_order_tag":"exit_signal","cost":9.767758}]},{"pair":"BTC/USDT","stake_amount":9.6661953,"max_stake_amount":9.6661953,"amount":9e-05,"open_date":"2025-06-29 08:00:00+00:00","close_date":"2025-06-29 08:20:00+00:00","open_rate":107402.17,"close_rate":107426.66,"fee_open":0.001,"fee_close":0.001,"trade_duration":20,"profit_ratio":-0.0017704356359711276,"profit_abs":-0.01713049,"exit_reason":"exit_signal","initial_stop_loss_abs":106328.15,"initial_stop_loss_ratio":-0.01,"stop_loss_abs":106417.08,"stop_loss_ratio":-0.01,"min_rate":107402.17,"max_rate":107492.0,"is_open":false,"enter_tag":"","leverage":1.0,"is_short":false,"open_timestamp":1751184000000,"close_timestamp":1751185200000,"orders":[{"amount":9e-05,"safe_price":107402.17,"ft_order_side":"buy","order_filled_timestamp":1751184000000,"ft_is_entry":true,"ft_order_tag":"","cost":9.6758614953},{"amount":9e-05,"safe_price":107426.66,"ft_order_side":"sell","order_filled_timestamp":1751185200000,"ft_is_entry":false,"ft_order_tag":"exit_signal","cost":9.678067799399999}]},{"pair":"ETH/USDT","stake_amount":9.78572,"max_stake_amount":9.78572,"amount":0.004,"open_date":"2025-06-29 08:45:00+00:00","close_date":"2025-06-29 08:54:00+00:00","open_rate":2446.43,"close_rate":2443.83,"fee_open":0.001,"fee_close":0.001,"trade_duration":9,"profit_ratio":-0.0030586516772510243,"profit_abs":-0.02996104,"exit_reason":"exit_signal","initial_stop_loss_abs":2421.97,"initial_stop_loss_ratio":-0.01,"stop_loss_abs":2423.12,"stop_loss_ratio":-0.01,"min_rate":2442.46,"max_rate":2447.59,"is_open":false,"enter_tag":"","leverage":1.0,"is_short":false,"open_timestamp":1751186700000,"close_timestamp":1751187240000,"orders":[{"amount":0.004,"safe_price":2446.43,"ft_order_side":"buy","order_filled_timestamp":1751186700000,"ft_is_entry":true,"ft_order_tag":"","cost":9.795505719999998},{"amount":0.004,"safe_price":2443.83,"ft_order_side":"sell","order_filled_timestamp":1751187240000,"ft_is_entry":false,"ft_order_tag":"exit_signal","cost":9.78509532}]},{"pair":"BTC/USDT","stake_amount":9.6846678,"max_stake_amount":9.6846678,"amount":9e-05,"open_date":"2025-06-29 08:32:00+00:00","close_date":"2025-06-29 09:03:00+00:00","open_rate":107607.42,"close_rate":107656.53,"fee_open":0.001,"fee_close":0.001,"trade_duration":31,"profit_ratio":-0.0015425331449077765,"profit_abs":-0.01495386,"exit_reason":"exit_signal","initial_stop_loss_abs":106531.35,"initial_stop_loss_ratio":-0.01,"stop_loss_abs":106722.0,"stop_loss_ratio":-0.01,"min_rate":107605.0,"max_rate":107800.0,"is_open":false,"enter_tag":"","leverage":1.0,"is_short":false,"open_timestamp":1751185920000,"close_timestamp":1751187780000,"orders":[{"amount":9e-05,"safe_price":107607.42,"ft_order_side":"buy","order_filled_timestamp":1751185920000,"ft_is_entry":true,"ft_order_tag":"","cost":9.694352467799998},{"amount":9e-05,"safe_price":107656.53,"ft_order_side":"sell","order_filled_timestamp":1751187780000,"ft_is_entry":false,"ft_order_tag":"exit_signal","cost":9.698776787699998}]},{"pair":"ETH/USDT","stake_amount":9.79496,"max_stake_amount":9.79496,"amount":0.004,"open_date":"2025-06-29 09:30:00+00:00","close_date":"2025-06-29 09:57:00+00:00","open_rate":2448.74,"close_rate":2452.04,"fee_open":0.001,"fee_close":0.001,"trade_duration":27,"profit_ratio":-0.0006530627258021755,"profit_abs":-0.00640312,"exit_reason":"exit_signal","initial_stop_loss_abs":2424.26,"initial_stop_loss_ratio":-0.01,"stop_loss_abs":2433.39,"stop_loss_ratio":-0.01,"min_rate":2446.67,"max_rate":2457.96,"is_open":false,"enter_tag":"","leverage":1.0,"is_short":false,"open_timestamp":1751189400000,"close_timestamp":1751191020000,"orders":[{"amount":0.004,"safe_price":2448.74,"ft_order_side":"buy","order_filled_timestamp":1751189400000,"ft_is_entry":true,"ft_order_tag":"","cost":9.804754959999999},{"amount":0.004,"safe_price":2452.04,"ft_order_side":"sell","order_filled_timestamp":1751191020000,"ft_is_entry":false,"ft_order_tag":"exit_signal","cost":9.81796816}]},{"pair":"BTC/USDT","stake_amount":9.7123068,"max_stake_amount":9.7123068,"amount":9e-05,"open_date":"2025-06-29 09:34:00+00:00","close_date":"2025-06-29 09:57:00+00:00","open_rate":107914.52,"close_rate":107910.87,"fee_open":0.001,"fee_close":0.001,"trade_duration":23,"profit_ratio":-0.0020317579900850065,"profit_abs":-0.01975279,"exit_reason":"exit_signal","initial_stop_loss_abs":106835.38,"initial_stop_loss_ratio":-0.01,"stop_loss_abs":106893.02,"stop_loss_ratio":-0.01,"min_rate":107842.21,"max_rate":107972.74,"is_open":false,"enter_tag":"","leverage":1.0,"is_short":false,"open_timestamp":1751189640000,"close_timestamp":1751191020000,"orders":[{"amount":9e-05,"safe_price":107914.52,"ft_order_side":"buy","order_filled_timestamp":1751189640000,"ft_is_entry":true,"ft_order_tag":"","cost":9.7220191068},{"amount":9e-05,"safe_price":107910.87,"ft_order_side":"sell","order_filled_timestamp":1751191020000,"ft_is_entry":false,"ft_order_tag":"exit_signal","cost":9.721690278299999}]},{"pair":"BTC/USDT","stake_amount":9.7188084,"max_stake_amount":9.7188084,"amount":9e-05,"open_date":"2025-06-29 10:03:00+00:00","close_date":"2025-06-29 10:29:00+00:00","open_rate":107986.76,"close_rate":108139.64,"fee_open":0.001,"fee_close":0.001,"trade_duration":26,"profit_ratio":-0.0005851019253032611,"profit_abs":-0.00569218,"exit_reason":"exit_signal","initial_stop_loss_abs":106906.9,"initial_stop_loss_ratio":-0.01,"stop_loss_abs":107214.92,"stop_loss_ratio":-0.01,"min_rate":107986.75,"max_rate":108297.89,"is_open":false,"enter_tag":"","leverage":1.0,"is_short":false,"open_timestamp":1751191380000,"close_timestamp":1751192940000,"orders":[{"amount":9e-05,"safe_price":107986.76,"ft_order_side":"buy","order_filled_timestamp":1751191380000,"ft_is_entry":true,"ft_order_tag":"","cost":9.7285272084},{"amount":9e-05,"safe_price":108139.64,"ft_order_side":"sell","order_filled_timestamp":1751192940000,"ft_is_entry":false,"ft_order_tag":"exit_signal","cost":9.7423001676}]},{"pair":"ETH/USDT","stake_amount":9.84112,"max_stake_amount":9.84112,"amount":0.004,"open_date":"2025-06-29 11:46:00+00:00","close_date":"2025-06-29 12:02:00+00:00","open_rate":2460.28,"close_rate":2460.0,"fee_open":0.001,"fee_close":0.001,"trade_duration":16,"profit_ratio":-0.0021115827934564016,"profit_abs":-0.02080112,"exit_reason":"exit_signal","initial_stop_loss_abs":2435.68,"initial_stop_loss_ratio":-0.01,"stop_loss_abs":2439.25,"stop_loss_ratio":-0.01,"min_rate":2457.96,"max_rate":2463.88,"is_open":false,"enter_tag":"","leverage":1.0,"is_short":false,"open_timestamp":1751197560000,"close_timestamp":1751198520000,"orders":[{"amount":0.004,"safe_price":2460.28,"ft_order_side":"buy","order_filled_timestamp":1751197560000,"ft_is_entry":true,"ft_order_tag":"","cost":9.850961120000001},{"amount":0.004,"safe_price":2460.0,"ft_order_side":"sell","order_filled_timestamp":1751198520000,"ft_is_entry":false,"ft_order_tag":"exit_signal","cost":9.849839999999999}]},{"pair":"BTC/USDT","stake_amount":9.7582509,"max_stake_amount":9.7582509,"amount":9e-05,"open_date":"2025-06-29 11:55:00+00:00","close_date":"2025-06-29 12:06:00+00:00","open_rate":108425.01,"close_rate":108360.01,"fee_open":0.001,"fee_close":0.001,"trade_duration":11,"profit_ratio":-0.002596296707775231,"profit_abs":-0.02536065,"exit_reason":"exit_signal","initial_stop_loss_abs":107340.76,"initial_stop_loss_ratio":-0.01,"stop_loss_abs":107443.22,"stop_loss_ratio":-0.01,"min_rate":108286.17,"max_rate":108528.5,"is_open":false,"enter_tag":"","leverage":1.0,"is_short":false,"open_timestamp":1751198100000,"close_timestamp":1751198760000,"orders":[{"amount":9e-05,"safe_price":108425.01,"ft_order_side":"buy","order_filled_timestamp":1751198100000,"ft_is_entry":true,"ft_order_tag":"","cost":9.7680091509},{"amount":9e-05,"safe_price":108360.01,"ft_order_side":"sell","order_filled_timestamp":1751198760000,"ft_is_entry":false,"ft_order_tag":"exit_signal","cost":9.762153300899998}]},{"pair":"BTC/USDT","stake_amount":9.693,"max_stake_amount":9.693,"amount":9e-05,"open_date":"2025-06-29 21:45:00+00:00","close_date":"2025-06-29 21:53:00+00:00","open_rate":107700.0,"close_rate":107632.58,"fee_open":0.001,"fee_close":0.001,"trade_duration":8,"profit_ratio":-0.0026227491687101714,"profit_abs":-0.02544773,"exit_reason":"exit_signal","initial_stop_loss_abs":106623.0,"initial_stop_loss_ratio":-0.01,"stop_loss_abs":106623.01,"stop_loss_ratio":-0.01,"min_rate":107620.0,"max_rate":107700.01,"is_open":false,"enter_tag":"","leverage":1.0,"is_short":false,"open_timestamp":1751233500000,"close_timestamp":1751233980000,"orders":[{"amount":9e-05,"safe_price":107700.0,"ft_order_side":"buy","order_filled_timestamp":1751233500000,"ft_is_entry":true,"ft_order_tag":"","cost":9.702693},{"amount":9e-05,"safe_price":107632.58,"ft_order_side":"sell","order_filled_timestamp":1751233980000,"ft_is_entry":false,"ft_order_tag":"exit_signal","cost":9.6966191322}]},{"pair":"BTC/USDT","stake_amount":9.6985323,"max_stake_amount":9.6985323,"amount":9e-05,"open_date":"2025-06-29 22:04:00+00:00","close_date":"2025-06-29 22:33:00+00:00","open_rate":107761.47,"close_rate":107896.74,"fee_open":0.001,"fee_close":0.001,"trade_duration":29,"profit_ratio":-0.000745237739499232,"profit_abs":-0.00723494,"exit_reason":"exit_signal","initial_stop_loss_abs":106683.86,"initial_stop_loss_ratio":-0.01,"stop_loss_abs":106993.69,"stop_loss_ratio":-0.01,"min_rate":107669.0,"max_rate":108074.43,"is_open":false,"enter_tag":"","leverage":1.0,"is_short":false,"open_timestamp":1751234640000,"close_timestamp":1751236380000,"orders":[{"amount":9e-05,"safe_price":107761.47,"ft_order_side":"buy","order_filled_timestamp":1751234640000,"ft_is_entry":true,"ft_order_tag":"","cost":9.708230832299998},{"amount":9e-05,"safe_price":107896.74,"ft_order_side":"sell","order_filled_timestamp":1751236380000,"ft_is_entry":false,"ft_order_tag":"exit_signal","cost":9.7204173066}]},{"pair":"ETH/USDT","stake_amount":9.81152,"max_stake_amount":9.81152,"amount":0.004,"open_date":"2025-06-29 22:20:00+00:00","close_date":"2025-06-29 22:38:00+00:00","open_rate":2452.88,"close_rate":2494.6207007007006,"fee_open":0.001,"fee_close":0.001,"trade_duration":18,"profit_ratio":0.014985014985014986,"profit_abs":0.1471728,"exit_reason":"roi","initial_stop_loss_abs":2428.36,"initial_stop_loss_ratio":-0.01,"stop_loss_abs":2470.05,"stop_loss_ratio":-0.01,"min_rate":2452.88,"max_rate":2495.0,"is_open":false,"enter_tag":"","leverage":1.0,"is_short":false,"open_timestamp":1751235600000,"close_timestamp":1751236680000,"orders":[{"amount":0.004,"safe_price":2452.88,"ft_order_side":"buy","order_filled_timestamp":1751235600000,"ft_is_entry":true,"ft_order_tag":"","cost":9.82133152},{"amount":0.004,"safe_price":2494.6207007007006,"ft_order_side":"sell","order_filled_timestamp":1751236680000,"ft_is_entry":false,"ft_order_tag":"roi","cost":9.988461285605606}]},{"pair":"ETH/USDT","stake_amount":9.761271,"max_stake_amount":9.761271,"amount":0.0039,"open_date":"2025-06-29 22:48:00+00:00","close_date":"2025-06-29 23:15:00+00:00","open_rate":2502.89,"close_rate":2506.96,"fee_open":0.001,"fee_close":0.001,"trade_duration":27,"profit_ratio":-0.0003751302726610348,"profit_abs":-0.00366541,"exit_reason":"exit_signal","initial_stop_loss_abs":2477.87,"initial_stop_loss_ratio":-0.01,"stop_loss_abs":2499.75,"stop_loss_ratio":-0.01,"min_rate":2497.85,"max_rate":2525.0,"is_open":false,"enter_tag":"","leverage":1.0,"is_short":false,"open_timestamp":1751237280000,"close_timestamp":1751238900000,"orders":[{"amount":0.0039,"safe_price":2502.89,"ft_order_side":"buy","order_filled_timestamp":1751237280000,"ft_is_entry":true,"ft_order_tag":"","cost":9.771032270999997},{"amount":0.0039,"safe_price":2506.96,"ft_order_side":"sell","order_filled_timestamp":1751238900000,"ft_is_entry":false,"ft_order_tag":"exit_signal","cost":9.786921143999999}]},{"pair":"BTC/USDT","stake_amount":9.7817742,"max_stake_amount":9.7817742,"amount":9e-05,"open_date":"2025-06-30 00:25:00+00:00","close_date":"2025-06-30 00:51:00+00:00","open_rate":108686.38,"close_rate":108685.87,"fee_open":0.001,"fee_close":0.001,"trade_duration":26,"profit_ratio":-0.00200268476753534,"profit_abs":-0.0196094,"exit_reason":"exit_signal","initial_stop_loss_abs":107599.52,"initial_stop_loss_ratio":-0.01,"stop_loss_abs":107702.1,"stop_loss_ratio":-0.01,"min_rate":108558.3,"max_rate":108789.99,"is_open":false,"enter_tag":"","leverage":1.0,"is_short":false,"open_timestamp":1751243100000,"close_timestamp":1751244660000,"orders":[{"amount":9e-05,"safe_price":108686.38,"ft_order_side":"buy","order_filled_timestamp":1751243100000,"ft_is_entry":true,"ft_order_tag":"","cost":9.7915559742},{"amount":9e-05,"safe_price":108685.87,"ft_order_side":"sell","order_filled_timestamp":1751244660000,"ft_is_entry":false,"ft_order_tag":"exit_signal","cost":9.7915100283}]},{"pair":"BTC/USDT","stake_amount":9.788229,"max_stake_amount":9.788229,"amount":9e-05,"open_date":"2025-06-30 01:42:00+00:00","close_date":"2025-06-30 01:49:00+00:00","open_rate":108758.1,"close_rate":108673.92,"fee_open":0.001,"fee_close":0.001,"trade_duration":7,"profit_ratio":-0.00277046665315677,"profit_abs":-0.02714508,"exit_reason":"exit_signal","initial_stop_loss_abs":107670.52,"initial_stop_loss_ratio":-0.01,"stop_loss_abs":107682.3,"stop_loss_ratio":-0.01,"min_rate":108648.51,"max_rate":108770.0,"is_open":false,"enter_tag":"","leverage":1.0,"is_short":false,"open_timestamp":1751247720000,"close_timestamp":1751248140000,"orders":[{"amount":9e-05,"safe_price":108758.1,"ft_order_side":"buy","order_filled_timestamp":1751247720000,"ft_is_entry":true,"ft_order_tag":"","cost":9.798017229000001},{"amount":9e-05,"safe_price":108673.92,"ft_order_side":"sell","order_filled_timestamp":1751248140000,"ft_is_entry":false,"ft_order_tag":"exit_signal","cost":9.790433452799999}]},{"pair":"BTC/USDT","stake_amount":9.7011315,"max_stake_amount":9.7011315,"amount":9e-05,"open_date":"2025-06-30 11:18:00+00:00","close_date":"2025-06-30 11:43:00+00:00","open_rate":107790.35,"close_rate":107809.34,"fee_open":0.001,"fee_close":0.001,"trade_duration":25,"profit_ratio":-0.0018221784548733111,"profit_abs":-0.01769487,"exit_reason":"exit_signal","initial_stop_loss_abs":106712.45,"initial_stop_loss_ratio":-0.01,"stop_loss_abs":106884.69,"stop_loss_ratio":-0.01,"min_rate":107774.76,"max_rate":107964.33,"is_open":false,"enter_tag":"","leverage":1.0,"is_short":false,"open_timestamp":1751282280000,"close_timestamp":1751283780000,"orders":[{"amount":9e-05,"safe_price":107790.35,"ft_order_side":"buy","order_filled_timestamp":1751282280000,"ft_is_entry":true,"ft_order_tag":"","cost":9.710832631499999},{"amount":9e-05,"safe_price":107809.34,"ft_order_side":"sell","order_filled_timestamp":1751283780000,"ft_is_entry":false,"ft_order_tag":"exit_signal","cost":9.7125434406}]}],"locks":[],"best_pair":{"key":"BTC/USDT","trades":48,"profit_mean":-0.0018159928272909716,"profit_mean_pct":-0.18,"profit_sum":-0.08716765570996664,"profit_sum_pct":-8.72,"profit_total_abs":-0.8424893099999999,"profit_total":-0.0008424893099999999,"profit_total_pct":-0.08,"duration_avg":"0:18:00","wins":3,"draws":0,"losses":45,"winrate":0.0625},"worst_pair":{"key":"ETH/USDT","trades":43,"profit_mean":-0.0024333891163048713,"profit_mean_pct":-0.24,"profit_sum":-0.10463573200110947,"profit_sum_pct":-10.46,"profit_total_abs":-1.0349468499999999,"profit_total":-0.0010349468499999998,"profit_total_pct":-0.1,"duration_avg":"0:14:00","wins":4,"draws":0,"losses":39,"winrate":0.09302325581395349},"results_per_pair":[{"key":"BTC/USDT","trades":48,"profit_mean":-0.0018159928272909716,"profit_mean_pct":-0.18,"profit_sum":-0.08716765570996664,"profit_sum_pct":-8.72,"profit_total_abs":-0.8424893099999999,"profit_total":-0.0008424893099999999,"profit_total_pct":-0.08,"duration_avg":"0:18:00","wins":3,"draws":0,"losses":45,"winrate":0.0625},{"key":"ETH/USDT","trades":43,"profit_mean":-0.0024333891163048713,"profit_mean_pct":-0.24,"profit_sum":-0.10463573200110947,"profit_sum_pct":-10.46,"profit_total_abs":-1.0349468499999999,"profit_total":-0.0010349468499999998,"profit_total_pct":-0.1,"duration_avg":"0:14:00","wins":4,"draws":0,"losses":39,"winrate":0.09302325581395349},{"key":"TOTAL","trades":91,"profit_mean":-0.002107729535286551,"profit_mean_pct":-0.21,"profit_sum":-0.19180338771107613,"profit_sum_pct":-19.18,"profit_total_abs":-1.8774361599999998,"profit_total":-0.0018774361599999997,"profit_total_pct":-0.19,"duration_avg":"0:16:00","wins":7,"draws":0,"losses":84,"winrate":0.07692307692307693}],"results_per_enter_tag":[{"key":"","trades":91,"profit_mean":-0.002107729535286551,"profit_mean_pct":-0.21,"profit_sum":-0.19180338771107613,"profit_sum_pct":-19.18,"profit_total_abs":-1.8774361599999998,"profit_total":-0.0018774361599999997,"profit_total_pct":-0.19,"duration_avg":"0:16:00","wins":7,"draws":0,"losses":84,"winrate":0.07692307692307693},{"key":"TOTAL","trades":91,"profit_mean":-0.002107729535286551,"profit_mean_pct":-0.21,"profit_sum":-0.19180338771107613,"profit_sum_pct":-19.18,"profit_total_abs":-1.8774361599999998,"profit_total":-0.0018774361599999997,"profit_total_pct":-0.19,"duration_avg":"0:16:00","wins":7,"draws":0,"losses":84,"winrate":0.07692307692307693}],"exit_reason_summary":[{"key":"roi","trades":2,"profit_mean":0.013357965630038434,"profit_mean_pct":1.34,"profit_sum":0.026715931260076868,"profit_sum_pct":2.67,"profit_total_abs":0.25742001,"profit_total":0.00025742000999999997,"profit_total_pct":0.03,"duration_avg":"0:19:00","wins":2,"draws":0,"losses":0,"winrate":1.0},{"key":"trailing_stop_loss","trades":4,"profit_mean":-0.0017693133729530987,"profit_mean_pct":-0.18,"profit_sum":-0.007077253491812395,"profit_sum_pct":-0.71,"profit_total_abs":-0.0707453,"profit_total":-7.07453e-05,"profit_total_pct":-0.01,"duration_avg":"0:11:00","wins":2,"draws":0,"losses":2,"winrate":0.5},{"key":"exit_signal","trades":85,"profit_mean":-0.0024875537115216545,"profit_mean_pct":-0.25,"profit_sum":-0.21144206547934064,"profit_sum_pct":-21.14,"profit_total_abs":-2.06411087,"profit_total":-0.00206411087,"profit_total_pct":-0.21,"duration_avg":"0:16:00","wins":3,"draws":0,"losses":82,"winrate":0.03529411764705882},{"key":"TOTAL","trades":91,"profit_mean":-0.002107729535286551,"profit_mean_pct":-0.21,"profit_sum":-0.19180338771107613,"profit_sum_pct":-19.18,"profit_total_abs":-1.8774361599999998,"profit_total":-0.0018774361599999997,"profit_total_pct":-0.19,"duration_avg":"0:16:00","wins":7,"draws":0,"losses":84,"winrate":0.07692307692307693}],"mix_tag_stats":[{"key":["","roi"],"trades":2,"profit_mean":0.013357965630038434,"profit_mean_pct":1.34,"profit_sum":0.026715931260076868,"profit_sum_pct":2.67,"profit_total_abs":0.25742001,"profit_total":0.00025742000999999997,"profit_total_pct":0.03,"duration_avg":"0:19:00","wins":2,"draws":0,"losses":0,"winrate":1.0},{"key":["","trailing_stop_loss"],"trades":4,"profit_mean":-0.0017693133729530987,"profit_mean_pct":-0.18,"profit_sum":-0.007077253491812395,"profit_sum_pct":-0.71,"profit_total_abs":-0.0707453,"profit_total":-7.07453e-05,"profit_total_pct":-0.01,"duration_avg":"0:11:00","wins":2,"draws":0,"losses":2,"winrate":0.5},{"key":["","exit_signal"],"trades":85,"profit_mean":-0.0024875537115216545,"profit_mean_pct":-0.25,"profit_sum":-0.21144206547934064,"profit_sum_pct":-21.14,"profit_total_abs":-2.06411087,"profit_total":-0.00206411087,"profit_total_pct":-0.21,"duration_avg":"0:16:00","wins":3,"draws":0,"losses":82,"winrate":0.03529411764705882},{"key":"TOTAL","trades":91,"profit_mean":-0.002107729535286551,"profit_mean_pct":-0.21,"profit_sum":-0.19180338771107613,"profit_sum_pct":-19.18,"profit_total_abs":-1.8774361599999998,"profit_total":-0.0018774361599999997,"profit_total_pct":-0.19,"duration_avg":"0:16:00","wins":7,"draws":0,"losses":84,"winrate":0.07692307692307693}],"left_open_trades":[{"key":"TOTAL","trades":0,"profit_mean":0.0,"profit_mean_pct":0.0,"profit_sum":0.0,"profit_sum_pct":0.0,"profit_total_abs":0.0,"profit_total":0.0,"profit_total_pct":0.0,"duration_avg":"0:00","wins":0,"draws":0,"losses":0,"winrate":0.0}],"total_trades":91,"trade_count_long":91,"trade_count_short":0,"total_volume":1769.5117099688048,"avg_stake_amount":9.713481638461538,"profit_mean":-0.002107729535286551,"profit_median":-0.002277452587049837,"profit_total":-0.0018774361599999997,"profit_total_long":-0.0018774361599999997,"profit_total_short":0.0,"profit_total_abs":-1.8774361599999998,"profit_total_long_abs":-1.8774361599999998,"profit_total_short_abs":0.0,"cagr":-0.09333921577259596,"expectancy":-0.02063116659340659,"expectancy_ratio":-0.7823074718061567,"sortino":-310.3921215846132,"sharpe":-175.07543122356543,"calmar":-265.44990842499834,"sqn":-6.6874,"profit_factor":0.15250023887666364,"backtest_start":"2025-06-23 00:00:00","backtest_start_ts":1750636800000,"backtest_end":"2025-06-30 14:11:00","backtest_end_ts":1751292660000,"backtest_days":7,"backtest_run_start_ts":1751303140,"backtest_run_end_ts":1751303141,"trades_per_day":13.0,"market_change":0.08535653626498181,"pairlist":["BTC/USDT","ETH/USDT"],"stake_amount":10,"stake_currency":"USDT","stake_currency_decimals":3,"starting_balance":1000,"dry_run_wallet":1000,"final_balance":998.12256384,"rejected_signals":0,"timedout_entry_orders":0,"timedout_exit_orders":0,"canceled_trade_entries":0,"canceled_entry_orders":0,"replaced_entry_orders":0,"max_open_trades":2,"max_open_trades_setting":3,"timeframe":"1m","timeframe_detail":"","timerange":"","enable_protections":false,"strategy_name":"UltimateScalp10xStrategy","stoploss":-0.01,"trailing_stop":true,"trailing_stop_positive":0.01,"trailing_stop_positive_offset":0.015,"trailing_only_offset_is_reached":false,"use_custom_stoploss":false,"minimal_roi":{"0":0.02,"10":0.015,"20":0.01,"30":0.005},"use_exit_signal":true,"exit_profit_only":false,"exit_profit_offset":0.0,"ignore_roi_if_entry_signal":false,"trading_mode":"spot","margin_mode":"","periodic_breakdown":{"day":[{"date":"23/06/2025","date_ts":1750636800000,"profit_abs":-0.2500242,"wins":4,"draws":0,"losses":14,"trades":18,"profit_factor":0.38208443},{"date":"24/06/2025","date_ts":1750723200000,"profit_abs":-0.24284019,"wins":0,"draws":0,"losses":7,"trades":7,"profit_factor":0.0},{"date":"25/06/2025","date_ts":1750809600000,"profit_abs":-0.45438808,"wins":1,"draws":0,"losses":14,"trades":15,"profit_factor":0.01923818},{"date":"26/06/2025","date_ts":1750896000000,"profit_abs":-0.21635446,"wins":1,"draws":0,"losses":9,"trades":10,"profit_factor":0.11146599},{"date":"27/06/2025","date_ts":1750982400000,"profit_abs":-0.21425875,"wins":0,"draws":0,"losses":8,"trades":8,"profit_factor":0.0},{"date":"28/06/2025","date_ts":1751068800000,"profit_abs":-0.26724469,"wins":0,"draws":0,"losses":12,"trades":12,"profit_factor":0.0},{"date":"29/06/2025","date_ts":1751155200000,"profit_abs":-0.16787644,"wins":1,"draws":0,"losses":17,"trades":18,"profit_factor":0.46714222},{"date":"30/06/2025","date_ts":1751241600000,"profit_abs":-0.06444935,"wins":0,"draws":0,"losses":3,"trades":3,"profit_factor":0.0}],"week":[{"date":"23/06/2025","date_ts":1750636800000,"profit_abs":-0.2500242,"wins":4,"draws":0,"losses":14,"trades":18,"profit_factor":0.38208443},{"date":"30/06/2025","date_ts":1751241600000,"profit_abs":-1.62741196,"wins":3,"draws":0,"losses":70,"trades":73,"profit_factor":0.10119486}],"month":[{"date":"30/06/2025","date_ts":1751241600000,"profit_abs":-1.87743616,"wins":7,"draws":0,"losses":84,"trades":91,"profit_factor":0.15250024}],"year":[{"date":"31/12/2025","date_ts":1767139200000,"profit_abs":-1.87743616,"wins":7,"draws":0,"losses":84,"trades":91,"profit_factor":0.15250024}]},"backtest_best_day":-0.006595329875565421,"backtest_worst_day":-0.04659516501815772,"backtest_best_day_abs":-0.06444935,"backtest_worst_day_abs":-0.45438808,"winning_days":0,"draw_days":0,"losing_days":8,"daily_profit":[["2025-06-23",-0.2500242],["2025-06-24",-0.24284019],["2025-06-25",-0.45438808],["2025-06-26",-0.21635446],["2025-06-27",-0.21425875],["2025-06-28",-0.26724469],["2025-06-29",-0.16787644],["2025-06-30",-0.06444935]],"wins":7,"losses":84,"draws":0,"winrate":0.07692307692307693,"holding_avg":"0:16:00","holding_avg_s":960.0,"winner_holding_avg":"0:19:00","winner_holding_avg_s":1140.0,"loser_holding_avg":"0:15:00","loser_holding_avg_s":900.0,"max_consecutive_wins":4,"max_consecutive_losses":45,"max_drawdown_account":0.0019303274680514766,"max_relative_drawdown":0.0019303274680514766,"max_drawdown_abs":1.9302768600000002,"drawdown_start":"2025-06-23 04:37:00","drawdown_start_ts":1750653420000.0,"drawdown_end":"2025-06-29 22:33:00","drawdown_end_ts":1751236380000.0,"max_drawdown_low":-1.9564942000000003,"max_drawdown_high":-0.02621734,"csum_min":998.0435058,"csum_max":999.97378266}},"strategy_comparison":[{"key":"UltimateScalp10xStrategy","trades":91,"profit_mean":-0.002107729535286551,"profit_mean_pct":-0.21,"profit_sum":-0.19180338771107613,"profit_sum_pct":-19.18,"profit_total_abs":-1.8774361599999998,"profit_total":-0.0018774361599999997,"profit_total_pct":-0.19,"duration_avg":"0:16:00","wins":7,"draws":0,"losses":84,"winrate":0.07692307692307693,"max_drawdown_account":0.0019303274680514766,"max_drawdown_abs":"1.93"}]}