{"strategy":{"UltimateScalp10xStrategy":{"trades":[{"pair":"BTC/USDT","stake_amount":9.0549081,"max_stake_amount":9.0549081,"amount":9e-05,"open_date":"2025-06-23 00:18:00+00:00","close_date":"2025-06-23 00:47:00+00:00","open_rate":100610.09,"close_rate":101315.06560560559,"fee_open":0.001,"fee_close":0.001,"trade_duration":29,"profit_ratio":0.004995004939841487,"profit_abs":0.04527454,"exit_reason":"roi","initial_stop_loss_abs":97591.79,"initial_stop_loss_ratio":-0.03,"stop_loss_abs":98314.93,"stop_loss_ratio":-0.03,"min_rate":100494.25,"max_rate":101355.59,"is_open":false,"enter_tag":"","leverage":1.0,"is_short":false,"open_timestamp":1750637880000,"close_timestamp":1750639620000,"orders":[{"amount":9e-05,"safe_price":100610.09,"ft_order_side":"buy","order_filled_timestamp":1750637880000,"ft_is_entry":true,"ft_order_tag":"","cost":9.0639630081},{"amount":9e-05,"safe_price":101315.06560560559,"ft_order_side":"sell","order_filled_timestamp":1750639620000,"ft_is_entry":false,"ft_order_tag":"roi","cost":9.127474260409008}]},{"pair":"BTC/USDT","stake_amount":9.0678654,"max_stake_amount":9.0678654,"amount":9e-05,"open_date":"2025-06-23 01:14:00+00:00","close_date":"2025-06-23 01:50:00+00:00","open_rate":100754.06,"close_rate":100955.76982982982,"fee_open":0.001,"fee_close":0.001,"trade_duration":36,"profit_ratio":0.0,"profit_abs":0.0,"exit_reason":"roi","initial_stop_loss_abs":97731.44,"initial_stop_loss_ratio":-0.03,"stop_loss_abs":97986.44,"stop_loss_ratio":-0.03,"min_rate":100564.19,"max_rate":101016.94,"is_open":false,"enter_tag":"","leverage":1.0,"is_short":false,"open_timestamp":1750641240000,"close_timestamp":1750643400000,"orders":[{"amount":9e-05,"safe_price":100754.06,"ft_order_side":"buy","order_filled_timestamp":1750641240000,"ft_is_entry":true,"ft_order_tag":"","cost":9.0769332654},{"amount":9e-05,"safe_price":100955.76982982982,"ft_order_side":"sell","order_filled_timestamp":1750643400000,"ft_is_entry":false,"ft_order_tag":"roi","cost":9.095105303969369}]},{"pair":"ETH/USDT","stake_amount":9.82476,"max_stake_amount":9.82476,"amount":0.0044,"open_date":"2025-06-23 03:53:00+00:00","close_date":"2025-06-23 04:23:00+00:00","open_rate":2232.9,"close_rate":2239.49,"fee_open":0.001,"fee_close":0.001,"trade_duration":30,"profit_ratio":0.0009474197668107747,"profit_abs":0.00931748,"exit_reason":"roi","initial_stop_loss_abs":2165.92,"initial_stop_loss_ratio":-0.03,"stop_loss_abs":2172.32,"stop_loss_ratio":-0.03,"min_rate":2227.89,"max_rate":2239.5,"is_open":false,"enter_tag":"","leverage":1.0,"is_short":false,"open_timestamp":1750650780000,"close_timestamp":1750652580000,"orders":[{"amount":0.0044,"safe_price":2232.9,"ft_order_side":"buy","order_filled_timestamp":1750650780000,"ft_is_entry":true,"ft_order_tag":"","cost":9.83458476},{"amount":0.0044,"safe_price":2239.49,"ft_order_side":"sell","order_filled_timestamp":1750652580000,"ft_is_entry":false,"ft_order_tag":"roi","cost":9.863609755999997}]},{"pair":"ETH/USDT","stake_amount":9.845924,"max_stake_amount":9.845924,"amount":0.0044,"open_date":"2025-06-23 06:44:00+00:00","close_date":"2025-06-23 07:04:00+00:00","open_rate":2237.71,"close_rate":2254.02,"fee_open":0.001,"fee_close":0.001,"trade_duration":20,"profit_ratio":0.005276136760596726,"profit_abs":0.05200039,"exit_reason":"roi","initial_stop_loss_abs":2170.58,"initial_stop_loss_ratio":-0.03,"stop_loss_abs":2191.92,"stop_loss_ratio":-0.03,"min_rate":2233.62,"max_rate":2259.71,"is_open":false,"enter_tag":"","leverage":1.0,"is_short":false,"open_timestamp":1750661040000,"close_timestamp":1750662240000,"orders":[{"amount":0.0044,"safe_price":2237.71,"ft_order_side":"buy","order_filled_timestamp":1750661040000,"ft_is_entry":true,"ft_order_tag":"","cost":9.855769923999999},{"amount":0.0044,"safe_price":2254.02,"ft_order_side":"sell","order_filled_timestamp":1750662240000,"ft_is_entry":false,"ft_order_tag":"roi","cost":9.927605687999998}]},{"pair":"ETH/USDT","stake_amount":9.890232,"max_stake_amount":9.890232,"amount":0.0044,"open_date":"2025-06-23 09:42:00+00:00","close_date":"2025-06-23 11:49:00+00:00","open_rate":2247.78,"close_rate":2252.28006006006,"fee_open":0.001,"fee_close":0.001,"trade_duration":127,"profit_ratio":0.0,"profit_abs":0.0,"exit_reason":"roi","initial_stop_loss_abs":2180.35,"initial_stop_loss_ratio":-0.03,"stop_loss_abs":2188.58,"stop_loss_ratio":-0.03,"min_rate":2238.68,"max_rate":2256.26,"is_open":false,"enter_tag":"","leverage":1.0,"is_short":false,"open_timestamp":1750671720000,"close_timestamp":1750679340000,"orders":[{"amount":0.0044,"safe_price":2247.78,"ft_order_side":"buy","order_filled_timestamp":1750671720000,"ft_is_entry":true,"ft_order_tag":"","cost":9.900122232},{"amount":0.0044,"safe_price":2252.28006006006,"ft_order_side":"sell","order_filled_timestamp":1750679340000,"ft_is_entry":false,"ft_order_tag":"roi","cost":9.919942296528529}]},{"pair":"BTC/USDT","stake_amount":9.1516905,"max_stake_amount":9.1516905,"amount":9e-05,"open_date":"2025-06-23 09:19:00+00:00","close_date":"2025-06-23 11:50:00+00:00","open_rate":101685.45,"close_rate":101343.37,"fee_open":0.001,"fee_close":0.001,"trade_duration":151,"profit_ratio":-0.005355379885364263,"profit_abs":-0.04905979,"exit_reason":"exit_signal","initial_stop_loss_abs":98634.89,"initial_stop_loss_ratio":-0.03,"stop_loss_abs":98641.43,"stop_loss_ratio":-0.03,"min_rate":101102.76,"max_rate":101692.19,"is_open":false,"enter_tag":"","leverage":1.0,"is_short":false,"open_timestamp":1750670340000,"close_timestamp":1750679400000,"orders":[{"amount":9e-05,"safe_price":101685.45,"ft_order_side":"buy","order_filled_timestamp":1750670340000,"ft_is_entry":true,"ft_order_tag":"","cost":9.1608421905},{"amount":9e-05,"safe_price":101343.37,"ft_order_side":"sell","order_filled_timestamp":1750679400000,"ft_is_entry":false,"ft_order_tag":"exit_signal","cost":9.1300242033}]},{"pair":"ETH/USDT","stake_amount":9.917468,"max_stake_amount":9.917468,"amount":0.0044,"open_date":"2025-06-23 13:20:00+00:00","close_date":"2025-06-23 13:41:00+00:00","open_rate":2253.97,"close_rate":2269.763583583583,"fee_open":0.001,"fee_close":0.001,"trade_duration":21,"profit_ratio":0.004995004995004995,"profit_abs":0.04958734,"exit_reason":"roi","initial_stop_loss_abs":2186.36,"initial_stop_loss_ratio":-0.03,"stop_loss_abs":2211.22,"stop_loss_ratio":-0.03,"min_rate":2232.45,"max_rate":2279.6,"is_open":false,"enter_tag":"","leverage":1.0,"is_short":false,"open_timestamp":1750684800000,"close_timestamp":1750686060000,"orders":[{"amount":0.0044,"safe_price":2253.97,"ft_order_side":"buy","order_filled_timestamp":1750684800000,"ft_is_entry":true,"ft_order_tag":"","cost":9.927385467999999},{"amount":0.0044,"safe_price":2269.763583583583,"ft_order_side":"sell","order_filled_timestamp":1750686060000,"ft_is_entry":false,"ft_order_tag":"roi","cost":9.996946727535533}]},{"pair":"BTC/USDT","stake_amount":9.1162485,"max_stake_amount":9.1162485,"amount":9e-05,"open_date":"2025-06-23 13:21:00+00:00","close_date":"2025-06-23 13:44:00+00:00","open_rate":101291.65,"close_rate":102001.40130130127,"fee_open":0.001,"fee_close":0.001,"trade_duration":23,"profit_ratio":0.004995004721043344,"profit_abs":0.04558124,"exit_reason":"roi","initial_stop_loss_abs":98252.91,"initial_stop_loss_ratio":-0.03,"stop_loss_abs":99275.3,"stop_loss_ratio":-0.03,"min_rate":100792.16,"max_rate":102345.67,"is_open":false,"enter_tag":"","leverage":1.0,"is_short":false,"open_timestamp":1750684860000,"close_timestamp":1750686240000,"orders":[{"amount":9e-05,"safe_price":101291.65,"ft_order_side":"buy","order_filled_timestamp":1750684860000,"ft_is_entry":true,"ft_order_tag":"","cost":9.1253647485},{"amount":9e-05,"safe_price":102001.40130130127,"ft_order_side":"sell","order_filled_timestamp":1750686240000,"ft_is_entry":false,"ft_order_tag":"roi","cost":9.189306243234231}]},{"pair":"BTC/USDT","stake_amount":9.1507203,"max_stake_amount":9.1507203,"amount":9e-05,"open_date":"2025-06-23 14:38:00+00:00","close_date":"2025-06-23 15:08:00+00:00","open_rate":101674.67,"close_rate":101885.45,"fee_open":0.001,"fee_close":0.001,"trade_duration":30,"profit_ratio":7.093877179710751e-05,"profit_abs":0.00064979,"exit_reason":"roi","initial_stop_loss_abs":98624.43,"initial_stop_loss_ratio":-0.03,"stop_loss_abs":98990.26,"stop_loss_ratio":-0.03,"min_rate":101496.0,"max_rate":102051.81,"is_open":false,"enter_tag":"","leverage":1.0,"is_short":false,"open_timestamp":1750689480000,"close_timestamp":1750691280000,"orders":[{"amount":9e-05,"safe_price":101674.67,"ft_order_side":"buy","order_filled_timestamp":1750689480000,"ft_is_entry":true,"ft_order_tag":"","cost":9.159871020299999},{"amount":9e-05,"safe_price":101885.45,"ft_order_side":"sell","order_filled_timestamp":1750691280000,"ft_is_entry":false,"ft_order_tag":"roi","cost":9.178860190499998}]},{"pair":"ETH/USDT","stake_amount":9.792476,"max_stake_amount":9.792476,"amount":0.0043,"open_date":"2025-06-23 14:40:00+00:00","close_date":"2025-06-23 15:10:00+00:00","open_rate":2277.32,"close_rate":2282.72,"fee_open":0.001,"fee_close":0.001,"trade_duration":30,"profit_ratio":0.0003684687895300206,"profit_abs":0.00361183,"exit_reason":"roi","initial_stop_loss_abs":2209.01,"initial_stop_loss_ratio":-0.03,"stop_loss_abs":2220.7,"stop_loss_ratio":-0.03,"min_rate":2271.8,"max_rate":2289.38,"is_open":false,"enter_tag":"","leverage":1.0,"is_short":false,"open_timestamp":1750689600000,"close_timestamp":1750691400000,"orders":[{"amount":0.0043,"safe_price":2277.32,"ft_order_side":"buy","order_filled_timestamp":1750689600000,"ft_is_entry":true,"ft_order_tag":"","cost":9.802268476},{"amount":0.0043,"safe_price":2282.72,"ft_order_side":"sell","order_filled_timestamp":1750691400000,"ft_is_entry":false,"ft_order_tag":"roi","cost":9.825511695999998}]},{"pair":"ETH/USDT","stake_amount":9.988528,"max_stake_amount":9.988528,"amount":0.0044,"open_date":"2025-06-23 15:36:00+00:00","close_date":"2025-06-23 16:29:00+00:00","open_rate":2270.12,"close_rate":2207.39,"fee_open":0.001,"fee_close":0.001,"trade_duration":53,"profit_ratio":-0.02957569147101779,"profit_abs":-0.29571304,"exit_reason":"trailing_stop_loss","initial_stop_loss_abs":2202.02,"initial_stop_loss_ratio":-0.03,"stop_loss_abs":2207.39,"stop_loss_ratio":-0.03,"min_rate":2207.03,"max_rate":2275.65,"is_open":false,"enter_tag":"","leverage":1.0,"is_short":false,"open_timestamp":1750692960000,"close_timestamp":1750696140000,"orders":[{"amount":0.0044,"safe_price":2270.12,"ft_order_side":"buy","order_filled_timestamp":1750692960000,"ft_is_entry":true,"ft_order_tag":"","cost":9.998516528},{"amount":0.0044,"safe_price":2207.39,"ft_order_side":"sell","order_filled_timestamp":1750696140000,"ft_is_entry":false,"ft_order_tag":"trailing_stop_loss","cost":9.722228516}]},{"pair":"BTC/USDT","stake_amount":9.1222794,"max_stake_amount":9.1222794,"amount":9e-05,"open_date":"2025-06-23 16:02:00+00:00","close_date":"2025-06-23 17:10:00+00:00","open_rate":101358.66,"close_rate":101561.58024024023,"fee_open":0.001,"fee_close":0.001,"trade_duration":68,"profit_ratio":0.0,"profit_abs":0.0,"exit_reason":"roi","initial_stop_loss_abs":98317.91,"initial_stop_loss_ratio":-0.03,"stop_loss_abs":98586.13,"stop_loss_ratio":-0.03,"min_rate":99613.33,"max_rate":101635.18,"is_open":false,"enter_tag":"","leverage":1.0,"is_short":false,"open_timestamp":1750694520000,"close_timestamp":1750698600000,"orders":[{"amount":9e-05,"safe_price":101358.66,"ft_order_side":"buy","order_filled_timestamp":1750694520000,"ft_is_entry":true,"ft_order_tag":"","cost":9.1314016794},{"amount":9e-05,"safe_price":101561.58024024023,"ft_order_side":"sell","order_filled_timestamp":1750698600000,"ft_is_entry":false,"ft_order_tag":"roi","cost":9.149682763843243}]},{"pair":"ETH/USDT","stake_amount":9.878745,"max_stake_amount":9.878745,"amount":0.0041,"open_date":"2025-06-24 00:08:00+00:00","close_date":"2025-06-24 01:24:00+00:00","open_rate":2409.45,"close_rate":2414.2737237237234,"fee_open":0.001,"fee_close":0.001,"trade_duration":76,"profit_ratio":0.0,"profit_abs":0.0,"exit_reason":"roi","initial_stop_loss_abs":2337.17,"initial_stop_loss_ratio":-0.03,"stop_loss_abs":2342.54,"stop_loss_ratio":-0.03,"min_rate":2392.39,"max_rate":2414.98,"is_open":false,"enter_tag":"","leverage":1.0,"is_short":false,"open_timestamp":1750723680000,"close_timestamp":1750728240000,"orders":[{"amount":0.0041,"safe_price":2409.45,"ft_order_side":"buy","order_filled_timestamp":1750723680000,"ft_is_entry":true,"ft_order_tag":"","cost":9.888623744999999},{"amount":0.0041,"safe_price":2414.2737237237234,"ft_order_side":"sell","order_filled_timestamp":1750728240000,"ft_is_entry":false,"ft_order_tag":"roi","cost":9.908420789534532}]},{"pair":"BTC/USDT","stake_amount":9.4663071,"max_stake_amount":9.4663071,"amount":9e-05,"open_date":"2025-06-24 00:25:00+00:00","close_date":"2025-06-24 01:55:00+00:00","open_rate":105181.19,"close_rate":105391.76295295294,"fee_open":0.001,"fee_close":0.001,"trade_duration":90,"profit_ratio":0.0,"profit_abs":0.0,"exit_reason":"roi","initial_stop_loss_abs":102025.76,"initial_stop_loss_ratio":-0.03,"stop_loss_abs":102257.56,"stop_loss_ratio":-0.03,"min_rate":104909.69,"max_rate":105420.16,"is_open":false,"enter_tag":"","leverage":1.0,"is_short":false,"open_timestamp":1750724700000,"close_timestamp":1750730100000,"orders":[{"amount":9e-05,"safe_price":105181.19,"ft_order_side":"buy","order_filled_timestamp":1750724700000,"ft_is_entry":true,"ft_order_tag":"","cost":9.4757734071},{"amount":9e-05,"safe_price":105391.76295295294,"ft_order_side":"sell","order_filled_timestamp":1750730100000,"ft_is_entry":false,"ft_order_tag":"roi","cost":9.494743924431528}]},{"pair":"ETH/USDT","stake_amount":9.832702,"max_stake_amount":9.832702,"amount":0.0041,"open_date":"2025-06-24 02:17:00+00:00","close_date":"2025-06-24 03:16:00+00:00","open_rate":2398.22,"close_rate":2403.0212412412407,"fee_open":0.001,"fee_close":0.001,"trade_duration":59,"profit_ratio":0.0,"profit_abs":0.0,"exit_reason":"roi","initial_stop_loss_abs":2326.28,"initial_stop_loss_ratio":-0.03,"stop_loss_abs":2331.53,"stop_loss_ratio":-0.03,"min_rate":2389.74,"max_rate":2403.63,"is_open":false,"enter_tag":"","leverage":1.0,"is_short":false,"open_timestamp":1750731420000,"close_timestamp":1750734960000,"orders":[{"amount":0.0041,"safe_price":2398.22,"ft_order_side":"buy","order_filled_timestamp":1750731420000,"ft_is_entry":true,"ft_order_tag":"","cost":9.842534701999998},{"amount":0.0041,"safe_price":2403.0212412412407,"ft_order_side":"sell","order_filled_timestamp":1750734960000,"ft_is_entry":false,"ft_order_tag":"roi","cost":9.862239476178177}]},{"pair":"BTC/USDT","stake_amount":9.438192,"max_stake_amount":9.438192,"amount":9e-05,"open_date":"2025-06-24 02:24:00+00:00","close_date":"2025-06-24 03:20:00+00:00","open_rate":104868.8,"close_rate":105078.74754754754,"fee_open":0.001,"fee_close":0.001,"trade_duration":56,"profit_ratio":0.0,"profit_abs":0.0,"exit_reason":"roi","initial_stop_loss_abs":101722.74,"initial_stop_loss_ratio":-0.03,"stop_loss_abs":101931.67,"stop_loss_ratio":-0.03,"min_rate":104720.82,"max_rate":105084.19,"is_open":false,"enter_tag":"","leverage":1.0,"is_short":false,"open_timestamp":1750731840000,"close_timestamp":1750735200000,"orders":[{"amount":9e-05,"safe_price":104868.8,"ft_order_side":"buy","order_filled_timestamp":1750731840000,"ft_is_entry":true,"ft_order_tag":"","cost":9.447630192},{"amount":9e-05,"safe_price":105078.74754754754,"ft_order_side":"sell","order_filled_timestamp":1750735200000,"ft_is_entry":false,"ft_order_tag":"roi","cost":9.466544366558557}]},{"pair":"BTC/USDT","stake_amount":9.4309209,"max_stake_amount":9.4309209,"amount":9e-05,"open_date":"2025-06-24 04:55:00+00:00","close_date":"2025-06-24 05:25:00+00:00","open_rate":104788.01,"close_rate":105067.89,"fee_open":0.001,"fee_close":0.001,"trade_duration":30,"profit_ratio":0.0006675778741685901,"profit_abs":0.00630217,"exit_reason":"roi","initial_stop_loss_abs":101644.37,"initial_stop_loss_ratio":-0.03,"stop_loss_abs":102056.85,"stop_loss_ratio":-0.03,"min_rate":104750.93,"max_rate":105213.24,"is_open":false,"enter_tag":"","leverage":1.0,"is_short":false,"open_timestamp":1750740900000,"close_timestamp":1750742700000,"orders":[{"amount":9e-05,"safe_price":104788.01,"ft_order_side":"buy","order_filled_timestamp":1750740900000,"ft_is_entry":true,"ft_order_tag":"","cost":9.440351820899998},{"amount":9e-05,"safe_price":105067.89,"ft_order_side":"sell","order_filled_timestamp":1750742700000,"ft_is_entry":false,"ft_order_tag":"roi","cost":9.465566210099999}]},{"pair":"ETH/USDT","stake_amount":9.842911,"max_stake_amount":9.842911,"amount":0.0041,"open_date":"2025-06-24 07:43:00+00:00","close_date":"2025-06-24 08:22:00+00:00","open_rate":2400.71,"close_rate":2405.516226226226,"fee_open":0.001,"fee_close":0.001,"trade_duration":39,"profit_ratio":0.0,"profit_abs":0.0,"exit_reason":"roi","initial_stop_loss_abs":2328.69,"initial_stop_loss_ratio":-0.03,"stop_loss_abs":2334.15,"stop_loss_ratio":-0.03,"min_rate":2376.11,"max_rate":2406.33,"is_open":false,"enter_tag":"","leverage":1.0,"is_short":false,"open_timestamp":1750750980000,"close_timestamp":1750753320000,"orders":[{"amount":0.0041,"safe_price":2400.71,"ft_order_side":"buy","order_filled_timestamp":1750750980000,"ft_is_entry":true,"ft_order_tag":"","cost":9.852753911},{"amount":0.0041,"safe_price":2405.516226226226,"ft_order_side":"sell","order_filled_timestamp":1750753320000,"ft_is_entry":false,"ft_order_tag":"roi","cost":9.872479144055054}]},{"pair":"BTC/USDT","stake_amount":9.4660596,"max_stake_amount":9.4660596,"amount":9e-05,"open_date":"2025-06-24 07:48:00+00:00","close_date":"2025-06-24 08:37:00+00:00","open_rate":105178.44,"close_rate":105119.99,"fee_open":0.001,"fee_close":0.001,"trade_duration":49,"profit_ratio":-0.0025526140574053434,"profit_abs":-0.02418736,"exit_reason":"exit_signal","initial_stop_loss_abs":102023.09,"initial_stop_loss_ratio":-0.03,"stop_loss_abs":102063.4,"stop_loss_ratio":-0.03,"min_rate":104622.02,"max_rate":105220.0,"is_open":false,"enter_tag":"","leverage":1.0,"is_short":false,"open_timestamp":1750751280000,"close_timestamp":1750754220000,"orders":[{"amount":9e-05,"safe_price":105178.44,"ft_order_side":"buy","order_filled_timestamp":1750751280000,"ft_is_entry":true,"ft_order_tag":"","cost":9.4755256596},{"amount":9e-05,"safe_price":105119.99,"ft_order_side":"sell","order_filled_timestamp":1750754220000,"ft_is_entry":false,"ft_order_tag":"exit_signal","cost":9.4702598991}]},{"pair":"BTC/USDT","stake_amount":9.4495932,"max_stake_amount":9.4495932,"amount":9e-05,"open_date":"2025-06-24 12:33:00+00:00","close_date":"2025-06-24 13:03:00+00:00","open_rate":104995.48,"close_rate":105211.99,"fee_open":0.001,"fee_close":0.001,"trade_duration":30,"profit_ratio":5.996695568475229e-05,"profit_abs":0.00056723,"exit_reason":"roi","initial_stop_loss_abs":101845.62,"initial_stop_loss_ratio":-0.03,"stop_loss_abs":102147.35,"stop_loss_ratio":-0.03,"min_rate":104968.43,"max_rate":105306.54,"is_open":false,"enter_tag":"","leverage":1.0,"is_short":false,"open_timestamp":1750768380000,"close_timestamp":1750770180000,"orders":[{"amount":9e-05,"safe_price":104995.48,"ft_order_side":"buy","order_filled_timestamp":1750768380000,"ft_is_entry":true,"ft_order_tag":"","cost":9.4590427932},{"amount":9e-05,"safe_price":105211.99,"ft_order_side":"sell","order_filled_timestamp":1750770180000,"ft_is_entry":false,"ft_order_tag":"roi","cost":9.4785481791}]},{"pair":"BTC/USDT","stake_amount":9.45558,"max_stake_amount":9.45558,"amount":9e-05,"open_date":"2025-06-24 13:21:00+00:00","close_date":"2025-06-24 14:05:00+00:00","open_rate":105062.0,"close_rate":105272.33433433433,"fee_open":0.001,"fee_close":0.001,"trade_duration":44,"profit_ratio":0.0,"profit_abs":0.0,"exit_reason":"roi","initial_stop_loss_abs":101910.14,"initial_stop_loss_ratio":-0.03,"stop_loss_abs":102132.27,"stop_loss_ratio":-0.03,"min_rate":104800.98,"max_rate":105291.0,"is_open":false,"enter_tag":"","leverage":1.0,"is_short":false,"open_timestamp":1750771260000,"close_timestamp":1750773900000,"orders":[{"amount":9e-05,"safe_price":105062.0,"ft_order_side":"buy","order_filled_timestamp":1750771260000,"ft_is_entry":true,"ft_order_tag":"","cost":9.46503558},{"amount":9e-05,"safe_price":105272.33433433433,"ft_order_side":"sell","order_filled_timestamp":1750773900000,"ft_is_entry":false,"ft_order_tag":"roi","cost":9.483984600180179}]},{"pair":"BTC/USDT","stake_amount":9.4750398,"max_stake_amount":9.4750398,"amount":9e-05,"open_date":"2025-06-24 15:55:00+00:00","close_date":"2025-06-24 16:29:00+00:00","open_rate":105278.22,"close_rate":105488.9872072072,"fee_open":0.001,"fee_close":0.001,"trade_duration":34,"profit_ratio":0.0,"profit_abs":0.0,"exit_reason":"roi","initial_stop_loss_abs":102119.88,"initial_stop_loss_ratio":-0.03,"stop_loss_abs":102325.79,"stop_loss_ratio":-0.03,"min_rate":105153.01,"max_rate":105490.5,"is_open":false,"enter_tag":"","leverage":1.0,"is_short":false,"open_timestamp":1750780500000,"close_timestamp":1750782540000,"orders":[{"amount":9e-05,"safe_price":105278.22,"ft_order_side":"buy","order_filled_timestamp":1750780500000,"ft_is_entry":true,"ft_order_tag":"","cost":9.4845148398},{"amount":9e-05,"safe_price":105488.9872072072,"ft_order_side":"sell","order_filled_timestamp":1750782540000,"ft_is_entry":false,"ft_order_tag":"roi","cost":9.503502857497297}]},{"pair":"BTC/USDT","stake_amount":9.4859613,"max_stake_amount":9.4859613,"amount":9e-05,"open_date":"2025-06-24 19:10:00+00:00","close_date":"2025-06-24 19:59:00+00:00","open_rate":105399.57,"close_rate":105610.58015015016,"fee_open":0.001,"fee_close":0.001,"trade_duration":49,"profit_ratio":0.0,"profit_abs":0.0,"exit_reason":"roi","initial_stop_loss_abs":102237.59,"initial_stop_loss_ratio":-0.03,"stop_loss_abs":102507.49,"stop_loss_ratio":-0.03,"min_rate":105270.48,"max_rate":105677.82,"is_open":false,"enter_tag":"","leverage":1.0,"is_short":false,"open_timestamp":1750792200000,"close_timestamp":1750795140000,"orders":[{"amount":9e-05,"safe_price":105399.57,"ft_order_side":"buy","order_filled_timestamp":1750792200000,"ft_is_entry":true,"ft_order_tag":"","cost":9.4954472613},{"amount":9e-05,"safe_price":105610.58015015016,"ft_order_side":"sell","order_filled_timestamp":1750795140000,"ft_is_entry":false,"ft_order_tag":"roi","cost":9.514457165727027}]},{"pair":"ETH/USDT","stake_amount":9.7644,"max_stake_amount":9.7644,"amount":0.004,"open_date":"2025-06-24 18:33:00+00:00","close_date":"2025-06-24 20:38:00+00:00","open_rate":2441.1,"close_rate":2442.64,"fee_open":0.001,"fee_close":0.001,"trade_duration":125,"profit_ratio":-0.0013683993283354226,"profit_abs":-0.01337496,"exit_reason":"exit_signal","initial_stop_loss_abs":2367.87,"initial_stop_loss_ratio":-0.03,"stop_loss_abs":2375.31,"stop_loss_ratio":-0.03,"min_rate":2417.22,"max_rate":2448.77,"is_open":false,"enter_tag":"","leverage":1.0,"is_short":false,"open_timestamp":1750789980000,"close_timestamp":1750797480000,"orders":[{"amount":0.004,"safe_price":2441.1,"ft_order_side":"buy","order_filled_timestamp":1750789980000,"ft_is_entry":true,"ft_order_tag":"","cost":9.774164399999998},{"amount":0.004,"safe_price":2442.64,"ft_order_side":"sell","order_filled_timestamp":1750797480000,"ft_is_entry":false,"ft_order_tag":"exit_signal","cost":9.78033056}]},{"pair":"BTC/USDT","stake_amount":9.5267655,"max_stake_amount":9.5267655,"amount":9e-05,"open_date":"2025-06-24 22:02:00+00:00","close_date":"2025-06-24 23:44:00+00:00","open_rate":105852.95,"close_rate":105932.0,"fee_open":0.001,"fee_close":0.001,"trade_duration":102,"profit_ratio":-0.0012527038462546165,"profit_abs":-0.01194615,"exit_reason":"exit_signal","initial_stop_loss_abs":102677.37,"initial_stop_loss_ratio":-0.03,"stop_loss_abs":102847.16,"stop_loss_ratio":-0.03,"min_rate":105734.38,"max_rate":106028.0,"is_open":false,"enter_tag":"","leverage":1.0,"is_short":false,"open_timestamp":1750802520000,"close_timestamp":1750808640000,"orders":[{"amount":9e-05,"safe_price":105852.95,"ft_order_side":"buy","order_filled_timestamp":1750802520000,"ft_is_entry":true,"ft_order_tag":"","cost":9.536292265499998},{"amount":9e-05,"safe_price":105932.0,"ft_order_side":"sell","order_filled_timestamp":1750808640000,"ft_is_entry":false,"ft_order_tag":"exit_signal","cost":9.54341388}]},{"pair":"ETH/USDT","stake_amount":9.968494,"max_stake_amount":9.968494,"amount":0.0041,"open_date":"2025-06-24 23:22:00+00:00","close_date":"2025-06-24 23:52:00+00:00","open_rate":2431.34,"close_rate":2446.29,"fee_open":0.001,"fee_close":0.001,"trade_duration":30,"profit_ratio":0.004138585480962775,"profit_abs":0.04129672,"exit_reason":"exit_signal","initial_stop_loss_abs":2358.4,"initial_stop_loss_ratio":-0.03,"stop_loss_abs":2374.47,"stop_loss_ratio":-0.03,"min_rate":2430.8,"max_rate":2447.9,"is_open":false,"enter_tag":"","leverage":1.0,"is_short":false,"open_timestamp":1750807320000,"close_timestamp":1750809120000,"orders":[{"amount":0.0041,"safe_price":2431.34,"ft_order_side":"buy","order_filled_timestamp":1750807320000,"ft_is_entry":true,"ft_order_tag":"","cost":9.978462494},{"amount":0.0041,"safe_price":2446.29,"ft_order_side":"sell","order_filled_timestamp":1750809120000,"ft_is_entry":false,"ft_order_tag":"exit_signal","cost":10.039818789}]},{"pair":"ETH/USDT","stake_amount":9.81568,"max_stake_amount":9.81568,"amount":0.004,"open_date":"2025-06-25 02:41:00+00:00","close_date":"2025-06-25 03:25:00+00:00","open_rate":2453.92,"close_rate":2458.8327527527526,"fee_open":0.001,"fee_close":0.001,"trade_duration":44,"profit_ratio":0.0,"profit_abs":0.0,"exit_reason":"roi","initial_stop_loss_abs":2380.31,"initial_stop_loss_ratio":-0.03,"stop_loss_abs":2386.5,"stop_loss_ratio":-0.03,"min_rate":2446.71,"max_rate":2460.3,"is_open":false,"enter_tag":"","leverage":1.0,"is_short":false,"open_timestamp":1750819260000,"close_timestamp":1750821900000,"orders":[{"amount":0.004,"safe_price":2453.92,"ft_order_side":"buy","order_filled_timestamp":1750819260000,"ft_is_entry":true,"ft_order_tag":"","cost":9.82549568},{"amount":0.004,"safe_price":2458.8327527527526,"ft_order_side":"sell","order_filled_timestamp":1750821900000,"ft_is_entry":false,"ft_order_tag":"roi","cost":9.84516634202202}]},{"pair":"ETH/USDT","stake_amount":9.80052,"max_stake_amount":9.80052,"amount":0.004,"open_date":"2025-06-25 03:52:00+00:00","close_date":"2025-06-25 06:34:00+00:00","open_rate":2450.13,"close_rate":2441.0,"fee_open":0.001,"fee_close":0.001,"trade_duration":162,"profit_ratio":-0.005716889665904616,"profit_abs":-0.05608452,"exit_reason":"exit_signal","initial_stop_loss_abs":2376.63,"initial_stop_loss_ratio":-0.03,"stop_loss_abs":2376.63,"stop_loss_ratio":-0.03,"min_rate":2424.21,"max_rate":2450.13,"is_open":false,"enter_tag":"","leverage":1.0,"is_short":false,"open_timestamp":1750823520000,"close_timestamp":1750833240000,"orders":[{"amount":0.004,"safe_price":2450.13,"ft_order_side":"buy","order_filled_timestamp":1750823520000,"ft_is_entry":true,"ft_order_tag":"","cost":9.81032052},{"amount":0.004,"safe_price":2441.0,"ft_order_side":"sell","order_filled_timestamp":1750833240000,"ft_is_entry":false,"ft_order_tag":"exit_signal","cost":9.773763999999998}]},{"pair":"ETH/USDT","stake_amount":9.980302,"max_stake_amount":9.980302,"amount":0.0041,"open_date":"2025-06-25 08:30:00+00:00","close_date":"2025-06-25 09:00:00+00:00","open_rate":2434.22,"close_rate":2439.49,"fee_open":0.001,"fee_close":0.001,"trade_duration":30,"profit_ratio":0.00016263704576943995,"profit_abs":0.00162479,"exit_reason":"roi","initial_stop_loss_abs":2361.2,"initial_stop_loss_ratio":-0.03,"stop_loss_abs":2366.47,"stop_loss_ratio":-0.03,"min_rate":2424.64,"max_rate":2439.65,"is_open":false,"enter_tag":"","leverage":1.0,"is_short":false,"open_timestamp":1750840200000,"close_timestamp":1750842000000,"orders":[{"amount":0.0041,"safe_price":2434.22,"ft_order_side":"buy","order_filled_timestamp":1750840200000,"ft_is_entry":true,"ft_order_tag":"","cost":9.990282301999999},{"amount":0.0041,"safe_price":2439.49,"ft_order_side":"sell","order_filled_timestamp":1750842000000,"ft_is_entry":false,"ft_order_tag":"roi","cost":10.011910909}]},{"pair":"BTC/USDT","stake_amount":9.5742576,"max_stake_amount":9.5742576,"amount":9e-05,"open_date":"2025-06-25 08:42:00+00:00","close_date":"2025-06-25 09:12:00+00:00","open_rate":106380.64,"close_rate":106849.5,"fee_open":0.001,"fee_close":0.001,"trade_duration":30,"profit_ratio":0.002400573209321869,"profit_abs":0.02300669,"exit_reason":"roi","initial_stop_loss_abs":103189.23,"initial_stop_loss_ratio":-0.03,"stop_loss_abs":103681.85,"stop_loss_ratio":-0.03,"min_rate":106343.13,"max_rate":106888.5,"is_open":false,"enter_tag":"","leverage":1.0,"is_short":false,"open_timestamp":1750840920000,"close_timestamp":1750842720000,"orders":[{"amount":9e-05,"safe_price":106380.64,"ft_order_side":"buy","order_filled_timestamp":1750840920000,"ft_is_entry":true,"ft_order_tag":"","cost":9.5838318576},{"amount":9e-05,"safe_price":106849.5,"ft_order_side":"sell","order_filled_timestamp":1750842720000,"ft_is_entry":false,"ft_order_tag":"roi","cost":9.626071455}]},{"pair":"ETH/USDT","stake_amount":9.915768,"max_stake_amount":9.915768,"amount":0.0041,"open_date":"2025-06-25 09:50:00+00:00","close_date":"2025-06-25 10:20:00+00:00","open_rate":2418.48,"close_rate":2423.94,"fee_open":0.001,"fee_close":0.001,"trade_duration":30,"profit_ratio":0.00025510383558292703,"profit_abs":0.00253208,"exit_reason":"roi","initial_stop_loss_abs":2345.93,"initial_stop_loss_ratio":-0.03,"stop_loss_abs":2353.0,"stop_loss_ratio":-0.03,"min_rate":2414.25,"max_rate":2425.77,"is_open":false,"enter_tag":"","leverage":1.0,"is_short":false,"open_timestamp":1750845000000,"close_timestamp":1750846800000,"orders":[{"amount":0.0041,"safe_price":2418.48,"ft_order_side":"buy","order_filled_timestamp":1750845000000,"ft_is_entry":true,"ft_order_tag":"","cost":9.925683768},{"amount":0.0041,"safe_price":2423.94,"ft_order_side":"sell","order_filled_timestamp":1750846800000,"ft_is_entry":false,"ft_order_tag":"roi","cost":9.948092154}]},{"pair":"ETH/USDT","stake_amount":9.921467,"max_stake_amount":9.921467,"amount":0.0041,"open_date":"2025-06-25 12:28:00+00:00","close_date":"2025-06-25 12:58:00+00:00","open_rate":2419.87,"close_rate":2425.71,"fee_open":0.001,"fee_close":0.001,"trade_duration":30,"profit_ratio":0.00041052870034713143,"profit_abs":0.00407712,"exit_reason":"roi","initial_stop_loss_abs":2347.28,"initial_stop_loss_ratio":-0.03,"stop_loss_abs":2356.31,"stop_loss_ratio":-0.03,"min_rate":2415.51,"max_rate":2429.18,"is_open":false,"enter_tag":"","leverage":1.0,"is_short":false,"open_timestamp":1750854480000,"close_timestamp":1750856280000,"orders":[{"amount":0.0041,"safe_price":2419.87,"ft_order_side":"buy","order_filled_timestamp":1750854480000,"ft_is_entry":true,"ft_order_tag":"","cost":9.931388466999998},{"amount":0.0041,"safe_price":2425.71,"ft_order_side":"sell","order_filled_timestamp":1750856280000,"ft_is_entry":false,"ft_order_tag":"roi","cost":9.955356411}]},{"pair":"ETH/USDT","stake_amount":9.861402,"max_stake_amount":9.861402,"amount":0.0041,"open_date":"2025-06-25 14:26:00+00:00","close_date":"2025-06-25 14:46:00+00:00","open_rate":2405.22,"close_rate":2427.2,"fee_open":0.001,"fee_close":0.001,"trade_duration":20,"profit_ratio":0.007122196737831513,"profit_abs":0.07030508,"exit_reason":"roi","initial_stop_loss_abs":2333.07,"initial_stop_loss_ratio":-0.03,"stop_loss_abs":2430.68,"stop_loss_ratio":-0.005,"min_rate":2400.02,"max_rate":2442.89,"is_open":false,"enter_tag":"","leverage":1.0,"is_short":false,"open_timestamp":1750861560000,"close_timestamp":1750862760000,"orders":[{"amount":0.0041,"safe_price":2405.22,"ft_order_side":"buy","order_filled_timestamp":1750861560000,"ft_is_entry":true,"ft_order_tag":"","cost":9.871263401999999},{"amount":0.0041,"safe_price":2427.2,"ft_order_side":"sell","order_filled_timestamp":1750862760000,"ft_is_entry":false,"ft_order_tag":"roi","cost":9.96147152}]},{"pair":"ETH/USDT","stake_amount":9.867511,"max_stake_amount":9.867511,"amount":0.0041,"open_date":"2025-06-25 15:33:00+00:00","close_date":"2025-06-25 16:03:00+00:00","open_rate":2406.71,"close_rate":2413.2,"fee_open":0.001,"fee_close":0.001,"trade_duration":30,"profit_ratio":0.0006932375824591907,"profit_abs":0.00684737,"exit_reason":"roi","initial_stop_loss_abs":2334.51,"initial_stop_loss_ratio":-0.03,"stop_loss_abs":2341.7,"stop_loss_ratio":-0.03,"min_rate":2397.05,"max_rate":2414.12,"is_open":false,"enter_tag":"","leverage":1.0,"is_short":false,"open_timestamp":1750865580000,"close_timestamp":1750867380000,"orders":[{"amount":0.0041,"safe_price":2406.71,"ft_order_side":"buy","order_filled_timestamp":1750865580000,"ft_is_entry":true,"ft_order_tag":"","cost":9.877378511},{"amount":0.0041,"safe_price":2413.2,"ft_order_side":"sell","order_filled_timestamp":1750867380000,"ft_is_entry":false,"ft_order_tag":"roi","cost":9.90401412}]},{"pair":"BTC/USDT","stake_amount":9.6729255,"max_stake_amount":9.6729255,"amount":9e-05,"open_date":"2025-06-25 15:14:00+00:00","close_date":"2025-06-25 16:13:00+00:00","open_rate":107476.95,"close_rate":107304.59,"fee_open":0.001,"fee_close":0.001,"trade_duration":59,"profit_ratio":-0.00359849066013504,"profit_abs":-0.03484274,"exit_reason":"exit_signal","initial_stop_loss_abs":104252.65,"initial_stop_loss_ratio":-0.03,"stop_loss_abs":104297.31,"stop_loss_ratio":-0.03,"min_rate":106752.36,"max_rate":107523.0,"is_open":false,"enter_tag":"","leverage":1.0,"is_short":false,"open_timestamp":1750864440000,"close_timestamp":1750867980000,"orders":[{"amount":9e-05,"safe_price":107476.95,"ft_order_side":"buy","order_filled_timestamp":1750864440000,"ft_is_entry":true,"ft_order_tag":"","cost":9.682598425499998},{"amount":9e-05,"safe_price":107304.59,"ft_order_side":"sell","order_filled_timestamp":1750867980000,"ft_is_entry":false,"ft_order_tag":"exit_signal","cost":9.667070513099999}]},{"pair":"BTC/USDT","stake_amount":9.6433038,"max_stake_amount":9.6433038,"amount":9e-05,"open_date":"2025-06-25 16:44:00+00:00","close_date":"2025-06-25 17:14:00+00:00","open_rate":107147.82,"close_rate":107362.33015015014,"fee_open":0.001,"fee_close":0.001,"trade_duration":30,"profit_ratio":0.0,"profit_abs":0.0,"exit_reason":"roi","initial_stop_loss_abs":103933.39,"initial_stop_loss_ratio":-0.03,"stop_loss_abs":104196.77,"stop_loss_ratio":-0.03,"min_rate":106989.03,"max_rate":107419.35,"is_open":false,"enter_tag":"","leverage":1.0,"is_short":false,"open_timestamp":1750869840000,"close_timestamp":1750871640000,"orders":[{"amount":9e-05,"safe_price":107147.82,"ft_order_side":"buy","order_filled_timestamp":1750869840000,"ft_is_entry":true,"ft_order_tag":"","cost":9.6529471038},{"amount":9e-05,"safe_price":107362.33015015014,"ft_order_side":"sell","order_filled_timestamp":1750871640000,"ft_is_entry":false,"ft_order_tag":"roi","cost":9.672272323227025}]},{"pair":"ETH/USDT","stake_amount":9.896211,"max_stake_amount":9.896211,"amount":0.0041,"open_date":"2025-06-25 18:38:00+00:00","close_date":"2025-06-25 19:08:00+00:00","open_rate":2413.71,"close_rate":2421.38,"fee_open":0.001,"fee_close":0.001,"trade_duration":30,"profit_ratio":0.0011733297199825754,"profit_abs":0.01162313,"exit_reason":"roi","initial_stop_loss_abs":2341.3,"initial_stop_loss_ratio":-0.03,"stop_loss_abs":2351.09,"stop_loss_ratio":-0.03,"min_rate":2412.61,"max_rate":2423.8,"is_open":false,"enter_tag":"","leverage":1.0,"is_short":false,"open_timestamp":1750876680000,"close_timestamp":1750878480000,"orders":[{"amount":0.0041,"safe_price":2413.71,"ft_order_side":"buy","order_filled_timestamp":1750876680000,"ft_is_entry":true,"ft_order_tag":"","cost":9.906107211},{"amount":0.0041,"safe_price":2421.38,"ft_order_side":"sell","order_filled_timestamp":1750878480000,"ft_is_entry":false,"ft_order_tag":"roi","cost":9.937585658}]},{"pair":"ETH/USDT","stake_amount":9.931143,"max_stake_amount":9.931143,"amount":0.0041,"open_date":"2025-06-25 22:12:00+00:00","close_date":"2025-06-26 00:15:00+00:00","open_rate":2422.23,"close_rate":2427.079309309309,"fee_open":0.001,"fee_close":0.001,"trade_duration":123,"profit_ratio":0.0,"profit_abs":0.0,"exit_reason":"roi","initial_stop_loss_abs":2349.57,"initial_stop_loss_ratio":-0.03,"stop_loss_abs":2355.16,"stop_loss_ratio":-0.03,"min_rate":2408.02,"max_rate":2428.0,"is_open":false,"enter_tag":"","leverage":1.0,"is_short":false,"open_timestamp":1750889520000,"close_timestamp":1750896900000,"orders":[{"amount":0.0041,"safe_price":2422.23,"ft_order_side":"buy","order_filled_timestamp":1750889520000,"ft_is_entry":true,"ft_order_tag":"","cost":9.941074143},{"amount":0.0041,"safe_price":2427.079309309309,"ft_order_side":"sell","order_filled_timestamp":1750896900000,"ft_is_entry":false,"ft_order_tag":"roi","cost":9.960976193336334}]},{"pair":"BTC/USDT","stake_amount":9.683874,"max_stake_amount":9.683874,"amount":9e-05,"open_date":"2025-06-25 21:21:00+00:00","close_date":"2025-06-26 00:22:00+00:00","open_rate":107598.6,"close_rate":107536.89,"fee_open":0.001,"fee_close":0.001,"trade_duration":181,"profit_ratio":-0.002570376153303812,"profit_abs":-0.02491609,"exit_reason":"exit_signal","initial_stop_loss_abs":104370.65,"initial_stop_loss_ratio":-0.03,"stop_loss_abs":104471.36,"stop_loss_ratio":-0.03,"min_rate":107079.9,"max_rate":107702.43,"is_open":false,"enter_tag":"","leverage":1.0,"is_short":false,"open_timestamp":1750886460000,"close_timestamp":1750897320000,"orders":[{"amount":9e-05,"safe_price":107598.6,"ft_order_side":"buy","order_filled_timestamp":1750886460000,"ft_is_entry":true,"ft_order_tag":"","cost":9.693557874},{"amount":9e-05,"safe_price":107536.89,"ft_order_side":"sell","order_filled_timestamp":1750897320000,"ft_is_entry":false,"ft_order_tag":"exit_signal","cost":9.6879984201}]},{"pair":"BTC/USDT","stake_amount":9.6588,"max_stake_amount":9.6588,"amount":9e-05,"open_date":"2025-06-26 00:51:00+00:00","close_date":"2025-06-26 01:33:00+00:00","open_rate":107320.0,"close_rate":107534.85485485484,"fee_open":0.001,"fee_close":0.001,"trade_duration":42,"profit_ratio":0.0,"profit_abs":0.0,"exit_reason":"roi","initial_stop_loss_abs":104100.4,"initial_stop_loss_ratio":-0.03,"stop_loss_abs":104482.86,"stop_loss_ratio":-0.03,"min_rate":107105.43,"max_rate":107714.28,"is_open":false,"enter_tag":"","leverage":1.0,"is_short":false,"open_timestamp":1750899060000,"close_timestamp":1750901580000,"orders":[{"amount":9e-05,"safe_price":107320.0,"ft_order_side":"buy","order_filled_timestamp":1750899060000,"ft_is_entry":true,"ft_order_tag":"","cost":9.6684588},{"amount":9e-05,"safe_price":107534.85485485484,"ft_order_side":"sell","order_filled_timestamp":1750901580000,"ft_is_entry":false,"ft_order_tag":"roi","cost":9.687815073873873}]},{"pair":"ETH/USDT","stake_amount":9.8504,"max_stake_amount":9.8504,"amount":0.004,"open_date":"2025-06-26 02:41:00+00:00","close_date":"2025-06-26 02:53:00+00:00","open_rate":2462.6,"close_rate":2487.2506506506506,"fee_open":0.001,"fee_close":0.001,"trade_duration":12,"profit_ratio":0.007992007992007992,"profit_abs":0.0788032,"exit_reason":"roi","initial_stop_loss_abs":2388.73,"initial_stop_loss_ratio":-0.03,"stop_loss_abs":2487.5,"stop_loss_ratio":-0.005,"min_rate":2460.0,"max_rate":2500.0,"is_open":false,"enter_tag":"","leverage":1.0,"is_short":false,"open_timestamp":1750905660000,"close_timestamp":1750906380000,"orders":[{"amount":0.004,"safe_price":2462.6,"ft_order_side":"buy","order_filled_timestamp":1750905660000,"ft_is_entry":true,"ft_order_tag":"","cost":9.8602504},{"amount":0.004,"safe_price":2487.2506506506506,"ft_order_side":"sell","order_filled_timestamp":1750906380000,"ft_is_entry":false,"ft_order_tag":"roi","cost":9.958951605205204}]},{"pair":"BTC/USDT","stake_amount":9.6911136,"max_stake_amount":9.6911136,"amount":9e-05,"open_date":"2025-06-26 02:41:00+00:00","close_date":"2025-06-26 03:11:00+00:00","open_rate":107679.04,"close_rate":108022.0,"fee_open":0.001,"fee_close":0.001,"trade_duration":30,"profit_ratio":0.0011806556608590505,"profit_abs":0.01145331,"exit_reason":"roi","initial_stop_loss_abs":104448.67,"initial_stop_loss_ratio":-0.03,"stop_loss_abs":105024.28,"stop_loss_ratio":-0.03,"min_rate":107562.4,"max_rate":108272.45,"is_open":false,"enter_tag":"","leverage":1.0,"is_short":false,"open_timestamp":1750905660000,"close_timestamp":1750907460000,"orders":[{"amount":9e-05,"safe_price":107679.04,"ft_order_side":"buy","order_filled_timestamp":1750905660000,"ft_is_entry":true,"ft_order_tag":"","cost":9.700804713599998},{"amount":9e-05,"safe_price":108022.0,"ft_order_side":"sell","order_filled_timestamp":1750907460000,"ft_is_entry":false,"ft_order_tag":"roi","cost":9.731701979999999}]},{"pair":"BTC/USDT","stake_amount":9.6804126,"max_stake_amount":9.6804126,"amount":9e-05,"open_date":"2025-06-26 05:54:00+00:00","close_date":"2025-06-26 06:35:00+00:00","open_rate":107560.14,"close_rate":107775.4756156156,"fee_open":0.001,"fee_close":0.001,"trade_duration":41,"profit_ratio":0.0,"profit_abs":0.0,"exit_reason":"roi","initial_stop_loss_abs":104333.34,"initial_stop_loss_ratio":-0.03,"stop_loss_abs":104567.2,"stop_loss_ratio":-0.03,"min_rate":107553.11,"max_rate":107801.23,"is_open":false,"enter_tag":"","leverage":1.0,"is_short":false,"open_timestamp":1750917240000,"close_timestamp":1750919700000,"orders":[{"amount":9e-05,"safe_price":107560.14,"ft_order_side":"buy","order_filled_timestamp":1750917240000,"ft_is_entry":true,"ft_order_tag":"","cost":9.690093012599998},{"amount":9e-05,"safe_price":107775.4756156156,"ft_order_side":"sell","order_filled_timestamp":1750919700000,"ft_is_entry":false,"ft_order_tag":"roi","cost":9.70949259821081}]},{"pair":"ETH/USDT","stake_amount":9.95216,"max_stake_amount":9.95216,"amount":0.004,"open_date":"2025-06-26 03:40:00+00:00","close_date":"2025-06-26 07:17:00+00:00","open_rate":2488.04,"close_rate":2493.0210610610607,"fee_open":0.001,"fee_close":0.001,"trade_duration":217,"profit_ratio":0.0,"profit_abs":0.0,"exit_reason":"roi","initial_stop_loss_abs":2413.4,"initial_stop_loss_ratio":-0.03,"stop_loss_abs":2423.39,"stop_loss_ratio":-0.03,"min_rate":2467.14,"max_rate":2498.33,"is_open":false,"enter_tag":"","leverage":1.0,"is_short":false,"open_timestamp":1750909200000,"close_timestamp":1750922220000,"orders":[{"amount":0.004,"safe_price":2488.04,"ft_order_side":"buy","order_filled_timestamp":1750909200000,"ft_is_entry":true,"ft_order_tag":"","cost":9.962112159999998},{"amount":0.004,"safe_price":2493.0210610610607,"ft_order_side":"sell","order_filled_timestamp":1750922220000,"ft_is_entry":false,"ft_order_tag":"roi","cost":9.982056328488486}]},{"pair":"BTC/USDT","stake_amount":9.7020009,"max_stake_amount":9.7020009,"amount":9e-05,"open_date":"2025-06-26 08:19:00+00:00","close_date":"2025-06-26 12:04:00+00:00","open_rate":107800.01,"close_rate":107379.99,"fee_open":0.001,"fee_close":0.001,"trade_duration":225,"profit_ratio":-0.005886506268092503,"profit_abs":-0.057168,"exit_reason":"exit_signal","initial_stop_loss_abs":104566.01,"initial_stop_loss_ratio":-0.03,"stop_loss_abs":104725.78,"stop_loss_ratio":-0.03,"min_rate":107117.65,"max_rate":107964.72,"is_open":false,"enter_tag":"","leverage":1.0,"is_short":false,"open_timestamp":1750925940000,"close_timestamp":1750939440000,"orders":[{"amount":9e-05,"safe_price":107800.01,"ft_order_side":"buy","order_filled_timestamp":1750925940000,"ft_is_entry":true,"ft_order_tag":"","cost":9.711702900899999},{"amount":9e-05,"safe_price":107379.99,"ft_order_side":"sell","order_filled_timestamp":1750939440000,"ft_is_entry":false,"ft_order_tag":"exit_signal","cost":9.6738632991}]},{"pair":"ETH/USDT","stake_amount":9.89144,"max_stake_amount":9.89144,"amount":0.004,"open_date":"2025-06-26 09:20:00+00:00","close_date":"2025-06-26 13:41:00+00:00","open_rate":2472.86,"close_rate":2444.28,"fee_open":0.001,"fee_close":0.001,"trade_duration":261,"profit_ratio":-0.013532378025313332,"profit_abs":-0.13398856,"exit_reason":"exit_signal","initial_stop_loss_abs":2398.68,"initial_stop_loss_ratio":-0.03,"stop_loss_abs":2400.75,"stop_loss_ratio":-0.03,"min_rate":2427.77,"max_rate":2475.0,"is_open":false,"enter_tag":"","leverage":1.0,"is_short":false,"open_timestamp":1750929600000,"close_timestamp":1750945260000,"orders":[{"amount":0.004,"safe_price":2472.86,"ft_order_side":"buy","order_filled_timestamp":1750929600000,"ft_is_entry":true,"ft_order_tag":"","cost":9.90133144},{"amount":0.004,"safe_price":2444.28,"ft_order_side":"sell","order_filled_timestamp":1750945260000,"ft_is_entry":false,"ft_order_tag":"exit_signal","cost":9.78689712}]},{"pair":"BTC/USDT","stake_amount":9.6484752,"max_stake_amount":9.6484752,"amount":9e-05,"open_date":"2025-06-26 12:20:00+00:00","close_date":"2025-06-26 14:31:00+00:00","open_rate":107205.28,"close_rate":107419.90518518518,"fee_open":0.001,"fee_close":0.001,"trade_duration":131,"profit_ratio":0.0,"profit_abs":0.0,"exit_reason":"roi","initial_stop_loss_abs":103989.13,"initial_stop_loss_ratio":-0.03,"stop_loss_abs":104201.28,"stop_loss_ratio":-0.03,"min_rate":106817.64,"max_rate":107424.0,"is_open":false,"enter_tag":"","leverage":1.0,"is_short":false,"open_timestamp":1750940400000,"close_timestamp":1750948260000,"orders":[{"amount":9e-05,"safe_price":107205.28,"ft_order_side":"buy","order_filled_timestamp":1750940400000,"ft_is_entry":true,"ft_order_tag":"","cost":9.658123675199999},{"amount":9e-05,"safe_price":107419.90518518518,"ft_order_side":"sell","order_filled_timestamp":1750948260000,"ft_is_entry":false,"ft_order_tag":"roi","cost":9.677459258133332}]},{"pair":"BTC/USDT","stake_amount":9.6197922,"max_stake_amount":9.6197922,"amount":9e-05,"open_date":"2025-06-26 15:39:00+00:00","close_date":"2025-06-26 16:09:00+00:00","open_rate":106886.58,"close_rate":107267.1,"fee_open":0.001,"fee_close":0.001,"trade_duration":30,"profit_ratio":0.0015549204886163746,"profit_abs":0.01497297,"exit_reason":"roi","initial_stop_loss_abs":103679.99,"initial_stop_loss_ratio":-0.03,"stop_loss_abs":104188.62,"stop_loss_ratio":-0.03,"min_rate":106886.57,"max_rate":107410.94,"is_open":false,"enter_tag":"","leverage":1.0,"is_short":false,"open_timestamp":1750952340000,"close_timestamp":1750954140000,"orders":[{"amount":9e-05,"safe_price":106886.58,"ft_order_side":"buy","order_filled_timestamp":1750952340000,"ft_is_entry":true,"ft_order_tag":"","cost":9.6294119922},{"amount":9e-05,"safe_price":107267.1,"ft_order_side":"sell","order_filled_timestamp":1750954140000,"ft_is_entry":false,"ft_order_tag":"roi","cost":9.663693039}]},{"pair":"ETH/USDT","stake_amount":9.934095,"max_stake_amount":9.934095,"amount":0.0041,"open_date":"2025-06-26 15:39:00+00:00","close_date":"2025-06-26 16:09:00+00:00","open_rate":2422.95,"close_rate":2429.16,"fee_open":0.001,"fee_close":0.001,"trade_duration":30,"profit_ratio":0.0005598686354205605,"profit_abs":0.00556735,"exit_reason":"roi","initial_stop_loss_abs":2350.27,"initial_stop_loss_ratio":-0.03,"stop_loss_abs":2364.09,"stop_loss_ratio":-0.03,"min_rate":2422.94,"max_rate":2437.2,"is_open":false,"enter_tag":"","leverage":1.0,"is_short":false,"open_timestamp":1750952340000,"close_timestamp":1750954140000,"orders":[{"amount":0.0041,"safe_price":2422.95,"ft_order_side":"buy","order_filled_timestamp":1750952340000,"ft_is_entry":true,"ft_order_tag":"","cost":9.944029094999998},{"amount":0.0041,"safe_price":2429.16,"ft_order_side":"sell","order_filled_timestamp":1750954140000,"ft_is_entry":false,"ft_order_tag":"roi","cost":9.969515556}]},{"pair":"ETH/USDT","stake_amount":9.948896,"max_stake_amount":9.948896,"amount":0.0041,"open_date":"2025-06-26 21:21:00+00:00","close_date":"2025-06-26 23:37:00+00:00","open_rate":2426.56,"close_rate":2416.44,"fee_open":0.001,"fee_close":0.001,"trade_duration":136,"profit_ratio":-0.006160182294298079,"profit_abs":-0.0613483,"exit_reason":"exit_signal","initial_stop_loss_abs":2353.77,"initial_stop_loss_ratio":-0.03,"stop_loss_abs":2357.78,"stop_loss_ratio":-0.03,"min_rate":2394.32,"max_rate":2430.7,"is_open":false,"enter_tag":"","leverage":1.0,"is_short":false,"open_timestamp":1750972860000,"close_timestamp":1750981020000,"orders":[{"amount":0.0041,"safe_price":2426.56,"ft_order_side":"buy","order_filled_timestamp":1750972860000,"ft_is_entry":true,"ft_order_tag":"","cost":9.958844896},{"amount":0.0041,"safe_price":2416.44,"ft_order_side":"sell","order_filled_timestamp":1750981020000,"ft_is_entry":false,"ft_order_tag":"exit_signal","cost":9.917311404000001}]},{"pair":"BTC/USDT","stake_amount":9.6529869,"max_stake_amount":9.6529869,"amount":9e-05,"open_date":"2025-06-26 21:30:00+00:00","close_date":"2025-06-27 00:17:00+00:00","open_rate":107255.41,"close_rate":107070.98,"fee_open":0.001,"fee_close":0.001,"trade_duration":167,"profit_ratio":-0.003714107161196684,"profit_abs":-0.03588808,"exit_reason":"exit_signal","initial_stop_loss_abs":104037.75,"initial_stop_loss_ratio":-0.03,"stop_loss_abs":104110.1,"stop_loss_ratio":-0.03,"min_rate":106850.0,"max_rate":107330.0,"is_open":false,"enter_tag":"","leverage":1.0,"is_short":false,"open_timestamp":1750973400000,"close_timestamp":1750983420000,"orders":[{"amount":9e-05,"safe_price":107255.41,"ft_order_side":"buy","order_filled_timestamp":1750973400000,"ft_is_entry":true,"ft_order_tag":"","cost":9.6626398869},{"amount":9e-05,"safe_price":107070.98,"ft_order_side":"sell","order_filled_timestamp":1750983420000,"ft_is_entry":false,"ft_order_tag":"exit_signal","cost":9.6460245882}]},{"pair":"ETH/USDT","stake_amount":9.851357,"max_stake_amount":9.851357,"amount":0.0041,"open_date":"2025-06-27 01:04:00+00:00","close_date":"2025-06-27 01:22:00+00:00","open_rate":2402.77,"close_rate":2417.93,"fee_open":0.001,"fee_close":0.001,"trade_duration":18,"profit_ratio":0.00429877642428157,"profit_abs":0.04239113,"exit_reason":"exit_signal","initial_stop_loss_abs":2330.69,"initial_stop_loss_ratio":-0.03,"stop_loss_abs":2352.25,"stop_loss_ratio":-0.03,"min_rate":2382.53,"max_rate":2424.99,"is_open":false,"enter_tag":"","leverage":1.0,"is_short":false,"open_timestamp":1750986240000,"close_timestamp":1750987320000,"orders":[{"amount":0.0041,"safe_price":2402.77,"ft_order_side":"buy","order_filled_timestamp":1750986240000,"ft_is_entry":true,"ft_order_tag":"","cost":9.861208356999999},{"amount":0.0041,"safe_price":2417.93,"ft_order_side":"sell","order_filled_timestamp":1750987320000,"ft_is_entry":false,"ft_order_tag":"exit_signal","cost":9.923426512999999}]},{"pair":"ETH/USDT","stake_amount":9.991085,"max_stake_amount":9.991085,"amount":0.0041,"open_date":"2025-06-27 05:38:00+00:00","close_date":"2025-06-27 06:13:00+00:00","open_rate":2436.85,"close_rate":2441.728578578578,"fee_open":0.001,"fee_close":0.001,"trade_duration":35,"profit_ratio":0.0,"profit_abs":0.0,"exit_reason":"roi","initial_stop_loss_abs":2363.75,"initial_stop_loss_ratio":-0.03,"stop_loss_abs":2369.63,"stop_loss_ratio":-0.03,"min_rate":2436.21,"max_rate":2442.91,"is_open":false,"enter_tag":"","leverage":1.0,"is_short":false,"open_timestamp":1751002680000,"close_timestamp":1751004780000,"orders":[{"amount":0.0041,"safe_price":2436.85,"ft_order_side":"buy","order_filled_timestamp":1751002680000,"ft_is_entry":true,"ft_order_tag":"","cost":10.001076085},{"amount":0.0041,"safe_price":2441.728578578578,"ft_order_side":"sell","order_filled_timestamp":1751004780000,"ft_is_entry":false,"ft_order_tag":"roi","cost":10.02109825934434}]},{"pair":"BTC/USDT","stake_amount":9.659106,"max_stake_amount":9.659106,"amount":9e-05,"open_date":"2025-06-27 05:43:00+00:00","close_date":"2025-06-27 06:55:00+00:00","open_rate":107323.4,"close_rate":107375.55,"fee_open":0.001,"fee_close":0.001,"trade_duration":72,"profit_ratio":-0.0015130587866822463,"profit_abs":-0.01462941,"exit_reason":"exit_signal","initial_stop_loss_abs":104103.7,"initial_stop_loss_ratio":-0.03,"stop_loss_abs":104163.69,"stop_loss_ratio":-0.03,"min_rate":107202.67,"max_rate":107385.24,"is_open":false,"enter_tag":"","leverage":1.0,"is_short":false,"open_timestamp":1751002980000,"close_timestamp":1751007300000,"orders":[{"amount":9e-05,"safe_price":107323.4,"ft_order_side":"buy","order_filled_timestamp":1751002980000,"ft_is_entry":true,"ft_order_tag":"","cost":9.668765105999999},{"amount":9e-05,"safe_price":107375.55,"ft_order_side":"sell","order_filled_timestamp":1751007300000,"ft_is_entry":false,"ft_order_tag":"exit_signal","cost":9.6734632995}]},{"pair":"ETH/USDT","stake_amount":9.996333,"max_stake_amount":9.996333,"amount":0.0041,"open_date":"2025-06-27 07:52:00+00:00","close_date":"2025-06-27 08:36:00+00:00","open_rate":2438.13,"close_rate":2443.011141141141,"fee_open":0.001,"fee_close":0.001,"trade_duration":44,"profit_ratio":0.0,"profit_abs":0.0,"exit_reason":"roi","initial_stop_loss_abs":2364.99,"initial_stop_loss_ratio":-0.03,"stop_loss_abs":2371.8,"stop_loss_ratio":-0.03,"min_rate":2435.25,"max_rate":2445.15,"is_open":false,"enter_tag":"","leverage":1.0,"is_short":false,"open_timestamp":1751010720000,"close_timestamp":1751013360000,"orders":[{"amount":0.0041,"safe_price":2438.13,"ft_order_side":"buy","order_filled_timestamp":1751010720000,"ft_is_entry":true,"ft_order_tag":"","cost":10.006329333},{"amount":0.0041,"safe_price":2443.011141141141,"ft_order_side":"sell","order_filled_timestamp":1751013360000,"ft_is_entry":false,"ft_order_tag":"roi","cost":10.026362024357356}]},{"pair":"BTC/USDT","stake_amount":9.6221592,"max_stake_amount":9.6221592,"amount":9e-05,"open_date":"2025-06-27 08:08:00+00:00","close_date":"2025-06-27 08:58:00+00:00","open_rate":106912.88,"close_rate":107008.01,"fee_open":0.001,"fee_close":0.001,"trade_duration":50,"profit_ratio":-0.0011099898971219995,"profit_abs":-0.01069118,"exit_reason":"exit_signal","initial_stop_loss_abs":103705.5,"initial_stop_loss_ratio":-0.03,"stop_loss_abs":103875.22,"stop_loss_ratio":-0.03,"min_rate":106679.98,"max_rate":107087.85,"is_open":false,"enter_tag":"","leverage":1.0,"is_short":false,"open_timestamp":1751011680000,"close_timestamp":1751014680000,"orders":[{"amount":9e-05,"safe_price":106912.88,"ft_order_side":"buy","order_filled_timestamp":1751011680000,"ft_is_entry":true,"ft_order_tag":"","cost":9.6317813592},{"amount":9e-05,"safe_price":107008.01,"ft_order_side":"sell","order_filled_timestamp":1751014680000,"ft_is_entry":false,"ft_order_tag":"exit_signal","cost":9.640351620899999}]},{"pair":"ETH/USDT","stake_amount":9.7914,"max_stake_amount":9.7914,"amount":0.004,"open_date":"2025-06-27 10:33:00+00:00","close_date":"2025-06-27 11:17:00+00:00","open_rate":2447.85,"close_rate":2452.7506006006,"fee_open":0.001,"fee_close":0.001,"trade_duration":44,"profit_ratio":0.0,"profit_abs":0.0,"exit_reason":"roi","initial_stop_loss_abs":2374.42,"initial_stop_loss_ratio":-0.03,"stop_loss_abs":2379.97,"stop_loss_ratio":-0.03,"min_rate":2445.95,"max_rate":2453.57,"is_open":false,"enter_tag":"","leverage":1.0,"is_short":false,"open_timestamp":1751020380000,"close_timestamp":1751023020000,"orders":[{"amount":0.004,"safe_price":2447.85,"ft_order_side":"buy","order_filled_timestamp":1751020380000,"ft_is_entry":true,"ft_order_tag":"","cost":9.801191399999999},{"amount":0.004,"safe_price":2452.7506006006,"ft_order_side":"sell","order_filled_timestamp":1751023020000,"ft_is_entry":false,"ft_order_tag":"roi","cost":9.820813404804802}]},{"pair":"ETH/USDT","stake_amount":9.77704,"max_stake_amount":9.77704,"amount":0.004,"open_date":"2025-06-27 11:38:00+00:00","close_date":"2025-06-27 12:09:00+00:00","open_rate":2444.26,"close_rate":2447.92,"fee_open":0.001,"fee_close":0.001,"trade_duration":31,"profit_ratio":-0.0005036080658150324,"profit_abs":-0.00492872,"exit_reason":"exit_signal","initial_stop_loss_abs":2370.94,"initial_stop_loss_ratio":-0.03,"stop_loss_abs":2376.32,"stop_loss_ratio":-0.03,"min_rate":2442.74,"max_rate":2449.81,"is_open":false,"enter_tag":"","leverage":1.0,"is_short":false,"open_timestamp":1751024280000,"close_timestamp":1751026140000,"orders":[{"amount":0.004,"safe_price":2444.26,"ft_order_side":"buy","order_filled_timestamp":1751024280000,"ft_is_entry":true,"ft_order_tag":"","cost":9.78681704},{"amount":0.004,"safe_price":2447.92,"ft_order_side":"sell","order_filled_timestamp":1751026140000,"ft_is_entry":false,"ft_order_tag":"exit_signal","cost":9.80147168}]},{"pair":"BTC/USDT","stake_amount":9.6173199,"max_stake_amount":9.6173199,"amount":9e-05,"open_date":"2025-06-27 12:40:00+00:00","close_date":"2025-06-27 14:04:00+00:00","open_rate":106859.11,"close_rate":107073.04215215215,"fee_open":0.001,"fee_close":0.001,"trade_duration":84,"profit_ratio":0.0,"profit_abs":0.0,"exit_reason":"roi","initial_stop_loss_abs":103653.34,"initial_stop_loss_ratio":-0.03,"stop_loss_abs":103892.27,"stop_loss_ratio":-0.03,"min_rate":106356.76,"max_rate":107105.43,"is_open":false,"enter_tag":"","leverage":1.0,"is_short":false,"open_timestamp":1751028000000,"close_timestamp":1751033040000,"orders":[{"amount":9e-05,"safe_price":106859.11,"ft_order_side":"buy","order_filled_timestamp":1751028000000,"ft_is_entry":true,"ft_order_tag":"","cost":9.626937219899999},{"amount":9e-05,"safe_price":107073.04215215215,"ft_order_side":"sell","order_filled_timestamp":1751033040000,"ft_is_entry":false,"ft_order_tag":"roi","cost":9.646210367487386}]},{"pair":"BTC/USDT","stake_amount":9.5764653,"max_stake_amount":9.5764653,"amount":9e-05,"open_date":"2025-06-27 14:42:00+00:00","close_date":"2025-06-27 15:14:00+00:00","open_rate":106405.17,"close_rate":106618.19336336335,"fee_open":0.001,"fee_close":0.001,"trade_duration":32,"profit_ratio":0.0,"profit_abs":0.0,"exit_reason":"roi","initial_stop_loss_abs":103213.02,"initial_stop_loss_ratio":-0.03,"stop_loss_abs":103487.36,"stop_loss_ratio":-0.03,"min_rate":106405.17,"max_rate":106688.0,"is_open":false,"enter_tag":"","leverage":1.0,"is_short":false,"open_timestamp":1751035320000,"close_timestamp":1751037240000,"orders":[{"amount":9e-05,"safe_price":106405.17,"ft_order_side":"buy","order_filled_timestamp":1751035320000,"ft_is_entry":true,"ft_order_tag":"","cost":9.5860417653},{"amount":9e-05,"safe_price":106618.19336336335,"ft_order_side":"sell","order_filled_timestamp":1751037240000,"ft_is_entry":false,"ft_order_tag":"roi","cost":9.605233040105404}]},{"pair":"ETH/USDT","stake_amount":9.76584,"max_stake_amount":9.76584,"amount":0.004,"open_date":"2025-06-27 12:40:00+00:00","close_date":"2025-06-27 15:51:00+00:00","open_rate":2441.46,"close_rate":2437.26,"fee_open":0.001,"fee_close":0.001,"trade_duration":191,"profit_ratio":-0.003714846997145294,"profit_abs":-0.03631488,"exit_reason":"exit_signal","initial_stop_loss_abs":2368.22,"initial_stop_loss_ratio":-0.03,"stop_loss_abs":2369.6,"stop_loss_ratio":-0.03,"min_rate":2414.15,"max_rate":2442.88,"is_open":false,"enter_tag":"","leverage":1.0,"is_short":false,"open_timestamp":1751028000000,"close_timestamp":1751039460000,"orders":[{"amount":0.004,"safe_price":2441.46,"ft_order_side":"buy","order_filled_timestamp":1751028000000,"ft_is_entry":true,"ft_order_tag":"","cost":9.775605839999999},{"amount":0.004,"safe_price":2437.26,"ft_order_side":"sell","order_filled_timestamp":1751039460000,"ft_is_entry":false,"ft_order_tag":"exit_signal","cost":9.75878904}]},{"pair":"ETH/USDT","stake_amount":9.909208,"max_stake_amount":9.909208,"amount":0.0041,"open_date":"2025-06-27 17:37:00+00:00","close_date":"2025-06-27 19:15:00+00:00","open_rate":2416.88,"close_rate":2406.53,"fee_open":0.001,"fee_close":0.001,"trade_duration":98,"profit_ratio":-0.0062718262820632255,"profit_abs":-0.06221098,"exit_reason":"exit_signal","initial_stop_loss_abs":2344.38,"initial_stop_loss_ratio":-0.03,"stop_loss_abs":2344.52,"stop_loss_ratio":-0.03,"min_rate":2388.29,"max_rate":2417.03,"is_open":false,"enter_tag":"","leverage":1.0,"is_short":false,"open_timestamp":1751045820000,"close_timestamp":1751051700000,"orders":[{"amount":0.0041,"safe_price":2416.88,"ft_order_side":"buy","order_filled_timestamp":1751045820000,"ft_is_entry":true,"ft_order_tag":"","cost":9.919117208},{"amount":0.0041,"safe_price":2406.53,"ft_order_side":"sell","order_filled_timestamp":1751051700000,"ft_is_entry":false,"ft_order_tag":"exit_signal","cost":9.876639773}]},{"pair":"BTC/USDT","stake_amount":9.6524946,"max_stake_amount":9.6524946,"amount":9e-05,"open_date":"2025-06-27 17:14:00+00:00","close_date":"2025-06-27 22:25:00+00:00","open_rate":107249.94,"close_rate":107179.49,"fee_open":0.001,"fee_close":0.001,"trade_duration":311,"profit_ratio":-0.002653566515700145,"profit_abs":-0.02563915,"exit_reason":"exit_signal","initial_stop_loss_abs":104032.45,"initial_stop_loss_ratio":-0.03,"stop_loss_abs":104075.8,"stop_loss_ratio":-0.03,"min_rate":106446.45,"max_rate":107294.63,"is_open":false,"enter_tag":"","leverage":1.0,"is_short":false,"open_timestamp":1751044440000,"close_timestamp":1751063100000,"orders":[{"amount":9e-05,"safe_price":107249.94,"ft_order_side":"buy","order_filled_timestamp":1751044440000,"ft_is_entry":true,"ft_order_tag":"","cost":9.6621470946},{"amount":9e-05,"safe_price":107179.49,"ft_order_side":"sell","order_filled_timestamp":1751063100000,"ft_is_entry":false,"ft_order_tag":"exit_signal","cost":9.655800254099999}]},{"pair":"BTC/USDT","stake_amount":9.6393042,"max_stake_amount":9.6393042,"amount":9e-05,"open_date":"2025-06-27 22:56:00+00:00","close_date":"2025-06-27 23:05:00+00:00","open_rate":107103.38,"close_rate":107171.23,"fee_open":0.001,"fee_close":0.001,"trade_duration":9,"profit_ratio":-0.0013657671427202136,"profit_abs":-0.01317821,"exit_reason":"exit_signal","initial_stop_loss_abs":103890.28,"initial_stop_loss_ratio":-0.03,"stop_loss_abs":103956.1,"stop_loss_ratio":-0.03,"min_rate":107042.5,"max_rate":107171.23,"is_open":false,"enter_tag":"","leverage":1.0,"is_short":false,"open_timestamp":1751064960000,"close_timestamp":1751065500000,"orders":[{"amount":9e-05,"safe_price":107103.38,"ft_order_side":"buy","order_filled_timestamp":1751064960000,"ft_is_entry":true,"ft_order_tag":"","cost":9.6489435042},{"amount":9e-05,"safe_price":107171.23,"ft_order_side":"sell","order_filled_timestamp":1751065500000,"ft_is_entry":false,"ft_order_tag":"exit_signal","cost":9.6550561107}]},{"pair":"ETH/USDT","stake_amount":9.908511,"max_stake_amount":9.908511,"amount":0.0041,"open_date":"2025-06-28 01:12:00+00:00","close_date":"2025-06-28 02:30:00+00:00","open_rate":2416.71,"close_rate":2421.5482582582576,"fee_open":0.001,"fee_close":0.001,"trade_duration":78,"profit_ratio":0.0,"profit_abs":0.0,"exit_reason":"roi","initial_stop_loss_abs":2344.21,"initial_stop_loss_ratio":-0.03,"stop_loss_abs":2348.91,"stop_loss_ratio":-0.03,"min_rate":2405.81,"max_rate":2421.55,"is_open":false,"enter_tag":"","leverage":1.0,"is_short":false,"open_timestamp":1751073120000,"close_timestamp":1751077800000,"orders":[{"amount":0.0041,"safe_price":2416.71,"ft_order_side":"buy","order_filled_timestamp":1751073120000,"ft_is_entry":true,"ft_order_tag":"","cost":9.918419511},{"amount":0.0041,"safe_price":2421.5482582582576,"ft_order_side":"sell","order_filled_timestamp":1751077800000,"ft_is_entry":false,"ft_order_tag":"roi","cost":9.938276206717715}]},{"pair":"BTC/USDT","stake_amount":9.6291189,"max_stake_amount":9.6291189,"amount":9e-05,"open_date":"2025-06-27 23:31:00+00:00","close_date":"2025-06-28 03:29:00+00:00","open_rate":106990.21,"close_rate":107179.14,"fee_open":0.001,"fee_close":0.001,"trade_duration":238,"profit_ratio":-0.00023566753644206525,"profit_abs":-0.00227154,"exit_reason":"exit_signal","initial_stop_loss_abs":103780.51,"initial_stop_loss_ratio":-0.03,"stop_loss_abs":103984.0,"stop_loss_ratio":-0.03,"min_rate":106811.51,"max_rate":107200.0,"is_open":false,"enter_tag":"","leverage":1.0,"is_short":false,"open_timestamp":1751067060000,"close_timestamp":1751081340000,"orders":[{"amount":9e-05,"safe_price":106990.21,"ft_order_side":"buy","order_filled_timestamp":1751067060000,"ft_is_entry":true,"ft_order_tag":"","cost":9.638748018900001},{"amount":9e-05,"safe_price":107179.14,"ft_order_side":"sell","order_filled_timestamp":1751081340000,"ft_is_entry":false,"ft_order_tag":"exit_signal","cost":9.6557687226}]},{"pair":"BTC/USDT","stake_amount":9.6480009,"max_stake_amount":9.6480009,"amount":9e-05,"open_date":"2025-06-28 04:32:00+00:00","close_date":"2025-06-28 05:51:00+00:00","open_rate":107200.01,"close_rate":107293.84,"fee_open":0.001,"fee_close":0.001,"trade_duration":79,"profit_ratio":-0.001124471402039473,"profit_abs":-0.01085975,"exit_reason":"exit_signal","initial_stop_loss_abs":103984.01,"initial_stop_loss_ratio":-0.03,"stop_loss_abs":104097.49,"stop_loss_ratio":-0.03,"min_rate":107183.29,"max_rate":107317.0,"is_open":false,"enter_tag":"","leverage":1.0,"is_short":false,"open_timestamp":1751085120000,"close_timestamp":1751089860000,"orders":[{"amount":9e-05,"safe_price":107200.01,"ft_order_side":"buy","order_filled_timestamp":1751085120000,"ft_is_entry":true,"ft_order_tag":"","cost":9.657648900899998},{"amount":9e-05,"safe_price":107293.84,"ft_order_side":"sell","order_filled_timestamp":1751089860000,"ft_is_entry":false,"ft_order_tag":"exit_signal","cost":9.666102045599999}]},{"pair":"BTC/USDT","stake_amount":9.6572844,"max_stake_amount":9.6572844,"amount":9e-05,"open_date":"2025-06-28 09:18:00+00:00","close_date":"2025-06-28 11:38:00+00:00","open_rate":107303.16,"close_rate":107290.0,"fee_open":0.001,"fee_close":0.001,"trade_duration":140,"profit_ratio":-0.0021203996743952886,"profit_abs":-0.02049778,"exit_reason":"exit_signal","initial_stop_loss_abs":104084.07,"initial_stop_loss_ratio":-0.03,"stop_loss_abs":104155.59,"stop_loss_ratio":-0.03,"min_rate":107252.6,"max_rate":107376.89,"is_open":false,"enter_tag":"","leverage":1.0,"is_short":false,"open_timestamp":1751102280000,"close_timestamp":1751110680000,"orders":[{"amount":9e-05,"safe_price":107303.16,"ft_order_side":"buy","order_filled_timestamp":1751102280000,"ft_is_entry":true,"ft_order_tag":"","cost":9.666941684400001},{"amount":9e-05,"safe_price":107290.0,"ft_order_side":"sell","order_filled_timestamp":1751110680000,"ft_is_entry":false,"ft_order_tag":"exit_signal","cost":9.6657561}]},{"pair":"BTC/USDT","stake_amount":9.6410403,"max_stake_amount":9.6410403,"amount":9e-05,"open_date":"2025-06-28 13:41:00+00:00","close_date":"2025-06-28 15:17:00+00:00","open_rate":107122.67,"close_rate":107238.84,"fee_open":0.001,"fee_close":0.001,"trade_duration":96,"profit_ratio":-0.0009157115117972889,"profit_abs":-0.00883724,"exit_reason":"exit_signal","initial_stop_loss_abs":103908.99,"initial_stop_loss_ratio":-0.03,"stop_loss_abs":104040.6,"stop_loss_ratio":-0.03,"min_rate":107100.99,"max_rate":107258.35,"is_open":false,"enter_tag":"","leverage":1.0,"is_short":false,"open_timestamp":1751118060000,"close_timestamp":1751123820000,"orders":[{"amount":9e-05,"safe_price":107122.67,"ft_order_side":"buy","order_filled_timestamp":1751118060000,"ft_is_entry":true,"ft_order_tag":"","cost":9.650681340299998},{"amount":9e-05,"safe_price":107238.84,"ft_order_side":"sell","order_filled_timestamp":1751123820000,"ft_is_entry":false,"ft_order_tag":"exit_signal","cost":9.661147095599999}]},{"pair":"BTC/USDT","stake_amount":9.6548688,"max_stake_amount":9.6548688,"amount":9e-05,"open_date":"2025-06-28 16:55:00+00:00","close_date":"2025-06-28 17:33:00+00:00","open_rate":107276.32,"close_rate":107355.68,"fee_open":0.001,"fee_close":0.001,"trade_duration":38,"profit_ratio":-0.0012597082295222575,"profit_abs":-0.01217448,"exit_reason":"exit_signal","initial_stop_loss_abs":104058.04,"initial_stop_loss_ratio":-0.03,"stop_loss_abs":104149.09,"stop_loss_ratio":-0.03,"min_rate":107263.81,"max_rate":107370.19,"is_open":false,"enter_tag":"","leverage":1.0,"is_short":false,"open_timestamp":1751129700000,"close_timestamp":1751131980000,"orders":[{"amount":9e-05,"safe_price":107276.32,"ft_order_side":"buy","order_filled_timestamp":1751129700000,"ft_is_entry":true,"ft_order_tag":"","cost":9.6645236688},{"amount":9e-05,"safe_price":107355.68,"ft_order_side":"sell","order_filled_timestamp":1751131980000,"ft_is_entry":false,"ft_order_tag":"exit_signal","cost":9.6716732112}]},{"pair":"BTC/USDT","stake_amount":9.6571098,"max_stake_amount":9.6571098,"amount":9e-05,"open_date":"2025-06-28 18:42:00+00:00","close_date":"2025-06-28 21:40:00+00:00","open_rate":107301.22,"close_rate":107272.73,"fee_open":0.001,"fee_close":0.001,"trade_duration":178,"profit_ratio":-0.002262986188052464,"profit_abs":-0.02187576,"exit_reason":"exit_signal","initial_stop_loss_abs":104082.19,"initial_stop_loss_ratio":-0.03,"stop_loss_abs":104119.2,"stop_loss_ratio":-0.03,"min_rate":107154.62,"max_rate":107339.38,"is_open":false,"enter_tag":"","leverage":1.0,"is_short":false,"open_timestamp":1751136120000,"close_timestamp":1751146800000,"orders":[{"amount":9e-05,"safe_price":107301.22,"ft_order_side":"buy","order_filled_timestamp":1751136120000,"ft_is_entry":true,"ft_order_tag":"","cost":9.6667669098},{"amount":9e-05,"safe_price":107272.73,"ft_order_side":"sell","order_filled_timestamp":1751146800000,"ft_is_entry":false,"ft_order_tag":"exit_signal","cost":9.664200245699998}]},{"pair":"ETH/USDT","stake_amount":9.997932,"max_stake_amount":9.997932,"amount":0.0041,"open_date":"2025-06-28 18:24:00+00:00","close_date":"2025-06-28 22:05:00+00:00","open_rate":2438.52,"close_rate":2437.2,"fee_open":0.001,"fee_close":0.001,"trade_duration":221,"profit_ratio":-0.002538232199126072,"profit_abs":-0.02540245,"exit_reason":"exit_signal","initial_stop_loss_abs":2365.37,"initial_stop_loss_ratio":-0.03,"stop_loss_abs":2366.8,"stop_loss_ratio":-0.03,"min_rate":2427.44,"max_rate":2440.0,"is_open":false,"enter_tag":"","leverage":1.0,"is_short":false,"open_timestamp":1751135040000,"close_timestamp":1751148300000,"orders":[{"amount":0.0041,"safe_price":2438.52,"ft_order_side":"buy","order_filled_timestamp":1751135040000,"ft_is_entry":true,"ft_order_tag":"","cost":10.007929932},{"amount":0.0041,"safe_price":2437.2,"ft_order_side":"sell","order_filled_timestamp":1751148300000,"ft_is_entry":false,"ft_order_tag":"exit_signal","cost":10.00251252}]},{"pair":"ETH/USDT","stake_amount":9.986165,"max_stake_amount":9.986165,"amount":0.0041,"open_date":"2025-06-28 23:47:00+00:00","close_date":"2025-06-29 00:32:00+00:00","open_rate":2435.65,"close_rate":2440.5261761761763,"fee_open":0.001,"fee_close":0.001,"trade_duration":45,"profit_ratio":0.0,"profit_abs":0.0,"exit_reason":"roi","initial_stop_loss_abs":2362.59,"initial_stop_loss_ratio":-0.03,"stop_loss_abs":2367.77,"stop_loss_ratio":-0.03,"min_rate":2432.0,"max_rate":2440.99,"is_open":false,"enter_tag":"","leverage":1.0,"is_short":false,"open_timestamp":1751154420000,"close_timestamp":1751157120000,"orders":[{"amount":0.0041,"safe_price":2435.65,"ft_order_side":"buy","order_filled_timestamp":1751154420000,"ft_is_entry":true,"ft_order_tag":"","cost":9.996151165},{"amount":0.0041,"safe_price":2440.5261761761763,"ft_order_side":"sell","order_filled_timestamp":1751157120000,"ft_is_entry":false,"ft_order_tag":"roi","cost":10.016163479644645}]},{"pair":"BTC/USDT","stake_amount":9.6563691,"max_stake_amount":9.6563691,"amount":9e-05,"open_date":"2025-06-28 23:47:00+00:00","close_date":"2025-06-29 00:38:00+00:00","open_rate":107292.99,"close_rate":107432.35,"fee_open":0.001,"fee_close":0.001,"trade_duration":51,"profit_ratio":-0.0007017237872674002,"profit_abs":-0.00678288,"exit_reason":"exit_signal","initial_stop_loss_abs":104074.21,"initial_stop_loss_ratio":-0.03,"stop_loss_abs":104251.48,"stop_loss_ratio":-0.03,"min_rate":107254.16,"max_rate":107475.75,"is_open":false,"enter_tag":"","leverage":1.0,"is_short":false,"open_timestamp":1751154420000,"close_timestamp":1751157480000,"orders":[{"amount":9e-05,"safe_price":107292.99,"ft_order_side":"buy","order_filled_timestamp":1751154420000,"ft_is_entry":true,"ft_order_tag":"","cost":9.6660254691},{"amount":9e-05,"safe_price":107432.35,"ft_order_side":"sell","order_filled_timestamp":1751157480000,"ft_is_entry":false,"ft_order_tag":"exit_signal","cost":9.6785804115}]},{"pair":"BTC/USDT","stake_amount":9.6666453,"max_stake_amount":9.6666453,"amount":9e-05,"open_date":"2025-06-29 01:27:00+00:00","close_date":"2025-06-29 02:51:00+00:00","open_rate":107407.17,"close_rate":107301.2,"fee_open":0.001,"fee_close":0.001,"trade_duration":84,"profit_ratio":-0.002982649811534699,"profit_abs":-0.02886105,"exit_reason":"exit_signal","initial_stop_loss_abs":104184.96,"initial_stop_loss_ratio":-0.03,"stop_loss_abs":104201.19,"stop_loss_ratio":-0.03,"min_rate":107172.52,"max_rate":107423.9,"is_open":false,"enter_tag":"","leverage":1.0,"is_short":false,"open_timestamp":1751160420000,"close_timestamp":1751165460000,"orders":[{"amount":9e-05,"safe_price":107407.17,"ft_order_side":"buy","order_filled_timestamp":1751160420000,"ft_is_entry":true,"ft_order_tag":"","cost":9.6763119453},{"amount":9e-05,"safe_price":107301.2,"ft_order_side":"sell","order_filled_timestamp":1751165460000,"ft_is_entry":false,"ft_order_tag":"exit_signal","cost":9.666765108}]},{"pair":"ETH/USDT","stake_amount":9.976407,"max_stake_amount":9.976407,"amount":0.0041,"open_date":"2025-06-29 01:37:00+00:00","close_date":"2025-06-29 03:07:00+00:00","open_rate":2433.27,"close_rate":2432.4,"fee_open":0.001,"fee_close":0.001,"trade_duration":90,"profit_ratio":-0.0023548314781821995,"profit_abs":-0.02351625,"exit_reason":"exit_signal","initial_stop_loss_abs":2360.28,"initial_stop_loss_ratio":-0.03,"stop_loss_abs":2360.64,"stop_loss_ratio":-0.03,"min_rate":2424.65,"max_rate":2433.64,"is_open":false,"enter_tag":"","leverage":1.0,"is_short":false,"open_timestamp":1751161020000,"close_timestamp":1751166420000,"orders":[{"amount":0.0041,"safe_price":2433.27,"ft_order_side":"buy","order_filled_timestamp":1751161020000,"ft_is_entry":true,"ft_order_tag":"","cost":9.986383406999998},{"amount":0.0041,"safe_price":2432.4,"ft_order_side":"sell","order_filled_timestamp":1751166420000,"ft_is_entry":false,"ft_order_tag":"exit_signal","cost":9.982812840000001}]},{"pair":"BTC/USDT","stake_amount":9.6540741,"max_stake_amount":9.6540741,"amount":9e-05,"open_date":"2025-06-29 03:20:00+00:00","close_date":"2025-06-29 03:24:00+00:00","open_rate":107267.49,"close_rate":107286.0,"fee_open":0.001,"fee_close":0.001,"trade_duration":4,"profit_ratio":-0.00182578707535337,"profit_abs":-0.01764391,"exit_reason":"exit_signal","initial_stop_loss_abs":104049.47,"initial_stop_loss_ratio":-0.03,"stop_loss_abs":104074.43,"stop_loss_ratio":-0.03,"min_rate":107267.48,"max_rate":107293.22,"is_open":false,"enter_tag":"","leverage":1.0,"is_short":false,"open_timestamp":1751167200000,"close_timestamp":1751167440000,"orders":[{"amount":9e-05,"safe_price":107267.49,"ft_order_side":"buy","order_filled_timestamp":1751167200000,"ft_is_entry":true,"ft_order_tag":"","cost":9.6637281741},{"amount":9e-05,"safe_price":107286.0,"ft_order_side":"sell","order_filled_timestamp":1751167440000,"ft_is_entry":false,"ft_order_tag":"exit_signal","cost":9.66539574}]},{"pair":"BTC/USDT","stake_amount":9.6489693,"max_stake_amount":9.6489693,"amount":9e-05,"open_date":"2025-06-29 03:51:00+00:00","close_date":"2025-06-29 04:23:00+00:00","open_rate":107210.77,"close_rate":107241.76,"fee_open":0.001,"fee_close":0.001,"trade_duration":32,"profit_ratio":-0.0017095229917598416,"profit_abs":-0.01651163,"exit_reason":"exit_signal","initial_stop_loss_abs":103994.45,"initial_stop_loss_ratio":-0.03,"stop_loss_abs":104026.05,"stop_loss_ratio":-0.03,"min_rate":107210.77,"max_rate":107243.35,"is_open":false,"enter_tag":"","leverage":1.0,"is_short":false,"open_timestamp":1751169060000,"close_timestamp":1751170980000,"orders":[{"amount":9e-05,"safe_price":107210.77,"ft_order_side":"buy","order_filled_timestamp":1751169060000,"ft_is_entry":true,"ft_order_tag":"","cost":9.6586182693},{"amount":9e-05,"safe_price":107241.76,"ft_order_side":"sell","order_filled_timestamp":1751170980000,"ft_is_entry":false,"ft_order_tag":"exit_signal","cost":9.661410158399999}]},{"pair":"BTC/USDT","stake_amount":9.6493932,"max_stake_amount":9.6493932,"amount":9e-05,"open_date":"2025-06-29 05:39:00+00:00","close_date":"2025-06-29 06:02:00+00:00","open_rate":107215.48,"close_rate":107310.0,"fee_open":0.001,"fee_close":0.001,"trade_duration":23,"profit_ratio":-0.0011181739697062297,"profit_abs":-0.01080049,"exit_reason":"exit_signal","initial_stop_loss_abs":103999.02,"initial_stop_loss_ratio":-0.03,"stop_loss_abs":104090.7,"stop_loss_ratio":-0.03,"min_rate":107215.47,"max_rate":107310.0,"is_open":false,"enter_tag":"","leverage":1.0,"is_short":false,"open_timestamp":1751175540000,"close_timestamp":1751176920000,"orders":[{"amount":9e-05,"safe_price":107215.48,"ft_order_side":"buy","order_filled_timestamp":1751175540000,"ft_is_entry":true,"ft_order_tag":"","cost":9.659042593199999},{"amount":9e-05,"safe_price":107310.0,"ft_order_side":"sell","order_filled_timestamp":1751176920000,"ft_is_entry":false,"ft_order_tag":"exit_signal","cost":9.6675579}]},{"pair":"BTC/USDT","stake_amount":9.6597009,"max_stake_amount":9.6597009,"amount":9e-05,"open_date":"2025-06-29 07:47:00+00:00","close_date":"2025-06-29 08:11:00+00:00","open_rate":107330.01,"close_rate":107460.0,"fee_open":0.001,"fee_close":0.001,"trade_duration":24,"profit_ratio":-0.0007892972777630853,"profit_abs":-0.007632,"exit_reason":"exit_signal","initial_stop_loss_abs":104110.11,"initial_stop_loss_ratio":-0.03,"stop_loss_abs":104267.24,"stop_loss_ratio":-0.03,"min_rate":107330.0,"max_rate":107492.0,"is_open":false,"enter_tag":"","leverage":1.0,"is_short":false,"open_timestamp":1751183220000,"close_timestamp":1751184660000,"orders":[{"amount":9e-05,"safe_price":107330.01,"ft_order_side":"buy","order_filled_timestamp":1751183220000,"ft_is_entry":true,"ft_order_tag":"","cost":9.6693606009},{"amount":9e-05,"safe_price":107460.0,"ft_order_side":"sell","order_filled_timestamp":1751184660000,"ft_is_entry":false,"ft_order_tag":"exit_signal","cost":9.681071399999999}]},{"pair":"BTC/USDT","stake_amount":9.7303176,"max_stake_amount":9.7303176,"amount":9e-05,"open_date":"2025-06-29 13:25:00+00:00","close_date":"2025-06-29 18:10:00+00:00","open_rate":108114.64,"close_rate":107513.46,"fee_open":0.001,"fee_close":0.001,"trade_duration":285,"profit_ratio":-0.007547471082474297,"profit_abs":-0.07351273,"exit_reason":"exit_signal","initial_stop_loss_abs":104871.21,"initial_stop_loss_ratio":-0.03,"stop_loss_abs":104968.67,"stop_loss_ratio":-0.03,"min_rate":107316.46,"max_rate":108215.12,"is_open":false,"enter_tag":"","leverage":1.0,"is_short":false,"open_timestamp":1751203500000,"close_timestamp":1751220600000,"orders":[{"amount":9e-05,"safe_price":108114.64,"ft_order_side":"buy","order_filled_timestamp":1751203500000,"ft_is_entry":true,"ft_order_tag":"","cost":9.7400479176},{"amount":9e-05,"safe_price":107513.46,"ft_order_side":"sell","order_filled_timestamp":1751220600000,"ft_is_entry":false,"ft_order_tag":"exit_signal","cost":9.6858876114}]},{"pair":"ETH/USDT","stake_amount":9.81528,"max_stake_amount":9.81528,"amount":0.004,"open_date":"2025-06-29 12:19:00+00:00","close_date":"2025-06-29 21:49:00+00:00","open_rate":2453.82,"close_rate":2437.17,"fee_open":0.001,"fee_close":0.001,"trade_duration":570,"profit_ratio":-0.008769783655472093,"profit_abs":-0.08616396,"exit_reason":"exit_signal","initial_stop_loss_abs":2380.21,"initial_stop_loss_ratio":-0.03,"stop_loss_abs":2383.45,"stop_loss_ratio":-0.03,"min_rate":2412.0,"max_rate":2457.16,"is_open":false,"enter_tag":"","leverage":1.0,"is_short":false,"open_timestamp":1751199540000,"close_timestamp":1751233740000,"orders":[{"amount":0.004,"safe_price":2453.82,"ft_order_side":"buy","order_filled_timestamp":1751199540000,"ft_is_entry":true,"ft_order_tag":"","cost":9.825095280000001},{"amount":0.004,"safe_price":2437.17,"ft_order_side":"sell","order_filled_timestamp":1751233740000,"ft_is_entry":false,"ft_order_tag":"exit_signal","cost":9.75842868}]},{"pair":"ETH/USDT","stake_amount":9.774531,"max_stake_amount":9.774531,"amount":0.0039,"open_date":"2025-06-30 02:34:00+00:00","close_date":"2025-06-30 04:16:00+00:00","open_rate":2506.29,"close_rate":2504.57,"fee_open":0.001,"fee_close":0.001,"trade_duration":102,"profit_ratio":-0.0026829037499728503,"profit_abs":-0.02625035,"exit_reason":"exit_signal","initial_stop_loss_abs":2431.11,"initial_stop_loss_ratio":-0.03,"stop_loss_abs":2433.38,"stop_loss_ratio":-0.03,"min_rate":2495.17,"max_rate":2508.63,"is_open":false,"enter_tag":"","leverage":1.0,"is_short":false,"open_timestamp":1751250840000,"close_timestamp":1751256960000,"orders":[{"amount":0.0039,"safe_price":2506.29,"ft_order_side":"buy","order_filled_timestamp":1751250840000,"ft_is_entry":true,"ft_order_tag":"","cost":9.784305531},{"amount":0.0039,"safe_price":2504.57,"ft_order_side":"sell","order_filled_timestamp":1751256960000,"ft_is_entry":false,"ft_order_tag":"exit_signal","cost":9.777590822999999}]},{"pair":"ETH/USDT","stake_amount":9.750195,"max_stake_amount":9.750195,"amount":0.0039,"open_date":"2025-06-30 04:42:00+00:00","close_date":"2025-06-30 05:56:00+00:00","open_rate":2500.05,"close_rate":2501.93,"fee_open":0.001,"fee_close":0.001,"trade_duration":74,"profit_ratio":-0.0012475193002351689,"profit_abs":-0.01217572,"exit_reason":"exit_signal","initial_stop_loss_abs":2425.05,"initial_stop_loss_ratio":-0.03,"stop_loss_abs":2427.84,"stop_loss_ratio":-0.03,"min_rate":2491.78,"max_rate":2502.92,"is_open":false,"enter_tag":"","leverage":1.0,"is_short":false,"open_timestamp":1751258520000,"close_timestamp":1751262960000,"orders":[{"amount":0.0039,"safe_price":2500.05,"ft_order_side":"buy","order_filled_timestamp":1751258520000,"ft_is_entry":true,"ft_order_tag":"","cost":9.759945194999998},{"amount":0.0039,"safe_price":2501.93,"ft_order_side":"sell","order_filled_timestamp":1751262960000,"ft_is_entry":false,"ft_order_tag":"exit_signal","cost":9.767284527}]},{"pair":"ETH/USDT","stake_amount":9.9928,"max_stake_amount":9.9928,"amount":0.004,"open_date":"2025-06-30 06:26:00+00:00","close_date":"2025-06-30 07:56:00+00:00","open_rate":2498.2,"close_rate":2480.4,"fee_open":0.001,"fee_close":0.001,"trade_duration":90,"profit_ratio":-0.009108896067506266,"profit_abs":-0.0911144,"exit_reason":"exit_signal","initial_stop_loss_abs":2423.26,"initial_stop_loss_ratio":-0.03,"stop_loss_abs":2424.99,"stop_loss_ratio":-0.03,"min_rate":2456.37,"max_rate":2499.98,"is_open":false,"enter_tag":"","leverage":1.0,"is_short":false,"open_timestamp":1751264760000,"close_timestamp":1751270160000,"orders":[{"amount":0.004,"safe_price":2498.2,"ft_order_side":"buy","order_filled_timestamp":1751264760000,"ft_is_entry":true,"ft_order_tag":"","cost":10.002792799999998},{"amount":0.004,"safe_price":2480.4,"ft_order_side":"sell","order_filled_timestamp":1751270160000,"ft_is_entry":false,"ft_order_tag":"exit_signal","cost":9.931521599999998}]},{"pair":"BTC/USDT","stake_amount":9.7628535,"max_stake_amount":9.7628535,"amount":9e-05,"open_date":"2025-06-30 04:19:00+00:00","close_date":"2025-06-30 09:20:00+00:00","open_rate":108476.15,"close_rate":107650.86,"fee_open":0.001,"fee_close":0.001,"trade_duration":301,"profit_ratio":-0.009590832854748472,"profit_abs":-0.09372753,"exit_reason":"exit_signal","initial_stop_loss_abs":105221.87,"initial_stop_loss_ratio":-0.03,"stop_loss_abs":105221.87,"stop_loss_ratio":-0.03,"min_rate":107459.0,"max_rate":108476.15,"is_open":false,"enter_tag":"","leverage":1.0,"is_short":false,"open_timestamp":1751257140000,"close_timestamp":1751275200000,"orders":[{"amount":9e-05,"safe_price":108476.15,"ft_order_side":"buy","order_filled_timestamp":1751257140000,"ft_is_entry":true,"ft_order_tag":"","cost":9.772616353499998},{"amount":9e-05,"safe_price":107650.86,"ft_order_side":"sell","order_filled_timestamp":1751275200000,"ft_is_entry":false,"ft_order_tag":"exit_signal","cost":9.698265977399998}]},{"pair":"ETH/USDT","stake_amount":9.89596,"max_stake_amount":9.89596,"amount":0.004,"open_date":"2025-06-30 08:32:00+00:00","close_date":"2025-06-30 11:07:00+00:00","open_rate":2473.99,"close_rate":2459.42,"fee_open":0.001,"fee_close":0.001,"trade_duration":155,"profit_ratio":-0.007875507206547347,"profit_abs":-0.07801364,"exit_reason":"exit_signal","initial_stop_loss_abs":2399.78,"initial_stop_loss_ratio":-0.03,"stop_loss_abs":2402.69,"stop_loss_ratio":-0.03,"min_rate":2446.68,"max_rate":2477.0,"is_open":false,"enter_tag":"","leverage":1.0,"is_short":false,"open_timestamp":1751272320000,"close_timestamp":1751281620000,"orders":[{"amount":0.004,"safe_price":2473.99,"ft_order_side":"buy","order_filled_timestamp":1751272320000,"ft_is_entry":true,"ft_order_tag":"","cost":9.905855959999998},{"amount":0.004,"safe_price":2459.42,"ft_order_side":"sell","order_filled_timestamp":1751281620000,"ft_is_entry":false,"ft_order_tag":"exit_signal","cost":9.84751768}]},{"pair":"ETH/USDT","stake_amount":9.84032,"max_stake_amount":9.84032,"amount":0.004,"open_date":"2025-06-30 12:33:00+00:00","close_date":"2025-06-30 13:17:00+00:00","open_rate":2460.08,"close_rate":2465.005085085085,"fee_open":0.001,"fee_close":0.001,"trade_duration":44,"profit_ratio":0.0,"profit_abs":0.0,"exit_reason":"roi","initial_stop_loss_abs":2386.28,"initial_stop_loss_ratio":-0.03,"stop_loss_abs":2391.44,"stop_loss_ratio":-0.03,"min_rate":2457.25,"max_rate":2465.4,"is_open":false,"enter_tag":"","leverage":1.0,"is_short":false,"open_timestamp":1751286780000,"close_timestamp":1751289420000,"orders":[{"amount":0.004,"safe_price":2460.08,"ft_order_side":"buy","order_filled_timestamp":1751286780000,"ft_is_entry":true,"ft_order_tag":"","cost":9.850160319999999},{"amount":0.004,"safe_price":2465.005085085085,"ft_order_side":"sell","order_filled_timestamp":1751289420000,"ft_is_entry":false,"ft_order_tag":"roi","cost":9.869880360680678}]},{"pair":"BTC/USDT","stake_amount":9.7020009,"max_stake_amount":9.7020009,"amount":9e-05,"open_date":"2025-06-30 11:54:00+00:00","close_date":"2025-06-30 13:19:00+00:00","open_rate":107800.01,"close_rate":107698.02,"fee_open":0.001,"fee_close":0.001,"trade_duration":85,"profit_ratio":-0.0029422152110266885,"profit_abs":-0.02857392,"exit_reason":"exit_signal","initial_stop_loss_abs":104566.01,"initial_stop_loss_ratio":-0.03,"stop_loss_abs":104589.59,"stop_loss_ratio":-0.03,"min_rate":107560.99,"max_rate":107824.31,"is_open":false,"enter_tag":"","leverage":1.0,"is_short":false,"open_timestamp":1751284440000,"close_timestamp":1751289540000,"orders":[{"amount":9e-05,"safe_price":107800.01,"ft_order_side":"buy","order_filled_timestamp":1751284440000,"ft_is_entry":true,"ft_order_tag":"","cost":9.711702900899999},{"amount":9e-05,"safe_price":107698.02,"ft_order_side":"sell","order_filled_timestamp":1751289540000,"ft_is_entry":false,"ft_order_tag":"exit_signal","cost":9.702514621799999}]}],"locks":[],"best_pair":{"key":"BTC/USDT","trades":47,"profit_mean":-0.001122862475670792,"profit_mean_pct":-0.11,"profit_sum":-0.052774536356527214,"profit_sum_pct":-5.28,"profit_total_abs":-0.51490091,"profit_total":-0.00051490091,"profit_total_pct":-0.05,"duration_avg":"1:25:00","wins":8,"draws":13,"losses":26,"winrate":0.1702127659574468},"worst_pair":{"key":"ETH/USDT","trades":42,"profit_mean":-0.0015006712695320617,"profit_mean_pct":-0.15,"profit_sum":-0.06302819332034659,"profit_sum_pct":-6.3,"profit_total_abs":-0.6270157199999999,"profit_total":-0.0006270157199999999,"profit_total_pct":-0.06,"duration_avg":"1:28:00","wins":14,"draws":13,"losses":15,"winrate":0.3333333333333333},"results_per_pair":[{"key":"BTC/USDT","trades":47,"profit_mean":-0.001122862475670792,"profit_mean_pct":-0.11,"profit_sum":-0.052774536356527214,"profit_sum_pct":-5.28,"profit_total_abs":-0.51490091,"profit_total":-0.00051490091,"profit_total_pct":-0.05,"duration_avg":"1:25:00","wins":8,"draws":13,"losses":26,"winrate":0.1702127659574468},{"key":"ETH/USDT","trades":42,"profit_mean":-0.0015006712695320617,"profit_mean_pct":-0.15,"profit_sum":-0.06302819332034659,"profit_sum_pct":-6.3,"profit_total_abs":-0.6270157199999999,"profit_total":-0.0006270157199999999,"profit_total_pct":-0.06,"duration_avg":"1:28:00","wins":14,"draws":13,"losses":15,"winrate":0.3333333333333333},{"key":"TOTAL","trades":89,"profit_mean":-0.00130115426603229,"profit_mean_pct":-0.13,"profit_sum":-0.11580272967687381,"profit_sum_pct":-11.58,"profit_total_abs":-1.1419166299999999,"profit_total":-0.0011419166299999998,"profit_total_pct":-0.11,"duration_avg":"1:26:00","wins":22,"draws":26,"losses":41,"winrate":0.24719101123595505}],"results_per_enter_tag":[{"key":"","trades":89,"profit_mean":-0.00130115426603229,"profit_mean_pct":-0.13,"profit_sum":-0.11580272967687381,"profit_sum_pct":-11.58,"profit_total_abs":-1.1419166299999999,"profit_total":-0.0011419166299999998,"profit_total_pct":-0.11,"duration_avg":"1:26:00","wins":22,"draws":26,"losses":41,"winrate":0.24719101123595505},{"key":"TOTAL","trades":89,"profit_mean":-0.00130115426603229,"profit_mean_pct":-0.13,"profit_sum":-0.11580272967687381,"profit_sum_pct":-11.58,"profit_total_abs":-1.1419166299999999,"profit_total":-0.0011419166299999998,"profit_total_pct":-0.11,"duration_avg":"1:26:00","wins":22,"draws":26,"losses":41,"winrate":0.24719101123595505}],"exit_reason_summary":[{"key":"roi","trades":46,"profit_mean":0.000997403982232096,"profit_mean_pct":0.1,"profit_sum":0.04588058318267642,"profit_sum_pct":4.59,"profit_total_abs":0.4437051,"profit_total":0.0004437051,"profit_total_pct":0.04,"duration_avg":"0:49:00","wins":20,"draws":26,"losses":0,"winrate":0.43478260869565216},{"key":"trailing_stop_loss","trades":1,"profit_mean":-0.02957569147101779,"profit_mean_pct":-2.96,"profit_sum":-0.02957569147101779,"profit_sum_pct":-2.96,"profit_total_abs":-0.29571304,"profit_total":-0.00029571303999999997,"profit_total_pct":-0.03,"duration_avg":"0:53:00","wins":0,"draws":0,"losses":1,"winrate":0.0},{"key":"exit_signal","trades":42,"profit_mean":-0.0031454195568698198,"profit_mean_pct":-0.31,"profit_sum":-0.13210762138853244,"profit_sum_pct":-13.21,"profit_total_abs":-1.2899086899999999,"profit_total":-0.0012899086899999998,"profit_total_pct":-0.13,"duration_avg":"2:08:00","wins":2,"draws":0,"losses":40,"winrate":0.047619047619047616},{"key":"TOTAL","trades":89,"profit_mean":-0.00130115426603229,"profit_mean_pct":-0.13,"profit_sum":-0.11580272967687381,"profit_sum_pct":-11.58,"profit_total_abs":-1.1419166299999999,"profit_total":-0.0011419166299999998,"profit_total_pct":-0.11,"duration_avg":"1:26:00","wins":22,"draws":26,"losses":41,"winrate":0.24719101123595505}],"mix_tag_stats":[{"key":["","roi"],"trades":46,"profit_mean":0.000997403982232096,"profit_mean_pct":0.1,"profit_sum":0.04588058318267642,"profit_sum_pct":4.59,"profit_total_abs":0.4437051,"profit_total":0.0004437051,"profit_total_pct":0.04,"duration_avg":"0:49:00","wins":20,"draws":26,"losses":0,"winrate":0.43478260869565216},{"key":["","trailing_stop_loss"],"trades":1,"profit_mean":-0.02957569147101779,"profit_mean_pct":-2.96,"profit_sum":-0.02957569147101779,"profit_sum_pct":-2.96,"profit_total_abs":-0.29571304,"profit_total":-0.00029571303999999997,"profit_total_pct":-0.03,"duration_avg":"0:53:00","wins":0,"draws":0,"losses":1,"winrate":0.0},{"key":["","exit_signal"],"trades":42,"profit_mean":-0.0031454195568698198,"profit_mean_pct":-0.31,"profit_sum":-0.13210762138853244,"profit_sum_pct":-13.21,"profit_total_abs":-1.2899086899999999,"profit_total":-0.0012899086899999998,"profit_total_pct":-0.13,"duration_avg":"2:08:00","wins":2,"draws":0,"losses":40,"winrate":0.047619047619047616},{"key":"TOTAL","trades":89,"profit_mean":-0.00130115426603229,"profit_mean_pct":-0.13,"profit_sum":-0.11580272967687381,"profit_sum_pct":-11.58,"profit_total_abs":-1.1419166299999999,"profit_total":-0.0011419166299999998,"profit_total_pct":-0.11,"duration_avg":"1:26:00","wins":22,"draws":26,"losses":41,"winrate":0.24719101123595505}],"left_open_trades":[{"key":"TOTAL","trades":0,"profit_mean":0.0,"profit_mean_pct":0.0,"profit_sum":0.0,"profit_sum_pct":0.0,"profit_total_abs":0.0,"profit_total":0.0,"profit_total_pct":0.0,"duration_avg":"0:00","wins":0,"draws":0,"losses":0,"winrate":0.0}],"total_trades":89,"trade_count_long":89,"trade_count_short":0,"total_volume":1730.3246135784218,"avg_stake_amount":9.707917630337079,"profit_mean":-0.00130115426603229,"profit_median":0.0,"profit_total":-0.0011419166299999998,"profit_total_long":-0.0011419166299999998,"profit_total_short":0.0,"profit_total_abs":-1.1419166299999999,"profit_total_long_abs":-1.1419166299999999,"profit_total_short_abs":0.0,"cagr":-0.057836844338646776,"expectancy":-0.012830523932584267,"expectancy_ratio":-0.6072660015794935,"sortino":-62.43626414019511,"sharpe":-69.17035302685197,"calmar":-239.98390007390176,"sqn":-2.6713,"profit_factor":0.31593477705914813,"backtest_start":"2025-06-23 00:00:00","backtest_start_ts":1750636800000,"backtest_end":"2025-06-30 14:11:00","backtest_end_ts":1751292660000,"backtest_days":7,"backtest_run_start_ts":1751300811,"backtest_run_end_ts":1751300812,"trades_per_day":12.71,"market_change":0.08535653626498181,"pairlist":["BTC/USDT","ETH/USDT"],"stake_amount":10,"stake_currency":"USDT","stake_currency_decimals":3,"starting_balance":1000,"dry_run_wallet":1000,"final_balance":998.85808337,"rejected_signals":0,"timedout_entry_orders":0,"timedout_exit_orders":0,"canceled_trade_entries":0,"canceled_entry_orders":0,"replaced_entry_orders":0,"max_open_trades":2,"max_open_trades_setting":3,"timeframe":"1m","timeframe_detail":"","timerange":"","enable_protections":false,"strategy_name":"UltimateScalp10xStrategy","stoploss":-0.03,"trailing_stop":true,"trailing_stop_positive":0.005,"trailing_stop_positive_offset":0.01,"trailing_only_offset_is_reached":false,"use_custom_stoploss":false,"minimal_roi":{"0":0.01,"10":0.008,"20":0.005,"30":0},"use_exit_signal":true,"exit_profit_only":false,"exit_profit_offset":0.0,"ignore_roi_if_entry_signal":false,"trading_mode":"spot","margin_mode":"","periodic_breakdown":{"day":[{"date":"23/06/2025","date_ts":1750636800000,"profit_abs":-0.13875022,"wins":7,"draws":3,"losses":2,"trades":12,"profit_factor":0.59756046},{"date":"24/06/2025","date_ts":1750723200000,"profit_abs":-0.00134235,"wins":3,"draws":8,"losses":3,"trades":14,"profit_factor":0.97288646},{"date":"25/06/2025","date_ts":1750809600000,"profit_abs":0.029089,"wins":7,"draws":2,"losses":2,"trades":11,"profit_factor":1.31991506},{"date":"26/06/2025","date_ts":1750896000000,"profit_abs":-0.16662412,"wins":4,"draws":5,"losses":4,"trades":13,"profit_factor":0.39938163},{"date":"27/06/2025","date_ts":1750982400000,"profit_abs":-0.16108948,"wins":1,"draws":5,"losses":8,"trades":14,"profit_factor":0.20833007},{"date":"28/06/2025","date_ts":1751068800000,"profit_abs":-0.101919,"wins":0,"draws":1,"losses":7,"trades":8,"profit_factor":0.0},{"date":"29/06/2025","date_ts":1751155200000,"profit_abs":-0.2714249,"wins":0,"draws":1,"losses":9,"trades":10,"profit_factor":0.0},{"date":"30/06/2025","date_ts":1751241600000,"profit_abs":-0.32985556,"wins":0,"draws":1,"losses":6,"trades":7,"profit_factor":0.0}],"week":[{"date":"23/06/2025","date_ts":1750636800000,"profit_abs":-0.13875022,"wins":7,"draws":3,"losses":2,"trades":12,"profit_factor":0.59756046},{"date":"30/06/2025","date_ts":1751241600000,"profit_abs":-1.00316641,"wins":15,"draws":23,"losses":39,"trades":77,"profit_factor":0.24262848}],"month":[{"date":"30/06/2025","date_ts":1751241600000,"profit_abs":-1.14191663,"wins":22,"draws":26,"losses":41,"trades":89,"profit_factor":0.31593478}],"year":[{"date":"31/12/2025","date_ts":1767139200000,"profit_abs":-1.14191663,"wins":22,"draws":26,"losses":41,"trades":89,"profit_factor":0.31593478}]},"backtest_best_day":0.0029022265052549897,"backtest_worst_day":-0.03344787439003679,"backtest_best_day_abs":0.029089,"backtest_worst_day_abs":-0.32985556,"winning_days":1,"draw_days":0,"losing_days":7,"daily_profit":[["2025-06-23",-0.13875022],["2025-06-24",-0.00134235],["2025-06-25",0.029089],["2025-06-26",-0.16662412],["2025-06-27",-0.16108948],["2025-06-28",-0.101919],["2025-06-29",-0.2714249],["2025-06-30",-0.32985556]],"wins":22,"losses":41,"draws":26,"winrate":0.24719101123595505,"holding_avg":"1:26:00","holding_avg_s":5160.0,"winner_holding_avg":"0:27:00","winner_holding_avg_s":1620.0,"loser_holding_avg":"2:12:00","loser_holding_avg_s":7920.0,"max_consecutive_wins":6,"max_consecutive_losses":37,"max_drawdown_account":0.001298675606214542,"max_relative_drawdown":0.001298675606214542,"max_drawdown_abs":1.2988794499999998,"drawdown_start":"2025-06-23 15:10:00","drawdown_start_ts":1750691400000.0,"drawdown_end":"2025-06-30 13:19:00","drawdown_end_ts":1751289540000.0,"max_drawdown_low":-1.1419166299999999,"max_drawdown_high":0.15696282000000003,"csum_min":998.85808337,"csum_max":1000.15696282}},"strategy_comparison":[{"key":"UltimateScalp10xStrategy","trades":89,"profit_mean":-0.00130115426603229,"profit_mean_pct":-0.13,"profit_sum":-0.11580272967687381,"profit_sum_pct":-11.58,"profit_total_abs":-1.1419166299999999,"profit_total":-0.0011419166299999998,"profit_total_pct":-0.11,"duration_avg":"1:26:00","wins":22,"draws":26,"losses":41,"winrate":0.24719101123595505,"max_drawdown_account":0.001298675606214542,"max_drawdown_abs":"1.299"}]}