{"strategy":{"ichiV1":{"trades":[{"pair":"BTC/USDT","stake_amount":9.099,"max_stake_amount":9.099,"amount":9e-05,"open_date":"2025-06-23 02:11:00+00:00","close_date":"2025-06-23 02:31:00+00:00","open_rate":101100.0,"close_rate":101302.4024024024,"fee_open":0.001,"fee_close":0.001,"trade_duration":20,"profit_ratio":0.0,"profit_abs":0.0,"exit_reason":"roi","initial_stop_loss_abs":79161.3,"initial_stop_loss_ratio":-0.217,"stop_loss_abs":79161.3,"stop_loss_ratio":-0.217,"min_rate":100978.78,"max_rate":101341.57,"is_open":false,"enter_tag":"","leverage":1.0,"is_short":false,"open_timestamp":1750644660000,"close_timestamp":1750645860000,"orders":[{"amount":9e-05,"safe_price":101100.0,"ft_order_side":"buy","order_filled_timestamp":1750644660000,"ft_is_entry":true,"ft_order_tag":"","cost":9.108099},{"amount":9e-05,"safe_price":101302.4024024024,"ft_order_side":"sell","order_filled_timestamp":1750645860000,"ft_is_entry":false,"ft_order_tag":"roi","cost":9.12633343243243}]},{"pair":"BTC/USDT","stake_amount":9.11934,"max_stake_amount":9.11934,"amount":9e-05,"open_date":"2025-06-23 02:32:00+00:00","close_date":"2025-06-23 05:24:00+00:00","open_rate":101326.0,"close_rate":101528.85485485484,"fee_open":0.001,"fee_close":0.001,"trade_duration":172,"profit_ratio":0.0,"profit_abs":0.0,"exit_reason":"roi","initial_stop_loss_abs":79338.26,"initial_stop_loss_ratio":-0.217,"stop_loss_abs":79338.26,"stop_loss_ratio":-0.217,"min_rate":100980.0,"max_rate":101538.08,"is_open":false,"enter_tag":"","leverage":1.0,"is_short":false,"open_timestamp":1750645920000,"close_timestamp":1750656240000,"orders":[{"amount":9e-05,"safe_price":101326.0,"ft_order_side":"buy","order_filled_timestamp":1750645920000,"ft_is_entry":true,"ft_order_tag":"","cost":9.128459340000001},{"amount":9e-05,"safe_price":101528.85485485484,"ft_order_side":"sell","order_filled_timestamp":1750656240000,"ft_is_entry":false,"ft_order_tag":"roi","cost":9.146734533873873}]},{"pair":"ETH/USDT","stake_amount":9.866692,"max_stake_amount":9.866692,"amount":0.0044,"open_date":"2025-06-23 02:11:00+00:00","close_date":"2025-06-23 05:47:00+00:00","open_rate":2242.43,"close_rate":2246.919349349349,"fee_open":0.001,"fee_close":0.001,"trade_duration":216,"profit_ratio":0.0,"profit_abs":0.0,"exit_reason":"roi","initial_stop_loss_abs":1755.83,"initial_stop_loss_ratio":-0.217,"stop_loss_abs":1755.83,"stop_loss_ratio":-0.217,"min_rate":2227.89,"max_rate":2250.7,"is_open":false,"enter_tag":"","leverage":1.0,"is_short":false,"open_timestamp":1750644660000,"close_timestamp":1750657620000,"orders":[{"amount":0.0044,"safe_price":2242.43,"ft_order_side":"buy","order_filled_timestamp":1750644660000,"ft_is_entry":true,"ft_order_tag":"","cost":9.876558692},{"amount":0.0044,"safe_price":2246.919349349349,"ft_order_side":"sell","order_filled_timestamp":1750657620000,"ft_is_entry":false,"ft_order_tag":"roi","cost":9.896331582274271}]},{"pair":"BTC/USDT","stake_amount":9.1338507,"max_stake_amount":9.1338507,"amount":9e-05,"open_date":"2025-06-23 05:26:00+00:00","close_date":"2025-06-23 05:47:00+00:00","open_rate":101487.23,"close_rate":101690.40763763762,"fee_open":0.001,"fee_close":0.001,"trade_duration":21,"profit_ratio":0.0,"profit_abs":0.0,"exit_reason":"roi","initial_stop_loss_abs":79464.51,"initial_stop_loss_ratio":-0.217,"stop_loss_abs":79464.51,"stop_loss_ratio":-0.217,"min_rate":101450.0,"max_rate":101732.14,"is_open":false,"enter_tag":"","leverage":1.0,"is_short":false,"open_timestamp":1750656360000,"close_timestamp":1750657620000,"orders":[{"amount":9e-05,"safe_price":101487.23,"ft_order_side":"buy","order_filled_timestamp":1750656360000,"ft_is_entry":true,"ft_order_tag":"","cost":9.1429845507},{"amount":9e-05,"safe_price":101690.40763763762,"ft_order_side":"sell","order_filled_timestamp":1750657620000,"ft_is_entry":false,"ft_order_tag":"roi","cost":9.161288824074774}]},{"pair":"BTC/USDT","stake_amount":9.1503,"max_stake_amount":9.1503,"amount":9e-05,"open_date":"2025-06-23 05:48:00+00:00","close_date":"2025-06-23 06:07:00+00:00","open_rate":101670.0,"close_rate":101913.56,"fee_open":0.001,"fee_close":0.001,"trade_duration":19,"profit_ratio":0.00039280523199083245,"profit_abs":0.00359788,"exit_reason":"roi","initial_stop_loss_abs":79607.61,"initial_stop_loss_ratio":-0.217,"stop_loss_abs":79607.61,"stop_loss_ratio":-0.217,"min_rate":101618.45,"max_rate":101957.67,"is_open":false,"enter_tag":"","leverage":1.0,"is_short":false,"open_timestamp":1750657680000,"close_timestamp":1750658820000,"orders":[{"amount":9e-05,"safe_price":101670.0,"ft_order_side":"buy","order_filled_timestamp":1750657680000,"ft_is_entry":true,"ft_order_tag":"","cost":9.1594503},{"amount":9e-05,"safe_price":101913.56,"ft_order_side":"sell","order_filled_timestamp":1750658820000,"ft_is_entry":false,"ft_order_tag":"roi","cost":9.181392620399999}]},{"pair":"ETH/USDT","stake_amount":9.883632,"max_stake_amount":9.883632,"amount":0.0044,"open_date":"2025-06-23 05:48:00+00:00","close_date":"2025-06-23 06:07:00+00:00","open_rate":2246.28,"close_rate":2251.2,"fee_open":0.001,"fee_close":0.001,"trade_duration":19,"profit_ratio":0.00018790994719681666,"profit_abs":0.00185909,"exit_reason":"roi","initial_stop_loss_abs":1758.84,"initial_stop_loss_ratio":-0.217,"stop_loss_abs":1758.84,"stop_loss_ratio":-0.217,"min_rate":2243.81,"max_rate":2255.07,"is_open":false,"enter_tag":"","leverage":1.0,"is_short":false,"open_timestamp":1750657680000,"close_timestamp":1750658820000,"orders":[{"amount":0.0044,"safe_price":2246.28,"ft_order_side":"buy","order_filled_timestamp":1750657680000,"ft_is_entry":true,"ft_order_tag":"","cost":9.893515632000002},{"amount":0.0044,"safe_price":2251.2,"ft_order_side":"sell","order_filled_timestamp":1750658820000,"ft_is_entry":false,"ft_order_tag":"roi","cost":9.915185279999998}]},{"pair":"ETH/USDT","stake_amount":9.902948,"max_stake_amount":9.902948,"amount":0.0044,"open_date":"2025-06-23 06:08:00+00:00","close_date":"2025-06-23 07:04:00+00:00","open_rate":2250.67,"close_rate":2255.1758458458457,"fee_open":0.001,"fee_close":0.001,"trade_duration":56,"profit_ratio":0.0,"profit_abs":0.0,"exit_reason":"roi","initial_stop_loss_abs":1762.28,"initial_stop_loss_ratio":-0.217,"stop_loss_abs":1762.28,"stop_loss_ratio":-0.217,"min_rate":2233.62,"max_rate":2259.71,"is_open":false,"enter_tag":"","leverage":1.0,"is_short":false,"open_timestamp":1750658880000,"close_timestamp":1750662240000,"orders":[{"amount":0.0044,"safe_price":2250.67,"ft_order_side":"buy","order_filled_timestamp":1750658880000,"ft_is_entry":true,"ft_order_tag":"","cost":9.912850947999999},{"amount":0.0044,"safe_price":2255.1758458458457,"ft_order_side":"sell","order_filled_timestamp":1750662240000,"ft_is_entry":false,"ft_order_tag":"roi","cost":9.932696495443443}]},{"pair":"BTC/USDT","stake_amount":9.1733787,"max_stake_amount":9.1733787,"amount":9e-05,"open_date":"2025-06-23 06:08:00+00:00","close_date":"2025-06-23 07:10:00+00:00","open_rate":101926.43,"close_rate":102130.4869169169,"fee_open":0.001,"fee_close":0.001,"trade_duration":62,"profit_ratio":0.0,"profit_abs":0.0,"exit_reason":"roi","initial_stop_loss_abs":79808.4,"initial_stop_loss_ratio":-0.217,"stop_loss_abs":79808.4,"stop_loss_ratio":-0.217,"min_rate":101645.47,"max_rate":102137.0,"is_open":false,"enter_tag":"","leverage":1.0,"is_short":false,"open_timestamp":1750658880000,"close_timestamp":1750662600000,"orders":[{"amount":9e-05,"safe_price":101926.43,"ft_order_side":"buy","order_filled_timestamp":1750658880000,"ft_is_entry":true,"ft_order_tag":"","cost":9.182552078699999},{"amount":9e-05,"safe_price":102130.4869169169,"ft_order_side":"sell","order_filled_timestamp":1750662600000,"ft_is_entry":false,"ft_order_tag":"roi","cost":9.200935566345043}]},{"pair":"ETH/USDT","stake_amount":9.93784,"max_stake_amount":9.93784,"amount":0.0044,"open_date":"2025-06-23 07:05:00+00:00","close_date":"2025-06-23 08:08:00+00:00","open_rate":2258.6,"close_rate":2263.1217217217213,"fee_open":0.001,"fee_close":0.001,"trade_duration":63,"profit_ratio":0.0,"profit_abs":0.0,"exit_reason":"roi","initial_stop_loss_abs":1768.49,"initial_stop_loss_ratio":-0.217,"stop_loss_abs":1768.49,"stop_loss_ratio":-0.217,"min_rate":2252.66,"max_rate":2275.67,"is_open":false,"enter_tag":"","leverage":1.0,"is_short":false,"open_timestamp":1750662300000,"close_timestamp":1750666080000,"orders":[{"amount":0.0044,"safe_price":2258.6,"ft_order_side":"buy","order_filled_timestamp":1750662300000,"ft_is_entry":true,"ft_order_tag":"","cost":9.947777839999999},{"amount":0.0044,"safe_price":2263.1217217217213,"ft_order_side":"sell","order_filled_timestamp":1750666080000,"ft_is_entry":false,"ft_order_tag":"roi","cost":9.967693311151148}]},{"pair":"ETH/USDT","stake_amount":9.96666,"max_stake_amount":9.96666,"amount":0.0044,"open_date":"2025-06-23 08:09:00+00:00","close_date":"2025-06-23 13:41:00+00:00","open_rate":2265.15,"close_rate":2269.684834834835,"fee_open":0.001,"fee_close":0.001,"trade_duration":332,"profit_ratio":0.0,"profit_abs":0.0,"exit_reason":"roi","initial_stop_loss_abs":1773.62,"initial_stop_loss_ratio":-0.217,"stop_loss_abs":1773.62,"stop_loss_ratio":-0.217,"min_rate":2232.45,"max_rate":2279.6,"is_open":false,"enter_tag":"","leverage":1.0,"is_short":false,"open_timestamp":1750666140000,"close_timestamp":1750686060000,"orders":[{"amount":0.0044,"safe_price":2265.15,"ft_order_side":"buy","order_filled_timestamp":1750666140000,"ft_is_entry":true,"ft_order_tag":"","cost":9.976626659999999},{"amount":0.0044,"safe_price":2269.684834834835,"ft_order_side":"sell","order_filled_timestamp":1750686060000,"ft_is_entry":false,"ft_order_tag":"roi","cost":9.996599886546546}]},{"pair":"BTC/USDT","stake_amount":9.1849419,"max_stake_amount":9.1849419,"amount":9e-05,"open_date":"2025-06-23 07:11:00+00:00","close_date":"2025-06-23 13:44:00+00:00","open_rate":102054.91,"close_rate":102259.22413413413,"fee_open":0.001,"fee_close":0.001,"trade_duration":393,"profit_ratio":0.0,"profit_abs":0.0,"exit_reason":"roi","initial_stop_loss_abs":79909.0,"initial_stop_loss_ratio":-0.217,"stop_loss_abs":79909.0,"stop_loss_ratio":-0.217,"min_rate":100792.16,"max_rate":102345.67,"is_open":false,"enter_tag":"","leverage":1.0,"is_short":false,"open_timestamp":1750662660000,"close_timestamp":1750686240000,"orders":[{"amount":9e-05,"safe_price":102054.91,"ft_order_side":"buy","order_filled_timestamp":1750662660000,"ft_is_entry":true,"ft_order_tag":"","cost":9.1941268419},{"amount":9e-05,"safe_price":102259.22413413413,"ft_order_side":"sell","order_filled_timestamp":1750686240000,"ft_is_entry":false,"ft_order_tag":"roi","cost":9.212533502244142}]},{"pair":"ETH/USDT","stake_amount":9.783059,"max_stake_amount":9.783059,"amount":0.0043,"open_date":"2025-06-23 13:42:00+00:00","close_date":"2025-06-23 14:00:00+00:00","open_rate":2275.13,"close_rate":2297.904074074074,"fee_open":0.001,"fee_close":0.001,"trade_duration":18,"profit_ratio":0.00799200778777719,"profit_abs":0.07826447,"exit_reason":"roi","initial_stop_loss_abs":1781.43,"initial_stop_loss_ratio":-0.217,"stop_loss_abs":1781.43,"stop_loss_ratio":-0.217,"min_rate":2272.23,"max_rate":2313.53,"is_open":false,"enter_tag":"","leverage":1.0,"is_short":false,"open_timestamp":1750686120000,"close_timestamp":1750687200000,"orders":[{"amount":0.0043,"safe_price":2275.13,"ft_order_side":"buy","order_filled_timestamp":1750686120000,"ft_is_entry":true,"ft_order_tag":"","cost":9.792842058999998},{"amount":0.0043,"safe_price":2297.904074074074,"ft_order_side":"sell","order_filled_timestamp":1750687200000,"ft_is_entry":false,"ft_order_tag":"roi","cost":9.890868506037036}]},{"pair":"BTC/USDT","stake_amount":9.18,"max_stake_amount":9.18,"amount":9e-05,"open_date":"2025-06-23 13:45:00+00:00","close_date":"2025-06-23 14:04:00+00:00","open_rate":102000.0,"close_rate":102280.01,"fee_open":0.001,"fee_close":0.001,"trade_duration":19,"profit_ratio":0.0007417092711210358,"profit_abs":0.0068157,"exit_reason":"roi","initial_stop_loss_abs":79866.0,"initial_stop_loss_ratio":-0.217,"stop_loss_abs":79866.0,"stop_loss_ratio":-0.217,"min_rate":101816.19,"max_rate":102613.09,"is_open":false,"enter_tag":"","leverage":1.0,"is_short":false,"open_timestamp":1750686300000,"close_timestamp":1750687440000,"orders":[{"amount":9e-05,"safe_price":102000.0,"ft_order_side":"buy","order_filled_timestamp":1750686300000,"ft_is_entry":true,"ft_order_tag":"","cost":9.189179999999999},{"amount":9e-05,"safe_price":102280.01,"ft_order_side":"sell","order_filled_timestamp":1750687440000,"ft_is_entry":false,"ft_order_tag":"roi","cost":9.214406100899998}]},{"pair":"BTC/USDT","stake_amount":9.2209851,"max_stake_amount":9.2209851,"amount":9e-05,"open_date":"2025-06-23 14:05:00+00:00","close_date":"2025-06-23 17:37:00+00:00","open_rate":102455.39,"close_rate":102660.50589589588,"fee_open":0.001,"fee_close":0.001,"trade_duration":212,"profit_ratio":0.0,"profit_abs":0.0,"exit_reason":"roi","initial_stop_loss_abs":80222.58,"initial_stop_loss_ratio":-0.217,"stop_loss_abs":80222.58,"stop_loss_ratio":-0.217,"min_rate":99613.33,"max_rate":102690.0,"is_open":false,"enter_tag":"","leverage":1.0,"is_short":false,"open_timestamp":1750687500000,"close_timestamp":1750700220000,"orders":[{"amount":9e-05,"safe_price":102455.39,"ft_order_side":"buy","order_filled_timestamp":1750687500000,"ft_is_entry":true,"ft_order_tag":"","cost":9.230206085099999},{"amount":9e-05,"safe_price":102660.50589589588,"ft_order_side":"sell","order_filled_timestamp":1750700220000,"ft_is_entry":false,"ft_order_tag":"roi","cost":9.248684976161261}]},{"pair":"BTC/USDT","stake_amount":9.236826,"max_stake_amount":9.236826,"amount":9e-05,"open_date":"2025-06-23 17:38:00+00:00","close_date":"2025-06-23 18:05:00+00:00","open_rate":102631.4,"close_rate":102836.86826826824,"fee_open":0.001,"fee_close":0.001,"trade_duration":27,"profit_ratio":0.0,"profit_abs":0.0,"exit_reason":"roi","initial_stop_loss_abs":80360.39,"initial_stop_loss_ratio":-0.217,"stop_loss_abs":80360.39,"stop_loss_ratio":-0.217,"min_rate":102012.0,"max_rate":102898.0,"is_open":false,"enter_tag":"","leverage":1.0,"is_short":false,"open_timestamp":1750700280000,"close_timestamp":1750701900000,"orders":[{"amount":9e-05,"safe_price":102631.4,"ft_order_side":"buy","order_filled_timestamp":1750700280000,"ft_is_entry":true,"ft_order_tag":"","cost":9.246062826},{"amount":9e-05,"safe_price":102836.86826826824,"ft_order_side":"sell","order_filled_timestamp":1750701900000,"ft_is_entry":false,"ft_order_tag":"roi","cost":9.264573462288286}]},{"pair":"BTC/USDT","stake_amount":9.247779,"max_stake_amount":9.247779,"amount":9e-05,"open_date":"2025-06-23 18:06:00+00:00","close_date":"2025-06-23 18:25:00+00:00","open_rate":102753.1,"close_rate":102958.81191191191,"fee_open":0.001,"fee_close":0.001,"trade_duration":19,"profit_ratio":0.0,"profit_abs":0.0,"exit_reason":"roi","initial_stop_loss_abs":80455.68,"initial_stop_loss_ratio":-0.217,"stop_loss_abs":80455.68,"stop_loss_ratio":-0.217,"min_rate":102726.59,"max_rate":103185.9,"is_open":false,"enter_tag":"","leverage":1.0,"is_short":false,"open_timestamp":1750701960000,"close_timestamp":1750703100000,"orders":[{"amount":9e-05,"safe_price":102753.1,"ft_order_side":"buy","order_filled_timestamp":1750701960000,"ft_is_entry":true,"ft_order_tag":"","cost":9.257026779},{"amount":9e-05,"safe_price":102958.81191191191,"ft_order_side":"sell","order_filled_timestamp":1750703100000,"ft_is_entry":false,"ft_order_tag":"roi","cost":9.275559365144144}]},{"pair":"ETH/USDT","stake_amount":9.898428,"max_stake_amount":9.898428,"amount":0.0043,"open_date":"2025-06-23 14:01:00+00:00","close_date":"2025-06-23 18:34:00+00:00","open_rate":2301.96,"close_rate":2306.5685285285285,"fee_open":0.001,"fee_close":0.001,"trade_duration":273,"profit_ratio":0.0,"profit_abs":0.0,"exit_reason":"roi","initial_stop_loss_abs":1802.44,"initial_stop_loss_ratio":-0.217,"stop_loss_abs":1802.44,"stop_loss_ratio":-0.217,"min_rate":2188.0,"max_rate":2310.67,"is_open":false,"enter_tag":"","leverage":1.0,"is_short":false,"open_timestamp":1750687260000,"close_timestamp":1750703640000,"orders":[{"amount":0.0043,"safe_price":2301.96,"ft_order_side":"buy","order_filled_timestamp":1750687260000,"ft_is_entry":true,"ft_order_tag":"","cost":9.908326428},{"amount":0.0043,"safe_price":2306.5685285285285,"ft_order_side":"sell","order_filled_timestamp":1750703640000,"ft_is_entry":false,"ft_order_tag":"roi","cost":9.928162917345345}]},{"pair":"BTC/USDT","stake_amount":9.2610009,"max_stake_amount":9.2610009,"amount":9e-05,"open_date":"2025-06-23 18:26:00+00:00","close_date":"2025-06-23 18:49:00+00:00","open_rate":102900.01,"close_rate":103106.016026026,"fee_open":0.001,"fee_close":0.001,"trade_duration":23,"profit_ratio":0.0,"profit_abs":0.0,"exit_reason":"roi","initial_stop_loss_abs":80570.71,"initial_stop_loss_ratio":-0.217,"stop_loss_abs":80570.71,"stop_loss_ratio":-0.217,"min_rate":102615.76,"max_rate":103300.0,"is_open":false,"enter_tag":"","leverage":1.0,"is_short":false,"open_timestamp":1750703160000,"close_timestamp":1750704540000,"orders":[{"amount":9e-05,"safe_price":102900.01,"ft_order_side":"buy","order_filled_timestamp":1750703160000,"ft_is_entry":true,"ft_order_tag":"","cost":9.2702619009},{"amount":9e-05,"safe_price":103106.016026026,"ft_order_side":"sell","order_filled_timestamp":1750704540000,"ft_is_entry":false,"ft_order_tag":"roi","cost":9.288820983784682}]},{"pair":"ETH/USDT","stake_amount":9.924959,"max_stake_amount":9.924959,"amount":0.0043,"open_date":"2025-06-23 18:35:00+00:00","close_date":"2025-06-23 19:36:00+00:00","open_rate":2308.13,"close_rate":2312.7508808808807,"fee_open":0.001,"fee_close":0.001,"trade_duration":61,"profit_ratio":0.0,"profit_abs":0.0,"exit_reason":"roi","initial_stop_loss_abs":1807.27,"initial_stop_loss_ratio":-0.217,"stop_loss_abs":1807.27,"stop_loss_ratio":-0.217,"min_rate":2295.5,"max_rate":2319.78,"is_open":false,"enter_tag":"","leverage":1.0,"is_short":false,"open_timestamp":1750703700000,"close_timestamp":1750707360000,"orders":[{"amount":0.0043,"safe_price":2308.13,"ft_order_side":"buy","order_filled_timestamp":1750703700000,"ft_is_entry":true,"ft_order_tag":"","cost":9.934883959},{"amount":0.0043,"safe_price":2312.7508808808807,"ft_order_side":"sell","order_filled_timestamp":1750707360000,"ft_is_entry":false,"ft_order_tag":"roi","cost":9.954773616575572}]},{"pair":"BTC/USDT","stake_amount":9.2746809,"max_stake_amount":9.2746809,"amount":9e-05,"open_date":"2025-06-23 18:51:00+00:00","close_date":"2025-06-23 20:01:00+00:00","open_rate":103052.01,"close_rate":103258.32033033032,"fee_open":0.001,"fee_close":0.001,"trade_duration":70,"profit_ratio":0.0,"profit_abs":0.0,"exit_reason":"roi","initial_stop_loss_abs":80689.73,"initial_stop_loss_ratio":-0.217,"stop_loss_abs":80689.73,"stop_loss_ratio":-0.217,"min_rate":102676.94,"max_rate":103282.14,"is_open":false,"enter_tag":"","leverage":1.0,"is_short":false,"open_timestamp":1750704660000,"close_timestamp":1750708860000,"orders":[{"amount":9e-05,"safe_price":103052.01,"ft_order_side":"buy","order_filled_timestamp":1750704660000,"ft_is_entry":true,"ft_order_tag":"","cost":9.283955580899999},{"amount":9e-05,"safe_price":103258.32033033032,"ft_order_side":"sell","order_filled_timestamp":1750708860000,"ft_is_entry":false,"ft_order_tag":"roi","cost":9.302542078559457}]},{"pair":"ETH/USDT","stake_amount":9.970582,"max_stake_amount":9.970582,"amount":0.0043,"open_date":"2025-06-23 19:37:00+00:00","close_date":"2025-06-23 20:11:00+00:00","open_rate":2318.74,"close_rate":2323.3821221221215,"fee_open":0.001,"fee_close":0.001,"trade_duration":34,"profit_ratio":0.0,"profit_abs":0.0,"exit_reason":"roi","initial_stop_loss_abs":1815.58,"initial_stop_loss_ratio":-0.217,"stop_loss_abs":1815.58,"stop_loss_ratio":-0.217,"min_rate":2299.97,"max_rate":2337.0,"is_open":false,"enter_tag":"","leverage":1.0,"is_short":false,"open_timestamp":1750707420000,"close_timestamp":1750709460000,"orders":[{"amount":0.0043,"safe_price":2318.74,"ft_order_side":"buy","order_filled_timestamp":1750707420000,"ft_is_entry":true,"ft_order_tag":"","cost":9.980552581999998},{"amount":0.0043,"safe_price":2323.3821221221215,"ft_order_side":"sell","order_filled_timestamp":1750709460000,"ft_is_entry":false,"ft_order_tag":"roi","cost":10.000533668250245}]},{"pair":"BTC/USDT","stake_amount":9.2901726,"max_stake_amount":9.2901726,"amount":9e-05,"open_date":"2025-06-23 20:02:00+00:00","close_date":"2025-06-23 20:21:00+00:00","open_rate":103224.14,"close_rate":103693.0,"fee_open":0.001,"fee_close":0.001,"trade_duration":19,"profit_ratio":0.002535077625071109,"profit_abs":0.02357486,"exit_reason":"roi","initial_stop_loss_abs":80824.51,"initial_stop_loss_ratio":-0.217,"stop_loss_abs":80824.51,"stop_loss_ratio":-0.217,"min_rate":102880.0,"max_rate":103760.0,"is_open":false,"enter_tag":"","leverage":1.0,"is_short":false,"open_timestamp":1750708920000,"close_timestamp":1750710060000,"orders":[{"amount":9e-05,"safe_price":103224.14,"ft_order_side":"buy","order_filled_timestamp":1750708920000,"ft_is_entry":true,"ft_order_tag":"","cost":9.299462772599998},{"amount":9e-05,"safe_price":103693.0,"ft_order_side":"sell","order_filled_timestamp":1750710060000,"ft_is_entry":false,"ft_order_tag":"roi","cost":9.34170237}]},{"pair":"ETH/USDT","stake_amount":9.788058,"max_stake_amount":9.788058,"amount":0.0042,"open_date":"2025-06-23 20:12:00+00:00","close_date":"2025-06-23 20:23:00+00:00","open_rate":2330.49,"close_rate":2353.818228228228,"fee_open":0.001,"fee_close":0.001,"trade_duration":11,"profit_ratio":0.007992007583754998,"profit_abs":0.07830446,"exit_reason":"roi","initial_stop_loss_abs":1824.78,"initial_stop_loss_ratio":-0.217,"stop_loss_abs":1824.78,"stop_loss_ratio":-0.217,"min_rate":2330.17,"max_rate":2359.33,"is_open":false,"enter_tag":"","leverage":1.0,"is_short":false,"open_timestamp":1750709520000,"close_timestamp":1750710180000,"orders":[{"amount":0.0042,"safe_price":2330.49,"ft_order_side":"buy","order_filled_timestamp":1750709520000,"ft_is_entry":true,"ft_order_tag":"","cost":9.797846057999996},{"amount":0.0042,"safe_price":2353.818228228228,"ft_order_side":"sell","order_filled_timestamp":1750710180000,"ft_is_entry":false,"ft_order_tag":"roi","cost":9.895922595117113}]},{"pair":"BTC/USDT","stake_amount":9.3319227,"max_stake_amount":9.3319227,"amount":9e-05,"open_date":"2025-06-23 20:22:00+00:00","close_date":"2025-06-23 20:44:00+00:00","open_rate":103688.03,"close_rate":103895.61364364364,"fee_open":0.001,"fee_close":0.001,"trade_duration":22,"profit_ratio":0.0,"profit_abs":0.0,"exit_reason":"roi","initial_stop_loss_abs":81187.73,"initial_stop_loss_ratio":-0.217,"stop_loss_abs":81187.73,"stop_loss_ratio":-0.217,"min_rate":103609.03,"max_rate":103911.5,"is_open":false,"enter_tag":"","leverage":1.0,"is_short":false,"open_timestamp":1750710120000,"close_timestamp":1750711440000,"orders":[{"amount":9e-05,"safe_price":103688.03,"ft_order_side":"buy","order_filled_timestamp":1750710120000,"ft_is_entry":true,"ft_order_tag":"","cost":9.3412546227},{"amount":9e-05,"safe_price":103895.61364364364,"ft_order_side":"sell","order_filled_timestamp":1750711440000,"ft_is_entry":false,"ft_order_tag":"roi","cost":9.359955833155855}]},{"pair":"BTC/USDT","stake_amount":9.3492009,"max_stake_amount":9.3492009,"amount":9e-05,"open_date":"2025-06-23 20:45:00+00:00","close_date":"2025-06-23 21:15:00+00:00","open_rate":103880.01,"close_rate":104087.97798798798,"fee_open":0.001,"fee_close":0.001,"trade_duration":30,"profit_ratio":0.0,"profit_abs":0.0,"exit_reason":"roi","initial_stop_loss_abs":81338.05,"initial_stop_loss_ratio":-0.217,"stop_loss_abs":81338.05,"stop_loss_ratio":-0.217,"min_rate":103644.08,"max_rate":104170.0,"is_open":false,"enter_tag":"","leverage":1.0,"is_short":false,"open_timestamp":1750711500000,"close_timestamp":1750713300000,"orders":[{"amount":9e-05,"safe_price":103880.01,"ft_order_side":"buy","order_filled_timestamp":1750711500000,"ft_is_entry":true,"ft_order_tag":"","cost":9.358550100899999},{"amount":9e-05,"safe_price":104087.97798798798,"ft_order_side":"sell","order_filled_timestamp":1750713300000,"ft_is_entry":false,"ft_order_tag":"roi","cost":9.377285936937836}]},{"pair":"ETH/USDT","stake_amount":9.905616,"max_stake_amount":9.905616,"amount":0.0042,"open_date":"2025-06-23 20:24:00+00:00","close_date":"2025-06-23 21:16:00+00:00","open_rate":2358.48,"close_rate":2363.2016816816817,"fee_open":0.001,"fee_close":0.001,"trade_duration":52,"profit_ratio":0.0,"profit_abs":0.0,"exit_reason":"roi","initial_stop_loss_abs":1846.69,"initial_stop_loss_ratio":-0.217,"stop_loss_abs":1846.69,"stop_loss_ratio":-0.217,"min_rate":2342.09,"max_rate":2379.79,"is_open":false,"enter_tag":"","leverage":1.0,"is_short":false,"open_timestamp":1750710240000,"close_timestamp":1750713360000,"orders":[{"amount":0.0042,"safe_price":2358.48,"ft_order_side":"buy","order_filled_timestamp":1750710240000,"ft_is_entry":true,"ft_order_tag":"","cost":9.915521616},{"amount":0.0042,"safe_price":2363.2016816816817,"ft_order_side":"sell","order_filled_timestamp":1750713360000,"ft_is_entry":false,"ft_order_tag":"roi","cost":9.935372510126124}]},{"pair":"ETH/USDT","stake_amount":9.914016,"max_stake_amount":9.914016,"amount":0.0042,"open_date":"2025-06-23 21:17:00+00:00","close_date":"2025-06-23 22:03:00+00:00","open_rate":2360.48,"close_rate":2365.2056856856857,"fee_open":0.001,"fee_close":0.001,"trade_duration":46,"profit_ratio":0.0,"profit_abs":0.0,"exit_reason":"roi","initial_stop_loss_abs":1848.26,"initial_stop_loss_ratio":-0.217,"stop_loss_abs":1848.26,"stop_loss_ratio":-0.217,"min_rate":2333.89,"max_rate":2368.75,"is_open":false,"enter_tag":"","leverage":1.0,"is_short":false,"open_timestamp":1750713420000,"close_timestamp":1750716180000,"orders":[{"amount":0.0042,"safe_price":2360.48,"ft_order_side":"buy","order_filled_timestamp":1750713420000,"ft_is_entry":true,"ft_order_tag":"","cost":9.923930016},{"amount":0.0042,"safe_price":2365.2056856856857,"ft_order_side":"sell","order_filled_timestamp":1750716180000,"ft_is_entry":false,"ft_order_tag":"roi","cost":9.943797743759758}]},{"pair":"BTC/USDT","stake_amount":9.3752991,"max_stake_amount":9.3752991,"amount":9e-05,"open_date":"2025-06-23 21:16:00+00:00","close_date":"2025-06-23 22:05:00+00:00","open_rate":104169.99,"close_rate":104378.53852852853,"fee_open":0.001,"fee_close":0.001,"trade_duration":49,"profit_ratio":0.0,"profit_abs":0.0,"exit_reason":"roi","initial_stop_loss_abs":81565.11,"initial_stop_loss_ratio":-0.217,"stop_loss_abs":81565.11,"stop_loss_ratio":-0.217,"min_rate":103624.19,"max_rate":104705.08,"is_open":false,"enter_tag":"","leverage":1.0,"is_short":false,"open_timestamp":1750713360000,"close_timestamp":1750716300000,"orders":[{"amount":9e-05,"safe_price":104169.99,"ft_order_side":"buy","order_filled_timestamp":1750713360000,"ft_is_entry":true,"ft_order_tag":"","cost":9.3846743991},{"amount":9e-05,"safe_price":104378.53852852853,"ft_order_side":"sell","order_filled_timestamp":1750716300000,"ft_is_entry":false,"ft_order_tag":"roi","cost":9.403462536035134}]},{"pair":"ETH/USDT","stake_amount":9.928338,"max_stake_amount":9.928338,"amount":0.0042,"open_date":"2025-06-23 22:04:00+00:00","close_date":"2025-06-23 22:10:00+00:00","open_rate":2363.89,"close_rate":2389.68,"fee_open":0.001,"fee_close":0.001,"trade_duration":6,"profit_ratio":0.008890183357450688,"profit_abs":0.08835301,"exit_reason":"roi","initial_stop_loss_abs":1850.93,"initial_stop_loss_ratio":-0.217,"stop_loss_abs":1850.93,"stop_loss_ratio":-0.217,"min_rate":2361.09,"max_rate":2396.67,"is_open":false,"enter_tag":"","leverage":1.0,"is_short":false,"open_timestamp":1750716240000,"close_timestamp":1750716600000,"orders":[{"amount":0.0042,"safe_price":2363.89,"ft_order_side":"buy","order_filled_timestamp":1750716240000,"ft_is_entry":true,"ft_order_tag":"","cost":9.938266337999996},{"amount":0.0042,"safe_price":2389.68,"ft_order_side":"sell","order_filled_timestamp":1750716600000,"ft_is_entry":false,"ft_order_tag":"roi","cost":10.046692655999998}]},{"pair":"ETH/USDT","stake_amount":9.79367,"max_stake_amount":9.79367,"amount":0.0041,"open_date":"2025-06-23 22:11:00+00:00","close_date":"2025-06-23 22:22:00+00:00","open_rate":2388.7,"close_rate":2412.61091091091,"fee_open":0.001,"fee_close":0.001,"trade_duration":11,"profit_ratio":0.007992007992007994,"profit_abs":0.07834936,"exit_reason":"roi","initial_stop_loss_abs":1870.36,"initial_stop_loss_ratio":-0.217,"stop_loss_abs":1870.36,"stop_loss_ratio":-0.217,"min_rate":2388.29,"max_rate":2413.4,"is_open":false,"enter_tag":"","leverage":1.0,"is_short":false,"open_timestamp":1750716660000,"close_timestamp":1750717320000,"orders":[{"amount":0.0041,"safe_price":2388.7,"ft_order_side":"buy","order_filled_timestamp":1750716660000,"ft_is_entry":true,"ft_order_tag":"","cost":9.80346367},{"amount":0.0041,"safe_price":2412.61091091091,"ft_order_side":"sell","order_filled_timestamp":1750717320000,"ft_is_entry":false,"ft_order_tag":"roi","cost":9.901596439469467}]},{"pair":"BTC/USDT","stake_amount":9.4204791,"max_stake_amount":9.4204791,"amount":9e-05,"open_date":"2025-06-23 22:06:00+00:00","close_date":"2025-06-23 22:24:00+00:00","open_rate":104671.99,"close_rate":105719.75766766767,"fee_open":0.001,"fee_close":0.001,"trade_duration":18,"profit_ratio":0.007992007695080123,"profit_abs":0.07536383,"exit_reason":"roi","initial_stop_loss_abs":81958.17,"initial_stop_loss_ratio":-0.217,"stop_loss_abs":81958.17,"stop_loss_ratio":-0.217,"min_rate":104455.74,"max_rate":105801.89,"is_open":false,"enter_tag":"","leverage":1.0,"is_short":false,"open_timestamp":1750716360000,"close_timestamp":1750717440000,"orders":[{"amount":9e-05,"safe_price":104671.99,"ft_order_side":"buy","order_filled_timestamp":1750716360000,"ft_is_entry":true,"ft_order_tag":"","cost":9.4298995791},{"amount":9e-05,"safe_price":105719.75766766767,"ft_order_side":"sell","order_filled_timestamp":1750717440000,"ft_is_entry":false,"ft_order_tag":"roi","cost":9.52429296828018}]},{"pair":"ETH/USDT","stake_amount":9.892521,"max_stake_amount":9.892521,"amount":0.0041,"open_date":"2025-06-23 22:23:00+00:00","close_date":"2025-06-23 23:11:00+00:00","open_rate":2412.81,"close_rate":2417.6404504504503,"fee_open":0.001,"fee_close":0.001,"trade_duration":48,"profit_ratio":0.0,"profit_abs":0.0,"exit_reason":"roi","initial_stop_loss_abs":1889.24,"initial_stop_loss_ratio":-0.217,"stop_loss_abs":1889.24,"stop_loss_ratio":-0.217,"min_rate":2385.0,"max_rate":2438.68,"is_open":false,"enter_tag":"","leverage":1.0,"is_short":false,"open_timestamp":1750717380000,"close_timestamp":1750720260000,"orders":[{"amount":0.0041,"safe_price":2412.81,"ft_order_side":"buy","order_filled_timestamp":1750717380000,"ft_is_entry":true,"ft_order_tag":"","cost":9.902413521},{"amount":0.0041,"safe_price":2417.6404504504503,"ft_order_side":"sell","order_filled_timestamp":1750720260000,"ft_is_entry":false,"ft_order_tag":"roi","cost":9.922238172693694}]},{"pair":"ETH/USDT","stake_amount":9.91667,"max_stake_amount":9.91667,"amount":0.0041,"open_date":"2025-06-23 23:12:00+00:00","close_date":"2025-06-23 23:43:00+00:00","open_rate":2418.7,"close_rate":2423.5422422422416,"fee_open":0.001,"fee_close":0.001,"trade_duration":31,"profit_ratio":0.0,"profit_abs":0.0,"exit_reason":"roi","initial_stop_loss_abs":1893.85,"initial_stop_loss_ratio":-0.217,"stop_loss_abs":1893.85,"stop_loss_ratio":-0.217,"min_rate":2410.88,"max_rate":2431.0,"is_open":false,"enter_tag":"","leverage":1.0,"is_short":false,"open_timestamp":1750720320000,"close_timestamp":1750722180000,"orders":[{"amount":0.0041,"safe_price":2418.7,"ft_order_side":"buy","order_filled_timestamp":1750720320000,"ft_is_entry":true,"ft_order_tag":"","cost":9.926586669999999},{"amount":0.0041,"safe_price":2423.5422422422416,"ft_order_side":"sell","order_filled_timestamp":1750722180000,"ft_is_entry":false,"ft_order_tag":"roi","cost":9.946459716386384}]},{"pair":"ETH/USDT","stake_amount":9.950085,"max_stake_amount":9.950085,"amount":0.0041,"open_date":"2025-06-23 23:44:00+00:00","close_date":"2025-06-24 06:48:00+00:00","open_rate":2426.85,"close_rate":2431.7085585585583,"fee_open":0.001,"fee_close":0.001,"trade_duration":424,"profit_ratio":0.0,"profit_abs":0.0,"exit_reason":"roi","initial_stop_loss_abs":1900.23,"initial_stop_loss_ratio":-0.217,"stop_loss_abs":1900.23,"stop_loss_ratio":-0.217,"min_rate":2389.31,"max_rate":2434.82,"is_open":false,"enter_tag":"","leverage":1.0,"is_short":false,"open_timestamp":1750722240000,"close_timestamp":1750747680000,"orders":[{"amount":0.0041,"safe_price":2426.85,"ft_order_side":"buy","order_filled_timestamp":1750722240000,"ft_is_entry":true,"ft_order_tag":"","cost":9.960035084999998},{"amount":0.0041,"safe_price":2431.7085585585583,"ft_order_side":"sell","order_filled_timestamp":1750747680000,"ft_is_entry":false,"ft_order_tag":"roi","cost":9.97997509518018}]},{"pair":"ETH/USDT","stake_amount":9.976243,"max_stake_amount":9.976243,"amount":0.0041,"open_date":"2025-06-24 06:49:00+00:00","close_date":"2025-06-24 09:28:00+00:00","open_rate":2433.23,"close_rate":2438.101331331331,"fee_open":0.001,"fee_close":0.001,"trade_duration":159,"profit_ratio":0.0,"profit_abs":0.0,"exit_reason":"roi","initial_stop_loss_abs":1905.22,"initial_stop_loss_ratio":-0.217,"stop_loss_abs":1905.22,"stop_loss_ratio":-0.217,"min_rate":2376.11,"max_rate":2449.14,"is_open":false,"enter_tag":"","leverage":1.0,"is_short":false,"open_timestamp":1750747740000,"close_timestamp":1750757280000,"orders":[{"amount":0.0041,"safe_price":2433.23,"ft_order_side":"buy","order_filled_timestamp":1750747740000,"ft_is_entry":true,"ft_order_tag":"","cost":9.986219242999999},{"amount":0.0041,"safe_price":2438.101331331331,"ft_order_side":"sell","order_filled_timestamp":1750757280000,"ft_is_entry":false,"ft_order_tag":"roi","cost":10.006211673916916}]},{"pair":"ETH/USDT","stake_amount":9.998916,"max_stake_amount":9.998916,"amount":0.0041,"open_date":"2025-06-24 09:29:00+00:00","close_date":"2025-06-24 15:04:00+00:00","open_rate":2438.76,"close_rate":2443.6424024024022,"fee_open":0.001,"fee_close":0.001,"trade_duration":335,"profit_ratio":0.0,"profit_abs":0.0,"exit_reason":"roi","initial_stop_loss_abs":1909.55,"initial_stop_loss_ratio":-0.217,"stop_loss_abs":1909.55,"stop_loss_ratio":-0.217,"min_rate":2397.72,"max_rate":2444.15,"is_open":false,"enter_tag":"","leverage":1.0,"is_short":false,"open_timestamp":1750757340000,"close_timestamp":1750777440000,"orders":[{"amount":0.0041,"safe_price":2438.76,"ft_order_side":"buy","order_filled_timestamp":1750757340000,"ft_is_entry":true,"ft_order_tag":"","cost":10.008914916},{"amount":0.0041,"safe_price":2443.6424024024022,"ft_order_side":"sell","order_filled_timestamp":1750777440000,"ft_is_entry":false,"ft_order_tag":"roi","cost":10.0289527836997}]},{"pair":"ETH/USDT","stake_amount":9.77656,"max_stake_amount":9.77656,"amount":0.004,"open_date":"2025-06-24 15:05:00+00:00","close_date":"2025-06-24 15:52:00+00:00","open_rate":2444.14,"close_rate":2449.0331731731726,"fee_open":0.001,"fee_close":0.001,"trade_duration":47,"profit_ratio":0.0,"profit_abs":0.0,"exit_reason":"roi","initial_stop_loss_abs":1913.77,"initial_stop_loss_ratio":-0.217,"stop_loss_abs":1913.77,"stop_loss_ratio":-0.217,"min_rate":2425.01,"max_rate":2454.73,"is_open":false,"enter_tag":"","leverage":1.0,"is_short":false,"open_timestamp":1750777500000,"close_timestamp":1750780320000,"orders":[{"amount":0.004,"safe_price":2444.14,"ft_order_side":"buy","order_filled_timestamp":1750777500000,"ft_is_entry":true,"ft_order_tag":"","cost":9.786336559999999},{"amount":0.004,"safe_price":2449.0331731731726,"ft_order_side":"sell","order_filled_timestamp":1750780320000,"ft_is_entry":false,"ft_order_tag":"roi","cost":9.805928825385383}]},{"pair":"ETH/USDT","stake_amount":9.76328,"max_stake_amount":9.76328,"amount":0.004,"open_date":"2025-06-24 15:53:00+00:00","close_date":"2025-06-24 16:17:00+00:00","open_rate":2440.82,"close_rate":2445.7065265265264,"fee_open":0.001,"fee_close":0.001,"trade_duration":24,"profit_ratio":0.0,"profit_abs":0.0,"exit_reason":"roi","initial_stop_loss_abs":1911.17,"initial_stop_loss_ratio":-0.217,"stop_loss_abs":1911.17,"stop_loss_ratio":-0.217,"min_rate":2434.09,"max_rate":2446.18,"is_open":false,"enter_tag":"","leverage":1.0,"is_short":false,"open_timestamp":1750780380000,"close_timestamp":1750781820000,"orders":[{"amount":0.004,"safe_price":2440.82,"ft_order_side":"buy","order_filled_timestamp":1750780380000,"ft_is_entry":true,"ft_order_tag":"","cost":9.773043280000001},{"amount":0.004,"safe_price":2445.7065265265264,"ft_order_side":"sell","order_filled_timestamp":1750781820000,"ft_is_entry":false,"ft_order_tag":"roi","cost":9.792608932212211}]},{"pair":"ETH/USDT","stake_amount":9.78468,"max_stake_amount":9.78468,"amount":0.004,"open_date":"2025-06-24 16:18:00+00:00","close_date":"2025-06-24 16:43:00+00:00","open_rate":2446.17,"close_rate":2451.067237237237,"fee_open":0.001,"fee_close":0.001,"trade_duration":25,"profit_ratio":0.0,"profit_abs":0.0,"exit_reason":"roi","initial_stop_loss_abs":1915.36,"initial_stop_loss_ratio":-0.217,"stop_loss_abs":1915.36,"stop_loss_ratio":-0.217,"min_rate":2439.78,"max_rate":2475.0,"is_open":false,"enter_tag":"","leverage":1.0,"is_short":false,"open_timestamp":1750781880000,"close_timestamp":1750783380000,"orders":[{"amount":0.004,"safe_price":2446.17,"ft_order_side":"buy","order_filled_timestamp":1750781880000,"ft_is_entry":true,"ft_order_tag":"","cost":9.794464679999999},{"amount":0.004,"safe_price":2451.067237237237,"ft_order_side":"sell","order_filled_timestamp":1750783380000,"ft_is_entry":false,"ft_order_tag":"roi","cost":9.814073217897896}]},{"pair":"BTC/USDT","stake_amount":9.51777,"max_stake_amount":9.51777,"amount":9e-05,"open_date":"2025-06-23 22:25:00+00:00","close_date":"2025-06-24 16:53:00+00:00","open_rate":105753.0,"close_rate":105964.7177177177,"fee_open":0.001,"fee_close":0.001,"trade_duration":1108,"profit_ratio":0.0,"profit_abs":0.0,"exit_reason":"roi","initial_stop_loss_abs":82804.6,"initial_stop_loss_ratio":-0.217,"stop_loss_abs":82804.6,"stop_loss_ratio":-0.217,"min_rate":104622.02,"max_rate":106074.2,"is_open":false,"enter_tag":"","leverage":1.0,"is_short":false,"open_timestamp":1750717500000,"close_timestamp":1750783980000,"orders":[{"amount":9e-05,"safe_price":105753.0,"ft_order_side":"buy","order_filled_timestamp":1750717500000,"ft_is_entry":true,"ft_order_tag":"","cost":9.52728777},{"amount":9e-05,"safe_price":105964.7177177177,"ft_order_side":"sell","order_filled_timestamp":1750783980000,"ft_is_entry":false,"ft_order_tag":"roi","cost":9.54636141918919}]},{"pair":"ETH/USDT","stake_amount":9.85344,"max_stake_amount":9.85344,"amount":0.004,"open_date":"2025-06-24 16:44:00+00:00","close_date":"2025-06-24 17:03:00+00:00","open_rate":2463.36,"close_rate":2470.03,"fee_open":0.001,"fee_close":0.001,"trade_duration":19,"profit_ratio":0.0007042718583053735,"profit_abs":0.00694644,"exit_reason":"roi","initial_stop_loss_abs":1928.82,"initial_stop_loss_ratio":-0.217,"stop_loss_abs":1928.82,"stop_loss_ratio":-0.217,"min_rate":2461.82,"max_rate":2482.04,"is_open":false,"enter_tag":"","leverage":1.0,"is_short":false,"open_timestamp":1750783440000,"close_timestamp":1750784580000,"orders":[{"amount":0.004,"safe_price":2463.36,"ft_order_side":"buy","order_filled_timestamp":1750783440000,"ft_is_entry":true,"ft_order_tag":"","cost":9.86329344},{"amount":0.004,"safe_price":2470.03,"ft_order_side":"sell","order_filled_timestamp":1750784580000,"ft_is_entry":false,"ft_order_tag":"roi","cost":9.89000012}]},{"pair":"BTC/USDT","stake_amount":9.5375898,"max_stake_amount":9.5375898,"amount":9e-05,"open_date":"2025-06-24 16:54:00+00:00","close_date":"2025-06-25 00:09:00+00:00","open_rate":105973.22,"close_rate":106185.37859859859,"fee_open":0.001,"fee_close":0.001,"trade_duration":435,"profit_ratio":0.0,"profit_abs":0.0,"exit_reason":"roi","initial_stop_loss_abs":82977.04,"initial_stop_loss_ratio":-0.217,"stop_loss_abs":82977.04,"stop_loss_ratio":-0.217,"min_rate":105270.48,"max_rate":106290.0,"is_open":false,"enter_tag":"","leverage":1.0,"is_short":false,"open_timestamp":1750784040000,"close_timestamp":1750810140000,"orders":[{"amount":9e-05,"safe_price":105973.22,"ft_order_side":"buy","order_filled_timestamp":1750784040000,"ft_is_entry":true,"ft_order_tag":"","cost":9.5471273898},{"amount":9e-05,"safe_price":106185.37859859859,"ft_order_side":"sell","order_filled_timestamp":1750810140000,"ft_is_entry":false,"ft_order_tag":"roi","cost":9.566240757947746}]},{"pair":"BTC/USDT","stake_amount":9.55962,"max_stake_amount":9.55962,"amount":9e-05,"open_date":"2025-06-25 00:10:00+00:00","close_date":"2025-06-25 00:55:00+00:00","open_rate":106218.0,"close_rate":106430.64864864864,"fee_open":0.001,"fee_close":0.001,"trade_duration":45,"profit_ratio":0.0,"profit_abs":0.0,"exit_reason":"roi","initial_stop_loss_abs":83168.7,"initial_stop_loss_ratio":-0.217,"stop_loss_abs":83168.7,"stop_loss_ratio":-0.217,"min_rate":105808.03,"max_rate":106470.13,"is_open":false,"enter_tag":"","leverage":1.0,"is_short":false,"open_timestamp":1750810200000,"close_timestamp":1750812900000,"orders":[{"amount":9e-05,"safe_price":106218.0,"ft_order_side":"buy","order_filled_timestamp":1750810200000,"ft_is_entry":true,"ft_order_tag":"","cost":9.56917962},{"amount":9e-05,"safe_price":106430.64864864864,"ft_order_side":"sell","order_filled_timestamp":1750812900000,"ft_is_entry":false,"ft_order_tag":"roi","cost":9.588337136756756}]},{"pair":"BTC/USDT","stake_amount":9.5823189,"max_stake_amount":9.5823189,"amount":9e-05,"open_date":"2025-06-25 00:56:00+00:00","close_date":"2025-06-25 02:11:00+00:00","open_rate":106470.21,"close_rate":106683.36357357356,"fee_open":0.001,"fee_close":0.001,"trade_duration":75,"profit_ratio":0.0,"profit_abs":0.0,"exit_reason":"roi","initial_stop_loss_abs":83366.18,"initial_stop_loss_ratio":-0.217,"stop_loss_abs":83366.18,"stop_loss_ratio":-0.217,"min_rate":106016.0,"max_rate":106750.0,"is_open":false,"enter_tag":"","leverage":1.0,"is_short":false,"open_timestamp":1750812960000,"close_timestamp":1750817460000,"orders":[{"amount":9e-05,"safe_price":106470.21,"ft_order_side":"buy","order_filled_timestamp":1750812960000,"ft_is_entry":true,"ft_order_tag":"","cost":9.5919012189},{"amount":9e-05,"safe_price":106683.36357357356,"ft_order_side":"sell","order_filled_timestamp":1750817460000,"ft_is_entry":false,"ft_order_tag":"roi","cost":9.611104224343242}]},{"pair":"BTC/USDT","stake_amount":9.6074991,"max_stake_amount":9.6074991,"amount":9e-05,"open_date":"2025-06-25 02:12:00+00:00","close_date":"2025-06-25 09:36:00+00:00","open_rate":106749.99,"close_rate":106963.70369369368,"fee_open":0.001,"fee_close":0.001,"trade_duration":444,"profit_ratio":0.0,"profit_abs":0.0,"exit_reason":"roi","initial_stop_loss_abs":83585.25,"initial_stop_loss_ratio":-0.217,"stop_loss_abs":83585.25,"stop_loss_ratio":-0.217,"min_rate":106001.0,"max_rate":106971.91,"is_open":false,"enter_tag":"","leverage":1.0,"is_short":false,"open_timestamp":1750817520000,"close_timestamp":1750844160000,"orders":[{"amount":9e-05,"safe_price":106749.99,"ft_order_side":"buy","order_filled_timestamp":1750817520000,"ft_is_entry":true,"ft_order_tag":"","cost":9.617106599100001},{"amount":9e-05,"safe_price":106963.70369369368,"ft_order_side":"sell","order_filled_timestamp":1750844160000,"ft_is_entry":false,"ft_order_tag":"roi","cost":9.636360065764864}]},{"pair":"BTC/USDT","stake_amount":9.5964129,"max_stake_amount":9.5964129,"amount":9e-05,"open_date":"2025-06-25 09:38:00+00:00","close_date":"2025-06-25 10:20:00+00:00","open_rate":106626.81,"close_rate":106840.27708708707,"fee_open":0.001,"fee_close":0.001,"trade_duration":42,"profit_ratio":0.0,"profit_abs":0.0,"exit_reason":"roi","initial_stop_loss_abs":83488.8,"initial_stop_loss_ratio":-0.217,"stop_loss_abs":83488.8,"stop_loss_ratio":-0.217,"min_rate":106449.61,"max_rate":106932.24,"is_open":false,"enter_tag":"","leverage":1.0,"is_short":false,"open_timestamp":1750844280000,"close_timestamp":1750846800000,"orders":[{"amount":9e-05,"safe_price":106626.81,"ft_order_side":"buy","order_filled_timestamp":1750844280000,"ft_is_entry":true,"ft_order_tag":"","cost":9.6060093129},{"amount":9e-05,"safe_price":106840.27708708707,"ft_order_side":"sell","order_filled_timestamp":1750846800000,"ft_is_entry":false,"ft_order_tag":"roi","cost":9.625240562775675}]},{"pair":"BTC/USDT","stake_amount":9.6239007,"max_stake_amount":9.6239007,"amount":9e-05,"open_date":"2025-06-25 10:21:00+00:00","close_date":"2025-06-25 11:36:00+00:00","open_rate":106932.23,"close_rate":107146.30853853852,"fee_open":0.001,"fee_close":0.001,"trade_duration":75,"profit_ratio":0.0,"profit_abs":0.0,"exit_reason":"roi","initial_stop_loss_abs":83727.94,"initial_stop_loss_ratio":-0.217,"stop_loss_abs":83727.94,"stop_loss_ratio":-0.217,"min_rate":106866.9,"max_rate":107184.68,"is_open":false,"enter_tag":"","leverage":1.0,"is_short":false,"open_timestamp":1750846860000,"close_timestamp":1750851360000,"orders":[{"amount":9e-05,"safe_price":106932.23,"ft_order_side":"buy","order_filled_timestamp":1750846860000,"ft_is_entry":true,"ft_order_tag":"","cost":9.6335246007},{"amount":9e-05,"safe_price":107146.30853853852,"ft_order_side":"sell","order_filled_timestamp":1750851360000,"ft_is_entry":false,"ft_order_tag":"roi","cost":9.652810936236936}]},{"pair":"BTC/USDT","stake_amount":9.6408009,"max_stake_amount":9.6408009,"amount":9e-05,"open_date":"2025-06-25 11:37:00+00:00","close_date":"2025-06-25 13:11:00+00:00","open_rate":107120.01,"close_rate":107334.46447447446,"fee_open":0.001,"fee_close":0.001,"trade_duration":94,"profit_ratio":0.0,"profit_abs":0.0,"exit_reason":"roi","initial_stop_loss_abs":83874.97,"initial_stop_loss_ratio":-0.217,"stop_loss_abs":83874.97,"stop_loss_ratio":-0.217,"min_rate":106927.8,"max_rate":107385.0,"is_open":false,"enter_tag":"","leverage":1.0,"is_short":false,"open_timestamp":1750851420000,"close_timestamp":1750857060000,"orders":[{"amount":9e-05,"safe_price":107120.01,"ft_order_side":"buy","order_filled_timestamp":1750851420000,"ft_is_entry":true,"ft_order_tag":"","cost":9.6504417009},{"amount":9e-05,"safe_price":107334.46447447446,"ft_order_side":"sell","order_filled_timestamp":1750857060000,"ft_is_entry":false,"ft_order_tag":"roi","cost":9.669761904505403}]},{"pair":"BTC/USDT","stake_amount":9.6623946,"max_stake_amount":9.6623946,"amount":9e-05,"open_date":"2025-06-25 13:12:00+00:00","close_date":"2025-06-25 13:31:00+00:00","open_rate":107359.94,"close_rate":107739.01,"fee_open":0.001,"fee_close":0.001,"trade_duration":19,"profit_ratio":0.0015257757484513574,"profit_abs":0.01475739,"exit_reason":"roi","initial_stop_loss_abs":84062.84,"initial_stop_loss_ratio":-0.217,"stop_loss_abs":84062.84,"stop_loss_ratio":-0.217,"min_rate":107359.94,"max_rate":107910.93,"is_open":false,"enter_tag":"","leverage":1.0,"is_short":false,"open_timestamp":1750857120000,"close_timestamp":1750858260000,"orders":[{"amount":9e-05,"safe_price":107359.94,"ft_order_side":"buy","order_filled_timestamp":1750857120000,"ft_is_entry":true,"ft_order_tag":"","cost":9.6720569946},{"amount":9e-05,"safe_price":107739.01,"ft_order_side":"sell","order_filled_timestamp":1750858260000,"ft_is_entry":false,"ft_order_tag":"roi","cost":9.7062074109}]},{"pair":"BTC/USDT","stake_amount":9.70056,"max_stake_amount":9.70056,"amount":9e-05,"open_date":"2025-06-25 13:32:00+00:00","close_date":"2025-06-25 14:04:00+00:00","open_rate":107784.0,"close_rate":107999.78378378377,"fee_open":0.001,"fee_close":0.001,"trade_duration":32,"profit_ratio":0.0,"profit_abs":0.0,"exit_reason":"roi","initial_stop_loss_abs":84394.88,"initial_stop_loss_ratio":-0.217,"stop_loss_abs":84394.88,"stop_loss_ratio":-0.217,"min_rate":107528.0,"max_rate":108130.24,"is_open":false,"enter_tag":"","leverage":1.0,"is_short":false,"open_timestamp":1750858320000,"close_timestamp":1750860240000,"orders":[{"amount":9e-05,"safe_price":107784.0,"ft_order_side":"buy","order_filled_timestamp":1750858320000,"ft_is_entry":true,"ft_order_tag":"","cost":9.71026056},{"amount":9e-05,"safe_price":107999.78378378377,"ft_order_side":"sell","order_filled_timestamp":1750860240000,"ft_is_entry":false,"ft_order_tag":"roi","cost":9.72970052108108}]},{"pair":"ETH/USDT","stake_amount":9.87852,"max_stake_amount":9.87852,"amount":0.004,"open_date":"2025-06-24 17:04:00+00:00","close_date":"2025-06-26 01:34:00+00:00","open_rate":2469.63,"close_rate":2474.574204204204,"fee_open":0.001,"fee_close":0.001,"trade_duration":1950,"profit_ratio":0.0,"profit_abs":0.0,"exit_reason":"roi","initial_stop_loss_abs":1933.73,"initial_stop_loss_ratio":-0.217,"stop_loss_abs":1933.73,"stop_loss_ratio":-0.217,"min_rate":2389.69,"max_rate":2474.87,"is_open":false,"enter_tag":"","leverage":1.0,"is_short":false,"open_timestamp":1750784640000,"close_timestamp":1750901640000,"orders":[{"amount":0.004,"safe_price":2469.63,"ft_order_side":"buy","order_filled_timestamp":1750784640000,"ft_is_entry":true,"ft_order_tag":"","cost":9.888398519999999},{"amount":0.004,"safe_price":2474.574204204204,"ft_order_side":"sell","order_filled_timestamp":1750901640000,"ft_is_entry":false,"ft_order_tag":"roi","cost":9.908195113633631}]},{"pair":"ETH/USDT","stake_amount":9.85792,"max_stake_amount":9.85792,"amount":0.004,"open_date":"2025-06-26 01:35:00+00:00","close_date":"2025-06-26 02:04:00+00:00","open_rate":2464.48,"close_rate":2469.4138938938936,"fee_open":0.001,"fee_close":0.001,"trade_duration":29,"profit_ratio":0.0,"profit_abs":0.0,"exit_reason":"roi","initial_stop_loss_abs":1929.69,"initial_stop_loss_ratio":-0.217,"stop_loss_abs":1929.69,"stop_loss_ratio":-0.217,"min_rate":2450.55,"max_rate":2474.67,"is_open":false,"enter_tag":"","leverage":1.0,"is_short":false,"open_timestamp":1750901700000,"close_timestamp":1750903440000,"orders":[{"amount":0.004,"safe_price":2464.48,"ft_order_side":"buy","order_filled_timestamp":1750901700000,"ft_is_entry":true,"ft_order_tag":"","cost":9.867777919999998},{"amount":0.004,"safe_price":2469.4138938938936,"ft_order_side":"sell","order_filled_timestamp":1750903440000,"ft_is_entry":false,"ft_order_tag":"roi","cost":9.887533231151147}]},{"pair":"ETH/USDT","stake_amount":9.87528,"max_stake_amount":9.87528,"amount":0.004,"open_date":"2025-06-26 02:05:00+00:00","close_date":"2025-06-26 02:53:00+00:00","open_rate":2468.82,"close_rate":2473.762582582582,"fee_open":0.001,"fee_close":0.001,"trade_duration":48,"profit_ratio":0.0,"profit_abs":0.0,"exit_reason":"roi","initial_stop_loss_abs":1933.09,"initial_stop_loss_ratio":-0.217,"stop_loss_abs":1933.09,"stop_loss_ratio":-0.217,"min_rate":2460.0,"max_rate":2500.0,"is_open":false,"enter_tag":"","leverage":1.0,"is_short":false,"open_timestamp":1750903500000,"close_timestamp":1750906380000,"orders":[{"amount":0.004,"safe_price":2468.82,"ft_order_side":"buy","order_filled_timestamp":1750903500000,"ft_is_entry":true,"ft_order_tag":"","cost":9.88515528},{"amount":0.004,"safe_price":2473.762582582582,"ft_order_side":"sell","order_filled_timestamp":1750906380000,"ft_is_entry":false,"ft_order_tag":"roi","cost":9.904945380660656}]},{"pair":"BTC/USDT","stake_amount":9.7229583,"max_stake_amount":9.7229583,"amount":9e-05,"open_date":"2025-06-25 14:05:00+00:00","close_date":"2025-06-26 03:04:00+00:00","open_rate":108032.87,"close_rate":108249.152022022,"fee_open":0.001,"fee_close":0.001,"trade_duration":779,"profit_ratio":0.0,"profit_abs":0.0,"exit_reason":"roi","initial_stop_loss_abs":84589.74,"initial_stop_loss_ratio":-0.217,"stop_loss_abs":84589.74,"stop_loss_ratio":-0.217,"min_rate":106752.36,"max_rate":108252.23,"is_open":false,"enter_tag":"","leverage":1.0,"is_short":false,"open_timestamp":1750860300000,"close_timestamp":1750907040000,"orders":[{"amount":9e-05,"safe_price":108032.87,"ft_order_side":"buy","order_filled_timestamp":1750860300000,"ft_is_entry":true,"ft_order_tag":"","cost":9.7326812583},{"amount":9e-05,"safe_price":108249.152022022,"ft_order_side":"sell","order_filled_timestamp":1750907040000,"ft_is_entry":false,"ft_order_tag":"roi","cost":9.752166105663962}]},{"pair":"ETH/USDT","stake_amount":9.99604,"max_stake_amount":9.99604,"amount":0.004,"open_date":"2025-06-26 02:54:00+00:00","close_date":"2025-06-26 03:16:00+00:00","open_rate":2499.01,"close_rate":2504.013023023023,"fee_open":0.001,"fee_close":0.001,"trade_duration":22,"profit_ratio":0.0,"profit_abs":0.0,"exit_reason":"roi","initial_stop_loss_abs":1956.73,"initial_stop_loss_ratio":-0.217,"stop_loss_abs":1956.73,"stop_loss_ratio":-0.217,"min_rate":2488.12,"max_rate":2520.92,"is_open":false,"enter_tag":"","leverage":1.0,"is_short":false,"open_timestamp":1750906440000,"close_timestamp":1750907760000,"orders":[{"amount":0.004,"safe_price":2499.01,"ft_order_side":"buy","order_filled_timestamp":1750906440000,"ft_is_entry":true,"ft_order_tag":"","cost":10.00603604},{"amount":0.004,"safe_price":2504.013023023023,"ft_order_side":"sell","order_filled_timestamp":1750907760000,"ft_is_entry":false,"ft_order_tag":"roi","cost":10.026068144184183}]},{"pair":"BTC/USDT","stake_amount":9.7379316,"max_stake_amount":9.7379316,"amount":9e-05,"open_date":"2025-06-26 03:05:00+00:00","close_date":"2025-06-29 11:54:00+00:00","open_rate":108199.24,"close_rate":108415.85509509509,"fee_open":0.001,"fee_close":0.001,"trade_duration":4849,"profit_ratio":0.0,"profit_abs":0.0,"exit_reason":"roi","initial_stop_loss_abs":84720.01,"initial_stop_loss_ratio":-0.217,"stop_loss_abs":84720.01,"stop_loss_ratio":-0.217,"min_rate":106356.76,"max_rate":108484.0,"is_open":false,"enter_tag":"","leverage":1.0,"is_short":false,"open_timestamp":1750907100000,"close_timestamp":1751198040000,"orders":[{"amount":9e-05,"safe_price":108199.24,"ft_order_side":"buy","order_filled_timestamp":1750907100000,"ft_is_entry":true,"ft_order_tag":"","cost":9.7476695316},{"amount":9e-05,"safe_price":108415.85509509509,"ft_order_side":"sell","order_filled_timestamp":1751198040000,"ft_is_entry":false,"ft_order_tag":"roi","cost":9.767184385517117}]},{"pair":"ETH/USDT","stake_amount":9.753666,"max_stake_amount":9.753666,"amount":0.0039,"open_date":"2025-06-26 03:18:00+00:00","close_date":"2025-06-29 22:48:00+00:00","open_rate":2500.94,"close_rate":2505.9468868868867,"fee_open":0.001,"fee_close":0.001,"trade_duration":5490,"profit_ratio":0.0,"profit_abs":0.0,"exit_reason":"roi","initial_stop_loss_abs":1958.24,"initial_stop_loss_ratio":-0.217,"stop_loss_abs":1958.24,"stop_loss_ratio":-0.217,"min_rate":2382.53,"max_rate":2508.5,"is_open":false,"enter_tag":"","leverage":1.0,"is_short":false,"open_timestamp":1750907880000,"close_timestamp":1751237280000,"orders":[{"amount":0.0039,"safe_price":2500.94,"ft_order_side":"buy","order_filled_timestamp":1750907880000,"ft_is_entry":true,"ft_order_tag":"","cost":9.763419665999997},{"amount":0.0039,"safe_price":2505.9468868868867,"ft_order_side":"sell","order_filled_timestamp":1751237280000,"ft_is_entry":false,"ft_order_tag":"roi","cost":9.782966051717715}]},{"pair":"ETH/USDT","stake_amount":9.779211,"max_stake_amount":9.779211,"amount":0.0039,"open_date":"2025-06-29 22:49:00+00:00","close_date":"2025-06-29 23:09:00+00:00","open_rate":2507.49,"close_rate":2512.5099999999993,"fee_open":0.001,"fee_close":0.001,"trade_duration":20,"profit_ratio":0.0,"profit_abs":0.0,"exit_reason":"roi","initial_stop_loss_abs":1963.37,"initial_stop_loss_ratio":-0.217,"stop_loss_abs":1963.37,"stop_loss_ratio":-0.217,"min_rate":2497.85,"max_rate":2525.0,"is_open":false,"enter_tag":"","leverage":1.0,"is_short":false,"open_timestamp":1751237340000,"close_timestamp":1751238540000,"orders":[{"amount":0.0039,"safe_price":2507.49,"ft_order_side":"buy","order_filled_timestamp":1751237340000,"ft_is_entry":true,"ft_order_tag":"","cost":9.788990210999998},{"amount":0.0039,"safe_price":2512.5099999999993,"ft_order_side":"sell","order_filled_timestamp":1751238540000,"ft_is_entry":false,"ft_order_tag":"roi","cost":9.808587788999997}]},{"pair":"BTC/USDT","stake_amount":9.7582509,"max_stake_amount":9.7582509,"amount":9e-05,"open_date":"2025-06-29 11:55:00+00:00","close_date":"2025-06-30 00:24:00+00:00","open_rate":108425.01,"close_rate":108642.07708708708,"fee_open":0.001,"fee_close":0.001,"trade_duration":749,"profit_ratio":0.0,"profit_abs":0.0,"exit_reason":"roi","initial_stop_loss_abs":84896.79,"initial_stop_loss_ratio":-0.217,"stop_loss_abs":84896.79,"stop_loss_ratio":-0.217,"min_rate":107250.0,"max_rate":108686.39,"is_open":false,"enter_tag":"","leverage":1.0,"is_short":false,"open_timestamp":1751198100000,"close_timestamp":1751243040000,"orders":[{"amount":9e-05,"safe_price":108425.01,"ft_order_side":"buy","order_filled_timestamp":1751198100000,"ft_is_entry":true,"ft_order_tag":"","cost":9.7680091509},{"amount":9e-05,"safe_price":108642.07708708708,"ft_order_side":"sell","order_filled_timestamp":1751243040000,"ft_is_entry":false,"ft_order_tag":"roi","cost":9.787564724775676}]},{"pair":"ETH/USDT","stake_amount":9.789,"max_stake_amount":9.789,"amount":0.0039,"open_date":"2025-06-29 23:10:00+00:00","close_date":"2025-06-30 00:24:00+00:00","open_rate":2510.0,"close_rate":2515.0250250250247,"fee_open":0.001,"fee_close":0.001,"trade_duration":74,"profit_ratio":0.0,"profit_abs":0.0,"exit_reason":"roi","initial_stop_loss_abs":1965.34,"initial_stop_loss_ratio":-0.217,"stop_loss_abs":1965.34,"stop_loss_ratio":-0.217,"min_rate":2495.05,"max_rate":2519.6,"is_open":false,"enter_tag":"","leverage":1.0,"is_short":false,"open_timestamp":1751238600000,"close_timestamp":1751243040000,"orders":[{"amount":0.0039,"safe_price":2510.0,"ft_order_side":"buy","order_filled_timestamp":1751238600000,"ft_is_entry":true,"ft_order_tag":"","cost":9.798789},{"amount":0.0039,"safe_price":2515.0250250250247,"ft_order_side":"sell","order_filled_timestamp":1751243040000,"ft_is_entry":false,"ft_order_tag":"roi","cost":9.818406195195191}]},{"pair":"BTC/USDT","stake_amount":9.7817742,"max_stake_amount":9.7817742,"amount":9e-05,"open_date":"2025-06-30 00:25:00+00:00","close_date":"2025-06-30 18:12:00+00:00","open_rate":108686.38,"close_rate":107373.0,"fee_open":0.001,"fee_close":0.001,"trade_duration":1067,"profit_ratio":-0.014057984283876432,"profit_abs":-0.13764954,"exit_reason":"force_exit","initial_stop_loss_abs":85101.44,"initial_stop_loss_ratio":-0.217,"stop_loss_abs":85101.44,"stop_loss_ratio":-0.217,"min_rate":106733.33,"max_rate":108789.99,"is_open":false,"enter_tag":"","leverage":1.0,"is_short":false,"open_timestamp":1751243100000,"close_timestamp":1751307120000,"orders":[{"amount":9e-05,"safe_price":108686.38,"ft_order_side":"buy","order_filled_timestamp":1751243100000,"ft_is_entry":true,"ft_order_tag":"","cost":9.7915559742},{"amount":9e-05,"safe_price":107373.0,"ft_order_side":"sell","order_filled_timestamp":1751307120000,"ft_is_entry":false,"ft_order_tag":"force_exit","cost":9.673233569999999}]},{"pair":"ETH/USDT","stake_amount":9.822618,"max_stake_amount":9.822618,"amount":0.0039,"open_date":"2025-06-30 00:25:00+00:00","close_date":"2025-06-30 18:12:00+00:00","open_rate":2518.62,"close_rate":2485.1,"fee_open":0.001,"fee_close":0.001,"trade_duration":1067,"profit_ratio":-0.015280286536890429,"profit_abs":-0.15024251,"exit_reason":"force_exit","initial_stop_loss_abs":1972.08,"initial_stop_loss_ratio":-0.217,"stop_loss_abs":1972.08,"stop_loss_ratio":-0.217,"min_rate":2431.0,"max_rate":2524.3,"is_open":false,"enter_tag":"","leverage":1.0,"is_short":false,"open_timestamp":1751243100000,"close_timestamp":1751307120000,"orders":[{"amount":0.0039,"safe_price":2518.62,"ft_order_side":"buy","order_filled_timestamp":1751243100000,"ft_is_entry":true,"ft_order_tag":"","cost":9.832440617999998},{"amount":0.0039,"safe_price":2485.1,"ft_order_side":"sell","order_filled_timestamp":1751307120000,"ft_is_entry":false,"ft_order_tag":"force_exit","cost":9.701581889999998}]}],"locks":[],"best_pair":{"key":"ETH/USDT","trades":31,"profit_mean":0.0005960678061162141,"profit_mean_pct":0.06,"profit_sum":0.018478101989602636,"profit_sum_pct":1.85,"profit_total_abs":0.18183432,"profit_total":0.00018183432,"profit_total_pct":0.02,"duration_avg":"5:55:00","wins":6,"draws":24,"losses":1,"winrate":0.1935483870967742},"worst_pair":{"key":"BTC/USDT","trades":31,"profit_mean":-2.8084152005224957e-05,"profit_mean_pct":-0.0,"profit_sum":-0.0008706087121619736,"profit_sum_pct":-0.09,"profit_total_abs":-0.01353987999999999,"profit_total":-1.353987999999999e-05,"profit_total_pct":-0.0,"duration_avg":"5:55:00","wins":5,"draws":25,"losses":1,"winrate":0.16129032258064516},"results_per_pair":[{"key":"ETH/USDT","trades":31,"profit_mean":0.0005960678061162141,"profit_mean_pct":0.06,"profit_sum":0.018478101989602636,"profit_sum_pct":1.85,"profit_total_abs":0.18183432,"profit_total":0.00018183432,"profit_total_pct":0.02,"duration_avg":"5:55:00","wins":6,"draws":24,"losses":1,"winrate":0.1935483870967742},{"key":"BTC/USDT","trades":31,"profit_mean":-2.8084152005224957e-05,"profit_mean_pct":-0.0,"profit_sum":-0.0008706087121619736,"profit_sum_pct":-0.09,"profit_total_abs":-0.01353987999999999,"profit_total":-1.353987999999999e-05,"profit_total_pct":-0.0,"duration_avg":"5:55:00","wins":5,"draws":25,"losses":1,"winrate":0.16129032258064516},{"key":"TOTAL","trades":62,"profit_mean":0.0002839918270554944,"profit_mean_pct":0.03,"profit_sum":0.017607493277440652,"profit_sum_pct":1.76,"profit_total_abs":0.16829444000000005,"profit_total":0.00016829444000000004,"profit_total_pct":0.02,"duration_avg":"5:55:00","wins":11,"draws":49,"losses":2,"winrate":0.1774193548387097}],"results_per_enter_tag":[{"key":"","trades":62,"profit_mean":0.0002839918270554944,"profit_mean_pct":0.03,"profit_sum":0.017607493277440652,"profit_sum_pct":1.76,"profit_total_abs":0.16829444000000005,"profit_total":0.00016829444000000004,"profit_total_pct":0.02,"duration_avg":"5:55:00","wins":11,"draws":49,"losses":2,"winrate":0.1774193548387097},{"key":"TOTAL","trades":62,"profit_mean":0.0002839918270554944,"profit_mean_pct":0.03,"profit_sum":0.017607493277440652,"profit_sum_pct":1.76,"profit_total_abs":0.16829444000000005,"profit_total":0.00016829444000000004,"profit_total_pct":0.02,"duration_avg":"5:55:00","wins":11,"draws":49,"losses":2,"winrate":0.1774193548387097}],"exit_reason_summary":[{"key":"roi","trades":60,"profit_mean":0.0007824294016367919,"profit_mean_pct":0.08,"profit_sum":0.04694576409820751,"profit_sum_pct":4.69,"profit_total_abs":0.45618649,"profit_total":0.00045618649,"profit_total_pct":0.05,"duration_avg":"5:31:00","wins":11,"draws":49,"losses":0,"winrate":0.18333333333333332},{"key":"force_exit","trades":2,"profit_mean":-0.01466913541038343,"profit_mean_pct":-1.47,"profit_sum":-0.02933827082076686,"profit_sum_pct":-2.93,"profit_total_abs":-0.28789204999999995,"profit_total":-0.00028789204999999995,"profit_total_pct":-0.03,"duration_avg":"17:47:00","wins":0,"draws":0,"losses":2,"winrate":0.0},{"key":"TOTAL","trades":62,"profit_mean":0.0002839918270554944,"profit_mean_pct":0.03,"profit_sum":0.017607493277440652,"profit_sum_pct":1.76,"profit_total_abs":0.16829444000000005,"profit_total":0.00016829444000000004,"profit_total_pct":0.02,"duration_avg":"5:55:00","wins":11,"draws":49,"losses":2,"winrate":0.1774193548387097}],"mix_tag_stats":[{"key":["","roi"],"trades":60,"profit_mean":0.0007824294016367919,"profit_mean_pct":0.08,"profit_sum":0.04694576409820751,"profit_sum_pct":4.69,"profit_total_abs":0.45618649,"profit_total":0.00045618649,"profit_total_pct":0.05,"duration_avg":"5:31:00","wins":11,"draws":49,"losses":0,"winrate":0.18333333333333332},{"key":["","force_exit"],"trades":2,"profit_mean":-0.01466913541038343,"profit_mean_pct":-1.47,"profit_sum":-0.02933827082076686,"profit_sum_pct":-2.93,"profit_total_abs":-0.28789204999999995,"profit_total":-0.00028789204999999995,"profit_total_pct":-0.03,"duration_avg":"17:47:00","wins":0,"draws":0,"losses":2,"winrate":0.0},{"key":"TOTAL","trades":62,"profit_mean":0.0002839918270554944,"profit_mean_pct":0.03,"profit_sum":0.017607493277440652,"profit_sum_pct":1.76,"profit_total_abs":0.16829444000000005,"profit_total":0.00016829444000000004,"profit_total_pct":0.02,"duration_avg":"5:55:00","wins":11,"draws":49,"losses":2,"winrate":0.1774193548387097}],"left_open_trades":[{"key":"BTC/USDT","trades":1,"profit_mean":-0.014057984283876432,"profit_mean_pct":-1.41,"profit_sum":-0.014057984283876432,"profit_sum_pct":-1.41,"profit_total_abs":-0.13764954,"profit_total":-0.00013764953999999998,"profit_total_pct":-0.01,"duration_avg":"17:47:00","wins":0,"draws":0,"losses":1,"winrate":0.0},{"key":"ETH/USDT","trades":1,"profit_mean":-0.015280286536890429,"profit_mean_pct":-1.53,"profit_sum":-0.015280286536890429,"profit_sum_pct":-1.53,"profit_total_abs":-0.15024251,"profit_total":-0.00015024251,"profit_total_pct":-0.02,"duration_avg":"17:47:00","wins":0,"draws":0,"losses":1,"winrate":0.0},{"key":"TOTAL","trades":2,"profit_mean":-0.01466913541038343,"profit_mean_pct":-1.47,"profit_sum":-0.02933827082076686,"profit_sum_pct":-2.93,"profit_total_abs":-0.28789204999999995,"profit_total":-0.00028789204999999995,"profit_total_pct":-0.03,"duration_avg":"17:47:00","wins":0,"draws":0,"losses":2,"winrate":0.0}],"total_trades":62,"trade_count_long":62,"trade_count_short":0,"total_volume":1198.980033944585,"avg_stake_amount":9.648517540322581,"profit_mean":0.0002839918270554944,"profit_median":0.0,"profit_total":0.00016829444000000004,"profit_total_long":0.00016829444000000004,"profit_total_short":0.0,"profit_total_abs":0.16829444000000005,"profit_total_long_abs":0.16829444000000005,"profit_total_short_abs":0.0,"cagr":0.008813224380872953,"expectancy":0.002714426451612904,"expectancy_ratio":-0.7714653287577757,"sortino":72.94910826379885,"sharpe":13.310639012126734,"calmar":159.61972651827125,"sqn":0.6144,"profit_factor":1.5845748085089535,"backtest_start":"2025-06-23 02:10:00","backtest_start_ts":1750644600000,"backtest_end":"2025-06-30 18:12:00","backtest_end_ts":1751307120000,"backtest_days":7,"backtest_run_start_ts":1751307508,"backtest_run_end_ts":1751307511,"trades_per_day":8.86,"market_change":0.09074322622410264,"pairlist":["BTC/USDT","ETH/USDT"],"stake_amount":10,"stake_currency":"USDT","stake_currency_decimals":3,"starting_balance":1000,"dry_run_wallet":1000,"final_balance":1000.16829444,"rejected_signals":0,"timedout_entry_orders":0,"timedout_exit_orders":0,"canceled_trade_entries":0,"canceled_entry_orders":0,"replaced_entry_orders":0,"max_open_trades":-1,"max_open_trades_setting":-1,"timeframe":"1m","timeframe_detail":"","timerange":"","enable_protections":false,"strategy_name":"ichiV1","stoploss":-0.217,"trailing_stop":false,"trailing_stop_positive":null,"trailing_stop_positive_offset":0.0,"trailing_only_offset_is_reached":false,"use_custom_stoploss":false,"minimal_roi":{"0":0.061,"3":0.023,"6":0.008,"19":0.0},"use_exit_signal":true,"exit_profit_only":false,"exit_profit_offset":0.0,"ignore_roi_if_entry_signal":false,"trading_mode":"spot","margin_mode":"","periodic_breakdown":{"day":[{"date":"23/06/2025","date_ts":1750636800000,"profit_abs":0.43448266,"wins":9,"draws":24,"losses":0,"trades":33,"profit_factor":0.0},{"date":"24/06/2025","date_ts":1750723200000,"profit_abs":0.00694644,"wins":1,"draws":7,"losses":0,"trades":8,"profit_factor":0.0},{"date":"25/06/2025","date_ts":1750809600000,"profit_abs":0.01475739,"wins":1,"draws":8,"losses":0,"trades":9,"profit_factor":0.0},{"date":"26/06/2025","date_ts":1750896000000,"profit_abs":0.0,"wins":0,"draws":5,"losses":0,"trades":5,"profit_factor":0.0},{"date":"27/06/2025","date_ts":1750982400000,"profit_abs":0.0,"wins":0,"draws":0,"losses":0,"trades":0,"profit_factor":0.0},{"date":"28/06/2025","date_ts":1751068800000,"profit_abs":0.0,"wins":0,"draws":0,"losses":0,"trades":0,"profit_factor":0.0},{"date":"29/06/2025","date_ts":1751155200000,"profit_abs":0.0,"wins":0,"draws":3,"losses":0,"trades":3,"profit_factor":0.0},{"date":"30/06/2025","date_ts":1751241600000,"profit_abs":-0.28789205,"wins":0,"draws":2,"losses":2,"trades":4,"profit_factor":0.0}],"week":[{"date":"23/06/2025","date_ts":1750636800000,"profit_abs":0.43448266,"wins":9,"draws":24,"losses":0,"trades":33,"profit_factor":0.0},{"date":"30/06/2025","date_ts":1751241600000,"profit_abs":-0.26618822,"wins":2,"draws":25,"losses":2,"trades":29,"profit_factor":0.07538878}],"month":[{"date":"30/06/2025","date_ts":1751241600000,"profit_abs":0.16829444,"wins":11,"draws":49,"losses":2,"trades":62,"profit_factor":1.58457481}],"year":[{"date":"31/12/2025","date_ts":1767139200000,"profit_abs":0.16829444,"wins":11,"draws":49,"losses":2,"trades":62,"profit_factor":1.58457481}]},"backtest_best_day":0.044715716491450785,"backtest_worst_day":-0.02933827082076686,"backtest_best_day_abs":0.43448266,"backtest_worst_day_abs":-0.28789205,"winning_days":3,"draw_days":4,"losing_days":1,"daily_profit":[["2025-06-23",0.43448266],["2025-06-24",0.00694644],["2025-06-25",0.01475739],["2025-06-26",0.0],["2025-06-27",0.0],["2025-06-28",0.0],["2025-06-29",0.0],["2025-06-30",-0.28789205]],"wins":11,"losses":2,"draws":49,"winrate":0.1774193548387097,"holding_avg":"5:55:00","holding_avg_s":21300.0,"winner_holding_avg":"0:16:00","winner_holding_avg_s":960.0,"loser_holding_avg":"17:47:00","loser_holding_avg_s":64020.0,"max_consecutive_wins":3,"max_consecutive_losses":13,"max_drawdown_account":0.00028776077742108445,"max_relative_drawdown":0.00028776077742108445,"max_drawdown_abs":0.28789204999999995,"drawdown_start":"2025-06-25 13:31:00","drawdown_start_ts":1750858260000.0,"drawdown_end":"2025-06-30 18:12:00","drawdown_end_ts":1751307120000.0,"max_drawdown_low":0.16829444000000005,"max_drawdown_high":0.45618649,"csum_min":1000.0,"csum_max":1000.45618649}},"strategy_comparison":[{"key":"ichiV1","trades":62,"profit_mean":0.0002839918270554944,"profit_mean_pct":0.03,"profit_sum":0.017607493277440652,"profit_sum_pct":1.76,"profit_total_abs":0.16829444000000005,"profit_total":0.00016829444000000004,"profit_total_pct":0.02,"duration_avg":"5:55:00","wins":11,"draws":49,"losses":2,"winrate":0.1774193548387097,"max_drawdown_account":0.00028776077742108445,"max_drawdown_abs":"0.288"}]}