{"strategy":{"UltimateScalp10xStrategy":{"trades":[{"pair":"ETH/USDT","stake_amount":9.787316,"max_stake_amount":9.787316,"amount":0.0044,"open_date":"2025-06-23 00:10:00+00:00","close_date":"2025-06-23 00:38:00+00:00","open_rate":2224.39,"close_rate":2239.976316316316,"fee_open":0.001,"fee_close":0.001,"trade_duration":28,"profit_ratio":0.004995004995004995,"profit_abs":0.04893658,"exit_reason":"roi","initial_stop_loss_abs":2135.42,"initial_stop_loss_ratio":-0.04,"stop_loss_abs":2156.16,"stop_loss_ratio":-0.04,"min_rate":2222.56,"max_rate":2246.0,"is_open":false,"enter_tag":"","leverage":1.0,"is_short":false,"open_timestamp":1750637400000,"close_timestamp":1750639080000,"orders":[{"amount":0.0044,"safe_price":2224.39,"ft_order_side":"buy","order_filled_timestamp":1750637400000,"ft_is_entry":true,"ft_order_tag":"","cost":9.797103316},{"amount":0.0044,"safe_price":2239.976316316316,"ft_order_side":"sell","order_filled_timestamp":1750639080000,"ft_is_entry":false,"ft_order_tag":"roi","cost":9.865751687583582}]},{"pair":"BTC/USDT","stake_amount":9.0549081,"max_stake_amount":9.0549081,"amount":9e-05,"open_date":"2025-06-23 00:18:00+00:00","close_date":"2025-06-23 00:47:00+00:00","open_rate":100610.09,"close_rate":101315.06560560559,"fee_open":0.001,"fee_close":0.001,"trade_duration":29,"profit_ratio":0.004995004939841487,"profit_abs":0.04527454,"exit_reason":"roi","initial_stop_loss_abs":96585.69,"initial_stop_loss_ratio":-0.04,"stop_loss_abs":97301.37,"stop_loss_ratio":-0.04,"min_rate":100494.25,"max_rate":101355.59,"is_open":false,"enter_tag":"","leverage":1.0,"is_short":false,"open_timestamp":1750637880000,"close_timestamp":1750639620000,"orders":[{"amount":9e-05,"safe_price":100610.09,"ft_order_side":"buy","order_filled_timestamp":1750637880000,"ft_is_entry":true,"ft_order_tag":"","cost":9.0639630081},{"amount":9e-05,"safe_price":101315.06560560559,"ft_order_side":"sell","order_filled_timestamp":1750639620000,"ft_is_entry":false,"ft_order_tag":"roi","cost":9.127474260409008}]},{"pair":"BTC/USDT","stake_amount":9.1194021,"max_stake_amount":9.1194021,"amount":9e-05,"open_date":"2025-06-23 00:48:00+00:00","close_date":"2025-06-23 05:24:00+00:00","open_rate":101326.69,"close_rate":101529.54623623623,"fee_open":0.001,"fee_close":0.001,"trade_duration":276,"profit_ratio":0.0,"profit_abs":0.0,"exit_reason":"roi","initial_stop_loss_abs":97273.63,"initial_stop_loss_ratio":-0.04,"stop_loss_abs":97555.2,"stop_loss_ratio":-0.04,"min_rate":100564.19,"max_rate":101620.0,"is_open":false,"enter_tag":"","leverage":1.0,"is_short":false,"open_timestamp":1750639680000,"close_timestamp":1750656240000,"orders":[{"amount":9e-05,"safe_price":101326.69,"ft_order_side":"buy","order_filled_timestamp":1750639680000,"ft_is_entry":true,"ft_order_tag":"","cost":9.1285215021},{"amount":9e-05,"safe_price":101529.54623623623,"ft_order_side":"sell","order_filled_timestamp":1750656240000,"ft_is_entry":false,"ft_order_tag":"roi","cost":9.146796820422521}]},{"pair":"ETH/USDT","stake_amount":9.874436,"max_stake_amount":9.874436,"amount":0.0044,"open_date":"2025-06-23 00:39:00+00:00","close_date":"2025-06-23 05:47:00+00:00","open_rate":2244.19,"close_rate":2248.682872872873,"fee_open":0.001,"fee_close":0.001,"trade_duration":308,"profit_ratio":0.0,"profit_abs":0.0,"exit_reason":"roi","initial_stop_loss_abs":2154.43,"initial_stop_loss_ratio":-0.04,"stop_loss_abs":2170.01,"stop_loss_ratio":-0.04,"min_rate":2225.0,"max_rate":2260.42,"is_open":false,"enter_tag":"","leverage":1.0,"is_short":false,"open_timestamp":1750639140000,"close_timestamp":1750657620000,"orders":[{"amount":0.0044,"safe_price":2244.19,"ft_order_side":"buy","order_filled_timestamp":1750639140000,"ft_is_entry":true,"ft_order_tag":"","cost":9.884310436},{"amount":0.0044,"safe_price":2248.682872872873,"ft_order_side":"sell","order_filled_timestamp":1750657620000,"ft_is_entry":false,"ft_order_tag":"roi","cost":9.90409884528128}]},{"pair":"BTC/USDT","stake_amount":9.1351152,"max_stake_amount":9.1351152,"amount":9e-05,"open_date":"2025-06-23 05:25:00+00:00","close_date":"2025-06-23 05:55:00+00:00","open_rate":101501.28,"close_rate":101742.18,"fee_open":0.001,"fee_close":0.001,"trade_duration":30,"profit_ratio":0.0003706252435332502,"profit_abs":0.00338909,"exit_reason":"roi","initial_stop_loss_abs":97441.23,"initial_stop_loss_ratio":-0.04,"stop_loss_abs":97814.4,"stop_loss_ratio":-0.04,"min_rate":101450.0,"max_rate":101890.0,"is_open":false,"enter_tag":"","leverage":1.0,"is_short":false,"open_timestamp":1750656300000,"close_timestamp":1750658100000,"orders":[{"amount":9e-05,"safe_price":101501.28,"ft_order_side":"buy","order_filled_timestamp":1750656300000,"ft_is_entry":true,"ft_order_tag":"","cost":9.1442503152},{"amount":9e-05,"safe_price":101742.18,"ft_order_side":"sell","order_filled_timestamp":1750658100000,"ft_is_entry":false,"ft_order_tag":"roi","cost":9.1659529962}]},{"pair":"ETH/USDT","stake_amount":9.883632,"max_stake_amount":9.883632,"amount":0.0044,"open_date":"2025-06-23 05:48:00+00:00","close_date":"2025-06-23 06:57:00+00:00","open_rate":2246.28,"close_rate":2250.777057057057,"fee_open":0.001,"fee_close":0.001,"trade_duration":69,"profit_ratio":0.0,"profit_abs":0.0,"exit_reason":"roi","initial_stop_loss_abs":2156.43,"initial_stop_loss_ratio":-0.04,"stop_loss_abs":2164.87,"stop_loss_ratio":-0.04,"min_rate":2233.62,"max_rate":2255.07,"is_open":false,"enter_tag":"","leverage":1.0,"is_short":false,"open_timestamp":1750657680000,"close_timestamp":1750661820000,"orders":[{"amount":0.0044,"safe_price":2246.28,"ft_order_side":"buy","order_filled_timestamp":1750657680000,"ft_is_entry":true,"ft_order_tag":"","cost":9.893515632000002},{"amount":0.0044,"safe_price":2250.777057057057,"ft_order_side":"sell","order_filled_timestamp":1750661820000,"ft_is_entry":false,"ft_order_tag":"roi","cost":9.9133224701021}]},{"pair":"BTC/USDT","stake_amount":9.1601595,"max_stake_amount":9.1601595,"amount":9e-05,"open_date":"2025-06-23 05:56:00+00:00","close_date":"2025-06-23 06:57:00+00:00","open_rate":101779.55,"close_rate":101983.31286286286,"fee_open":0.001,"fee_close":0.001,"trade_duration":61,"profit_ratio":0.0,"profit_abs":0.0,"exit_reason":"roi","initial_stop_loss_abs":97708.37,"initial_stop_loss_ratio":-0.04,"stop_loss_abs":97982.11,"stop_loss_ratio":-0.04,"min_rate":101645.47,"max_rate":102064.69,"is_open":false,"enter_tag":"","leverage":1.0,"is_short":false,"open_timestamp":1750658160000,"close_timestamp":1750661820000,"orders":[{"amount":9e-05,"safe_price":101779.55,"ft_order_side":"buy","order_filled_timestamp":1750658160000,"ft_is_entry":true,"ft_order_tag":"","cost":9.1693196595},{"amount":9e-05,"safe_price":101983.31286286286,"ft_order_side":"sell","order_filled_timestamp":1750661820000,"ft_is_entry":false,"ft_order_tag":"roi","cost":9.187676655815315}]},{"pair":"ETH/USDT","stake_amount":9.905412,"max_stake_amount":9.905412,"amount":0.0044,"open_date":"2025-06-23 06:58:00+00:00","close_date":"2025-06-23 07:28:00+00:00","open_rate":2251.23,"close_rate":2256.45,"fee_open":0.001,"fee_close":0.001,"trade_duration":30,"profit_ratio":0.00031609779795922885,"profit_abs":0.00313421,"exit_reason":"roi","initial_stop_loss_abs":2161.19,"initial_stop_loss_ratio":-0.04,"stop_loss_abs":2184.65,"stop_loss_ratio":-0.04,"min_rate":2249.5,"max_rate":2275.67,"is_open":false,"enter_tag":"","leverage":1.0,"is_short":false,"open_timestamp":1750661880000,"close_timestamp":1750663680000,"orders":[{"amount":0.0044,"safe_price":2251.23,"ft_order_side":"buy","order_filled_timestamp":1750661880000,"ft_is_entry":true,"ft_order_tag":"","cost":9.915317411999998},{"amount":0.0044,"safe_price":2256.45,"ft_order_side":"sell","order_filled_timestamp":1750663680000,"ft_is_entry":false,"ft_order_tag":"roi","cost":9.938308379999999}]},{"pair":"ETH/USDT","stake_amount":9.936608,"max_stake_amount":9.936608,"amount":0.0044,"open_date":"2025-06-23 07:38:00+00:00","close_date":"2025-06-23 08:08:00+00:00","open_rate":2258.32,"close_rate":2262.8411611611614,"fee_open":0.001,"fee_close":0.001,"trade_duration":30,"profit_ratio":0.0,"profit_abs":0.0,"exit_reason":"roi","initial_stop_loss_abs":2167.99,"initial_stop_loss_ratio":-0.04,"stop_loss_abs":2174.56,"stop_loss_ratio":-0.04,"min_rate":2253.68,"max_rate":2265.16,"is_open":false,"enter_tag":"","leverage":1.0,"is_short":false,"open_timestamp":1750664280000,"close_timestamp":1750666080000,"orders":[{"amount":0.0044,"safe_price":2258.32,"ft_order_side":"buy","order_filled_timestamp":1750664280000,"ft_is_entry":true,"ft_order_tag":"","cost":9.946544608},{"amount":0.0044,"safe_price":2262.8411611611614,"ft_order_side":"sell","order_filled_timestamp":1750666080000,"ft_is_entry":false,"ft_order_tag":"roi","cost":9.96645761021822}]},{"pair":"ETH/USDT","stake_amount":9.96666,"max_stake_amount":9.96666,"amount":0.0044,"open_date":"2025-06-23 08:09:00+00:00","close_date":"2025-06-23 13:41:00+00:00","open_rate":2265.15,"close_rate":2269.684834834835,"fee_open":0.001,"fee_close":0.001,"trade_duration":332,"profit_ratio":0.0,"profit_abs":0.0,"exit_reason":"roi","initial_stop_loss_abs":2174.55,"initial_stop_loss_ratio":-0.04,"stop_loss_abs":2188.42,"stop_loss_ratio":-0.04,"min_rate":2232.45,"max_rate":2279.6,"is_open":false,"enter_tag":"","leverage":1.0,"is_short":false,"open_timestamp":1750666140000,"close_timestamp":1750686060000,"orders":[{"amount":0.0044,"safe_price":2265.15,"ft_order_side":"buy","order_filled_timestamp":1750666140000,"ft_is_entry":true,"ft_order_tag":"","cost":9.976626659999999},{"amount":0.0044,"safe_price":2269.684834834835,"ft_order_side":"sell","order_filled_timestamp":1750686060000,"ft_is_entry":false,"ft_order_tag":"roi","cost":9.996599886546546}]},{"pair":"BTC/USDT","stake_amount":9.1795158,"max_stake_amount":9.1795158,"amount":9e-05,"open_date":"2025-06-23 06:58:00+00:00","close_date":"2025-06-23 13:44:00+00:00","open_rate":101994.62,"close_rate":102198.81343343342,"fee_open":0.001,"fee_close":0.001,"trade_duration":406,"profit_ratio":0.0,"profit_abs":0.0,"exit_reason":"roi","initial_stop_loss_abs":97914.84,"initial_stop_loss_ratio":-0.04,"stop_loss_abs":98251.85,"stop_loss_ratio":-0.04,"min_rate":100792.16,"max_rate":102345.67,"is_open":false,"enter_tag":"","leverage":1.0,"is_short":false,"open_timestamp":1750661880000,"close_timestamp":1750686240000,"orders":[{"amount":9e-05,"safe_price":101994.62,"ft_order_side":"buy","order_filled_timestamp":1750661880000,"ft_is_entry":true,"ft_order_tag":"","cost":9.1886953158},{"amount":9e-05,"safe_price":102198.81343343342,"ft_order_side":"sell","order_filled_timestamp":1750686240000,"ft_is_entry":false,"ft_order_tag":"roi","cost":9.207091102218016}]},{"pair":"ETH/USDT","stake_amount":9.783059,"max_stake_amount":9.783059,"amount":0.0043,"open_date":"2025-06-23 13:42:00+00:00","close_date":"2025-06-23 14:00:00+00:00","open_rate":2275.13,"close_rate":2302.4588888888884,"fee_open":0.001,"fee_close":0.001,"trade_duration":18,"profit_ratio":0.00999000999000999,"profit_abs":0.09783059,"exit_reason":"roi","initial_stop_loss_abs":2184.13,"initial_stop_loss_ratio":-0.04,"stop_loss_abs":2301.97,"stop_loss_ratio":-0.005,"min_rate":2272.23,"max_rate":2313.53,"is_open":false,"enter_tag":"","leverage":1.0,"is_short":false,"open_timestamp":1750686120000,"close_timestamp":1750687200000,"orders":[{"amount":0.0043,"safe_price":2275.13,"ft_order_side":"buy","order_filled_timestamp":1750686120000,"ft_is_entry":true,"ft_order_tag":"","cost":9.792842058999998},{"amount":0.0043,"safe_price":2302.4588888888884,"ft_order_side":"sell","order_filled_timestamp":1750687200000,"ft_is_entry":false,"ft_order_tag":"roi","cost":9.910473795444442}]},{"pair":"BTC/USDT","stake_amount":9.18,"max_stake_amount":9.18,"amount":9e-05,"open_date":"2025-06-23 13:45:00+00:00","close_date":"2025-06-23 14:15:00+00:00","open_rate":102000.0,"close_rate":102259.07,"fee_open":0.001,"fee_close":0.001,"trade_duration":30,"profit_ratio":0.000536824830942478,"profit_abs":0.00493298,"exit_reason":"roi","initial_stop_loss_abs":97920.0,"initial_stop_loss_ratio":-0.04,"stop_loss_abs":98508.57,"stop_loss_ratio":-0.04,"min_rate":101816.19,"max_rate":102613.09,"is_open":false,"enter_tag":"","leverage":1.0,"is_short":false,"open_timestamp":1750686300000,"close_timestamp":1750688100000,"orders":[{"amount":9e-05,"safe_price":102000.0,"ft_order_side":"buy","order_filled_timestamp":1750686300000,"ft_is_entry":true,"ft_order_tag":"","cost":9.189179999999999},{"amount":9e-05,"safe_price":102259.07,"ft_order_side":"sell","order_filled_timestamp":1750688100000,"ft_is_entry":false,"ft_order_tag":"roi","cost":9.2125196163}]},{"pair":"BTC/USDT","stake_amount":9.1566549,"max_stake_amount":9.1566549,"amount":9e-05,"open_date":"2025-06-23 14:37:00+00:00","close_date":"2025-06-23 15:08:00+00:00","open_rate":101740.61,"close_rate":101944.2949049049,"fee_open":0.001,"fee_close":0.001,"trade_duration":31,"profit_ratio":0.0,"profit_abs":0.0,"exit_reason":"roi","initial_stop_loss_abs":97670.99,"initial_stop_loss_ratio":-0.04,"stop_loss_abs":97969.74,"stop_loss_ratio":-0.04,"min_rate":101496.0,"max_rate":102051.81,"is_open":false,"enter_tag":"","leverage":1.0,"is_short":false,"open_timestamp":1750689420000,"close_timestamp":1750691280000,"orders":[{"amount":9e-05,"safe_price":101740.61,"ft_order_side":"buy","order_filled_timestamp":1750689420000,"ft_is_entry":true,"ft_order_tag":"","cost":9.1658115549},{"amount":9e-05,"safe_price":101944.2949049049,"ft_order_side":"sell","order_filled_timestamp":1750691280000,"ft_is_entry":false,"ft_order_tag":"roi","cost":9.184161527982882}]},{"pair":"ETH/USDT","stake_amount":9.898428,"max_stake_amount":9.898428,"amount":0.0043,"open_date":"2025-06-23 14:01:00+00:00","close_date":"2025-06-23 16:22:00+00:00","open_rate":2301.96,"close_rate":2218.25,"fee_open":0.001,"fee_close":0.001,"trade_duration":141,"profit_ratio":-0.03829000818219712,"profit_abs":-0.3793899,"exit_reason":"trailing_stop_loss","initial_stop_loss_abs":2209.89,"initial_stop_loss_ratio":-0.04,"stop_loss_abs":2218.25,"stop_loss_ratio":-0.04,"min_rate":2212.4,"max_rate":2310.67,"is_open":false,"enter_tag":"","leverage":1.0,"is_short":false,"open_timestamp":1750687260000,"close_timestamp":1750695720000,"orders":[{"amount":0.0043,"safe_price":2301.96,"ft_order_side":"buy","order_filled_timestamp":1750687260000,"ft_is_entry":true,"ft_order_tag":"","cost":9.908326428},{"amount":0.0043,"safe_price":2218.25,"ft_order_side":"sell","order_filled_timestamp":1750695720000,"ft_is_entry":false,"ft_order_tag":"trailing_stop_loss","cost":9.548013475}]},{"pair":"ETH/USDT","stake_amount":9.96282,"max_stake_amount":9.96282,"amount":0.0045,"open_date":"2025-06-23 16:23:00+00:00","close_date":"2025-06-23 16:45:00+00:00","open_rate":2213.96,"close_rate":2229.4732332332333,"fee_open":0.001,"fee_close":0.001,"trade_duration":22,"profit_ratio":0.004995004995004995,"profit_abs":0.0498141,"exit_reason":"roi","initial_stop_loss_abs":2125.41,"initial_stop_loss_ratio":-0.04,"stop_loss_abs":2140.93,"stop_loss_ratio":-0.04,"min_rate":2188.0,"max_rate":2230.13,"is_open":false,"enter_tag":"","leverage":1.0,"is_short":false,"open_timestamp":1750695780000,"close_timestamp":1750697100000,"orders":[{"amount":0.0045,"safe_price":2213.96,"ft_order_side":"buy","order_filled_timestamp":1750695780000,"ft_is_entry":true,"ft_order_tag":"","cost":9.972782819999997},{"amount":0.0045,"safe_price":2229.4732332332333,"ft_order_side":"sell","order_filled_timestamp":1750697100000,"ft_is_entry":false,"ft_order_tag":"roi","cost":10.042662179099098}]},{"pair":"ETH/USDT","stake_amount":9.806632,"max_stake_amount":9.806632,"amount":0.0044,"open_date":"2025-06-23 16:46:00+00:00","close_date":"2025-06-23 17:08:00+00:00","open_rate":2228.78,"close_rate":2244.397077077077,"fee_open":0.001,"fee_close":0.001,"trade_duration":22,"profit_ratio":0.004995004995004995,"profit_abs":0.04903316,"exit_reason":"roi","initial_stop_loss_abs":2139.63,"initial_stop_loss_ratio":-0.04,"stop_loss_abs":2159.84,"stop_loss_ratio":-0.04,"min_rate":2210.16,"max_rate":2249.83,"is_open":false,"enter_tag":"","leverage":1.0,"is_short":false,"open_timestamp":1750697160000,"close_timestamp":1750698480000,"orders":[{"amount":0.0044,"safe_price":2228.78,"ft_order_side":"buy","order_filled_timestamp":1750697160000,"ft_is_entry":true,"ft_order_tag":"","cost":9.816438632},{"amount":0.0044,"safe_price":2244.397077077077,"ft_order_side":"sell","order_filled_timestamp":1750698480000,"ft_is_entry":false,"ft_order_tag":"roi","cost":9.885222486278277}]},{"pair":"ETH/USDT","stake_amount":9.887592,"max_stake_amount":9.887592,"amount":0.0044,"open_date":"2025-06-23 17:09:00+00:00","close_date":"2025-06-23 17:28:00+00:00","open_rate":2247.18,"close_rate":2274.1731531531527,"fee_open":0.001,"fee_close":0.001,"trade_duration":19,"profit_ratio":0.00999000999000999,"profit_abs":0.09887592,"exit_reason":"roi","initial_stop_loss_abs":2157.3,"initial_stop_loss_ratio":-0.04,"stop_loss_abs":2267.49,"stop_loss_ratio":-0.005,"min_rate":2241.17,"max_rate":2278.88,"is_open":false,"enter_tag":"","leverage":1.0,"is_short":false,"open_timestamp":1750698540000,"close_timestamp":1750699680000,"orders":[{"amount":0.0044,"safe_price":2247.18,"ft_order_side":"buy","order_filled_timestamp":1750698540000,"ft_is_entry":true,"ft_order_tag":"","cost":9.897479591999998},{"amount":0.0044,"safe_price":2274.1731531531527,"ft_order_side":"sell","order_filled_timestamp":1750699680000,"ft_is_entry":false,"ft_order_tag":"roi","cost":10.016368235747745}]},{"pair":"BTC/USDT","stake_amount":9.1800702,"max_stake_amount":9.1800702,"amount":9e-05,"open_date":"2025-06-23 15:09:00+00:00","close_date":"2025-06-23 17:29:00+00:00","open_rate":102000.78,"close_rate":102204.98576576576,"fee_open":0.001,"fee_close":0.001,"trade_duration":140,"profit_ratio":0.0,"profit_abs":0.0,"exit_reason":"roi","initial_stop_loss_abs":97920.75,"initial_stop_loss_ratio":-0.04,"stop_loss_abs":98212.42,"stop_loss_ratio":-0.04,"min_rate":99613.33,"max_rate":102304.6,"is_open":false,"enter_tag":"","leverage":1.0,"is_short":false,"open_timestamp":1750691340000,"close_timestamp":1750699740000,"orders":[{"amount":9e-05,"safe_price":102000.78,"ft_order_side":"buy","order_filled_timestamp":1750691340000,"ft_is_entry":true,"ft_order_tag":"","cost":9.1892502702},{"amount":9e-05,"safe_price":102204.98576576576,"ft_order_side":"sell","order_filled_timestamp":1750699740000,"ft_is_entry":false,"ft_order_tag":"roi","cost":9.207647167637836}]},{"pair":"BTC/USDT","stake_amount":9.1872666,"max_stake_amount":9.1872666,"amount":9e-05,"open_date":"2025-06-23 17:30:00+00:00","close_date":"2025-06-23 18:00:00+00:00","open_rate":102080.74,"close_rate":102484.02,"fee_open":0.001,"fee_close":0.001,"trade_duration":30,"profit_ratio":0.0019447028451861292,"profit_abs":0.01788437,"exit_reason":"roi","initial_stop_loss_abs":97997.52,"initial_stop_loss_ratio":-0.04,"stop_loss_abs":98582.4,"stop_loss_ratio":-0.04,"min_rate":102012.0,"max_rate":102690.0,"is_open":false,"enter_tag":"","leverage":1.0,"is_short":false,"open_timestamp":1750699800000,"close_timestamp":1750701600000,"orders":[{"amount":9e-05,"safe_price":102080.74,"ft_order_side":"buy","order_filled_timestamp":1750699800000,"ft_is_entry":true,"ft_order_tag":"","cost":9.1964538666},{"amount":9e-05,"safe_price":102484.02,"ft_order_side":"sell","order_filled_timestamp":1750701600000,"ft_is_entry":false,"ft_order_tag":"roi","cost":9.2327853618}]},{"pair":"ETH/USDT","stake_amount":9.794153,"max_stake_amount":9.794153,"amount":0.0043,"open_date":"2025-06-23 17:29:00+00:00","close_date":"2025-06-23 18:02:00+00:00","open_rate":2277.71,"close_rate":2282.26997997998,"fee_open":0.001,"fee_close":0.001,"trade_duration":33,"profit_ratio":0.0,"profit_abs":0.0,"exit_reason":"roi","initial_stop_loss_abs":2186.61,"initial_stop_loss_ratio":-0.04,"stop_loss_abs":2198.98,"stop_loss_ratio":-0.04,"min_rate":2262.74,"max_rate":2290.6,"is_open":false,"enter_tag":"","leverage":1.0,"is_short":false,"open_timestamp":1750699740000,"close_timestamp":1750701720000,"orders":[{"amount":0.0043,"safe_price":2277.71,"ft_order_side":"buy","order_filled_timestamp":1750699740000,"ft_is_entry":true,"ft_order_tag":"","cost":9.803947153},{"amount":0.0043,"safe_price":2282.26997997998,"ft_order_side":"sell","order_filled_timestamp":1750701720000,"ft_is_entry":false,"ft_order_tag":"roi","cost":9.823574674827826}]},{"pair":"BTC/USDT","stake_amount":9.22338,"max_stake_amount":9.22338,"amount":9e-05,"open_date":"2025-06-23 18:01:00+00:00","close_date":"2025-06-23 18:31:00+00:00","open_rate":102482.0,"close_rate":102812.0,"fee_open":0.001,"fee_close":0.001,"trade_duration":30,"profit_ratio":0.001215641952551849,"profit_abs":0.01122354,"exit_reason":"roi","initial_stop_loss_abs":98382.72,"initial_stop_loss_ratio":-0.04,"stop_loss_abs":99058.47,"stop_loss_ratio":-0.04,"min_rate":102387.72,"max_rate":103185.9,"is_open":false,"enter_tag":"","leverage":1.0,"is_short":false,"open_timestamp":1750701660000,"close_timestamp":1750703460000,"orders":[{"amount":9e-05,"safe_price":102482.0,"ft_order_side":"buy","order_filled_timestamp":1750701660000,"ft_is_entry":true,"ft_order_tag":"","cost":9.232603379999999},{"amount":9e-05,"safe_price":102812.0,"ft_order_side":"sell","order_filled_timestamp":1750703460000,"ft_is_entry":false,"ft_order_tag":"roi","cost":9.26233308}]},{"pair":"ETH/USDT","stake_amount":9.83668,"max_stake_amount":9.83668,"amount":0.0043,"open_date":"2025-06-23 18:03:00+00:00","close_date":"2025-06-23 18:33:00+00:00","open_rate":2287.6,"close_rate":2295.72,"fee_open":0.001,"fee_close":0.001,"trade_duration":30,"profit_ratio":0.0015444771480344456,"profit_abs":0.01520772,"exit_reason":"roi","initial_stop_loss_abs":2196.1,"initial_stop_loss_ratio":-0.04,"stop_loss_abs":2211.71,"stop_loss_ratio":-0.04,"min_rate":2282.6,"max_rate":2303.86,"is_open":false,"enter_tag":"","leverage":1.0,"is_short":false,"open_timestamp":1750701780000,"close_timestamp":1750703580000,"orders":[{"amount":0.0043,"safe_price":2287.6,"ft_order_side":"buy","order_filled_timestamp":1750701780000,"ft_is_entry":true,"ft_order_tag":"","cost":9.846516679999999},{"amount":0.0043,"safe_price":2295.72,"ft_order_side":"sell","order_filled_timestamp":1750703580000,"ft_is_entry":false,"ft_order_tag":"roi","cost":9.881467595999997}]},{"pair":"ETH/USDT","stake_amount":9.892107,"max_stake_amount":9.892107,"amount":0.0043,"open_date":"2025-06-23 18:34:00+00:00","close_date":"2025-06-23 19:11:00+00:00","open_rate":2300.49,"close_rate":2305.095585585585,"fee_open":0.001,"fee_close":0.001,"trade_duration":37,"profit_ratio":0.0,"profit_abs":0.0,"exit_reason":"roi","initial_stop_loss_abs":2208.48,"initial_stop_loss_ratio":-0.04,"stop_loss_abs":2220.37,"stop_loss_ratio":-0.04,"min_rate":2298.07,"max_rate":2312.88,"is_open":false,"enter_tag":"","leverage":1.0,"is_short":false,"open_timestamp":1750703640000,"close_timestamp":1750705860000,"orders":[{"amount":0.0043,"safe_price":2300.49,"ft_order_side":"buy","order_filled_timestamp":1750703640000,"ft_is_entry":true,"ft_order_tag":"","cost":9.901999106999998},{"amount":0.0043,"safe_price":2305.095585585585,"ft_order_side":"sell","order_filled_timestamp":1750705860000,"ft_is_entry":false,"ft_order_tag":"roi","cost":9.921822929036033}]},{"pair":"ETH/USDT","stake_amount":9.91408,"max_stake_amount":9.91408,"amount":0.0043,"open_date":"2025-06-23 19:12:00+00:00","close_date":"2025-06-23 19:37:00+00:00","open_rate":2305.6,"close_rate":2321.755355355355,"fee_open":0.001,"fee_close":0.001,"trade_duration":25,"profit_ratio":0.004995004995004995,"profit_abs":0.0495704,"exit_reason":"roi","initial_stop_loss_abs":2213.38,"initial_stop_loss_ratio":-0.04,"stop_loss_abs":2232.16,"stop_loss_ratio":-0.04,"min_rate":2295.5,"max_rate":2325.16,"is_open":false,"enter_tag":"","leverage":1.0,"is_short":false,"open_timestamp":1750705920000,"close_timestamp":1750707420000,"orders":[{"amount":0.0043,"safe_price":2305.6,"ft_order_side":"buy","order_filled_timestamp":1750705920000,"ft_is_entry":true,"ft_order_tag":"","cost":9.92399408},{"amount":0.0043,"safe_price":2321.755355355355,"ft_order_side":"sell","order_filled_timestamp":1750707420000,"ft_is_entry":false,"ft_order_tag":"roi","cost":9.993531576056052}]},{"pair":"BTC/USDT","stake_amount":9.2675034,"max_stake_amount":9.2675034,"amount":9e-05,"open_date":"2025-06-23 18:34:00+00:00","close_date":"2025-06-23 19:57:00+00:00","open_rate":102972.26,"close_rate":103178.41067067067,"fee_open":0.001,"fee_close":0.001,"trade_duration":83,"profit_ratio":0.0,"profit_abs":0.0,"exit_reason":"roi","initial_stop_loss_abs":98853.37,"initial_stop_loss_ratio":-0.04,"stop_loss_abs":99168.0,"stop_loss_ratio":-0.04,"min_rate":102676.94,"max_rate":103300.0,"is_open":false,"enter_tag":"","leverage":1.0,"is_short":false,"open_timestamp":1750703640000,"close_timestamp":1750708620000,"orders":[{"amount":9e-05,"safe_price":102972.26,"ft_order_side":"buy","order_filled_timestamp":1750703640000,"ft_is_entry":true,"ft_order_tag":"","cost":9.2767709034},{"amount":9e-05,"safe_price":103178.41067067067,"ft_order_side":"sell","order_filled_timestamp":1750708620000,"ft_is_entry":false,"ft_order_tag":"roi","cost":9.29534301732072}]},{"pair":"ETH/USDT","stake_amount":9.972388,"max_stake_amount":9.972388,"amount":0.0043,"open_date":"2025-06-23 19:38:00+00:00","close_date":"2025-06-23 20:11:00+00:00","open_rate":2319.16,"close_rate":2323.8029629629623,"fee_open":0.001,"fee_close":0.001,"trade_duration":33,"profit_ratio":0.0,"profit_abs":0.0,"exit_reason":"roi","initial_stop_loss_abs":2226.4,"initial_stop_loss_ratio":-0.04,"stop_loss_abs":2243.52,"stop_loss_ratio":-0.04,"min_rate":2299.97,"max_rate":2337.0,"is_open":false,"enter_tag":"","leverage":1.0,"is_short":false,"open_timestamp":1750707480000,"close_timestamp":1750709460000,"orders":[{"amount":0.0043,"safe_price":2319.16,"ft_order_side":"buy","order_filled_timestamp":1750707480000,"ft_is_entry":true,"ft_order_tag":"","cost":9.982360387999998},{"amount":0.0043,"safe_price":2323.8029629629623,"ft_order_side":"sell","order_filled_timestamp":1750709460000,"ft_is_entry":false,"ft_order_tag":"roi","cost":10.002345093481479}]},{"pair":"ETH/USDT","stake_amount":9.788058,"max_stake_amount":9.788058,"amount":0.0042,"open_date":"2025-06-23 20:12:00+00:00","close_date":"2025-06-23 20:23:00+00:00","open_rate":2330.49,"close_rate":2358.4838738738736,"fee_open":0.001,"fee_close":0.001,"trade_duration":11,"profit_ratio":0.00999000999000999,"profit_abs":0.09788058,"exit_reason":"roi","initial_stop_loss_abs":2237.28,"initial_stop_loss_ratio":-0.04,"stop_loss_abs":2347.54,"stop_loss_ratio":-0.005,"min_rate":2330.17,"max_rate":2359.33,"is_open":false,"enter_tag":"","leverage":1.0,"is_short":false,"open_timestamp":1750709520000,"close_timestamp":1750710180000,"orders":[{"amount":0.0042,"safe_price":2330.49,"ft_order_side":"buy","order_filled_timestamp":1750709520000,"ft_is_entry":true,"ft_order_tag":"","cost":9.797846057999996},{"amount":0.0042,"safe_price":2358.4838738738736,"ft_order_side":"sell","order_filled_timestamp":1750710180000,"ft_is_entry":false,"ft_order_tag":"roi","cost":9.915537902540539}]},{"pair":"BTC/USDT","stake_amount":9.2862936,"max_stake_amount":9.2862936,"amount":9e-05,"open_date":"2025-06-23 19:58:00+00:00","close_date":"2025-06-23 20:28:00+00:00","open_rate":103181.04,"close_rate":103787.07,"fee_open":0.001,"fee_close":0.001,"trade_duration":30,"profit_ratio":0.0038637255998119975,"profit_abs":0.03591557,"exit_reason":"roi","initial_stop_loss_abs":99053.8,"initial_stop_loss_ratio":-0.04,"stop_loss_abs":99671.05,"stop_loss_ratio":-0.04,"min_rate":102880.0,"max_rate":103824.01,"is_open":false,"enter_tag":"","leverage":1.0,"is_short":false,"open_timestamp":1750708680000,"close_timestamp":1750710480000,"orders":[{"amount":9e-05,"safe_price":103181.04,"ft_order_side":"buy","order_filled_timestamp":1750708680000,"ft_is_entry":true,"ft_order_tag":"","cost":9.2955798936},{"amount":9e-05,"safe_price":103787.07,"ft_order_side":"sell","order_filled_timestamp":1750710480000,"ft_is_entry":false,"ft_order_tag":"roi","cost":9.350177136300001}]},{"pair":"BTC/USDT","stake_amount":9.3358773,"max_stake_amount":9.3358773,"amount":9e-05,"open_date":"2025-06-23 20:29:00+00:00","close_date":"2025-06-23 21:13:00+00:00","open_rate":103731.97,"close_rate":103939.6416116116,"fee_open":0.001,"fee_close":0.001,"trade_duration":44,"profit_ratio":0.0,"profit_abs":0.0,"exit_reason":"roi","initial_stop_loss_abs":99582.7,"initial_stop_loss_ratio":-0.04,"stop_loss_abs":99785.35,"stop_loss_ratio":-0.04,"min_rate":103609.03,"max_rate":103943.07,"is_open":false,"enter_tag":"","leverage":1.0,"is_short":false,"open_timestamp":1750710540000,"close_timestamp":1750713180000,"orders":[{"amount":9e-05,"safe_price":103731.97,"ft_order_side":"buy","order_filled_timestamp":1750710540000,"ft_is_entry":true,"ft_order_tag":"","cost":9.3452131773},{"amount":9e-05,"safe_price":103939.6416116116,"ft_order_side":"sell","order_filled_timestamp":1750713180000,"ft_is_entry":false,"ft_order_tag":"roi","cost":9.36392231279009}]},{"pair":"ETH/USDT","stake_amount":9.905616,"max_stake_amount":9.905616,"amount":0.0042,"open_date":"2025-06-23 20:24:00+00:00","close_date":"2025-06-23 21:16:00+00:00","open_rate":2358.48,"close_rate":2363.2016816816817,"fee_open":0.001,"fee_close":0.001,"trade_duration":52,"profit_ratio":0.0,"profit_abs":0.0,"exit_reason":"roi","initial_stop_loss_abs":2264.15,"initial_stop_loss_ratio":-0.04,"stop_loss_abs":2284.6,"stop_loss_ratio":-0.04,"min_rate":2342.09,"max_rate":2379.79,"is_open":false,"enter_tag":"","leverage":1.0,"is_short":false,"open_timestamp":1750710240000,"close_timestamp":1750713360000,"orders":[{"amount":0.0042,"safe_price":2358.48,"ft_order_side":"buy","order_filled_timestamp":1750710240000,"ft_is_entry":true,"ft_order_tag":"","cost":9.915521616},{"amount":0.0042,"safe_price":2363.2016816816817,"ft_order_side":"sell","order_filled_timestamp":1750713360000,"ft_is_entry":false,"ft_order_tag":"roi","cost":9.935372510126124}]},{"pair":"BTC/USDT","stake_amount":9.353664,"max_stake_amount":9.353664,"amount":9e-05,"open_date":"2025-06-23 21:14:00+00:00","close_date":"2025-06-23 22:03:00+00:00","open_rate":103929.6,"close_rate":104137.66726726726,"fee_open":0.001,"fee_close":0.001,"trade_duration":49,"profit_ratio":0.0,"profit_abs":0.0,"exit_reason":"roi","initial_stop_loss_abs":99772.42,"initial_stop_loss_ratio":-0.04,"stop_loss_abs":100045.71,"stop_loss_ratio":-0.04,"min_rate":103624.19,"max_rate":104214.28,"is_open":false,"enter_tag":"","leverage":1.0,"is_short":false,"open_timestamp":1750713240000,"close_timestamp":1750716180000,"orders":[{"amount":9e-05,"safe_price":103929.6,"ft_order_side":"buy","order_filled_timestamp":1750713240000,"ft_is_entry":true,"ft_order_tag":"","cost":9.363017664000001},{"amount":9e-05,"safe_price":104137.66726726726,"ft_order_side":"sell","order_filled_timestamp":1750716180000,"ft_is_entry":false,"ft_order_tag":"roi","cost":9.381762444108107}]},{"pair":"ETH/USDT","stake_amount":9.914016,"max_stake_amount":9.914016,"amount":0.0042,"open_date":"2025-06-23 21:17:00+00:00","close_date":"2025-06-23 22:03:00+00:00","open_rate":2360.48,"close_rate":2365.2056856856857,"fee_open":0.001,"fee_close":0.001,"trade_duration":46,"profit_ratio":0.0,"profit_abs":0.0,"exit_reason":"roi","initial_stop_loss_abs":2266.07,"initial_stop_loss_ratio":-0.04,"stop_loss_abs":2274.0,"stop_loss_ratio":-0.04,"min_rate":2333.89,"max_rate":2368.75,"is_open":false,"enter_tag":"","leverage":1.0,"is_short":false,"open_timestamp":1750713420000,"close_timestamp":1750716180000,"orders":[{"amount":0.0042,"safe_price":2360.48,"ft_order_side":"buy","order_filled_timestamp":1750713420000,"ft_is_entry":true,"ft_order_tag":"","cost":9.923930016},{"amount":0.0042,"safe_price":2365.2056856856857,"ft_order_side":"sell","order_filled_timestamp":1750716180000,"ft_is_entry":false,"ft_order_tag":"roi","cost":9.943797743759758}]},{"pair":"ETH/USDT","stake_amount":9.928338,"max_stake_amount":9.928338,"amount":0.0042,"open_date":"2025-06-23 22:04:00+00:00","close_date":"2025-06-23 22:09:00+00:00","open_rate":2363.89,"close_rate":2381.38,"fee_open":0.001,"fee_close":0.001,"trade_duration":5,"profit_ratio":0.00538603697863586,"profit_abs":0.05352787,"exit_reason":"trailing_stop_loss","initial_stop_loss_abs":2269.34,"initial_stop_loss_ratio":-0.04,"stop_loss_abs":2381.38,"stop_loss_ratio":-0.005,"min_rate":2361.09,"max_rate":2393.34,"is_open":false,"enter_tag":"","leverage":1.0,"is_short":false,"open_timestamp":1750716240000,"close_timestamp":1750716540000,"orders":[{"amount":0.0042,"safe_price":2363.89,"ft_order_side":"buy","order_filled_timestamp":1750716240000,"ft_is_entry":true,"ft_order_tag":"","cost":9.938266337999996},{"amount":0.0042,"safe_price":2381.38,"ft_order_side":"sell","order_filled_timestamp":1750716540000,"ft_is_entry":false,"ft_order_tag":"trailing_stop_loss","cost":10.011797796}]},{"pair":"BTC/USDT","stake_amount":9.37602,"max_stake_amount":9.37602,"amount":9e-05,"open_date":"2025-06-23 22:04:00+00:00","close_date":"2025-06-23 22:18:00+00:00","open_rate":104178.0,"close_rate":105018.76,"fee_open":0.001,"fee_close":0.001,"trade_duration":14,"profit_ratio":0.006056291058882777,"profit_abs":0.05684069,"exit_reason":"trailing_stop_loss","initial_stop_loss_abs":100010.88,"initial_stop_loss_ratio":-0.04,"stop_loss_abs":105018.76,"stop_loss_ratio":-0.005,"min_rate":104178.0,"max_rate":105546.49,"is_open":false,"enter_tag":"","leverage":1.0,"is_short":false,"open_timestamp":1750716240000,"close_timestamp":1750717080000,"orders":[{"amount":9e-05,"safe_price":104178.0,"ft_order_side":"buy","order_filled_timestamp":1750716240000,"ft_is_entry":true,"ft_order_tag":"","cost":9.38539602},{"amount":9e-05,"safe_price":105018.76,"ft_order_side":"sell","order_filled_timestamp":1750717080000,"ft_is_entry":false,"ft_order_tag":"trailing_stop_loss","cost":9.461140088399999}]},{"pair":"ETH/USDT","stake_amount":9.797688,"max_stake_amount":9.797688,"amount":0.0041,"open_date":"2025-06-23 22:10:00+00:00","close_date":"2025-06-23 22:24:00+00:00","open_rate":2389.68,"close_rate":2418.3848648648645,"fee_open":0.001,"fee_close":0.001,"trade_duration":14,"profit_ratio":0.00999000999000999,"profit_abs":0.09797688,"exit_reason":"roi","initial_stop_loss_abs":2294.1,"initial_stop_loss_ratio":-0.04,"stop_loss_abs":2426.49,"stop_loss_ratio":-0.005,"min_rate":2387.77,"max_rate":2438.68,"is_open":false,"enter_tag":"","leverage":1.0,"is_short":false,"open_timestamp":1750716600000,"close_timestamp":1750717440000,"orders":[{"amount":0.0041,"safe_price":2389.68,"ft_order_side":"buy","order_filled_timestamp":1750716600000,"ft_is_entry":true,"ft_order_tag":"","cost":9.807485688},{"amount":0.0041,"safe_price":2418.3848648648645,"ft_order_side":"sell","order_filled_timestamp":1750717440000,"ft_is_entry":false,"ft_order_tag":"roi","cost":9.92529332389189}]},{"pair":"BTC/USDT","stake_amount":9.4941045,"max_stake_amount":9.4941045,"amount":9e-05,"open_date":"2025-06-23 22:24:00+00:00","close_date":"2025-06-24 06:42:00+00:00","open_rate":105490.05,"close_rate":105701.24129129128,"fee_open":0.001,"fee_close":0.001,"trade_duration":498,"profit_ratio":0.0,"profit_abs":0.0,"exit_reason":"roi","initial_stop_loss_abs":101270.45,"initial_stop_loss_ratio":-0.04,"stop_loss_abs":101831.24,"stop_loss_ratio":-0.04,"min_rate":104704.91,"max_rate":106074.2,"is_open":false,"enter_tag":"","leverage":1.0,"is_short":false,"open_timestamp":1750717440000,"close_timestamp":1750747320000,"orders":[{"amount":9e-05,"safe_price":105490.05,"ft_order_side":"buy","order_filled_timestamp":1750717440000,"ft_is_entry":true,"ft_order_tag":"","cost":9.503598604499999},{"amount":9e-05,"safe_price":105701.24129129128,"ft_order_side":"sell","order_filled_timestamp":1750747320000,"ft_is_entry":false,"ft_order_tag":"roi","cost":9.52262482793243}]},{"pair":"ETH/USDT","stake_amount":9.954349,"max_stake_amount":9.954349,"amount":0.0041,"open_date":"2025-06-23 22:25:00+00:00","close_date":"2025-06-24 06:48:00+00:00","open_rate":2427.89,"close_rate":2432.7506406406405,"fee_open":0.001,"fee_close":0.001,"trade_duration":503,"profit_ratio":0.0,"profit_abs":0.0,"exit_reason":"roi","initial_stop_loss_abs":2330.78,"initial_stop_loss_ratio":-0.04,"stop_loss_abs":2337.43,"stop_loss_ratio":-0.04,"min_rate":2385.0,"max_rate":2434.82,"is_open":false,"enter_tag":"","leverage":1.0,"is_short":false,"open_timestamp":1750717500000,"close_timestamp":1750747680000,"orders":[{"amount":0.0041,"safe_price":2427.89,"ft_order_side":"buy","order_filled_timestamp":1750717500000,"ft_is_entry":true,"ft_order_tag":"","cost":9.964303349},{"amount":0.0041,"safe_price":2432.7506406406405,"ft_order_side":"sell","order_filled_timestamp":1750747680000,"ft_is_entry":false,"ft_order_tag":"roi","cost":9.984251904253252}]},{"pair":"ETH/USDT","stake_amount":9.976243,"max_stake_amount":9.976243,"amount":0.0041,"open_date":"2025-06-24 06:49:00+00:00","close_date":"2025-06-24 09:28:00+00:00","open_rate":2433.23,"close_rate":2438.101331331331,"fee_open":0.001,"fee_close":0.001,"trade_duration":159,"profit_ratio":0.0,"profit_abs":0.0,"exit_reason":"roi","initial_stop_loss_abs":2335.91,"initial_stop_loss_ratio":-0.04,"stop_loss_abs":2351.18,"stop_loss_ratio":-0.04,"min_rate":2376.11,"max_rate":2449.14,"is_open":false,"enter_tag":"","leverage":1.0,"is_short":false,"open_timestamp":1750747740000,"close_timestamp":1750757280000,"orders":[{"amount":0.0041,"safe_price":2433.23,"ft_order_side":"buy","order_filled_timestamp":1750747740000,"ft_is_entry":true,"ft_order_tag":"","cost":9.986219242999999},{"amount":0.0041,"safe_price":2438.101331331331,"ft_order_side":"sell","order_filled_timestamp":1750757280000,"ft_is_entry":false,"ft_order_tag":"roi","cost":10.006211673916916}]},{"pair":"ETH/USDT","stake_amount":9.998916,"max_stake_amount":9.998916,"amount":0.0041,"open_date":"2025-06-24 09:29:00+00:00","close_date":"2025-06-24 15:04:00+00:00","open_rate":2438.76,"close_rate":2443.6424024024022,"fee_open":0.001,"fee_close":0.001,"trade_duration":335,"profit_ratio":0.0,"profit_abs":0.0,"exit_reason":"roi","initial_stop_loss_abs":2341.21,"initial_stop_loss_ratio":-0.04,"stop_loss_abs":2346.39,"stop_loss_ratio":-0.04,"min_rate":2397.72,"max_rate":2444.15,"is_open":false,"enter_tag":"","leverage":1.0,"is_short":false,"open_timestamp":1750757340000,"close_timestamp":1750777440000,"orders":[{"amount":0.0041,"safe_price":2438.76,"ft_order_side":"buy","order_filled_timestamp":1750757340000,"ft_is_entry":true,"ft_order_tag":"","cost":10.008914916},{"amount":0.0041,"safe_price":2443.6424024024022,"ft_order_side":"sell","order_filled_timestamp":1750777440000,"ft_is_entry":false,"ft_order_tag":"roi","cost":10.0289527836997}]},{"pair":"ETH/USDT","stake_amount":9.77656,"max_stake_amount":9.77656,"amount":0.004,"open_date":"2025-06-24 15:05:00+00:00","close_date":"2025-06-24 15:52:00+00:00","open_rate":2444.14,"close_rate":2449.0331731731726,"fee_open":0.001,"fee_close":0.001,"trade_duration":47,"profit_ratio":0.0,"profit_abs":0.0,"exit_reason":"roi","initial_stop_loss_abs":2346.38,"initial_stop_loss_ratio":-0.04,"stop_loss_abs":2356.55,"stop_loss_ratio":-0.04,"min_rate":2425.01,"max_rate":2454.73,"is_open":false,"enter_tag":"","leverage":1.0,"is_short":false,"open_timestamp":1750777500000,"close_timestamp":1750780320000,"orders":[{"amount":0.004,"safe_price":2444.14,"ft_order_side":"buy","order_filled_timestamp":1750777500000,"ft_is_entry":true,"ft_order_tag":"","cost":9.786336559999999},{"amount":0.004,"safe_price":2449.0331731731726,"ft_order_side":"sell","order_filled_timestamp":1750780320000,"ft_is_entry":false,"ft_order_tag":"roi","cost":9.805928825385383}]},{"pair":"ETH/USDT","stake_amount":9.76328,"max_stake_amount":9.76328,"amount":0.004,"open_date":"2025-06-24 15:53:00+00:00","close_date":"2025-06-24 16:24:00+00:00","open_rate":2440.82,"close_rate":2445.7065265265264,"fee_open":0.001,"fee_close":0.001,"trade_duration":31,"profit_ratio":0.0,"profit_abs":0.0,"exit_reason":"roi","initial_stop_loss_abs":2343.19,"initial_stop_loss_ratio":-0.04,"stop_loss_abs":2350.08,"stop_loss_ratio":-0.04,"min_rate":2434.09,"max_rate":2447.99,"is_open":false,"enter_tag":"","leverage":1.0,"is_short":false,"open_timestamp":1750780380000,"close_timestamp":1750782240000,"orders":[{"amount":0.004,"safe_price":2440.82,"ft_order_side":"buy","order_filled_timestamp":1750780380000,"ft_is_entry":true,"ft_order_tag":"","cost":9.773043280000001},{"amount":0.004,"safe_price":2445.7065265265264,"ft_order_side":"sell","order_filled_timestamp":1750782240000,"ft_is_entry":false,"ft_order_tag":"roi","cost":9.792608932212211}]},{"pair":"ETH/USDT","stake_amount":9.78844,"max_stake_amount":9.78844,"amount":0.004,"open_date":"2025-06-24 16:25:00+00:00","close_date":"2025-06-24 16:45:00+00:00","open_rate":2447.11,"close_rate":2470.32,"fee_open":0.001,"fee_close":0.001,"trade_duration":20,"profit_ratio":0.00746770504975081,"profit_abs":0.07317028,"exit_reason":"roi","initial_stop_loss_abs":2349.23,"initial_stop_loss_ratio":-0.04,"stop_loss_abs":2376.46,"stop_loss_ratio":-0.04,"min_rate":2439.78,"max_rate":2475.47,"is_open":false,"enter_tag":"","leverage":1.0,"is_short":false,"open_timestamp":1750782300000,"close_timestamp":1750783500000,"orders":[{"amount":0.004,"safe_price":2447.11,"ft_order_side":"buy","order_filled_timestamp":1750782300000,"ft_is_entry":true,"ft_order_tag":"","cost":9.79822844},{"amount":0.004,"safe_price":2470.32,"ft_order_side":"sell","order_filled_timestamp":1750783500000,"ft_is_entry":false,"ft_order_tag":"roi","cost":9.891161279999999}]},{"pair":"BTC/USDT","stake_amount":9.5196501,"max_stake_amount":9.5196501,"amount":9e-05,"open_date":"2025-06-24 06:43:00+00:00","close_date":"2025-06-24 16:53:00+00:00","open_rate":105773.89,"close_rate":105985.64953953952,"fee_open":0.001,"fee_close":0.001,"trade_duration":610,"profit_ratio":0.0,"profit_abs":0.0,"exit_reason":"roi","initial_stop_loss_abs":101542.94,"initial_stop_loss_ratio":-0.04,"stop_loss_abs":101759.0,"stop_loss_ratio":-0.04,"min_rate":104622.02,"max_rate":105998.95,"is_open":false,"enter_tag":"","leverage":1.0,"is_short":false,"open_timestamp":1750747380000,"close_timestamp":1750783980000,"orders":[{"amount":9e-05,"safe_price":105773.89,"ft_order_side":"buy","order_filled_timestamp":1750747380000,"ft_is_entry":true,"ft_order_tag":"","cost":9.5291697501},{"amount":9e-05,"safe_price":105985.64953953952,"ft_order_side":"sell","order_filled_timestamp":1750783980000,"ft_is_entry":false,"ft_order_tag":"roi","cost":9.548247167017115}]},{"pair":"BTC/USDT","stake_amount":9.5375898,"max_stake_amount":9.5375898,"amount":9e-05,"open_date":"2025-06-24 16:54:00+00:00","close_date":"2025-06-25 00:09:00+00:00","open_rate":105973.22,"close_rate":106185.37859859859,"fee_open":0.001,"fee_close":0.001,"trade_duration":435,"profit_ratio":0.0,"profit_abs":0.0,"exit_reason":"roi","initial_stop_loss_abs":101734.3,"initial_stop_loss_ratio":-0.04,"stop_loss_abs":102038.4,"stop_loss_ratio":-0.04,"min_rate":105270.48,"max_rate":106290.0,"is_open":false,"enter_tag":"","leverage":1.0,"is_short":false,"open_timestamp":1750784040000,"close_timestamp":1750810140000,"orders":[{"amount":9e-05,"safe_price":105973.22,"ft_order_side":"buy","order_filled_timestamp":1750784040000,"ft_is_entry":true,"ft_order_tag":"","cost":9.5471273898},{"amount":9e-05,"safe_price":106185.37859859859,"ft_order_side":"sell","order_filled_timestamp":1750810140000,"ft_is_entry":false,"ft_order_tag":"roi","cost":9.566240757947746}]},{"pair":"BTC/USDT","stake_amount":9.55962,"max_stake_amount":9.55962,"amount":9e-05,"open_date":"2025-06-25 00:10:00+00:00","close_date":"2025-06-25 00:55:00+00:00","open_rate":106218.0,"close_rate":106430.64864864864,"fee_open":0.001,"fee_close":0.001,"trade_duration":45,"profit_ratio":0.0,"profit_abs":0.0,"exit_reason":"roi","initial_stop_loss_abs":101969.28,"initial_stop_loss_ratio":-0.04,"stop_loss_abs":102211.33,"stop_loss_ratio":-0.04,"min_rate":105808.03,"max_rate":106470.13,"is_open":false,"enter_tag":"","leverage":1.0,"is_short":false,"open_timestamp":1750810200000,"close_timestamp":1750812900000,"orders":[{"amount":9e-05,"safe_price":106218.0,"ft_order_side":"buy","order_filled_timestamp":1750810200000,"ft_is_entry":true,"ft_order_tag":"","cost":9.56917962},{"amount":9e-05,"safe_price":106430.64864864864,"ft_order_side":"sell","order_filled_timestamp":1750812900000,"ft_is_entry":false,"ft_order_tag":"roi","cost":9.588337136756756}]},{"pair":"BTC/USDT","stake_amount":9.5823189,"max_stake_amount":9.5823189,"amount":9e-05,"open_date":"2025-06-25 00:56:00+00:00","close_date":"2025-06-25 02:11:00+00:00","open_rate":106470.21,"close_rate":106683.36357357356,"fee_open":0.001,"fee_close":0.001,"trade_duration":75,"profit_ratio":0.0,"profit_abs":0.0,"exit_reason":"roi","initial_stop_loss_abs":102211.41,"initial_stop_loss_ratio":-0.04,"stop_loss_abs":102480.0,"stop_loss_ratio":-0.04,"min_rate":106016.0,"max_rate":106750.0,"is_open":false,"enter_tag":"","leverage":1.0,"is_short":false,"open_timestamp":1750812960000,"close_timestamp":1750817460000,"orders":[{"amount":9e-05,"safe_price":106470.21,"ft_order_side":"buy","order_filled_timestamp":1750812960000,"ft_is_entry":true,"ft_order_tag":"","cost":9.5919012189},{"amount":9e-05,"safe_price":106683.36357357356,"ft_order_side":"sell","order_filled_timestamp":1750817460000,"ft_is_entry":false,"ft_order_tag":"roi","cost":9.611104224343242}]},{"pair":"BTC/USDT","stake_amount":9.6074991,"max_stake_amount":9.6074991,"amount":9e-05,"open_date":"2025-06-25 02:12:00+00:00","close_date":"2025-06-25 09:36:00+00:00","open_rate":106749.99,"close_rate":106963.70369369368,"fee_open":0.001,"fee_close":0.001,"trade_duration":444,"profit_ratio":0.0,"profit_abs":0.0,"exit_reason":"roi","initial_stop_loss_abs":102480.0,"initial_stop_loss_ratio":-0.04,"stop_loss_abs":102693.04,"stop_loss_ratio":-0.04,"min_rate":106001.0,"max_rate":106971.91,"is_open":false,"enter_tag":"","leverage":1.0,"is_short":false,"open_timestamp":1750817520000,"close_timestamp":1750844160000,"orders":[{"amount":9e-05,"safe_price":106749.99,"ft_order_side":"buy","order_filled_timestamp":1750817520000,"ft_is_entry":true,"ft_order_tag":"","cost":9.617106599100001},{"amount":9e-05,"safe_price":106963.70369369368,"ft_order_side":"sell","order_filled_timestamp":1750844160000,"ft_is_entry":false,"ft_order_tag":"roi","cost":9.636360065764864}]},{"pair":"BTC/USDT","stake_amount":9.5948235,"max_stake_amount":9.5948235,"amount":9e-05,"open_date":"2025-06-25 09:53:00+00:00","close_date":"2025-06-25 10:23:00+00:00","open_rate":106609.15,"close_rate":106965.83,"fee_open":0.001,"fee_close":0.001,"trade_duration":30,"profit_ratio":0.00134099219402873,"profit_abs":0.01287945,"exit_reason":"roi","initial_stop_loss_abs":102344.79,"initial_stop_loss_ratio":-0.04,"stop_loss_abs":102720.0,"stop_loss_ratio":-0.04,"min_rate":106567.38,"max_rate":107000.0,"is_open":false,"enter_tag":"","leverage":1.0,"is_short":false,"open_timestamp":1750845180000,"close_timestamp":1750846980000,"orders":[{"amount":9e-05,"safe_price":106609.15,"ft_order_side":"buy","order_filled_timestamp":1750845180000,"ft_is_entry":true,"ft_order_tag":"","cost":9.6044183235},{"amount":9e-05,"safe_price":106965.83,"ft_order_side":"sell","order_filled_timestamp":1750846980000,"ft_is_entry":false,"ft_order_tag":"roi","cost":9.6365516247}]},{"pair":"BTC/USDT","stake_amount":9.626904,"max_stake_amount":9.626904,"amount":9e-05,"open_date":"2025-06-25 10:24:00+00:00","close_date":"2025-06-25 11:37:00+00:00","open_rate":106965.6,"close_rate":107179.74534534533,"fee_open":0.001,"fee_close":0.001,"trade_duration":73,"profit_ratio":0.0,"profit_abs":0.0,"exit_reason":"roi","initial_stop_loss_abs":102686.98,"initial_stop_loss_ratio":-0.04,"stop_loss_abs":102897.3,"stop_loss_ratio":-0.04,"min_rate":106866.9,"max_rate":107184.68,"is_open":false,"enter_tag":"","leverage":1.0,"is_short":false,"open_timestamp":1750847040000,"close_timestamp":1750851420000,"orders":[{"amount":9e-05,"safe_price":106965.6,"ft_order_side":"buy","order_filled_timestamp":1750847040000,"ft_is_entry":true,"ft_order_tag":"","cost":9.636530904},{"amount":9e-05,"safe_price":107179.74534534533,"ft_order_side":"sell","order_filled_timestamp":1750851420000,"ft_is_entry":false,"ft_order_tag":"roi","cost":9.655823258162162}]},{"pair":"BTC/USDT","stake_amount":9.6455331,"max_stake_amount":9.6455331,"amount":9e-05,"open_date":"2025-06-25 11:38:00+00:00","close_date":"2025-06-25 13:12:00+00:00","open_rate":107172.59,"close_rate":107387.14973973972,"fee_open":0.001,"fee_close":0.001,"trade_duration":94,"profit_ratio":0.0,"profit_abs":0.0,"exit_reason":"roi","initial_stop_loss_abs":102885.69,"initial_stop_loss_ratio":-0.04,"stop_loss_abs":103131.43,"stop_loss_ratio":-0.04,"min_rate":106927.8,"max_rate":107428.57,"is_open":false,"enter_tag":"","leverage":1.0,"is_short":false,"open_timestamp":1750851480000,"close_timestamp":1750857120000,"orders":[{"amount":9e-05,"safe_price":107172.59,"ft_order_side":"buy","order_filled_timestamp":1750851480000,"ft_is_entry":true,"ft_order_tag":"","cost":9.655178633099998},{"amount":9e-05,"safe_price":107387.14973973972,"ft_order_side":"sell","order_filled_timestamp":1750857120000,"ft_is_entry":false,"ft_order_tag":"roi","cost":9.67450832005315}]},{"pair":"BTC/USDT","stake_amount":9.6647301,"max_stake_amount":9.6647301,"amount":9e-05,"open_date":"2025-06-25 13:13:00+00:00","close_date":"2025-06-25 13:43:00+00:00","open_rate":107385.89,"close_rate":107840.98,"fee_open":0.001,"fee_close":0.001,"trade_duration":30,"profit_ratio":0.0022314243298024315,"profit_abs":0.02158768,"exit_reason":"roi","initial_stop_loss_abs":103090.46,"initial_stop_loss_ratio":-0.04,"stop_loss_abs":103660.22,"stop_loss_ratio":-0.04,"min_rate":107385.89,"max_rate":107979.39,"is_open":false,"enter_tag":"","leverage":1.0,"is_short":false,"open_timestamp":1750857180000,"close_timestamp":1750858980000,"orders":[{"amount":9e-05,"safe_price":107385.89,"ft_order_side":"buy","order_filled_timestamp":1750857180000,"ft_is_entry":true,"ft_order_tag":"","cost":9.674394830099999},{"amount":9e-05,"safe_price":107840.98,"ft_order_side":"sell","order_filled_timestamp":1750858980000,"ft_is_entry":false,"ft_order_tag":"roi","cost":9.7153938882}]},{"pair":"ETH/USDT","stake_amount":9.8668,"max_stake_amount":9.8668,"amount":0.004,"open_date":"2025-06-24 16:46:00+00:00","close_date":"2025-06-26 01:34:00+00:00","open_rate":2466.7,"close_rate":2471.638338338338,"fee_open":0.001,"fee_close":0.001,"trade_duration":1968,"profit_ratio":0.0,"profit_abs":0.0,"exit_reason":"roi","initial_stop_loss_abs":2368.04,"initial_stop_loss_ratio":-0.04,"stop_loss_abs":2382.76,"stop_loss_ratio":-0.04,"min_rate":2389.69,"max_rate":2482.04,"is_open":false,"enter_tag":"","leverage":1.0,"is_short":false,"open_timestamp":1750783560000,"close_timestamp":1750901640000,"orders":[{"amount":0.004,"safe_price":2466.7,"ft_order_side":"buy","order_filled_timestamp":1750783560000,"ft_is_entry":true,"ft_order_tag":"","cost":9.876666799999999},{"amount":0.004,"safe_price":2471.638338338338,"ft_order_side":"sell","order_filled_timestamp":1750901640000,"ft_is_entry":false,"ft_order_tag":"roi","cost":9.896439906706705}]},{"pair":"ETH/USDT","stake_amount":9.85792,"max_stake_amount":9.85792,"amount":0.004,"open_date":"2025-06-26 01:35:00+00:00","close_date":"2025-06-26 02:05:00+00:00","open_rate":2464.48,"close_rate":2469.4138938938936,"fee_open":0.001,"fee_close":0.001,"trade_duration":30,"profit_ratio":0.0,"profit_abs":0.0,"exit_reason":"roi","initial_stop_loss_abs":2365.91,"initial_stop_loss_ratio":-0.04,"stop_loss_abs":2375.69,"stop_loss_ratio":-0.04,"min_rate":2450.55,"max_rate":2474.67,"is_open":false,"enter_tag":"","leverage":1.0,"is_short":false,"open_timestamp":1750901700000,"close_timestamp":1750903500000,"orders":[{"amount":0.004,"safe_price":2464.48,"ft_order_side":"buy","order_filled_timestamp":1750901700000,"ft_is_entry":true,"ft_order_tag":"","cost":9.867777919999998},{"amount":0.004,"safe_price":2469.4138938938936,"ft_order_side":"sell","order_filled_timestamp":1750903500000,"ft_is_entry":false,"ft_order_tag":"roi","cost":9.887533231151147}]},{"pair":"ETH/USDT","stake_amount":9.88416,"max_stake_amount":9.88416,"amount":0.004,"open_date":"2025-06-26 02:06:00+00:00","close_date":"2025-06-26 02:53:00+00:00","open_rate":2471.04,"close_rate":2475.9870270270267,"fee_open":0.001,"fee_close":0.001,"trade_duration":47,"profit_ratio":0.0,"profit_abs":0.0,"exit_reason":"roi","initial_stop_loss_abs":2372.2,"initial_stop_loss_ratio":-0.04,"stop_loss_abs":2400.0,"stop_loss_ratio":-0.04,"min_rate":2460.0,"max_rate":2500.0,"is_open":false,"enter_tag":"","leverage":1.0,"is_short":false,"open_timestamp":1750903560000,"close_timestamp":1750906380000,"orders":[{"amount":0.004,"safe_price":2471.04,"ft_order_side":"buy","order_filled_timestamp":1750903560000,"ft_is_entry":true,"ft_order_tag":"","cost":9.894044159999998},{"amount":0.004,"safe_price":2475.9870270270267,"ft_order_side":"sell","order_filled_timestamp":1750906380000,"ft_is_entry":false,"ft_order_tag":"roi","cost":9.913852056216214}]},{"pair":"BTC/USDT","stake_amount":9.7151706,"max_stake_amount":9.7151706,"amount":9e-05,"open_date":"2025-06-25 13:44:00+00:00","close_date":"2025-06-26 03:04:00+00:00","open_rate":107946.34,"close_rate":108162.44878878878,"fee_open":0.001,"fee_close":0.001,"trade_duration":800,"profit_ratio":0.0,"profit_abs":0.0,"exit_reason":"roi","initial_stop_loss_abs":103628.49,"initial_stop_loss_ratio":-0.04,"stop_loss_abs":103922.15,"stop_loss_ratio":-0.04,"min_rate":106752.36,"max_rate":108252.23,"is_open":false,"enter_tag":"","leverage":1.0,"is_short":false,"open_timestamp":1750859040000,"close_timestamp":1750907040000,"orders":[{"amount":9e-05,"safe_price":107946.34,"ft_order_side":"buy","order_filled_timestamp":1750859040000,"ft_is_entry":true,"ft_order_tag":"","cost":9.724885770599998},{"amount":9e-05,"safe_price":108162.44878878878,"ft_order_side":"sell","order_filled_timestamp":1750907040000,"ft_is_entry":false,"ft_order_tag":"roi","cost":9.74435501138198}]},{"pair":"ETH/USDT","stake_amount":9.99604,"max_stake_amount":9.99604,"amount":0.004,"open_date":"2025-06-26 02:54:00+00:00","close_date":"2025-06-26 14:15:00+00:00","open_rate":2499.01,"close_rate":2420.09,"fee_open":0.001,"fee_close":0.001,"trade_duration":681,"profit_ratio":-0.0335154099644838,"profit_abs":-0.3353564,"exit_reason":"trailing_stop_loss","initial_stop_loss_abs":2399.05,"initial_stop_loss_ratio":-0.04,"stop_loss_abs":2420.09,"stop_loss_ratio":-0.04,"min_rate":2420.0,"max_rate":2520.92,"is_open":false,"enter_tag":"","leverage":1.0,"is_short":false,"open_timestamp":1750906440000,"close_timestamp":1750947300000,"orders":[{"amount":0.004,"safe_price":2499.01,"ft_order_side":"buy","order_filled_timestamp":1750906440000,"ft_is_entry":true,"ft_order_tag":"","cost":10.00603604},{"amount":0.004,"safe_price":2420.09,"ft_order_side":"sell","order_filled_timestamp":1750947300000,"ft_is_entry":false,"ft_order_tag":"trailing_stop_loss","cost":9.69004036}]},{"pair":"ETH/USDT","stake_amount":9.979605,"max_stake_amount":9.979605,"amount":0.0041,"open_date":"2025-06-26 14:17:00+00:00","close_date":"2025-06-26 14:37:00+00:00","open_rate":2434.05,"close_rate":2451.1054054054057,"fee_open":0.001,"fee_close":0.001,"trade_duration":20,"profit_ratio":0.004995005495526309,"profit_abs":0.04989803,"exit_reason":"roi","initial_stop_loss_abs":2336.69,"initial_stop_loss_ratio":-0.04,"stop_loss_abs":2354.04,"stop_loss_ratio":-0.04,"min_rate":2427.62,"max_rate":2452.12,"is_open":false,"enter_tag":"","leverage":1.0,"is_short":false,"open_timestamp":1750947420000,"close_timestamp":1750948620000,"orders":[{"amount":0.0041,"safe_price":2434.05,"ft_order_side":"buy","order_filled_timestamp":1750947420000,"ft_is_entry":true,"ft_order_tag":"","cost":9.989584605},{"amount":0.0041,"safe_price":2451.1054054054057,"ft_order_side":"sell","order_filled_timestamp":1750948620000,"ft_is_entry":false,"ft_order_tag":"roi","cost":10.059581694324326}]},{"pair":"ETH/USDT","stake_amount":9.7834,"max_stake_amount":9.7834,"amount":0.004,"open_date":"2025-06-26 14:38:00+00:00","close_date":"2025-06-26 20:33:00+00:00","open_rate":2445.85,"close_rate":2450.746596596596,"fee_open":0.001,"fee_close":0.001,"trade_duration":355,"profit_ratio":0.0,"profit_abs":0.0,"exit_reason":"roi","initial_stop_loss_abs":2348.02,"initial_stop_loss_ratio":-0.04,"stop_loss_abs":2361.12,"stop_loss_ratio":-0.04,"min_rate":2409.51,"max_rate":2459.49,"is_open":false,"enter_tag":"","leverage":1.0,"is_short":false,"open_timestamp":1750948680000,"close_timestamp":1750969980000,"orders":[{"amount":0.004,"safe_price":2445.85,"ft_order_side":"buy","order_filled_timestamp":1750948680000,"ft_is_entry":true,"ft_order_tag":"","cost":9.793183399999998},{"amount":0.004,"safe_price":2450.746596596596,"ft_order_side":"sell","order_filled_timestamp":1750969980000,"ft_is_entry":false,"ft_order_tag":"roi","cost":9.81278937277277}]},{"pair":"ETH/USDT","stake_amount":9.801,"max_stake_amount":9.801,"amount":0.004,"open_date":"2025-06-26 20:34:00+00:00","close_date":"2025-06-27 07:18:00+00:00","open_rate":2450.25,"close_rate":2455.1554054054054,"fee_open":0.001,"fee_close":0.001,"trade_duration":644,"profit_ratio":0.0,"profit_abs":0.0,"exit_reason":"roi","initial_stop_loss_abs":2352.24,"initial_stop_loss_ratio":-0.04,"stop_loss_abs":2359.03,"stop_loss_ratio":-0.04,"min_rate":2382.53,"max_rate":2457.32,"is_open":false,"enter_tag":"","leverage":1.0,"is_short":false,"open_timestamp":1750970040000,"close_timestamp":1751008680000,"orders":[{"amount":0.004,"safe_price":2450.25,"ft_order_side":"buy","order_filled_timestamp":1750970040000,"ft_is_entry":true,"ft_order_tag":"","cost":9.810801},{"amount":0.004,"safe_price":2455.1554054054054,"ft_order_side":"sell","order_filled_timestamp":1751008680000,"ft_is_entry":false,"ft_order_tag":"roi","cost":9.830442243243244}]},{"pair":"ETH/USDT","stake_amount":9.82008,"max_stake_amount":9.82008,"amount":0.004,"open_date":"2025-06-27 07:19:00+00:00","close_date":"2025-06-27 08:47:00+00:00","open_rate":2455.02,"close_rate":2459.9349549549547,"fee_open":0.001,"fee_close":0.001,"trade_duration":88,"profit_ratio":0.0,"profit_abs":0.0,"exit_reason":"roi","initial_stop_loss_abs":2356.82,"initial_stop_loss_ratio":-0.04,"stop_loss_abs":2365.0,"stop_loss_ratio":-0.04,"min_rate":2435.25,"max_rate":2463.54,"is_open":false,"enter_tag":"","leverage":1.0,"is_short":false,"open_timestamp":1751008740000,"close_timestamp":1751014020000,"orders":[{"amount":0.004,"safe_price":2455.02,"ft_order_side":"buy","order_filled_timestamp":1751008740000,"ft_is_entry":true,"ft_order_tag":"","cost":9.82990008},{"amount":0.004,"safe_price":2459.9349549549547,"ft_order_side":"sell","order_filled_timestamp":1751014020000,"ft_is_entry":false,"ft_order_tag":"roi","cost":9.849579559639638}]},{"pair":"ETH/USDT","stake_amount":9.83088,"max_stake_amount":9.83088,"amount":0.004,"open_date":"2025-06-27 08:48:00+00:00","close_date":"2025-06-27 09:55:00+00:00","open_rate":2457.72,"close_rate":2462.64036036036,"fee_open":0.001,"fee_close":0.001,"trade_duration":67,"profit_ratio":0.0,"profit_abs":0.0,"exit_reason":"roi","initial_stop_loss_abs":2359.42,"initial_stop_loss_ratio":-0.04,"stop_loss_abs":2364.77,"stop_loss_ratio":-0.04,"min_rate":2442.67,"max_rate":2463.3,"is_open":false,"enter_tag":"","leverage":1.0,"is_short":false,"open_timestamp":1751014080000,"close_timestamp":1751018100000,"orders":[{"amount":0.004,"safe_price":2457.72,"ft_order_side":"buy","order_filled_timestamp":1751014080000,"ft_is_entry":true,"ft_order_tag":"","cost":9.840710879999998},{"amount":0.004,"safe_price":2462.64036036036,"ft_order_side":"sell","order_filled_timestamp":1751018100000,"ft_is_entry":false,"ft_order_tag":"roi","cost":9.86041200288288}]},{"pair":"BTC/USDT","stake_amount":9.7379316,"max_stake_amount":9.7379316,"amount":9e-05,"open_date":"2025-06-26 03:05:00+00:00","close_date":"2025-06-29 11:54:00+00:00","open_rate":108199.24,"close_rate":108415.85509509509,"fee_open":0.001,"fee_close":0.001,"trade_duration":4849,"profit_ratio":0.0,"profit_abs":0.0,"exit_reason":"roi","initial_stop_loss_abs":103871.28,"initial_stop_loss_ratio":-0.04,"stop_loss_abs":104144.64,"stop_loss_ratio":-0.04,"min_rate":106356.76,"max_rate":108484.0,"is_open":false,"enter_tag":"","leverage":1.0,"is_short":false,"open_timestamp":1750907100000,"close_timestamp":1751198040000,"orders":[{"amount":9e-05,"safe_price":108199.24,"ft_order_side":"buy","order_filled_timestamp":1750907100000,"ft_is_entry":true,"ft_order_tag":"","cost":9.7476695316},{"amount":9e-05,"safe_price":108415.85509509509,"ft_order_side":"sell","order_filled_timestamp":1751198040000,"ft_is_entry":false,"ft_order_tag":"roi","cost":9.767184385517117}]},{"pair":"ETH/USDT","stake_amount":9.8494,"max_stake_amount":9.8494,"amount":0.004,"open_date":"2025-06-27 09:56:00+00:00","close_date":"2025-06-29 22:24:00+00:00","open_rate":2462.35,"close_rate":2467.279629629629,"fee_open":0.001,"fee_close":0.001,"trade_duration":3628,"profit_ratio":0.0,"profit_abs":0.0,"exit_reason":"roi","initial_stop_loss_abs":2363.86,"initial_stop_loss_ratio":-0.04,"stop_loss_abs":2373.12,"stop_loss_ratio":-0.04,"min_rate":2388.29,"max_rate":2472.0,"is_open":false,"enter_tag":"","leverage":1.0,"is_short":false,"open_timestamp":1751018160000,"close_timestamp":1751235840000,"orders":[{"amount":0.004,"safe_price":2462.35,"ft_order_side":"buy","order_filled_timestamp":1751018160000,"ft_is_entry":true,"ft_order_tag":"","cost":9.859249399999998},{"amount":0.004,"safe_price":2467.279629629629,"ft_order_side":"sell","order_filled_timestamp":1751235840000,"ft_is_entry":false,"ft_order_tag":"roi","cost":9.878987637037035}]},{"pair":"ETH/USDT","stake_amount":9.88408,"max_stake_amount":9.88408,"amount":0.004,"open_date":"2025-06-29 22:25:00+00:00","close_date":"2025-06-29 22:45:00+00:00","open_rate":2471.02,"close_rate":2492.85,"fee_open":0.001,"fee_close":0.001,"trade_duration":20,"profit_ratio":0.006818755299139918,"profit_abs":0.06746452,"exit_reason":"roi","initial_stop_loss_abs":2372.18,"initial_stop_loss_ratio":-0.04,"stop_loss_abs":2396.42,"stop_loss_ratio":-0.04,"min_rate":2466.96,"max_rate":2496.27,"is_open":false,"enter_tag":"","leverage":1.0,"is_short":false,"open_timestamp":1751235900000,"close_timestamp":1751237100000,"orders":[{"amount":0.004,"safe_price":2471.02,"ft_order_side":"buy","order_filled_timestamp":1751235900000,"ft_is_entry":true,"ft_order_tag":"","cost":9.89396408},{"amount":0.004,"safe_price":2492.85,"ft_order_side":"sell","order_filled_timestamp":1751237100000,"ft_is_entry":false,"ft_order_tag":"roi","cost":9.981371399999999}]},{"pair":"ETH/USDT","stake_amount":9.97472,"max_stake_amount":9.97472,"amount":0.004,"open_date":"2025-06-29 22:46:00+00:00","close_date":"2025-06-29 23:05:00+00:00","open_rate":2493.68,"close_rate":2523.6341141141133,"fee_open":0.001,"fee_close":0.001,"trade_duration":19,"profit_ratio":0.00999000999000999,"profit_abs":0.0997472,"exit_reason":"roi","initial_stop_loss_abs":2393.94,"initial_stop_loss_ratio":-0.04,"stop_loss_abs":2512.38,"stop_loss_ratio":-0.005,"min_rate":2492.2,"max_rate":2525.0,"is_open":false,"enter_tag":"","leverage":1.0,"is_short":false,"open_timestamp":1751237160000,"close_timestamp":1751238300000,"orders":[{"amount":0.004,"safe_price":2493.68,"ft_order_side":"buy","order_filled_timestamp":1751237160000,"ft_is_entry":true,"ft_order_tag":"","cost":9.984694719999998},{"amount":0.004,"safe_price":2523.6341141141133,"ft_order_side":"sell","order_filled_timestamp":1751238300000,"ft_is_entry":false,"ft_order_tag":"roi","cost":10.104630992912908}]},{"pair":"BTC/USDT","stake_amount":9.7582509,"max_stake_amount":9.7582509,"amount":9e-05,"open_date":"2025-06-29 11:55:00+00:00","close_date":"2025-06-30 00:24:00+00:00","open_rate":108425.01,"close_rate":108642.07708708708,"fee_open":0.001,"fee_close":0.001,"trade_duration":749,"profit_ratio":0.0,"profit_abs":0.0,"exit_reason":"roi","initial_stop_loss_abs":104088.01,"initial_stop_loss_ratio":-0.04,"stop_loss_abs":104338.94,"stop_loss_ratio":-0.04,"min_rate":107250.0,"max_rate":108686.39,"is_open":false,"enter_tag":"","leverage":1.0,"is_short":false,"open_timestamp":1751198100000,"close_timestamp":1751243040000,"orders":[{"amount":9e-05,"safe_price":108425.01,"ft_order_side":"buy","order_filled_timestamp":1751198100000,"ft_is_entry":true,"ft_order_tag":"","cost":9.7680091509},{"amount":9e-05,"safe_price":108642.07708708708,"ft_order_side":"sell","order_filled_timestamp":1751243040000,"ft_is_entry":false,"ft_order_tag":"roi","cost":9.787564724775676}]},{"pair":"BTC/USDT","stake_amount":9.7817742,"max_stake_amount":9.7817742,"amount":9e-05,"open_date":"2025-06-30 00:25:00+00:00","close_date":"2025-06-30 14:07:00+00:00","open_rate":108686.38,"close_rate":107502.31,"fee_open":0.001,"fee_close":0.001,"trade_duration":822,"profit_ratio":-0.012870608137466781,"profit_abs":-0.12602328,"exit_reason":"force_exit","initial_stop_loss_abs":104338.93,"initial_stop_loss_ratio":-0.04,"stop_loss_abs":104438.4,"stop_loss_ratio":-0.04,"min_rate":107400.0,"max_rate":108789.99,"is_open":false,"enter_tag":"","leverage":1.0,"is_short":false,"open_timestamp":1751243100000,"close_timestamp":1751292420000,"orders":[{"amount":9e-05,"safe_price":108686.38,"ft_order_side":"buy","order_filled_timestamp":1751243100000,"ft_is_entry":true,"ft_order_tag":"","cost":9.7915559742},{"amount":9e-05,"safe_price":107502.31,"ft_order_side":"sell","order_filled_timestamp":1751292420000,"ft_is_entry":false,"ft_order_tag":"force_exit","cost":9.6848831079}]},{"pair":"ETH/USDT","stake_amount":9.825543,"max_stake_amount":9.825543,"amount":0.0039,"open_date":"2025-06-29 23:06:00+00:00","close_date":"2025-06-30 14:11:00+00:00","open_rate":2519.37,"close_rate":2453.7,"fee_open":0.001,"fee_close":0.001,"trade_duration":905,"profit_ratio":-0.028011962011945526,"profit_abs":-0.27550797,"exit_reason":"force_exit","initial_stop_loss_abs":2418.6,"initial_stop_loss_ratio":-0.04,"stop_loss_abs":2423.33,"stop_loss_ratio":-0.04,"min_rate":2446.68,"max_rate":2524.3,"is_open":false,"enter_tag":"","leverage":1.0,"is_short":false,"open_timestamp":1751238360000,"close_timestamp":1751292660000,"orders":[{"amount":0.0039,"safe_price":2519.37,"ft_order_side":"buy","order_filled_timestamp":1751238360000,"ft_is_entry":true,"ft_order_tag":"","cost":9.835368542999998},{"amount":0.0039,"safe_price":2453.7,"ft_order_side":"sell","order_filled_timestamp":1751292660000,"ft_is_entry":false,"ft_order_tag":"force_exit","cost":9.578999429999998}]}],"locks":[],"best_pair":{"key":"BTC/USDT","trades":29,"profit_mean":0.00033395258127980504,"profit_mean_pct":0.03,"profit_sum":0.009684624857114346,"profit_sum_pct":0.97,"profit_total_abs":0.08390463000000001,"profit_total":8.390463e-05,"profit_total_pct":0.01,"duration_avg":"6:14:00","wins":9,"draws":19,"losses":1,"winrate":0.3103448275862069},"worst_pair":{"key":"ETH/USDT","trades":40,"profit_mean":-8.398081148774887e-05,"profit_mean_pct":-0.01,"profit_sum":-0.0033592324595099546,"profit_sum_pct":-0.34,"profit_total_abs":-0.0381862300000001,"profit_total":-3.81862300000001e-05,"profit_total_pct":-0.0,"duration_avg":"4:32:00","wins":15,"draws":22,"losses":3,"winrate":0.375},"results_per_pair":[{"key":"BTC/USDT","trades":29,"profit_mean":0.00033395258127980504,"profit_mean_pct":0.03,"profit_sum":0.009684624857114346,"profit_sum_pct":0.97,"profit_total_abs":0.08390463000000001,"profit_total":8.390463e-05,"profit_total_pct":0.01,"duration_avg":"6:14:00","wins":9,"draws":19,"losses":1,"winrate":0.3103448275862069},{"key":"ETH/USDT","trades":40,"profit_mean":-8.398081148774887e-05,"profit_mean_pct":-0.01,"profit_sum":-0.0033592324595099546,"profit_sum_pct":-0.34,"profit_total_abs":-0.0381862300000001,"profit_total":-3.81862300000001e-05,"profit_total_pct":-0.0,"duration_avg":"4:32:00","wins":15,"draws":22,"losses":3,"winrate":0.375},{"key":"TOTAL","trades":69,"profit_mean":9.167235358846971e-05,"profit_mean_pct":0.01,"profit_sum":0.00632539239760441,"profit_sum_pct":0.63,"profit_total_abs":0.04571839999999999,"profit_total":4.571839999999999e-05,"profit_total_pct":0.0,"duration_avg":"5:15:00","wins":24,"draws":41,"losses":4,"winrate":0.34782608695652173}],"results_per_enter_tag":[{"key":"","trades":69,"profit_mean":9.167235358846971e-05,"profit_mean_pct":0.01,"profit_sum":0.00632539239760441,"profit_sum_pct":0.63,"profit_total_abs":0.04571839999999999,"profit_total":4.571839999999999e-05,"profit_total_pct":0.0,"duration_avg":"5:15:00","wins":24,"draws":41,"losses":4,"winrate":0.34782608695652173},{"key":"TOTAL","trades":69,"profit_mean":9.167235358846971e-05,"profit_mean_pct":0.01,"profit_sum":0.00632539239760441,"profit_sum_pct":0.63,"profit_total_abs":0.04571839999999999,"profit_total":4.571839999999999e-05,"profit_total_pct":0.0,"duration_avg":"5:15:00","wins":24,"draws":41,"losses":4,"winrate":0.34782608695652173}],"exit_reason_summary":[{"key":"roi","trades":63,"profit_mean":0.0017074770262885553,"profit_mean_pct":0.17,"profit_sum":0.10757105265617899,"profit_sum_pct":10.76,"profit_total_abs":1.05162739,"profit_total":0.00105162739,"profit_total_pct":0.11,"duration_avg":"5:04:00","wins":22,"draws":41,"losses":0,"winrate":0.3492063492063492},{"key":"force_exit","trades":2,"profit_mean":-0.020441285074706154,"profit_mean_pct":-2.04,"profit_sum":-0.04088257014941231,"profit_sum_pct":-4.09,"profit_total_abs":-0.40153125,"profit_total":-0.00040153125000000003,"profit_total_pct":-0.04,"duration_avg":"14:24:00","wins":0,"draws":0,"losses":2,"winrate":0.0},{"key":"trailing_stop_loss","trades":4,"profit_mean":-0.01509077252729057,"profit_mean_pct":-1.51,"profit_sum":-0.06036309010916228,"profit_sum_pct":-6.04,"profit_total_abs":-0.60437774,"profit_total":-0.00060437774,"profit_total_pct":-0.06,"duration_avg":"3:30:00","wins":2,"draws":0,"losses":2,"winrate":0.5},{"key":"TOTAL","trades":69,"profit_mean":9.167235358846971e-05,"profit_mean_pct":0.01,"profit_sum":0.00632539239760441,"profit_sum_pct":0.63,"profit_total_abs":0.04571839999999999,"profit_total":4.571839999999999e-05,"profit_total_pct":0.0,"duration_avg":"5:15:00","wins":24,"draws":41,"losses":4,"winrate":0.34782608695652173}],"mix_tag_stats":[{"key":["","roi"],"trades":63,"profit_mean":0.0017074770262885553,"profit_mean_pct":0.17,"profit_sum":0.10757105265617899,"profit_sum_pct":10.76,"profit_total_abs":1.05162739,"profit_total":0.00105162739,"profit_total_pct":0.11,"duration_avg":"5:04:00","wins":22,"draws":41,"losses":0,"winrate":0.3492063492063492},{"key":["","force_exit"],"trades":2,"profit_mean":-0.020441285074706154,"profit_mean_pct":-2.04,"profit_sum":-0.04088257014941231,"profit_sum_pct":-4.09,"profit_total_abs":-0.40153125,"profit_total":-0.00040153125000000003,"profit_total_pct":-0.04,"duration_avg":"14:24:00","wins":0,"draws":0,"losses":2,"winrate":0.0},{"key":["","trailing_stop_loss"],"trades":4,"profit_mean":-0.01509077252729057,"profit_mean_pct":-1.51,"profit_sum":-0.06036309010916228,"profit_sum_pct":-6.04,"profit_total_abs":-0.60437774,"profit_total":-0.00060437774,"profit_total_pct":-0.06,"duration_avg":"3:30:00","wins":2,"draws":0,"losses":2,"winrate":0.5},{"key":"TOTAL","trades":69,"profit_mean":9.167235358846971e-05,"profit_mean_pct":0.01,"profit_sum":0.00632539239760441,"profit_sum_pct":0.63,"profit_total_abs":0.04571839999999999,"profit_total":4.571839999999999e-05,"profit_total_pct":0.0,"duration_avg":"5:15:00","wins":24,"draws":41,"losses":4,"winrate":0.34782608695652173}],"left_open_trades":[{"key":"BTC/USDT","trades":1,"profit_mean":-0.012870608137466781,"profit_mean_pct":-1.29,"profit_sum":-0.012870608137466781,"profit_sum_pct":-1.29,"profit_total_abs":-0.12602328,"profit_total":-0.00012602327999999997,"profit_total_pct":-0.01,"duration_avg":"13:42:00","wins":0,"draws":0,"losses":1,"winrate":0.0},{"key":"ETH/USDT","trades":1,"profit_mean":-0.028011962011945526,"profit_mean_pct":-2.8,"profit_sum":-0.028011962011945526,"profit_sum_pct":-2.8,"profit_total_abs":-0.27550797,"profit_total":-0.00027550797,"profit_total_pct":-0.03,"duration_avg":"15:05:00","wins":0,"draws":0,"losses":1,"winrate":0.0},{"key":"TOTAL","trades":2,"profit_mean":-0.020441285074706154,"profit_mean_pct":-2.04,"profit_sum":-0.04088257014941231,"profit_sum_pct":-4.09,"profit_total_abs":-0.40153125,"profit_total":-0.00040153125000000003,"profit_total_pct":-0.04,"duration_avg":"14:24:00","wins":0,"draws":0,"losses":2,"winrate":0.0}],"total_trades":69,"trade_count_long":69,"trade_count_short":0,"total_volume":1338.8584925376317,"avg_stake_amount":9.682157479710146,"profit_mean":9.167235358846971e-05,"profit_median":0.0,"profit_total":4.571839999999999e-05,"profit_total_long":4.571839999999999e-05,"profit_total_short":0.0,"profit_total_abs":0.04571839999999999,"profit_total_long_abs":0.04571839999999999,"profit_total_short_abs":0.0,"cagr":0.0023866770980849328,"expectancy":0.0006625855072463771,"expectancy_ratio":-0.5918286305839582,"sortino":1.3032401495891757,"sharpe":1.5814430478738315,"calmar":24.01967504227674,"sqn":0.0692,"profit_factor":1.040956122426721,"backtest_start":"2025-06-23 00:00:00","backtest_start_ts":1750636800000,"backtest_end":"2025-06-30 14:11:00","backtest_end_ts":1751292660000,"backtest_days":7,"backtest_run_start_ts":1751301811,"backtest_run_end_ts":1751301813,"trades_per_day":9.86,"market_change":0.08535653626498181,"pairlist":["BTC/USDT","ETH/USDT"],"stake_amount":10,"stake_currency":"USDT","stake_currency_decimals":3,"starting_balance":1000,"dry_run_wallet":1000,"final_balance":1000.0457184,"rejected_signals":0,"timedout_entry_orders":0,"timedout_exit_orders":0,"canceled_trade_entries":0,"canceled_entry_orders":0,"replaced_entry_orders":0,"max_open_trades":2,"max_open_trades_setting":3,"timeframe":"1m","timeframe_detail":"","timerange":"","enable_protections":false,"strategy_name":"UltimateScalp10xStrategy","stoploss":-0.04,"trailing_stop":true,"trailing_stop_positive":0.005,"trailing_stop_positive_offset":0.01,"trailing_only_offset_is_reached":false,"use_custom_stoploss":false,"minimal_roi":{"0":0.02,"10":0.01,"20":0.005,"30":0},"use_exit_signal":true,"exit_profit_only":false,"exit_profit_offset":0.0,"ignore_roi_if_entry_signal":false,"trading_mode":"spot","margin_mode":"","periodic_breakdown":{"day":[{"date":"23/06/2025","date_ts":1750636800000,"profit_abs":0.45785889,"wins":18,"draws":17,"losses":1,"trades":36,"profit_factor":2.20682941},{"date":"24/06/2025","date_ts":1750723200000,"profit_abs":0.07317028,"wins":1,"draws":7,"losses":0,"trades":8,"profit_factor":0.0},{"date":"25/06/2025","date_ts":1750809600000,"profit_abs":0.03446713,"wins":2,"draws":6,"losses":0,"trades":8,"profit_factor":0.0},{"date":"26/06/2025","date_ts":1750896000000,"profit_abs":-0.28545837,"wins":1,"draws":5,"losses":1,"trades":7,"profit_factor":0.14879105},{"date":"27/06/2025","date_ts":1750982400000,"profit_abs":0.0,"wins":0,"draws":3,"losses":0,"trades":3,"profit_factor":0.0},{"date":"28/06/2025","date_ts":1751068800000,"profit_abs":0.0,"wins":0,"draws":0,"losses":0,"trades":0,"profit_factor":0.0},{"date":"29/06/2025","date_ts":1751155200000,"profit_abs":0.16721172,"wins":2,"draws":2,"losses":0,"trades":4,"profit_factor":0.0},{"date":"30/06/2025","date_ts":1751241600000,"profit_abs":-0.40153125,"wins":0,"draws":1,"losses":2,"trades":3,"profit_factor":0.0}],"week":[{"date":"23/06/2025","date_ts":1750636800000,"profit_abs":0.45785889,"wins":18,"draws":17,"losses":1,"trades":36,"profit_factor":2.20682941},{"date":"30/06/2025","date_ts":1751241600000,"profit_abs":-0.41214049,"wins":6,"draws":24,"losses":3,"trades":33,"profit_factor":0.44070105}],"month":[{"date":"30/06/2025","date_ts":1751241600000,"profit_abs":0.0457184,"wins":24,"draws":41,"losses":4,"trades":69,"profit_factor":1.04095612}],"year":[{"date":"31/12/2025","date_ts":1767139200000,"profit_abs":0.0457184,"wins":24,"draws":41,"losses":4,"trades":69,"profit_factor":1.04095612}]},"backtest_best_day":0.047879480153242324,"backtest_worst_day":-0.04088257014941231,"backtest_best_day_abs":0.45785889,"backtest_worst_day_abs":-0.40153125,"winning_days":4,"draw_days":2,"losing_days":2,"daily_profit":[["2025-06-23",0.45785889],["2025-06-24",0.07317028],["2025-06-25",0.03446713],["2025-06-26",-0.28545837],["2025-06-27",0.0],["2025-06-28",0.0],["2025-06-29",0.16721172],["2025-06-30",-0.40153125]],"wins":24,"losses":4,"draws":41,"winrate":0.34782608695652173,"holding_avg":"5:15:00","holding_avg_s":18900.0,"winner_holding_avg":"0:23:00","winner_holding_avg_s":1380.0,"loser_holding_avg":"10:37:00","loser_holding_avg_s":38220.0,"max_consecutive_wins":3,"max_consecutive_losses":6,"max_drawdown_account":0.00051948413364441,"max_relative_drawdown":0.00051948413364441,"max_drawdown_abs":0.5197779,"drawdown_start":"2025-06-25 13:43:00","drawdown_start_ts":1750858980000.0,"drawdown_end":"2025-06-30 14:11:00","drawdown_end_ts":1751292660000.0,"max_drawdown_low":0.04571839999999988,"max_drawdown_high":0.5654963,"csum_min":999.82410809,"csum_max":1000.5654963}},"strategy_comparison":[{"key":"UltimateScalp10xStrategy","trades":69,"profit_mean":9.167235358846971e-05,"profit_mean_pct":0.01,"profit_sum":0.00632539239760441,"profit_sum_pct":0.63,"profit_total_abs":0.04571839999999999,"profit_total":4.571839999999999e-05,"profit_total_pct":0.0,"duration_avg":"5:15:00","wins":24,"draws":41,"losses":4,"winrate":0.34782608695652173,"max_drawdown_account":0.00051948413364441,"max_drawdown_abs":"0.52"}]}