{"strategy":{"AlphaBreakoutV2025":{"trades":[{"pair":"BTC/USDT","stake_amount":9.5352876,"max_stake_amount":9.5352876,"amount":9e-05,"open_date":"2025-06-24 16:52:00+00:00","close_date":"2025-06-24 17:12:00+00:00","open_rate":105947.64,"close_rate":105943.94,"fee_open":0.001,"fee_close":0.001,"trade_duration":20,"profit_ratio":-0.0020328549024421815,"profit_abs":-0.01940324,"exit_reason":"exit_signal","initial_stop_loss_abs":104358.43,"initial_stop_loss_ratio":-0.015,"stop_loss_abs":104695.65,"stop_loss_ratio":-0.015,"min_rate":105914.45,"max_rate":106290.0,"is_open":false,"enter_tag":"","leverage":1.0,"is_short":false,"open_timestamp":1750783920000,"close_timestamp":1750785120000,"orders":[{"amount":9e-05,"safe_price":105947.64,"ft_order_side":"buy","order_filled_timestamp":1750783920000,"ft_is_entry":true,"ft_order_tag":"","cost":9.544822887599999},{"amount":9e-05,"safe_price":105943.94,"ft_order_side":"sell","order_filled_timestamp":1750785120000,"ft_is_entry":false,"ft_order_tag":"exit_signal","cost":9.5444895546}]},{"pair":"BTC/USDT","stake_amount":9.7188084,"max_stake_amount":9.7188084,"amount":9e-05,"open_date":"2025-06-29 10:03:00+00:00","close_date":"2025-06-29 10:29:00+00:00","open_rate":107986.76,"close_rate":108139.64,"fee_open":0.001,"fee_close":0.001,"trade_duration":26,"profit_ratio":-0.0005851019253032611,"profit_abs":-0.00569218,"exit_reason":"exit_signal","initial_stop_loss_abs":106366.96,"initial_stop_loss_ratio":-0.015,"stop_loss_abs":106673.43,"stop_loss_ratio":-0.015,"min_rate":107986.75,"max_rate":108297.89,"is_open":false,"enter_tag":"","leverage":1.0,"is_short":false,"open_timestamp":1751191380000,"close_timestamp":1751192940000,"orders":[{"amount":9e-05,"safe_price":107986.76,"ft_order_side":"buy","order_filled_timestamp":1751191380000,"ft_is_entry":true,"ft_order_tag":"","cost":9.7285272084},{"amount":9e-05,"safe_price":108139.64,"ft_order_side":"sell","order_filled_timestamp":1751192940000,"ft_is_entry":false,"ft_order_tag":"exit_signal","cost":9.7423001676}]}],"locks":[],"best_pair":{"key":"ETH/USDT","trades":0,"profit_mean":0.0,"profit_mean_pct":0.0,"profit_sum":0.0,"profit_sum_pct":0.0,"profit_total_abs":0.0,"profit_total":0.0,"profit_total_pct":0.0,"duration_avg":"0:00","wins":0,"draws":0,"losses":0,"winrate":0.0},"worst_pair":{"key":"BTC/USDT","trades":2,"profit_mean":-0.0013089784138727214,"profit_mean_pct":-0.13,"profit_sum":-0.0026179568277454428,"profit_sum_pct":-0.26,"profit_total_abs":-0.02509542,"profit_total":-2.5095420000000002e-05,"profit_total_pct":-0.0,"duration_avg":"0:23:00","wins":0,"draws":0,"losses":2,"winrate":0.0},"results_per_pair":[{"key":"ETH/USDT","trades":0,"profit_mean":0.0,"profit_mean_pct":0.0,"profit_sum":0.0,"profit_sum_pct":0.0,"profit_total_abs":0.0,"profit_total":0.0,"profit_total_pct":0.0,"duration_avg":"0:00","wins":0,"draws":0,"losses":0,"winrate":0.0},{"key":"BTC/USDT","trades":2,"profit_mean":-0.0013089784138727214,"profit_mean_pct":-0.13,"profit_sum":-0.0026179568277454428,"profit_sum_pct":-0.26,"profit_total_abs":-0.02509542,"profit_total":-2.5095420000000002e-05,"profit_total_pct":-0.0,"duration_avg":"0:23:00","wins":0,"draws":0,"losses":2,"winrate":0.0},{"key":"TOTAL","trades":2,"profit_mean":-0.0013089784138727214,"profit_mean_pct":-0.13,"profit_sum":-0.0026179568277454428,"profit_sum_pct":-0.26,"profit_total_abs":-0.02509542,"profit_total":-2.5095420000000002e-05,"profit_total_pct":-0.0,"duration_avg":"0:23:00","wins":0,"draws":0,"losses":2,"winrate":0.0}],"results_per_enter_tag":[{"key":"","trades":2,"profit_mean":-0.0013089784138727214,"profit_mean_pct":-0.13,"profit_sum":-0.0026179568277454428,"profit_sum_pct":-0.26,"profit_total_abs":-0.02509542,"profit_total":-2.5095420000000002e-05,"profit_total_pct":-0.0,"duration_avg":"0:23:00","wins":0,"draws":0,"losses":2,"winrate":0.0},{"key":"TOTAL","trades":2,"profit_mean":-0.0013089784138727214,"profit_mean_pct":-0.13,"profit_sum":-0.0026179568277454428,"profit_sum_pct":-0.26,"profit_total_abs":-0.02509542,"profit_total":-2.5095420000000002e-05,"profit_total_pct":-0.0,"duration_avg":"0:23:00","wins":0,"draws":0,"losses":2,"winrate":0.0}],"exit_reason_summary":[{"key":"exit_signal","trades":2,"profit_mean":-0.0013089784138727214,"profit_mean_pct":-0.13,"profit_sum":-0.0026179568277454428,"profit_sum_pct":-0.26,"profit_total_abs":-0.02509542,"profit_total":-2.5095420000000002e-05,"profit_total_pct":-0.0,"duration_avg":"0:23:00","wins":0,"draws":0,"losses":2,"winrate":0.0},{"key":"TOTAL","trades":2,"profit_mean":-0.0013089784138727214,"profit_mean_pct":-0.13,"profit_sum":-0.0026179568277454428,"profit_sum_pct":-0.26,"profit_total_abs":-0.02509542,"profit_total":-2.5095420000000002e-05,"profit_total_pct":-0.0,"duration_avg":"0:23:00","wins":0,"draws":0,"losses":2,"winrate":0.0}],"mix_tag_stats":[{"key":["","exit_signal"],"trades":2,"profit_mean":-0.0013089784138727214,"profit_mean_pct":-0.13,"profit_sum":-0.0026179568277454428,"profit_sum_pct":-0.26,"profit_total_abs":-0.02509542,"profit_total":-2.5095420000000002e-05,"profit_total_pct":-0.0,"duration_avg":"0:23:00","wins":0,"draws":0,"losses":2,"winrate":0.0},{"key":"TOTAL","trades":2,"profit_mean":-0.0013089784138727214,"profit_mean_pct":-0.13,"profit_sum":-0.0026179568277454428,"profit_sum_pct":-0.26,"profit_total_abs":-0.02509542,"profit_total":-2.5095420000000002e-05,"profit_total_pct":-0.0,"duration_avg":"0:23:00","wins":0,"draws":0,"losses":2,"winrate":0.0}],"left_open_trades":[{"key":"TOTAL","trades":0,"profit_mean":0.0,"profit_mean_pct":0.0,"profit_sum":0.0,"profit_sum_pct":0.0,"profit_total_abs":0.0,"profit_total":0.0,"profit_total_pct":0.0,"duration_avg":"0:00","wins":0,"draws":0,"losses":0,"winrate":0.0}],"total_trades":2,"trade_count_long":2,"trade_count_short":0,"total_volume":38.5601398182,"avg_stake_amount":9.627048,"profit_mean":-0.0013089784138727214,"profit_median":-0.0013089784138727214,"profit_total":-2.5095420000000002e-05,"profit_total_long":-2.5095420000000002e-05,"profit_total_short":0.0,"profit_total_abs":-0.02509542,"profit_total_long_abs":-0.02509542,"profit_total_short_abs":0.0,"cagr":-0.0013077075238869806,"expectancy":-0.01254771,"expectancy_ratio":-1.0,"sortino":-9.990835884187861,"sharpe":-9.990835884187861,"calmar":-1203.2498296505228,"sqn":-1.8303,"profit_factor":0.0,"backtest_start":"2025-06-23 00:00:00","backtest_start_ts":1750636800000,"backtest_end":"2025-06-30 14:11:00","backtest_end_ts":1751292660000,"backtest_days":7,"backtest_run_start_ts":1751304407,"backtest_run_end_ts":1751304407,"trades_per_day":0.29,"market_change":0.08535653626498181,"pairlist":["BTC/USDT","ETH/USDT"],"stake_amount":10,"stake_currency":"USDT","stake_currency_decimals":3,"starting_balance":1000,"dry_run_wallet":1000,"final_balance":999.97490458,"rejected_signals":0,"timedout_entry_orders":0,"timedout_exit_orders":0,"canceled_trade_entries":0,"canceled_entry_orders":0,"replaced_entry_orders":0,"max_open_trades":2,"max_open_trades_setting":2,"timeframe":"1m","timeframe_detail":"","timerange":"","enable_protections":false,"strategy_name":"AlphaBreakoutV2025","stoploss":-0.015,"trailing_stop":true,"trailing_stop_positive":0.01,"trailing_stop_positive_offset":0.02,"trailing_only_offset_is_reached":false,"use_custom_stoploss":false,"minimal_roi":{"0":0.03,"10":0.02,"20":0.015,"30":0.01},"use_exit_signal":true,"exit_profit_only":false,"exit_profit_offset":0.0,"ignore_roi_if_entry_signal":false,"trading_mode":"spot","margin_mode":"","periodic_breakdown":{"day":[{"date":"24/06/2025","date_ts":1750723200000,"profit_abs":-0.01940324,"wins":0,"draws":0,"losses":1,"trades":1,"profit_factor":0.0},{"date":"25/06/2025","date_ts":1750809600000,"profit_abs":0.0,"wins":0,"draws":0,"losses":0,"trades":0,"profit_factor":0.0},{"date":"26/06/2025","date_ts":1750896000000,"profit_abs":0.0,"wins":0,"draws":0,"losses":0,"trades":0,"profit_factor":0.0},{"date":"27/06/2025","date_ts":1750982400000,"profit_abs":0.0,"wins":0,"draws":0,"losses":0,"trades":0,"profit_factor":0.0},{"date":"28/06/2025","date_ts":1751068800000,"profit_abs":0.0,"wins":0,"draws":0,"losses":0,"trades":0,"profit_factor":0.0},{"date":"29/06/2025","date_ts":1751155200000,"profit_abs":-0.00569218,"wins":0,"draws":0,"losses":1,"trades":1,"profit_factor":0.0}],"week":[{"date":"30/06/2025","date_ts":1751241600000,"profit_abs":-0.02509542,"wins":0,"draws":0,"losses":2,"trades":2,"profit_factor":0.0}],"month":[{"date":"30/06/2025","date_ts":1751241600000,"profit_abs":-0.02509542,"wins":0,"draws":0,"losses":2,"trades":2,"profit_factor":0.0}],"year":[{"date":"31/12/2025","date_ts":1767139200000,"profit_abs":-0.02509542,"wins":0,"draws":0,"losses":2,"trades":2,"profit_factor":0.0}]},"backtest_best_day":0.0,"backtest_worst_day":-0.0020328549024421815,"backtest_best_day_abs":0.0,"backtest_worst_day_abs":-0.01940324,"winning_days":0,"draw_days":4,"losing_days":2,"daily_profit":[["2025-06-24",-0.01940324],["2025-06-25",0.0],["2025-06-26",0.0],["2025-06-27",0.0],["2025-06-28",0.0],["2025-06-29",-0.00569218]],"wins":0,"losses":2,"draws":0,"winrate":0.0,"holding_avg":"0:23:00","holding_avg_s":1380.0,"winner_holding_avg":"0:00:00","winner_holding_avg_s":0.0,"loser_holding_avg":"0:23:00","loser_holding_avg_s":1380.0,"max_consecutive_wins":0,"max_consecutive_losses":2,"max_drawdown_account":5.692290448860456e-06,"max_relative_drawdown":5.692290448860456e-06,"max_drawdown_abs":0.0056921800000000015,"drawdown_start":"2025-06-24 17:12:00","drawdown_start_ts":1750785120000.0,"drawdown_end":"2025-06-29 10:29:00","drawdown_end_ts":1751192940000.0,"max_drawdown_low":-0.02509542,"max_drawdown_high":-0.01940324,"csum_min":999.97490458,"csum_max":999.98059676}},"strategy_comparison":[{"key":"AlphaBreakoutV2025","trades":2,"profit_mean":-0.0013089784138727214,"profit_mean_pct":-0.13,"profit_sum":-0.0026179568277454428,"profit_sum_pct":-0.26,"profit_total_abs":-0.02509542,"profit_total":-2.5095420000000002e-05,"profit_total_pct":-0.0,"duration_avg":"0:23:00","wins":0,"draws":0,"losses":2,"winrate":0.0,"max_drawdown_account":5.692290448860456e-06,"max_drawdown_abs":"0.006"}]}