{"strategy":{"UltimateScalp10xStrategy":{"trades":[{"pair":"BTC/USDT","stake_amount":9.0479448,"max_stake_amount":9.0479448,"amount":9e-05,"open_date":"2025-06-23 00:33:00+00:00","close_date":"2025-06-23 00:37:00+00:00","open_rate":100532.72,"close_rate":100805.09,"fee_open":0.001,"fee_close":0.001,"trade_duration":4,"profit_ratio":0.0007058523927459732,"profit_abs":0.0063929,"exit_reason":"exit_signal","initial_stop_loss_abs":93495.43,"initial_stop_loss_ratio":-0.07,"stop_loss_abs":93762.6,"stop_loss_ratio":-0.07,"min_rate":100532.72,"max_rate":100820.0,"is_open":false,"enter_tag":"","leverage":1.0,"is_short":false,"open_timestamp":1750638780000,"close_timestamp":1750639020000,"orders":[{"amount":9e-05,"safe_price":100532.72,"ft_order_side":"buy","order_filled_timestamp":1750638780000,"ft_is_entry":true,"ft_order_tag":"","cost":9.056992744799999},{"amount":9e-05,"safe_price":100805.09,"ft_order_side":"sell","order_filled_timestamp":1750639020000,"ft_is_entry":false,"ft_order_tag":"exit_signal","cost":9.081530558099999}]},{"pair":"ETH/USDT","stake_amount":9.827884,"max_stake_amount":9.827884,"amount":0.0044,"open_date":"2025-06-23 01:17:00+00:00","close_date":"2025-06-23 01:43:00+00:00","open_rate":2233.61,"close_rate":2234.55,"fee_open":0.001,"fee_close":0.001,"trade_duration":26,"profit_ratio":-0.0015779990492756739,"profit_abs":-0.0155239,"exit_reason":"exit_signal","initial_stop_loss_abs":2077.26,"initial_stop_loss_ratio":-0.07,"stop_loss_abs":2079.48,"stop_loss_ratio":-0.07,"min_rate":2225.0,"max_rate":2236.0,"is_open":false,"enter_tag":"","leverage":1.0,"is_short":false,"open_timestamp":1750641420000,"close_timestamp":1750642980000,"orders":[{"amount":0.0044,"safe_price":2233.61,"ft_order_side":"buy","order_filled_timestamp":1750641420000,"ft_is_entry":true,"ft_order_tag":"","cost":9.837711883999999},{"amount":0.0044,"safe_price":2234.55,"ft_order_side":"sell","order_filled_timestamp":1750642980000,"ft_is_entry":false,"ft_order_tag":"exit_signal","cost":9.841852020000001}]},{"pair":"BTC/USDT","stake_amount":9.0886716,"max_stake_amount":9.0886716,"amount":9e-05,"open_date":"2025-06-23 02:14:00+00:00","close_date":"2025-06-23 02:44:00+00:00","open_rate":100985.24,"close_rate":101222.38,"fee_open":0.001,"fee_close":0.001,"trade_duration":30,"profit_ratio":0.0003455696683736742,"profit_abs":0.00314391,"exit_reason":"roi","initial_stop_loss_abs":93916.28,"initial_stop_loss_ratio":-0.07,"stop_loss_abs":94301.42,"stop_loss_ratio":-0.07,"min_rate":100985.23,"max_rate":101399.37,"is_open":false,"enter_tag":"","leverage":1.0,"is_short":false,"open_timestamp":1750644840000,"close_timestamp":1750646640000,"orders":[{"amount":9e-05,"safe_price":100985.24,"ft_order_side":"buy","order_filled_timestamp":1750644840000,"ft_is_entry":true,"ft_order_tag":"","cost":9.0977602716},{"amount":9e-05,"safe_price":101222.38,"ft_order_side":"sell","order_filled_timestamp":1750646640000,"ft_is_entry":false,"ft_order_tag":"roi","cost":9.1191242142}]},{"pair":"ETH/USDT","stake_amount":9.846672,"max_stake_amount":9.846672,"amount":0.0044,"open_date":"2025-06-23 02:21:00+00:00","close_date":"2025-06-23 02:58:00+00:00","open_rate":2237.88,"close_rate":2242.36024024024,"fee_open":0.001,"fee_close":0.001,"trade_duration":37,"profit_ratio":0.0,"profit_abs":0.0,"exit_reason":"roi","initial_stop_loss_abs":2081.23,"initial_stop_loss_ratio":-0.07,"stop_loss_abs":2087.11,"stop_loss_ratio":-0.07,"min_rate":2233.71,"max_rate":2244.2,"is_open":false,"enter_tag":"","leverage":1.0,"is_short":false,"open_timestamp":1750645260000,"close_timestamp":1750647480000,"orders":[{"amount":0.0044,"safe_price":2237.88,"ft_order_side":"buy","order_filled_timestamp":1750645260000,"ft_is_entry":true,"ft_order_tag":"","cost":9.856518672},{"amount":0.0044,"safe_price":2242.36024024024,"ft_order_side":"sell","order_filled_timestamp":1750647480000,"ft_is_entry":false,"ft_order_tag":"roi","cost":9.87625144211411}]},{"pair":"ETH/USDT","stake_amount":9.84104,"max_stake_amount":9.84104,"amount":0.0044,"open_date":"2025-06-23 03:01:00+00:00","close_date":"2025-06-23 03:06:00+00:00","open_rate":2236.6,"close_rate":2241.62,"fee_open":0.001,"fee_close":0.001,"trade_duration":5,"profit_ratio":0.00024199155286926496,"profit_abs":0.00238383,"exit_reason":"exit_signal","initial_stop_loss_abs":2080.04,"initial_stop_loss_ratio":-0.07,"stop_loss_abs":2086.15,"stop_loss_ratio":-0.07,"min_rate":2233.58,"max_rate":2243.17,"is_open":false,"enter_tag":"","leverage":1.0,"is_short":false,"open_timestamp":1750647660000,"close_timestamp":1750647960000,"orders":[{"amount":0.0044,"safe_price":2236.6,"ft_order_side":"buy","order_filled_timestamp":1750647660000,"ft_is_entry":true,"ft_order_tag":"","cost":9.850881039999999},{"amount":0.0044,"safe_price":2241.62,"ft_order_side":"sell","order_filled_timestamp":1750647960000,"ft_is_entry":false,"ft_order_tag":"exit_signal","cost":9.872991127999999}]},{"pair":"ETH/USDT","stake_amount":9.850632,"max_stake_amount":9.850632,"amount":0.0044,"open_date":"2025-06-23 03:25:00+00:00","close_date":"2025-06-23 04:26:00+00:00","open_rate":2238.78,"close_rate":2243.262042042042,"fee_open":0.001,"fee_close":0.001,"trade_duration":61,"profit_ratio":0.0,"profit_abs":0.0,"exit_reason":"roi","initial_stop_loss_abs":2082.07,"initial_stop_loss_ratio":-0.07,"stop_loss_abs":2086.76,"stop_loss_ratio":-0.07,"min_rate":2227.89,"max_rate":2243.82,"is_open":false,"enter_tag":"","leverage":1.0,"is_short":false,"open_timestamp":1750649100000,"close_timestamp":1750652760000,"orders":[{"amount":0.0044,"safe_price":2238.78,"ft_order_side":"buy","order_filled_timestamp":1750649100000,"ft_is_entry":true,"ft_order_tag":"","cost":9.860482632},{"amount":0.0044,"safe_price":2243.262042042042,"ft_order_side":"sell","order_filled_timestamp":1750652760000,"ft_is_entry":false,"ft_order_tag":"roi","cost":9.880223337969971}]},{"pair":"BTC/USDT","stake_amount":9.1048563,"max_stake_amount":9.1048563,"amount":9e-05,"open_date":"2025-06-23 03:26:00+00:00","close_date":"2025-06-23 05:11:00+00:00","open_rate":101165.07,"close_rate":101367.60267267267,"fee_open":0.001,"fee_close":0.001,"trade_duration":105,"profit_ratio":0.0,"profit_abs":0.0,"exit_reason":"roi","initial_stop_loss_abs":94083.52,"initial_stop_loss_ratio":-0.07,"stop_loss_abs":94320.6,"stop_loss_ratio":-0.07,"min_rate":100980.0,"max_rate":101419.99,"is_open":false,"enter_tag":"","leverage":1.0,"is_short":false,"open_timestamp":1750649160000,"close_timestamp":1750655460000,"orders":[{"amount":9e-05,"safe_price":101165.07,"ft_order_side":"buy","order_filled_timestamp":1750649160000,"ft_is_entry":true,"ft_order_tag":"","cost":9.1139611563},{"amount":9e-05,"safe_price":101367.60267267267,"ft_order_side":"sell","order_filled_timestamp":1750655460000,"ft_is_entry":false,"ft_order_tag":"roi","cost":9.13220732478108}]},{"pair":"BTC/USDT","stake_amount":9.1660383,"max_stake_amount":9.1660383,"amount":9e-05,"open_date":"2025-06-23 06:30:00+00:00","close_date":"2025-06-23 07:09:00+00:00","open_rate":101844.87,"close_rate":102048.76363363361,"fee_open":0.001,"fee_close":0.001,"trade_duration":39,"profit_ratio":0.0,"profit_abs":0.0,"exit_reason":"roi","initial_stop_loss_abs":94715.73,"initial_stop_loss_ratio":-0.07,"stop_loss_abs":94920.82,"stop_loss_ratio":-0.07,"min_rate":101645.47,"max_rate":102065.39,"is_open":false,"enter_tag":"","leverage":1.0,"is_short":false,"open_timestamp":1750660200000,"close_timestamp":1750662540000,"orders":[{"amount":9e-05,"safe_price":101844.87,"ft_order_side":"buy","order_filled_timestamp":1750660200000,"ft_is_entry":true,"ft_order_tag":"","cost":9.175204338299999},{"amount":9e-05,"safe_price":102048.76363363361,"ft_order_side":"sell","order_filled_timestamp":1750662540000,"ft_is_entry":false,"ft_order_tag":"roi","cost":9.193573115754052}]},{"pair":"ETH/USDT","stake_amount":9.939996,"max_stake_amount":9.939996,"amount":0.0044,"open_date":"2025-06-23 09:02:00+00:00","close_date":"2025-06-23 11:48:00+00:00","open_rate":2259.09,"close_rate":2249.82,"fee_open":0.001,"fee_close":0.001,"trade_duration":166,"profit_ratio":-0.006093225124701595,"profit_abs":-0.0606272,"exit_reason":"exit_signal","initial_stop_loss_abs":2100.96,"initial_stop_loss_ratio":-0.07,"stop_loss_abs":2101.8,"stop_loss_ratio":-0.07,"min_rate":2238.68,"max_rate":2260.0,"is_open":false,"enter_tag":"","leverage":1.0,"is_short":false,"open_timestamp":1750669320000,"close_timestamp":1750679280000,"orders":[{"amount":0.0044,"safe_price":2259.09,"ft_order_side":"buy","order_filled_timestamp":1750669320000,"ft_is_entry":true,"ft_order_tag":"","cost":9.949935995999999},{"amount":0.0044,"safe_price":2249.82,"ft_order_side":"sell","order_filled_timestamp":1750679280000,"ft_is_entry":false,"ft_order_tag":"exit_signal","cost":9.909107208}]},{"pair":"ETH/USDT","stake_amount":9.785864,"max_stake_amount":9.785864,"amount":0.0044,"open_date":"2025-06-23 16:22:00+00:00","close_date":"2025-06-23 17:04:00+00:00","open_rate":2224.06,"close_rate":2228.512572572572,"fee_open":0.001,"fee_close":0.001,"trade_duration":42,"profit_ratio":0.0,"profit_abs":0.0,"exit_reason":"roi","initial_stop_loss_abs":2068.38,"initial_stop_loss_ratio":-0.07,"stop_loss_abs":2079.27,"stop_loss_ratio":-0.07,"min_rate":2188.0,"max_rate":2235.77,"is_open":false,"enter_tag":"","leverage":1.0,"is_short":false,"open_timestamp":1750695720000,"close_timestamp":1750698240000,"orders":[{"amount":0.0044,"safe_price":2224.06,"ft_order_side":"buy","order_filled_timestamp":1750695720000,"ft_is_entry":true,"ft_order_tag":"","cost":9.795649864},{"amount":0.0044,"safe_price":2228.512572572572,"ft_order_side":"sell","order_filled_timestamp":1750698240000,"ft_is_entry":false,"ft_order_tag":"roi","cost":9.815260774638636}]},{"pair":"ETH/USDT","stake_amount":9.996448,"max_stake_amount":9.996448,"amount":0.0044,"open_date":"2025-06-23 17:49:00+00:00","close_date":"2025-06-23 18:19:00+00:00","open_rate":2271.92,"close_rate":2295.72,"fee_open":0.001,"fee_close":0.001,"trade_duration":30,"profit_ratio":0.00845678806690558,"profit_abs":0.08462238,"exit_reason":"roi","initial_stop_loss_abs":2112.89,"initial_stop_loss_ratio":-0.07,"stop_loss_abs":2142.59,"stop_loss_ratio":-0.07,"min_rate":2262.74,"max_rate":2303.86,"is_open":false,"enter_tag":"","leverage":1.0,"is_short":false,"open_timestamp":1750700940000,"close_timestamp":1750702740000,"orders":[{"amount":0.0044,"safe_price":2271.92,"ft_order_side":"buy","order_filled_timestamp":1750700940000,"ft_is_entry":true,"ft_order_tag":"","cost":10.006444448},{"amount":0.0044,"safe_price":2295.72,"ft_order_side":"sell","order_filled_timestamp":1750702740000,"ft_is_entry":false,"ft_order_tag":"roi","cost":10.111269167999998}]},{"pair":"ETH/USDT","stake_amount":9.878745,"max_stake_amount":9.878745,"amount":0.0041,"open_date":"2025-06-24 00:08:00+00:00","close_date":"2025-06-24 01:06:00+00:00","open_rate":2409.45,"close_rate":2404.45,"fee_open":0.001,"fee_close":0.001,"trade_duration":58,"profit_ratio":-0.004069018200874019,"profit_abs":-0.04023699,"exit_reason":"exit_signal","initial_stop_loss_abs":2240.79,"initial_stop_loss_ratio":-0.07,"stop_loss_abs":2245.94,"stop_loss_ratio":-0.07,"min_rate":2392.39,"max_rate":2414.98,"is_open":false,"enter_tag":"","leverage":1.0,"is_short":false,"open_timestamp":1750723680000,"close_timestamp":1750727160000,"orders":[{"amount":0.0041,"safe_price":2409.45,"ft_order_side":"buy","order_filled_timestamp":1750723680000,"ft_is_entry":true,"ft_order_tag":"","cost":9.888623744999999},{"amount":0.0041,"safe_price":2404.45,"ft_order_side":"sell","order_filled_timestamp":1750727160000,"ft_is_entry":false,"ft_order_tag":"exit_signal","cost":9.868103244999999}]},{"pair":"BTC/USDT","stake_amount":9.4849704,"max_stake_amount":9.4849704,"amount":9e-05,"open_date":"2025-06-23 23:59:00+00:00","close_date":"2025-06-24 01:07:00+00:00","open_rate":105388.56,"close_rate":105170.4,"fee_open":0.001,"fee_close":0.001,"trade_duration":68,"profit_ratio":-0.004063920308719555,"profit_abs":-0.03858471,"exit_reason":"exit_signal","initial_stop_loss_abs":98011.37,"initial_stop_loss_ratio":-0.07,"stop_loss_abs":98115.0,"stop_loss_ratio":-0.07,"min_rate":104909.69,"max_rate":105500.0,"is_open":false,"enter_tag":"","leverage":1.0,"is_short":false,"open_timestamp":1750723140000,"close_timestamp":1750727220000,"orders":[{"amount":9e-05,"safe_price":105388.56,"ft_order_side":"buy","order_filled_timestamp":1750723140000,"ft_is_entry":true,"ft_order_tag":"","cost":9.494455370399999},{"amount":9e-05,"safe_price":105170.4,"ft_order_side":"sell","order_filled_timestamp":1750727220000,"ft_is_entry":false,"ft_order_tag":"exit_signal","cost":9.474801335999999}]},{"pair":"BTC/USDT","stake_amount":9.4309209,"max_stake_amount":9.4309209,"amount":9e-05,"open_date":"2025-06-24 04:55:00+00:00","close_date":"2025-06-24 05:25:00+00:00","open_rate":104788.01,"close_rate":105067.89,"fee_open":0.001,"fee_close":0.001,"trade_duration":30,"profit_ratio":0.0006675778741685901,"profit_abs":0.00630217,"exit_reason":"roi","initial_stop_loss_abs":97452.85,"initial_stop_loss_ratio":-0.07,"stop_loss_abs":97848.32,"stop_loss_ratio":-0.07,"min_rate":104750.93,"max_rate":105213.24,"is_open":false,"enter_tag":"","leverage":1.0,"is_short":false,"open_timestamp":1750740900000,"close_timestamp":1750742700000,"orders":[{"amount":9e-05,"safe_price":104788.01,"ft_order_side":"buy","order_filled_timestamp":1750740900000,"ft_is_entry":true,"ft_order_tag":"","cost":9.440351820899998},{"amount":9e-05,"safe_price":105067.89,"ft_order_side":"sell","order_filled_timestamp":1750742700000,"ft_is_entry":false,"ft_order_tag":"roi","cost":9.465566210099999}]},{"pair":"BTC/USDT","stake_amount":9.501948,"max_stake_amount":9.501948,"amount":9e-05,"open_date":"2025-06-24 07:11:00+00:00","close_date":"2025-06-24 08:37:00+00:00","open_rate":105577.2,"close_rate":105119.99,"fee_open":0.001,"fee_close":0.001,"trade_duration":86,"profit_ratio":-0.006319924967132888,"profit_abs":-0.06011165,"exit_reason":"exit_signal","initial_stop_loss_abs":98186.8,"initial_stop_loss_ratio":-0.07,"stop_loss_abs":98372.61,"stop_loss_ratio":-0.07,"min_rate":104622.02,"max_rate":105777.0,"is_open":false,"enter_tag":"","leverage":1.0,"is_short":false,"open_timestamp":1750749060000,"close_timestamp":1750754220000,"orders":[{"amount":9e-05,"safe_price":105577.2,"ft_order_side":"buy","order_filled_timestamp":1750749060000,"ft_is_entry":true,"ft_order_tag":"","cost":9.511449948},{"amount":9e-05,"safe_price":105119.99,"ft_order_side":"sell","order_filled_timestamp":1750754220000,"ft_is_entry":false,"ft_order_tag":"exit_signal","cost":9.4702598991}]},{"pair":"ETH/USDT","stake_amount":9.895432,"max_stake_amount":9.895432,"amount":0.0041,"open_date":"2025-06-24 10:04:00+00:00","close_date":"2025-06-24 10:21:00+00:00","open_rate":2413.52,"close_rate":2422.8,"fee_open":0.001,"fee_close":0.001,"trade_duration":17,"profit_ratio":0.001839322336901422,"profit_abs":0.01821909,"exit_reason":"exit_signal","initial_stop_loss_abs":2244.58,"initial_stop_loss_ratio":-0.07,"stop_loss_abs":2253.93,"stop_loss_ratio":-0.07,"min_rate":2412.41,"max_rate":2423.57,"is_open":false,"enter_tag":"","leverage":1.0,"is_short":false,"open_timestamp":1750759440000,"close_timestamp":1750760460000,"orders":[{"amount":0.0041,"safe_price":2413.52,"ft_order_side":"buy","order_filled_timestamp":1750759440000,"ft_is_entry":true,"ft_order_tag":"","cost":9.905327432},{"amount":0.0041,"safe_price":2422.8,"ft_order_side":"sell","order_filled_timestamp":1750760460000,"ft_is_entry":false,"ft_order_tag":"exit_signal","cost":9.94341348}]},{"pair":"BTC/USDT","stake_amount":9.4495932,"max_stake_amount":9.4495932,"amount":9e-05,"open_date":"2025-06-24 12:33:00+00:00","close_date":"2025-06-24 13:03:00+00:00","open_rate":104995.48,"close_rate":105211.99,"fee_open":0.001,"fee_close":0.001,"trade_duration":30,"profit_ratio":5.996695568475229e-05,"profit_abs":0.00056723,"exit_reason":"roi","initial_stop_loss_abs":97645.8,"initial_stop_loss_ratio":-0.07,"stop_loss_abs":97935.09,"stop_loss_ratio":-0.07,"min_rate":104968.43,"max_rate":105306.54,"is_open":false,"enter_tag":"","leverage":1.0,"is_short":false,"open_timestamp":1750768380000,"close_timestamp":1750770180000,"orders":[{"amount":9e-05,"safe_price":104995.48,"ft_order_side":"buy","order_filled_timestamp":1750768380000,"ft_is_entry":true,"ft_order_tag":"","cost":9.4590427932},{"amount":9e-05,"safe_price":105211.99,"ft_order_side":"sell","order_filled_timestamp":1750770180000,"ft_is_entry":false,"ft_order_tag":"roi","cost":9.4785481791}]},{"pair":"BTC/USDT","stake_amount":9.4590009,"max_stake_amount":9.4590009,"amount":9e-05,"open_date":"2025-06-24 13:20:00+00:00","close_date":"2025-06-24 13:38:00+00:00","open_rate":105100.01,"close_rate":105225.5,"fee_open":0.001,"fee_close":0.001,"trade_duration":18,"profit_ratio":-0.0008063824613413906,"profit_abs":-0.0076352,"exit_reason":"exit_signal","initial_stop_loss_abs":97743.01,"initial_stop_loss_ratio":-0.07,"stop_loss_abs":97911.33,"stop_loss_ratio":-0.07,"min_rate":104800.98,"max_rate":105281.0,"is_open":false,"enter_tag":"","leverage":1.0,"is_short":false,"open_timestamp":1750771200000,"close_timestamp":1750772280000,"orders":[{"amount":9e-05,"safe_price":105100.01,"ft_order_side":"buy","order_filled_timestamp":1750771200000,"ft_is_entry":true,"ft_order_tag":"","cost":9.4684599009},{"amount":9e-05,"safe_price":105225.5,"ft_order_side":"sell","order_filled_timestamp":1750772280000,"ft_is_entry":false,"ft_order_tag":"exit_signal","cost":9.479765294999998}]},{"pair":"ETH/USDT","stake_amount":9.76804,"max_stake_amount":9.76804,"amount":0.004,"open_date":"2025-06-24 21:03:00+00:00","close_date":"2025-06-24 21:33:00+00:00","open_rate":2442.01,"close_rate":2444.31,"fee_open":0.001,"fee_close":0.001,"trade_duration":30,"profit_ratio":-0.001058036725376335,"profit_abs":-0.01034528,"exit_reason":"exit_signal","initial_stop_loss_abs":2271.07,"initial_stop_loss_ratio":-0.07,"stop_loss_abs":2273.78,"stop_loss_ratio":-0.07,"min_rate":2436.0,"max_rate":2444.92,"is_open":false,"enter_tag":"","leverage":1.0,"is_short":false,"open_timestamp":1750798980000,"close_timestamp":1750800780000,"orders":[{"amount":0.004,"safe_price":2442.01,"ft_order_side":"buy","order_filled_timestamp":1750798980000,"ft_is_entry":true,"ft_order_tag":"","cost":9.77780804},{"amount":0.004,"safe_price":2444.31,"ft_order_side":"sell","order_filled_timestamp":1750800780000,"ft_is_entry":false,"ft_order_tag":"exit_signal","cost":9.787017239999999}]},{"pair":"BTC/USDT","stake_amount":9.5298444,"max_stake_amount":9.5298444,"amount":9e-05,"open_date":"2025-06-24 18:13:00+00:00","close_date":"2025-06-24 21:48:00+00:00","open_rate":105887.16,"close_rate":106099.1463063063,"fee_open":0.001,"fee_close":0.001,"trade_duration":215,"profit_ratio":0.0,"profit_abs":0.0,"exit_reason":"roi","initial_stop_loss_abs":98475.06,"initial_stop_loss_ratio":-0.07,"stop_loss_abs":98690.78,"stop_loss_ratio":-0.07,"min_rate":105270.48,"max_rate":106119.11,"is_open":false,"enter_tag":"","leverage":1.0,"is_short":false,"open_timestamp":1750788780000,"close_timestamp":1750801680000,"orders":[{"amount":9e-05,"safe_price":105887.16,"ft_order_side":"buy","order_filled_timestamp":1750788780000,"ft_is_entry":true,"ft_order_tag":"","cost":9.539374244400001},{"amount":9e-05,"safe_price":106099.1463063063,"ft_order_side":"sell","order_filled_timestamp":1750801680000,"ft_is_entry":false,"ft_order_tag":"roi","cost":9.558472090735133}]},{"pair":"BTC/USDT","stake_amount":9.5267655,"max_stake_amount":9.5267655,"amount":9e-05,"open_date":"2025-06-24 22:02:00+00:00","close_date":"2025-06-24 23:44:00+00:00","open_rate":105852.95,"close_rate":105932.0,"fee_open":0.001,"fee_close":0.001,"trade_duration":102,"profit_ratio":-0.0012527038462546165,"profit_abs":-0.01194615,"exit_reason":"exit_signal","initial_stop_loss_abs":98443.25,"initial_stop_loss_ratio":-0.07,"stop_loss_abs":98606.04,"stop_loss_ratio":-0.07,"min_rate":105734.38,"max_rate":106028.0,"is_open":false,"enter_tag":"","leverage":1.0,"is_short":false,"open_timestamp":1750802520000,"close_timestamp":1750808640000,"orders":[{"amount":9e-05,"safe_price":105852.95,"ft_order_side":"buy","order_filled_timestamp":1750802520000,"ft_is_entry":true,"ft_order_tag":"","cost":9.536292265499998},{"amount":9e-05,"safe_price":105932.0,"ft_order_side":"sell","order_filled_timestamp":1750808640000,"ft_is_entry":false,"ft_order_tag":"exit_signal","cost":9.54341388}]},{"pair":"ETH/USDT","stake_amount":9.977596,"max_stake_amount":9.977596,"amount":0.0041,"open_date":"2025-06-25 05:10:00+00:00","close_date":"2025-06-25 06:21:00+00:00","open_rate":2433.56,"close_rate":2438.4319919919917,"fee_open":0.001,"fee_close":0.001,"trade_duration":71,"profit_ratio":0.0,"profit_abs":0.0,"exit_reason":"roi","initial_stop_loss_abs":2263.22,"initial_stop_loss_ratio":-0.07,"stop_loss_abs":2270.01,"stop_loss_ratio":-0.07,"min_rate":2424.21,"max_rate":2440.87,"is_open":false,"enter_tag":"","leverage":1.0,"is_short":false,"open_timestamp":1750828200000,"close_timestamp":1750832460000,"orders":[{"amount":0.0041,"safe_price":2433.56,"ft_order_side":"buy","order_filled_timestamp":1750828200000,"ft_is_entry":true,"ft_order_tag":"","cost":9.987573595999999},{"amount":0.0041,"safe_price":2438.4319919919917,"ft_order_side":"sell","order_filled_timestamp":1750832460000,"ft_is_entry":false,"ft_order_tag":"roi","cost":10.007568738334331}]},{"pair":"BTC/USDT","stake_amount":9.5833638,"max_stake_amount":9.5833638,"amount":9e-05,"open_date":"2025-06-25 03:29:00+00:00","close_date":"2025-06-25 06:35:00+00:00","open_rate":106481.82,"close_rate":106445.41,"fee_open":0.001,"fee_close":0.001,"trade_duration":186,"profit_ratio":-0.002339255039856889,"profit_abs":-0.02244035,"exit_reason":"exit_signal","initial_stop_loss_abs":99028.1,"initial_stop_loss_ratio":-0.07,"stop_loss_abs":99047.24,"stop_loss_ratio":-0.07,"min_rate":106001.0,"max_rate":106502.4,"is_open":false,"enter_tag":"","leverage":1.0,"is_short":false,"open_timestamp":1750822140000,"close_timestamp":1750833300000,"orders":[{"amount":9e-05,"safe_price":106481.82,"ft_order_side":"buy","order_filled_timestamp":1750822140000,"ft_is_entry":true,"ft_order_tag":"","cost":9.5929471638},{"amount":9e-05,"safe_price":106445.41,"ft_order_side":"sell","order_filled_timestamp":1750833300000,"ft_is_entry":false,"ft_order_tag":"exit_signal","cost":9.589666986900001}]},{"pair":"ETH/USDT","stake_amount":9.980302,"max_stake_amount":9.980302,"amount":0.0041,"open_date":"2025-06-25 08:30:00+00:00","close_date":"2025-06-25 09:00:00+00:00","open_rate":2434.22,"close_rate":2439.49,"fee_open":0.001,"fee_close":0.001,"trade_duration":30,"profit_ratio":0.00016263704576943995,"profit_abs":0.00162479,"exit_reason":"roi","initial_stop_loss_abs":2263.83,"initial_stop_loss_ratio":-0.07,"stop_loss_abs":2268.88,"stop_loss_ratio":-0.07,"min_rate":2424.64,"max_rate":2439.65,"is_open":false,"enter_tag":"","leverage":1.0,"is_short":false,"open_timestamp":1750840200000,"close_timestamp":1750842000000,"orders":[{"amount":0.0041,"safe_price":2434.22,"ft_order_side":"buy","order_filled_timestamp":1750840200000,"ft_is_entry":true,"ft_order_tag":"","cost":9.990282301999999},{"amount":0.0041,"safe_price":2439.49,"ft_order_side":"sell","order_filled_timestamp":1750842000000,"ft_is_entry":false,"ft_order_tag":"roi","cost":10.011910909}]},{"pair":"BTC/USDT","stake_amount":9.5913,"max_stake_amount":9.5913,"amount":9e-05,"open_date":"2025-06-25 08:04:00+00:00","close_date":"2025-06-25 09:08:00+00:00","open_rate":106570.0,"close_rate":106783.35335335335,"fee_open":0.001,"fee_close":0.001,"trade_duration":64,"profit_ratio":0.0,"profit_abs":0.0,"exit_reason":"roi","initial_stop_loss_abs":99110.1,"initial_stop_loss_ratio":-0.07,"stop_loss_abs":99406.31,"stop_loss_ratio":-0.07,"min_rate":106343.13,"max_rate":106888.5,"is_open":false,"enter_tag":"","leverage":1.0,"is_short":false,"open_timestamp":1750838640000,"close_timestamp":1750842480000,"orders":[{"amount":9e-05,"safe_price":106570.0,"ft_order_side":"buy","order_filled_timestamp":1750838640000,"ft_is_entry":true,"ft_order_tag":"","cost":9.600891299999999},{"amount":9e-05,"safe_price":106783.35335335335,"ft_order_side":"sell","order_filled_timestamp":1750842480000,"ft_is_entry":false,"ft_order_tag":"roi","cost":9.620112303603602}]},{"pair":"BTC/USDT","stake_amount":9.5910651,"max_stake_amount":9.5910651,"amount":9e-05,"open_date":"2025-06-25 10:12:00+00:00","close_date":"2025-06-25 10:14:00+00:00","open_rate":106567.39,"close_rate":106737.6,"fee_open":0.001,"fee_close":0.001,"trade_duration":2,"profit_ratio":-0.0004039880122047472,"profit_abs":-0.00387855,"exit_reason":"exit_signal","initial_stop_loss_abs":99107.68,"initial_stop_loss_ratio":-0.07,"stop_loss_abs":99290.22,"stop_loss_ratio":-0.07,"min_rate":106567.38,"max_rate":106763.67,"is_open":false,"enter_tag":"","leverage":1.0,"is_short":false,"open_timestamp":1750846320000,"close_timestamp":1750846440000,"orders":[{"amount":9e-05,"safe_price":106567.39,"ft_order_side":"buy","order_filled_timestamp":1750846320000,"ft_is_entry":true,"ft_order_tag":"","cost":9.600656165099998},{"amount":9e-05,"safe_price":106737.6,"ft_order_side":"sell","order_filled_timestamp":1750846440000,"ft_is_entry":false,"ft_order_tag":"exit_signal","cost":9.615990384}]},{"pair":"ETH/USDT","stake_amount":9.867511,"max_stake_amount":9.867511,"amount":0.0041,"open_date":"2025-06-25 15:33:00+00:00","close_date":"2025-06-25 16:03:00+00:00","open_rate":2406.71,"close_rate":2413.2,"fee_open":0.001,"fee_close":0.001,"trade_duration":30,"profit_ratio":0.0006932375824591907,"profit_abs":0.00684737,"exit_reason":"roi","initial_stop_loss_abs":2238.25,"initial_stop_loss_ratio":-0.07,"stop_loss_abs":2245.14,"stop_loss_ratio":-0.07,"min_rate":2397.05,"max_rate":2414.12,"is_open":false,"enter_tag":"","leverage":1.0,"is_short":false,"open_timestamp":1750865580000,"close_timestamp":1750867380000,"orders":[{"amount":0.0041,"safe_price":2406.71,"ft_order_side":"buy","order_filled_timestamp":1750865580000,"ft_is_entry":true,"ft_order_tag":"","cost":9.877378511},{"amount":0.0041,"safe_price":2413.2,"ft_order_side":"sell","order_filled_timestamp":1750867380000,"ft_is_entry":false,"ft_order_tag":"roi","cost":9.90401412}]},{"pair":"BTC/USDT","stake_amount":9.6567795,"max_stake_amount":9.6567795,"amount":9e-05,"open_date":"2025-06-25 15:16:00+00:00","close_date":"2025-06-25 17:20:00+00:00","open_rate":107297.55,"close_rate":107512.35990990991,"fee_open":0.001,"fee_close":0.001,"trade_duration":124,"profit_ratio":0.0,"profit_abs":0.0,"exit_reason":"roi","initial_stop_loss_abs":99786.73,"initial_stop_loss_ratio":-0.07,"stop_loss_abs":100002.3,"stop_loss_ratio":-0.07,"min_rate":106752.36,"max_rate":107529.35,"is_open":false,"enter_tag":"","leverage":1.0,"is_short":false,"open_timestamp":1750864560000,"close_timestamp":1750872000000,"orders":[{"amount":9e-05,"safe_price":107297.55,"ft_order_side":"buy","order_filled_timestamp":1750864560000,"ft_is_entry":true,"ft_order_tag":"","cost":9.6664362795},{"amount":9e-05,"safe_price":107512.35990990991,"ft_order_side":"sell","order_filled_timestamp":1750872000000,"ft_is_entry":false,"ft_order_tag":"roi","cost":9.685788504283783}]},{"pair":"ETH/USDT","stake_amount":9.89863,"max_stake_amount":9.89863,"amount":0.0041,"open_date":"2025-06-25 18:37:00+00:00","close_date":"2025-06-25 18:42:00+00:00","open_rate":2414.3,"close_rate":2420.11,"fee_open":0.001,"fee_close":0.001,"trade_duration":5,"profit_ratio":0.0004036845579564117,"profit_abs":0.00399992,"exit_reason":"exit_signal","initial_stop_loss_abs":2245.3,"initial_stop_loss_ratio":-0.07,"stop_loss_abs":2251.6,"stop_loss_ratio":-0.07,"min_rate":2411.73,"max_rate":2421.07,"is_open":false,"enter_tag":"","leverage":1.0,"is_short":false,"open_timestamp":1750876620000,"close_timestamp":1750876920000,"orders":[{"amount":0.0041,"safe_price":2414.3,"ft_order_side":"buy","order_filled_timestamp":1750876620000,"ft_is_entry":true,"ft_order_tag":"","cost":9.90852863},{"amount":0.0041,"safe_price":2420.11,"ft_order_side":"sell","order_filled_timestamp":1750876920000,"ft_is_entry":false,"ft_order_tag":"exit_signal","cost":9.932373451}]},{"pair":"BTC/USDT","stake_amount":9.6842664,"max_stake_amount":9.6842664,"amount":9e-05,"open_date":"2025-06-25 20:03:00+00:00","close_date":"2025-06-25 20:25:00+00:00","open_rate":107602.96,"close_rate":107655.92,"fee_open":0.001,"fee_close":0.001,"trade_duration":22,"profit_ratio":-0.0015068056876572182,"profit_abs":-0.0146069,"exit_reason":"exit_signal","initial_stop_loss_abs":100070.76,"initial_stop_loss_ratio":-0.07,"stop_loss_abs":100157.39,"stop_loss_ratio":-0.07,"min_rate":107500.0,"max_rate":107696.11,"is_open":false,"enter_tag":"","leverage":1.0,"is_short":false,"open_timestamp":1750881780000,"close_timestamp":1750883100000,"orders":[{"amount":9e-05,"safe_price":107602.96,"ft_order_side":"buy","order_filled_timestamp":1750881780000,"ft_is_entry":true,"ft_order_tag":"","cost":9.693950666400001},{"amount":9e-05,"safe_price":107655.92,"ft_order_side":"sell","order_filled_timestamp":1750883100000,"ft_is_entry":false,"ft_order_tag":"exit_signal","cost":9.698721832799999}]},{"pair":"ETH/USDT","stake_amount":9.961893,"max_stake_amount":9.961893,"amount":0.0041,"open_date":"2025-06-25 20:20:00+00:00","close_date":"2025-06-25 20:55:00+00:00","open_rate":2429.73,"close_rate":2434.594324324324,"fee_open":0.001,"fee_close":0.001,"trade_duration":35,"profit_ratio":0.0,"profit_abs":0.0,"exit_reason":"roi","initial_stop_loss_abs":2259.65,"initial_stop_loss_ratio":-0.07,"stop_loss_abs":2265.09,"stop_loss_ratio":-0.07,"min_rate":2426.08,"max_rate":2435.58,"is_open":false,"enter_tag":"","leverage":1.0,"is_short":false,"open_timestamp":1750882800000,"close_timestamp":1750884900000,"orders":[{"amount":0.0041,"safe_price":2429.73,"ft_order_side":"buy","order_filled_timestamp":1750882800000,"ft_is_entry":true,"ft_order_tag":"","cost":9.971854893},{"amount":0.0041,"safe_price":2434.594324324324,"ft_order_side":"sell","order_filled_timestamp":1750884900000,"ft_is_entry":false,"ft_order_tag":"roi","cost":9.99181856645946}]},{"pair":"BTC/USDT","stake_amount":9.6734484,"max_stake_amount":9.6734484,"amount":9e-05,"open_date":"2025-06-25 21:41:00+00:00","close_date":"2025-06-25 22:00:00+00:00","open_rate":107482.76,"close_rate":107569.67,"fee_open":0.001,"fee_close":0.001,"trade_duration":19,"profit_ratio":-0.0011910229139485253,"profit_abs":-0.01153282,"exit_reason":"exit_signal","initial_stop_loss_abs":99958.97,"initial_stop_loss_ratio":-0.07,"stop_loss_abs":100049.4,"stop_loss_ratio":-0.07,"min_rate":107444.57,"max_rate":107580.0,"is_open":false,"enter_tag":"","leverage":1.0,"is_short":false,"open_timestamp":1750887660000,"close_timestamp":1750888800000,"orders":[{"amount":9e-05,"safe_price":107482.76,"ft_order_side":"buy","order_filled_timestamp":1750887660000,"ft_is_entry":true,"ft_order_tag":"","cost":9.683121848399999},{"amount":9e-05,"safe_price":107569.67,"ft_order_side":"sell","order_filled_timestamp":1750888800000,"ft_is_entry":false,"ft_order_tag":"exit_signal","cost":9.690951570300001}]},{"pair":"BTC/USDT","stake_amount":9.6670485,"max_stake_amount":9.6670485,"amount":9e-05,"open_date":"2025-06-25 22:02:00+00:00","close_date":"2025-06-26 01:33:00+00:00","open_rate":107411.65,"close_rate":107626.68833833832,"fee_open":0.001,"fee_close":0.001,"trade_duration":211,"profit_ratio":0.0,"profit_abs":0.0,"exit_reason":"roi","initial_stop_loss_abs":99892.84,"initial_stop_loss_ratio":-0.07,"stop_loss_abs":100174.29,"stop_loss_ratio":-0.07,"min_rate":107079.9,"max_rate":107714.28,"is_open":false,"enter_tag":"","leverage":1.0,"is_short":false,"open_timestamp":1750888920000,"close_timestamp":1750901580000,"orders":[{"amount":9e-05,"safe_price":107411.65,"ft_order_side":"buy","order_filled_timestamp":1750888920000,"ft_is_entry":true,"ft_order_tag":"","cost":9.676715548499999},{"amount":9e-05,"safe_price":107626.68833833832,"ft_order_side":"sell","order_filled_timestamp":1750901580000,"ft_is_entry":false,"ft_order_tag":"roi","cost":9.6960883524009}]},{"pair":"BTC/USDT","stake_amount":9.6989994,"max_stake_amount":9.6989994,"amount":9e-05,"open_date":"2025-06-26 02:29:00+00:00","close_date":"2025-06-26 03:00:00+00:00","open_rate":107766.66,"close_rate":107982.40906906906,"fee_open":0.001,"fee_close":0.001,"trade_duration":31,"profit_ratio":0.0,"profit_abs":0.0,"exit_reason":"roi","initial_stop_loss_abs":100223.0,"initial_stop_loss_ratio":-0.07,"stop_loss_abs":100476.8,"stop_loss_ratio":-0.07,"min_rate":107562.4,"max_rate":108039.56,"is_open":false,"enter_tag":"","leverage":1.0,"is_short":false,"open_timestamp":1750904940000,"close_timestamp":1750906800000,"orders":[{"amount":9e-05,"safe_price":107766.66,"ft_order_side":"buy","order_filled_timestamp":1750904940000,"ft_is_entry":true,"ft_order_tag":"","cost":9.708698399400001},{"amount":9e-05,"safe_price":107982.40906906906,"ft_order_side":"sell","order_filled_timestamp":1750906800000,"ft_is_entry":false,"ft_order_tag":"roi","cost":9.72813523303243}]},{"pair":"ETH/USDT","stake_amount":9.8504,"max_stake_amount":9.8504,"amount":0.004,"open_date":"2025-06-26 02:41:00+00:00","close_date":"2025-06-26 03:04:00+00:00","open_rate":2462.6,"close_rate":2516.831431431431,"fee_open":0.001,"fee_close":0.001,"trade_duration":23,"profit_ratio":0.01998001998001998,"profit_abs":0.197008,"exit_reason":"roi","initial_stop_loss_abs":2290.22,"initial_stop_loss_ratio":-0.07,"stop_loss_abs":2495.72,"stop_loss_ratio":-0.01,"min_rate":2460.0,"max_rate":2520.92,"is_open":false,"enter_tag":"","leverage":1.0,"is_short":false,"open_timestamp":1750905660000,"close_timestamp":1750907040000,"orders":[{"amount":0.004,"safe_price":2462.6,"ft_order_side":"buy","order_filled_timestamp":1750905660000,"ft_is_entry":true,"ft_order_tag":"","cost":9.8602504},{"amount":0.004,"safe_price":2516.831431431431,"ft_order_side":"sell","order_filled_timestamp":1750907040000,"ft_is_entry":false,"ft_order_tag":"roi","cost":10.07739305145145}]},{"pair":"BTC/USDT","stake_amount":9.7032636,"max_stake_amount":9.7032636,"amount":9e-05,"open_date":"2025-06-26 03:51:00+00:00","close_date":"2025-06-26 05:59:00+00:00","open_rate":107814.04,"close_rate":107605.03,"fee_open":0.001,"fee_close":0.001,"trade_duration":128,"profit_ratio":-0.003932744807680948,"profit_abs":-0.03819862,"exit_reason":"exit_signal","initial_stop_loss_abs":100267.06,"initial_stop_loss_ratio":-0.07,"stop_loss_abs":100396.55,"stop_loss_ratio":-0.07,"min_rate":107520.0,"max_rate":107953.27,"is_open":false,"enter_tag":"","leverage":1.0,"is_short":false,"open_timestamp":1750909860000,"close_timestamp":1750917540000,"orders":[{"amount":9e-05,"safe_price":107814.04,"ft_order_side":"buy","order_filled_timestamp":1750909860000,"ft_is_entry":true,"ft_order_tag":"","cost":9.712966863599998},{"amount":9e-05,"safe_price":107605.03,"ft_order_side":"sell","order_filled_timestamp":1750917540000,"ft_is_entry":false,"ft_order_tag":"exit_signal","cost":9.6941371527}]},{"pair":"ETH/USDT","stake_amount":9.93724,"max_stake_amount":9.93724,"amount":0.004,"open_date":"2025-06-26 03:42:00+00:00","close_date":"2025-06-26 06:57:00+00:00","open_rate":2484.31,"close_rate":2489.283593593593,"fee_open":0.001,"fee_close":0.001,"trade_duration":195,"profit_ratio":0.0,"profit_abs":0.0,"exit_reason":"roi","initial_stop_loss_abs":2310.41,"initial_stop_loss_ratio":-0.07,"stop_loss_abs":2317.17,"stop_loss_ratio":-0.07,"min_rate":2467.14,"max_rate":2491.58,"is_open":false,"enter_tag":"","leverage":1.0,"is_short":false,"open_timestamp":1750909320000,"close_timestamp":1750921020000,"orders":[{"amount":0.004,"safe_price":2484.31,"ft_order_side":"buy","order_filled_timestamp":1750909320000,"ft_is_entry":true,"ft_order_tag":"","cost":9.947177239999998},{"amount":0.004,"safe_price":2489.283593593593,"ft_order_side":"sell","order_filled_timestamp":1750921020000,"ft_is_entry":false,"ft_order_tag":"roi","cost":9.967091508748746}]},{"pair":"BTC/USDT","stake_amount":9.7020009,"max_stake_amount":9.7020009,"amount":9e-05,"open_date":"2025-06-26 08:19:00+00:00","close_date":"2025-06-26 10:37:00+00:00","open_rate":107800.01,"close_rate":107367.89,"fee_open":0.001,"fee_close":0.001,"trade_duration":138,"profit_ratio":-0.005998526787161222,"profit_abs":-0.05825591,"exit_reason":"exit_signal","initial_stop_loss_abs":100254.01,"initial_stop_loss_ratio":-0.07,"stop_loss_abs":100407.19,"stop_loss_ratio":-0.07,"min_rate":107240.0,"max_rate":107964.72,"is_open":false,"enter_tag":"","leverage":1.0,"is_short":false,"open_timestamp":1750925940000,"close_timestamp":1750934220000,"orders":[{"amount":9e-05,"safe_price":107800.01,"ft_order_side":"buy","order_filled_timestamp":1750925940000,"ft_is_entry":true,"ft_order_tag":"","cost":9.711702900899999},{"amount":9e-05,"safe_price":107367.89,"ft_order_side":"sell","order_filled_timestamp":1750934220000,"ft_is_entry":false,"ft_order_tag":"exit_signal","cost":9.672773210099999}]},{"pair":"ETH/USDT","stake_amount":9.8332,"max_stake_amount":9.8332,"amount":0.004,"open_date":"2025-06-26 10:33:00+00:00","close_date":"2025-06-26 13:41:00+00:00","open_rate":2458.3,"close_rate":2444.28,"fee_open":0.001,"fee_close":0.001,"trade_duration":188,"profit_ratio":-0.0076897353145166675,"profit_abs":-0.07569032,"exit_reason":"exit_signal","initial_stop_loss_abs":2286.22,"initial_stop_loss_ratio":-0.07,"stop_loss_abs":2289.59,"stop_loss_ratio":-0.07,"min_rate":2427.77,"max_rate":2461.92,"is_open":false,"enter_tag":"","leverage":1.0,"is_short":false,"open_timestamp":1750933980000,"close_timestamp":1750945260000,"orders":[{"amount":0.004,"safe_price":2458.3,"ft_order_side":"buy","order_filled_timestamp":1750933980000,"ft_is_entry":true,"ft_order_tag":"","cost":9.8430332},{"amount":0.004,"safe_price":2444.28,"ft_order_side":"sell","order_filled_timestamp":1750945260000,"ft_is_entry":false,"ft_order_tag":"exit_signal","cost":9.78689712}]},{"pair":"BTC/USDT","stake_amount":9.6548112,"max_stake_amount":9.6548112,"amount":9e-05,"open_date":"2025-06-26 12:09:00+00:00","close_date":"2025-06-26 14:32:00+00:00","open_rate":107275.68,"close_rate":107490.44612612612,"fee_open":0.001,"fee_close":0.001,"trade_duration":143,"profit_ratio":0.0,"profit_abs":0.0,"exit_reason":"roi","initial_stop_loss_abs":99766.39,"initial_stop_loss_ratio":-0.07,"stop_loss_abs":100068.0,"stop_loss_ratio":-0.07,"min_rate":106817.64,"max_rate":107600.0,"is_open":false,"enter_tag":"","leverage":1.0,"is_short":false,"open_timestamp":1750939740000,"close_timestamp":1750948320000,"orders":[{"amount":9e-05,"safe_price":107275.68,"ft_order_side":"buy","order_filled_timestamp":1750939740000,"ft_is_entry":true,"ft_order_tag":"","cost":9.664466011199998},{"amount":9e-05,"safe_price":107490.44612612612,"ft_order_side":"sell","order_filled_timestamp":1750948320000,"ft_is_entry":false,"ft_order_tag":"roi","cost":9.683814291502701}]},{"pair":"BTC/USDT","stake_amount":9.6359094,"max_stake_amount":9.6359094,"amount":9e-05,"open_date":"2025-06-26 16:47:00+00:00","close_date":"2025-06-26 17:17:00+00:00","open_rate":107065.66,"close_rate":107280.00566566567,"fee_open":0.001,"fee_close":0.001,"trade_duration":30,"profit_ratio":0.0,"profit_abs":0.0,"exit_reason":"roi","initial_stop_loss_abs":99571.07,"initial_stop_loss_ratio":-0.07,"stop_loss_abs":99921.85,"stop_loss_ratio":-0.07,"min_rate":107009.28,"max_rate":107442.84,"is_open":false,"enter_tag":"","leverage":1.0,"is_short":false,"open_timestamp":1750956420000,"close_timestamp":1750958220000,"orders":[{"amount":9e-05,"safe_price":107065.66,"ft_order_side":"buy","order_filled_timestamp":1750956420000,"ft_is_entry":true,"ft_order_tag":"","cost":9.6455453094},{"amount":9e-05,"safe_price":107280.00566566567,"ft_order_side":"sell","order_filled_timestamp":1750958220000,"ft_is_entry":false,"ft_order_tag":"roi","cost":9.66485571041982}]},{"pair":"ETH/USDT","stake_amount":9.77572,"max_stake_amount":9.77572,"amount":0.004,"open_date":"2025-06-26 15:12:00+00:00","close_date":"2025-06-26 17:37:00+00:00","open_rate":2443.93,"close_rate":2428.42,"fee_open":0.001,"fee_close":0.001,"trade_duration":145,"profit_ratio":-0.008331657621940077,"profit_abs":-0.0815294,"exit_reason":"exit_signal","initial_stop_loss_abs":2272.86,"initial_stop_loss_ratio":-0.07,"stop_loss_abs":2276.11,"stop_loss_ratio":-0.07,"min_rate":2409.51,"max_rate":2447.42,"is_open":false,"enter_tag":"","leverage":1.0,"is_short":false,"open_timestamp":1750950720000,"close_timestamp":1750959420000,"orders":[{"amount":0.004,"safe_price":2443.93,"ft_order_side":"buy","order_filled_timestamp":1750950720000,"ft_is_entry":true,"ft_order_tag":"","cost":9.785495719999998},{"amount":0.004,"safe_price":2428.42,"ft_order_side":"sell","order_filled_timestamp":1750959420000,"ft_is_entry":false,"ft_order_tag":"exit_signal","cost":9.72339368}]},{"pair":"BTC/USDT","stake_amount":9.6529509,"max_stake_amount":9.6529509,"amount":9e-05,"open_date":"2025-06-26 17:40:00+00:00","close_date":"2025-06-26 18:10:00+00:00","open_rate":107255.01,"close_rate":107469.73474474474,"fee_open":0.001,"fee_close":0.001,"trade_duration":30,"profit_ratio":0.0,"profit_abs":0.0,"exit_reason":"roi","initial_stop_loss_abs":99747.16,"initial_stop_loss_ratio":-0.07,"stop_loss_abs":99951.38,"stop_loss_ratio":-0.07,"min_rate":107137.03,"max_rate":107474.6,"is_open":false,"enter_tag":"","leverage":1.0,"is_short":false,"open_timestamp":1750959600000,"close_timestamp":1750961400000,"orders":[{"amount":9e-05,"safe_price":107255.01,"ft_order_side":"buy","order_filled_timestamp":1750959600000,"ft_is_entry":true,"ft_order_tag":"","cost":9.6626038509},{"amount":9e-05,"safe_price":107469.73474474474,"ft_order_side":"sell","order_filled_timestamp":1750961400000,"ft_is_entry":false,"ft_order_tag":"roi","cost":9.681948403154053}]},{"pair":"ETH/USDT","stake_amount":9.945124,"max_stake_amount":9.945124,"amount":0.0041,"open_date":"2025-06-26 17:54:00+00:00","close_date":"2025-06-26 18:22:00+00:00","open_rate":2425.64,"close_rate":2434.65,"fee_open":0.001,"fee_close":0.001,"trade_duration":28,"profit_ratio":0.0017090599560963934,"profit_abs":0.01701381,"exit_reason":"exit_signal","initial_stop_loss_abs":2255.85,"initial_stop_loss_ratio":-0.07,"stop_loss_abs":2267.42,"stop_loss_ratio":-0.07,"min_rate":2418.2,"max_rate":2438.08,"is_open":false,"enter_tag":"","leverage":1.0,"is_short":false,"open_timestamp":1750960440000,"close_timestamp":1750962120000,"orders":[{"amount":0.0041,"safe_price":2425.64,"ft_order_side":"buy","order_filled_timestamp":1750960440000,"ft_is_entry":true,"ft_order_tag":"","cost":9.955069124},{"amount":0.0041,"safe_price":2434.65,"ft_order_side":"sell","order_filled_timestamp":1750962120000,"ft_is_entry":false,"ft_order_tag":"exit_signal","cost":9.992047065}]},{"pair":"ETH/USDT","stake_amount":9.940368,"max_stake_amount":9.940368,"amount":0.0041,"open_date":"2025-06-26 18:27:00+00:00","close_date":"2025-06-26 18:54:00+00:00","open_rate":2424.48,"close_rate":2426.47,"fee_open":0.001,"fee_close":0.001,"trade_duration":27,"profit_ratio":-0.0011788478875411673,"profit_abs":-0.0117299,"exit_reason":"exit_signal","initial_stop_loss_abs":2254.77,"initial_stop_loss_ratio":-0.07,"stop_loss_abs":2258.67,"stop_loss_ratio":-0.07,"min_rate":2418.91,"max_rate":2428.67,"is_open":false,"enter_tag":"","leverage":1.0,"is_short":false,"open_timestamp":1750962420000,"close_timestamp":1750964040000,"orders":[{"amount":0.0041,"safe_price":2424.48,"ft_order_side":"buy","order_filled_timestamp":1750962420000,"ft_is_entry":true,"ft_order_tag":"","cost":9.950308368},{"amount":0.0041,"safe_price":2426.47,"ft_order_side":"sell","order_filled_timestamp":1750964040000,"ft_is_entry":false,"ft_order_tag":"exit_signal","cost":9.958475527}]},{"pair":"BTC/USDT","stake_amount":9.6724143,"max_stake_amount":9.6724143,"amount":9e-05,"open_date":"2025-06-26 20:01:00+00:00","close_date":"2025-06-26 20:29:00+00:00","open_rate":107471.27,"close_rate":107612.5,"fee_open":0.001,"fee_close":0.001,"trade_duration":28,"profit_ratio":-0.000686509034274907,"profit_abs":-0.00664684,"exit_reason":"exit_signal","initial_stop_loss_abs":99948.29,"initial_stop_loss_ratio":-0.07,"stop_loss_abs":100098.84,"stop_loss_ratio":-0.07,"min_rate":107451.95,"max_rate":107633.16,"is_open":false,"enter_tag":"","leverage":1.0,"is_short":false,"open_timestamp":1750968060000,"close_timestamp":1750969740000,"orders":[{"amount":9e-05,"safe_price":107471.27,"ft_order_side":"buy","order_filled_timestamp":1750968060000,"ft_is_entry":true,"ft_order_tag":"","cost":9.6820867143},{"amount":9e-05,"safe_price":107612.5,"ft_order_side":"sell","order_filled_timestamp":1750969740000,"ft_is_entry":false,"ft_order_tag":"exit_signal","cost":9.694810125}]},{"pair":"ETH/USDT","stake_amount":9.892439,"max_stake_amount":9.892439,"amount":0.0041,"open_date":"2025-06-26 22:55:00+00:00","close_date":"2025-06-26 23:55:00+00:00","open_rate":2412.79,"close_rate":2416.45,"fee_open":0.001,"fee_close":0.001,"trade_duration":60,"profit_ratio":-0.00048411629418093047,"profit_abs":-0.00479388,"exit_reason":"exit_signal","initial_stop_loss_abs":2243.9,"initial_stop_loss_ratio":-0.07,"stop_loss_abs":2248.23,"stop_loss_ratio":-0.07,"min_rate":2405.91,"max_rate":2417.45,"is_open":false,"enter_tag":"","leverage":1.0,"is_short":false,"open_timestamp":1750978500000,"close_timestamp":1750982100000,"orders":[{"amount":0.0041,"safe_price":2412.79,"ft_order_side":"buy","order_filled_timestamp":1750978500000,"ft_is_entry":true,"ft_order_tag":"","cost":9.902331439000001},{"amount":0.0041,"safe_price":2416.45,"ft_order_side":"sell","order_filled_timestamp":1750982100000,"ft_is_entry":false,"ft_order_tag":"exit_signal","cost":9.917352445}]},{"pair":"BTC/USDT","stake_amount":9.6412212,"max_stake_amount":9.6412212,"amount":9e-05,"open_date":"2025-06-26 21:32:00+00:00","close_date":"2025-06-27 00:18:00+00:00","open_rate":107124.68,"close_rate":107132.95,"fee_open":0.001,"fee_close":0.001,"trade_duration":166,"profit_ratio":-0.0019209568213588576,"profit_abs":-0.01853889,"exit_reason":"exit_signal","initial_stop_loss_abs":99625.96,"initial_stop_loss_ratio":-0.07,"stop_loss_abs":99728.82,"stop_loss_ratio":-0.07,"min_rate":106850.0,"max_rate":107235.29,"is_open":false,"enter_tag":"","leverage":1.0,"is_short":false,"open_timestamp":1750973520000,"close_timestamp":1750983480000,"orders":[{"amount":9e-05,"safe_price":107124.68,"ft_order_side":"buy","order_filled_timestamp":1750973520000,"ft_is_entry":true,"ft_order_tag":"","cost":9.6508624212},{"amount":9e-05,"safe_price":107132.95,"ft_order_side":"sell","order_filled_timestamp":1750983480000,"ft_is_entry":false,"ft_order_tag":"exit_signal","cost":9.651607465499998}]},{"pair":"ETH/USDT","stake_amount":9.906871,"max_stake_amount":9.906871,"amount":0.0041,"open_date":"2025-06-27 00:42:00+00:00","close_date":"2025-06-27 01:12:00+00:00","open_rate":2416.31,"close_rate":2409.68,"fee_open":0.001,"fee_close":0.001,"trade_duration":30,"profit_ratio":-0.004736373105356612,"profit_abs":-0.04696956,"exit_reason":"exit_signal","initial_stop_loss_abs":2247.17,"initial_stop_loss_ratio":-0.07,"stop_loss_abs":2247.17,"stop_loss_ratio":-0.07,"min_rate":2382.53,"max_rate":2416.31,"is_open":false,"enter_tag":"","leverage":1.0,"is_short":false,"open_timestamp":1750984920000,"close_timestamp":1750986720000,"orders":[{"amount":0.0041,"safe_price":2416.31,"ft_order_side":"buy","order_filled_timestamp":1750984920000,"ft_is_entry":true,"ft_order_tag":"","cost":9.916777870999999},{"amount":0.0041,"safe_price":2409.68,"ft_order_side":"sell","order_filled_timestamp":1750986720000,"ft_is_entry":false,"ft_order_tag":"exit_signal","cost":9.889567687999998}]},{"pair":"BTC/USDT","stake_amount":9.6550938,"max_stake_amount":9.6550938,"amount":9e-05,"open_date":"2025-06-27 07:00:00+00:00","close_date":"2025-06-27 09:33:00+00:00","open_rate":107278.82,"close_rate":106935.87,"fee_open":0.001,"fee_close":0.001,"trade_duration":153,"profit_ratio":-0.005188424505490073,"profit_abs":-0.05014482,"exit_reason":"exit_signal","initial_stop_loss_abs":99769.31,"initial_stop_loss_ratio":-0.07,"stop_loss_abs":100193.87,"stop_loss_ratio":-0.07,"min_rate":106679.98,"max_rate":107735.34,"is_open":false,"enter_tag":"","leverage":1.0,"is_short":false,"open_timestamp":1751007600000,"close_timestamp":1751016780000,"orders":[{"amount":9e-05,"safe_price":107278.82,"ft_order_side":"buy","order_filled_timestamp":1751007600000,"ft_is_entry":true,"ft_order_tag":"","cost":9.6647488938},{"amount":9e-05,"safe_price":106935.87,"ft_order_side":"sell","order_filled_timestamp":1751016780000,"ft_is_entry":false,"ft_order_tag":"exit_signal","cost":9.633852528299998}]},{"pair":"ETH/USDT","stake_amount":9.7914,"max_stake_amount":9.7914,"amount":0.004,"open_date":"2025-06-27 10:33:00+00:00","close_date":"2025-06-27 11:17:00+00:00","open_rate":2447.85,"close_rate":2452.7506006006,"fee_open":0.001,"fee_close":0.001,"trade_duration":44,"profit_ratio":0.0,"profit_abs":0.0,"exit_reason":"roi","initial_stop_loss_abs":2276.51,"initial_stop_loss_ratio":-0.07,"stop_loss_abs":2281.83,"stop_loss_ratio":-0.07,"min_rate":2445.95,"max_rate":2453.57,"is_open":false,"enter_tag":"","leverage":1.0,"is_short":false,"open_timestamp":1751020380000,"close_timestamp":1751023020000,"orders":[{"amount":0.004,"safe_price":2447.85,"ft_order_side":"buy","order_filled_timestamp":1751020380000,"ft_is_entry":true,"ft_order_tag":"","cost":9.801191399999999},{"amount":0.004,"safe_price":2452.7506006006,"ft_order_side":"sell","order_filled_timestamp":1751023020000,"ft_is_entry":false,"ft_order_tag":"roi","cost":9.820813404804802}]},{"pair":"BTC/USDT","stake_amount":9.6260787,"max_stake_amount":9.6260787,"amount":9e-05,"open_date":"2025-06-27 11:54:00+00:00","close_date":"2025-06-27 12:24:00+00:00","open_rate":106956.43,"close_rate":107186.95,"fee_open":0.001,"fee_close":0.001,"trade_duration":30,"profit_ratio":0.00015296234513723355,"profit_abs":0.0014739,"exit_reason":"roi","initial_stop_loss_abs":99469.48,"initial_stop_loss_ratio":-0.07,"stop_loss_abs":99696.0,"stop_loss_ratio":-0.07,"min_rate":106924.0,"max_rate":107200.0,"is_open":false,"enter_tag":"","leverage":1.0,"is_short":false,"open_timestamp":1751025240000,"close_timestamp":1751027040000,"orders":[{"amount":9e-05,"safe_price":106956.43,"ft_order_side":"buy","order_filled_timestamp":1751025240000,"ft_is_entry":true,"ft_order_tag":"","cost":9.6357047787},{"amount":9e-05,"safe_price":107186.95,"ft_order_side":"sell","order_filled_timestamp":1751027040000,"ft_is_entry":false,"ft_order_tag":"roi","cost":9.6564723255}]},{"pair":"BTC/USDT","stake_amount":9.6131691,"max_stake_amount":9.6131691,"amount":9e-05,"open_date":"2025-06-27 12:41:00+00:00","close_date":"2025-06-27 14:04:00+00:00","open_rate":106812.99,"close_rate":107026.82981981982,"fee_open":0.001,"fee_close":0.001,"trade_duration":83,"profit_ratio":0.0,"profit_abs":0.0,"exit_reason":"roi","initial_stop_loss_abs":99336.09,"initial_stop_loss_ratio":-0.07,"stop_loss_abs":99608.05,"stop_loss_ratio":-0.07,"min_rate":106356.76,"max_rate":107105.43,"is_open":false,"enter_tag":"","leverage":1.0,"is_short":false,"open_timestamp":1751028060000,"close_timestamp":1751033040000,"orders":[{"amount":9e-05,"safe_price":106812.99,"ft_order_side":"buy","order_filled_timestamp":1751028060000,"ft_is_entry":true,"ft_order_tag":"","cost":9.6227822691},{"amount":9e-05,"safe_price":107026.82981981982,"ft_order_side":"sell","order_filled_timestamp":1751033040000,"ft_is_entry":false,"ft_order_tag":"roi","cost":9.642047098467566}]},{"pair":"ETH/USDT","stake_amount":9.916629,"max_stake_amount":9.916629,"amount":0.0041,"open_date":"2025-06-27 14:25:00+00:00","close_date":"2025-06-27 14:55:00+00:00","open_rate":2418.69,"close_rate":2425.09,"fee_open":0.001,"fee_close":0.001,"trade_duration":30,"profit_ratio":0.0006427714371613453,"profit_abs":0.0063805,"exit_reason":"roi","initial_stop_loss_abs":2249.39,"initial_stop_loss_ratio":-0.07,"stop_loss_abs":2257.97,"stop_loss_ratio":-0.07,"min_rate":2414.15,"max_rate":2427.92,"is_open":false,"enter_tag":"","leverage":1.0,"is_short":false,"open_timestamp":1751034300000,"close_timestamp":1751036100000,"orders":[{"amount":0.0041,"safe_price":2418.69,"ft_order_side":"buy","order_filled_timestamp":1751034300000,"ft_is_entry":true,"ft_order_tag":"","cost":9.926545629},{"amount":0.0041,"safe_price":2425.09,"ft_order_side":"sell","order_filled_timestamp":1751036100000,"ft_is_entry":false,"ft_order_tag":"roi","cost":9.952811869000001}]},{"pair":"BTC/USDT","stake_amount":9.5778009,"max_stake_amount":9.5778009,"amount":9e-05,"open_date":"2025-06-27 14:41:00+00:00","close_date":"2025-06-27 15:19:00+00:00","open_rate":106420.01,"close_rate":106633.06307307305,"fee_open":0.001,"fee_close":0.001,"trade_duration":38,"profit_ratio":0.0,"profit_abs":0.0,"exit_reason":"roi","initial_stop_loss_abs":98970.61,"initial_stop_loss_ratio":-0.07,"stop_loss_abs":99219.84,"stop_loss_ratio":-0.07,"min_rate":106386.61,"max_rate":106688.0,"is_open":false,"enter_tag":"","leverage":1.0,"is_short":false,"open_timestamp":1751035260000,"close_timestamp":1751037540000,"orders":[{"amount":9e-05,"safe_price":106420.01,"ft_order_side":"buy","order_filled_timestamp":1751035260000,"ft_is_entry":true,"ft_order_tag":"","cost":9.587378700899999},{"amount":9e-05,"safe_price":106633.06307307305,"ft_order_side":"sell","order_filled_timestamp":1751037540000,"ft_is_entry":false,"ft_order_tag":"roi","cost":9.606572652253151}]},{"pair":"BTC/USDT","stake_amount":9.6649776,"max_stake_amount":9.6649776,"amount":9e-05,"open_date":"2025-06-27 17:02:00+00:00","close_date":"2025-06-27 18:58:00+00:00","open_rate":107388.64,"close_rate":106635.51,"fee_open":0.001,"fee_close":0.001,"trade_duration":116,"profit_ratio":-0.008997114808306755,"profit_abs":-0.08704387,"exit_reason":"exit_signal","initial_stop_loss_abs":99871.44,"initial_stop_loss_ratio":-0.07,"stop_loss_abs":99886.65,"stop_loss_ratio":-0.07,"min_rate":106446.45,"max_rate":107405.0,"is_open":false,"enter_tag":"","leverage":1.0,"is_short":false,"open_timestamp":1751043720000,"close_timestamp":1751050680000,"orders":[{"amount":9e-05,"safe_price":107388.64,"ft_order_side":"buy","order_filled_timestamp":1751043720000,"ft_is_entry":true,"ft_order_tag":"","cost":9.674642577599998},{"amount":9e-05,"safe_price":106635.51,"ft_order_side":"sell","order_filled_timestamp":1751050680000,"ft_is_entry":false,"ft_order_tag":"exit_signal","cost":9.6067930959}]},{"pair":"ETH/USDT","stake_amount":9.9835,"max_stake_amount":9.9835,"amount":0.0041,"open_date":"2025-06-27 16:11:00+00:00","close_date":"2025-06-27 20:42:00+00:00","open_rate":2435.0,"close_rate":2425.05,"fee_open":0.001,"fee_close":0.001,"trade_duration":271,"profit_ratio":-0.006076080477843387,"profit_abs":-0.06072121,"exit_reason":"exit_signal","initial_stop_loss_abs":2264.55,"initial_stop_loss_ratio":-0.07,"stop_loss_abs":2277.98,"stop_loss_ratio":-0.07,"min_rate":2388.29,"max_rate":2449.44,"is_open":false,"enter_tag":"","leverage":1.0,"is_short":false,"open_timestamp":1751040660000,"close_timestamp":1751056920000,"orders":[{"amount":0.0041,"safe_price":2435.0,"ft_order_side":"buy","order_filled_timestamp":1751040660000,"ft_is_entry":true,"ft_order_tag":"","cost":9.9934835},{"amount":0.0041,"safe_price":2425.05,"ft_order_side":"sell","order_filled_timestamp":1751056920000,"ft_is_entry":false,"ft_order_tag":"exit_signal","cost":9.952647705}]},{"pair":"ETH/USDT","stake_amount":9.926715,"max_stake_amount":9.926715,"amount":0.0041,"open_date":"2025-06-27 22:21:00+00:00","close_date":"2025-06-27 23:05:00+00:00","open_rate":2421.15,"close_rate":2424.41,"fee_open":0.001,"fee_close":0.001,"trade_duration":44,"profit_ratio":-0.0006542250577664106,"profit_abs":-0.0065008,"exit_reason":"exit_signal","initial_stop_loss_abs":2251.67,"initial_stop_loss_ratio":-0.07,"stop_loss_abs":2255.28,"stop_loss_ratio":-0.07,"min_rate":2419.7,"max_rate":2425.03,"is_open":false,"enter_tag":"","leverage":1.0,"is_short":false,"open_timestamp":1751062860000,"close_timestamp":1751065500000,"orders":[{"amount":0.0041,"safe_price":2421.15,"ft_order_side":"buy","order_filled_timestamp":1751062860000,"ft_is_entry":true,"ft_order_tag":"","cost":9.936641715},{"amount":0.0041,"safe_price":2424.41,"ft_order_side":"sell","order_filled_timestamp":1751065500000,"ft_is_entry":false,"ft_order_tag":"exit_signal","cost":9.950021081}]},{"pair":"BTC/USDT","stake_amount":9.6291189,"max_stake_amount":9.6291189,"amount":9e-05,"open_date":"2025-06-27 23:31:00+00:00","close_date":"2025-06-28 01:40:00+00:00","open_rate":106990.21,"close_rate":106907.85,"fee_open":0.001,"fee_close":0.001,"trade_duration":129,"profit_ratio":-0.0027662544915291686,"profit_abs":-0.02666323,"exit_reason":"exit_signal","initial_stop_loss_abs":99500.9,"initial_stop_loss_ratio":-0.07,"stop_loss_abs":99674.32,"stop_loss_ratio":-0.07,"min_rate":106811.51,"max_rate":107176.68,"is_open":false,"enter_tag":"","leverage":1.0,"is_short":false,"open_timestamp":1751067060000,"close_timestamp":1751074800000,"orders":[{"amount":9e-05,"safe_price":106990.21,"ft_order_side":"buy","order_filled_timestamp":1751067060000,"ft_is_entry":true,"ft_order_tag":"","cost":9.638748018900001},{"amount":9e-05,"safe_price":106907.85,"ft_order_side":"sell","order_filled_timestamp":1751074800000,"ft_is_entry":false,"ft_order_tag":"exit_signal","cost":9.631328206500001}]},{"pair":"BTC/USDT","stake_amount":9.6372243,"max_stake_amount":9.6372243,"amount":9e-05,"open_date":"2025-06-28 03:15:00+00:00","close_date":"2025-06-28 03:55:00+00:00","open_rate":107080.27,"close_rate":107294.64491491491,"fee_open":0.001,"fee_close":0.001,"trade_duration":40,"profit_ratio":0.0,"profit_abs":0.0,"exit_reason":"roi","initial_stop_loss_abs":99584.66,"initial_stop_loss_ratio":-0.07,"stop_loss_abs":99812.72,"stop_loss_ratio":-0.07,"min_rate":107080.27,"max_rate":107325.5,"is_open":false,"enter_tag":"","leverage":1.0,"is_short":false,"open_timestamp":1751080500000,"close_timestamp":1751082900000,"orders":[{"amount":9e-05,"safe_price":107080.27,"ft_order_side":"buy","order_filled_timestamp":1751080500000,"ft_is_entry":true,"ft_order_tag":"","cost":9.6468615243},{"amount":9e-05,"safe_price":107294.64491491491,"ft_order_side":"sell","order_filled_timestamp":1751082900000,"ft_is_entry":false,"ft_order_tag":"roi","cost":9.666174560384684}]},{"pair":"ETH/USDT","stake_amount":9.913636,"max_stake_amount":9.913636,"amount":0.0041,"open_date":"2025-06-28 00:37:00+00:00","close_date":"2025-06-28 04:35:00+00:00","open_rate":2417.96,"close_rate":2421.08,"fee_open":0.001,"fee_close":0.001,"trade_duration":238,"profit_ratio":-0.0007102357783782843,"profit_abs":-0.00704806,"exit_reason":"exit_signal","initial_stop_loss_abs":2248.71,"initial_stop_loss_ratio":-0.07,"stop_loss_abs":2253.56,"stop_loss_ratio":-0.07,"min_rate":2405.81,"max_rate":2423.18,"is_open":false,"enter_tag":"","leverage":1.0,"is_short":false,"open_timestamp":1751071020000,"close_timestamp":1751085300000,"orders":[{"amount":0.0041,"safe_price":2417.96,"ft_order_side":"buy","order_filled_timestamp":1751071020000,"ft_is_entry":true,"ft_order_tag":"","cost":9.923549635999999},{"amount":0.0041,"safe_price":2421.08,"ft_order_side":"sell","order_filled_timestamp":1751085300000,"ft_is_entry":false,"ft_order_tag":"exit_signal","cost":9.936354428}]},{"pair":"ETH/USDT","stake_amount":9.940368,"max_stake_amount":9.940368,"amount":0.0041,"open_date":"2025-06-28 06:32:00+00:00","close_date":"2025-06-28 07:46:00+00:00","open_rate":2424.48,"close_rate":2429.3338138138133,"fee_open":0.001,"fee_close":0.001,"trade_duration":74,"profit_ratio":0.0,"profit_abs":0.0,"exit_reason":"roi","initial_stop_loss_abs":2254.77,"initial_stop_loss_ratio":-0.07,"stop_loss_abs":2259.78,"stop_loss_ratio":-0.07,"min_rate":2423.86,"max_rate":2429.87,"is_open":false,"enter_tag":"","leverage":1.0,"is_short":false,"open_timestamp":1751092320000,"close_timestamp":1751096760000,"orders":[{"amount":0.0041,"safe_price":2424.48,"ft_order_side":"buy","order_filled_timestamp":1751092320000,"ft_is_entry":true,"ft_order_tag":"","cost":9.950308368},{"amount":0.0041,"safe_price":2429.3338138138133,"ft_order_side":"sell","order_filled_timestamp":1751096760000,"ft_is_entry":false,"ft_order_tag":"roi","cost":9.970228905273272}]},{"pair":"BTC/USDT","stake_amount":9.6555447,"max_stake_amount":9.6555447,"amount":9e-05,"open_date":"2025-06-28 09:45:00+00:00","close_date":"2025-06-28 12:51:00+00:00","open_rate":107283.83,"close_rate":107328.78,"fee_open":0.001,"fee_close":0.001,"trade_duration":186,"profit_ratio":-0.001579856558934021,"profit_abs":-0.01526963,"exit_reason":"exit_signal","initial_stop_loss_abs":99773.97,"initial_stop_loss_ratio":-0.07,"stop_loss_abs":99860.51,"stop_loss_ratio":-0.07,"min_rate":107252.6,"max_rate":107376.89,"is_open":false,"enter_tag":"","leverage":1.0,"is_short":false,"open_timestamp":1751103900000,"close_timestamp":1751115060000,"orders":[{"amount":9e-05,"safe_price":107283.83,"ft_order_side":"buy","order_filled_timestamp":1751103900000,"ft_is_entry":true,"ft_order_tag":"","cost":9.6652002447},{"amount":9e-05,"safe_price":107328.78,"ft_order_side":"sell","order_filled_timestamp":1751115060000,"ft_is_entry":false,"ft_order_tag":"exit_signal","cost":9.669249790199999}]},{"pair":"ETH/USDT","stake_amount":9.997932,"max_stake_amount":9.997932,"amount":0.0041,"open_date":"2025-06-28 18:24:00+00:00","close_date":"2025-06-28 19:18:00+00:00","open_rate":2438.52,"close_rate":2437.34,"fee_open":0.001,"fee_close":0.001,"trade_duration":54,"profit_ratio":-0.002480935634911877,"profit_abs":-0.02482903,"exit_reason":"exit_signal","initial_stop_loss_abs":2267.83,"initial_stop_loss_ratio":-0.07,"stop_loss_abs":2269.2,"stop_loss_ratio":-0.07,"min_rate":2432.84,"max_rate":2440.0,"is_open":false,"enter_tag":"","leverage":1.0,"is_short":false,"open_timestamp":1751135040000,"close_timestamp":1751138280000,"orders":[{"amount":0.0041,"safe_price":2438.52,"ft_order_side":"buy","order_filled_timestamp":1751135040000,"ft_is_entry":true,"ft_order_tag":"","cost":10.007929932},{"amount":0.0041,"safe_price":2437.34,"ft_order_side":"sell","order_filled_timestamp":1751138280000,"ft_is_entry":false,"ft_order_tag":"exit_signal","cost":10.003087094}]},{"pair":"ETH/USDT","stake_amount":9.75912,"max_stake_amount":9.75912,"amount":0.004,"open_date":"2025-06-28 23:15:00+00:00","close_date":"2025-06-29 03:07:00+00:00","open_rate":2439.78,"close_rate":2432.4,"fee_open":0.001,"fee_close":0.001,"trade_duration":232,"profit_ratio":-0.005016821213363525,"profit_abs":-0.04900872,"exit_reason":"exit_signal","initial_stop_loss_abs":2269.0,"initial_stop_loss_ratio":-0.07,"stop_loss_abs":2271.78,"stop_loss_ratio":-0.07,"min_rate":2424.65,"max_rate":2442.77,"is_open":false,"enter_tag":"","leverage":1.0,"is_short":false,"open_timestamp":1751152500000,"close_timestamp":1751166420000,"orders":[{"amount":0.004,"safe_price":2439.78,"ft_order_side":"buy","order_filled_timestamp":1751152500000,"ft_is_entry":true,"ft_order_tag":"","cost":9.76887912},{"amount":0.004,"safe_price":2432.4,"ft_order_side":"sell","order_filled_timestamp":1751166420000,"ft_is_entry":false,"ft_order_tag":"exit_signal","cost":9.7393296}]},{"pair":"ETH/USDT","stake_amount":9.986698,"max_stake_amount":9.986698,"amount":0.0041,"open_date":"2025-06-29 16:21:00+00:00","close_date":"2025-06-29 18:28:00+00:00","open_rate":2435.78,"close_rate":2440.6564364364363,"fee_open":0.001,"fee_close":0.001,"trade_duration":127,"profit_ratio":0.0,"profit_abs":0.0,"exit_reason":"roi","initial_stop_loss_abs":2265.28,"initial_stop_loss_ratio":-0.07,"stop_loss_abs":2271.48,"stop_loss_ratio":-0.07,"min_rate":2429.58,"max_rate":2442.45,"is_open":false,"enter_tag":"","leverage":1.0,"is_short":false,"open_timestamp":1751214060000,"close_timestamp":1751221680000,"orders":[{"amount":0.0041,"safe_price":2435.78,"ft_order_side":"buy","order_filled_timestamp":1751214060000,"ft_is_entry":true,"ft_order_tag":"","cost":9.996684698000001},{"amount":0.0041,"safe_price":2440.6564364364363,"ft_order_side":"sell","order_filled_timestamp":1751221680000,"ft_is_entry":false,"ft_order_tag":"roi","cost":10.016698080778779}]},{"pair":"BTC/USDT","stake_amount":9.7283304,"max_stake_amount":9.7283304,"amount":9e-05,"open_date":"2025-06-29 13:33:00+00:00","close_date":"2025-06-29 18:44:00+00:00","open_rate":108092.56,"close_rate":107632.7,"fee_open":0.001,"fee_close":0.001,"trade_duration":311,"profit_ratio":-0.006243818371128521,"profit_abs":-0.06080267,"exit_reason":"exit_signal","initial_stop_loss_abs":100526.09,"initial_stop_loss_ratio":-0.07,"stop_loss_abs":100640.07,"stop_loss_ratio":-0.07,"min_rate":107316.46,"max_rate":108215.12,"is_open":false,"enter_tag":"","leverage":1.0,"is_short":false,"open_timestamp":1751203980000,"close_timestamp":1751222640000,"orders":[{"amount":9e-05,"safe_price":108092.56,"ft_order_side":"buy","order_filled_timestamp":1751203980000,"ft_is_entry":true,"ft_order_tag":"","cost":9.7380587304},{"amount":9e-05,"safe_price":107632.7,"ft_order_side":"sell","order_filled_timestamp":1751222640000,"ft_is_entry":false,"ft_order_tag":"exit_signal","cost":9.696629943}]},{"pair":"ETH/USDT","stake_amount":9.979728,"max_stake_amount":9.979728,"amount":0.0041,"open_date":"2025-06-29 19:16:00+00:00","close_date":"2025-06-29 20:01:00+00:00","open_rate":2434.08,"close_rate":2438.9530330330326,"fee_open":0.001,"fee_close":0.001,"trade_duration":45,"profit_ratio":0.0,"profit_abs":0.0,"exit_reason":"roi","initial_stop_loss_abs":2263.7,"initial_stop_loss_ratio":-0.07,"stop_loss_abs":2268.82,"stop_loss_ratio":-0.07,"min_rate":2434.08,"max_rate":2439.59,"is_open":false,"enter_tag":"","leverage":1.0,"is_short":false,"open_timestamp":1751224560000,"close_timestamp":1751227260000,"orders":[{"amount":0.0041,"safe_price":2434.08,"ft_order_side":"buy","order_filled_timestamp":1751224560000,"ft_is_entry":true,"ft_order_tag":"","cost":9.989707727999999},{"amount":0.0041,"safe_price":2438.9530330330326,"ft_order_side":"sell","order_filled_timestamp":1751227260000,"ft_is_entry":false,"ft_order_tag":"roi","cost":10.00970714287087}]},{"pair":"ETH/USDT","stake_amount":9.978621,"max_stake_amount":9.978621,"amount":0.0041,"open_date":"2025-06-29 20:36:00+00:00","close_date":"2025-06-29 22:02:00+00:00","open_rate":2433.81,"close_rate":2438.682492492492,"fee_open":0.001,"fee_close":0.001,"trade_duration":86,"profit_ratio":0.0,"profit_abs":0.0,"exit_reason":"roi","initial_stop_loss_abs":2263.45,"initial_stop_loss_ratio":-0.07,"stop_loss_abs":2271.7,"stop_loss_ratio":-0.07,"min_rate":2412.0,"max_rate":2442.68,"is_open":false,"enter_tag":"","leverage":1.0,"is_short":false,"open_timestamp":1751229360000,"close_timestamp":1751234520000,"orders":[{"amount":0.0041,"safe_price":2433.81,"ft_order_side":"buy","order_filled_timestamp":1751229360000,"ft_is_entry":true,"ft_order_tag":"","cost":9.988599620999999},{"amount":0.0041,"safe_price":2438.682492492492,"ft_order_side":"sell","order_filled_timestamp":1751234520000,"ft_is_entry":false,"ft_order_tag":"roi","cost":10.008596817438436}]},{"pair":"ETH/USDT","stake_amount":9.99248,"max_stake_amount":9.99248,"amount":0.004,"open_date":"2025-06-29 23:43:00+00:00","close_date":"2025-06-30 00:13:00+00:00","open_rate":2498.12,"close_rate":2507.57,"fee_open":0.001,"fee_close":0.001,"trade_duration":30,"profit_ratio":0.0017772845699446504,"profit_abs":0.01777724,"exit_reason":"roi","initial_stop_loss_abs":2323.26,"initial_stop_loss_ratio":-0.07,"stop_loss_abs":2332.85,"stop_loss_ratio":-0.07,"min_rate":2497.34,"max_rate":2508.44,"is_open":false,"enter_tag":"","leverage":1.0,"is_short":false,"open_timestamp":1751240580000,"close_timestamp":1751242380000,"orders":[{"amount":0.004,"safe_price":2498.12,"ft_order_side":"buy","order_filled_timestamp":1751240580000,"ft_is_entry":true,"ft_order_tag":"","cost":10.00247248},{"amount":0.004,"safe_price":2507.57,"ft_order_side":"sell","order_filled_timestamp":1751242380000,"ft_is_entry":false,"ft_order_tag":"roi","cost":10.04031028}]},{"pair":"BTC/USDT","stake_amount":9.7789392,"max_stake_amount":9.7789392,"amount":9e-05,"open_date":"2025-06-30 01:02:00+00:00","close_date":"2025-06-30 02:19:00+00:00","open_rate":108654.88,"close_rate":108594.06,"fee_open":0.001,"fee_close":0.001,"trade_duration":77,"profit_ratio":-0.0025566371044825394,"profit_abs":-0.0250262,"exit_reason":"exit_signal","initial_stop_loss_abs":101049.04,"initial_stop_loss_ratio":-0.07,"stop_loss_abs":101156.1,"stop_loss_ratio":-0.07,"min_rate":108396.18,"max_rate":108770.0,"is_open":false,"enter_tag":"","leverage":1.0,"is_short":false,"open_timestamp":1751245320000,"close_timestamp":1751249940000,"orders":[{"amount":9e-05,"safe_price":108654.88,"ft_order_side":"buy","order_filled_timestamp":1751245320000,"ft_is_entry":true,"ft_order_tag":"","cost":9.7887181392},{"amount":9e-05,"safe_price":108594.06,"ft_order_side":"sell","order_filled_timestamp":1751249940000,"ft_is_entry":false,"ft_order_tag":"exit_signal","cost":9.7832388654}]},{"pair":"ETH/USDT","stake_amount":9.761505,"max_stake_amount":9.761505,"amount":0.0039,"open_date":"2025-06-30 02:54:00+00:00","close_date":"2025-06-30 04:04:00+00:00","open_rate":2502.95,"close_rate":2502.48,"fee_open":0.001,"fee_close":0.001,"trade_duration":70,"profit_ratio":-0.002185405544826044,"profit_abs":-0.02135418,"exit_reason":"exit_signal","initial_stop_loss_abs":2327.75,"initial_stop_loss_ratio":-0.07,"stop_loss_abs":2329.65,"stop_loss_ratio":-0.07,"min_rate":2495.17,"max_rate":2505.0,"is_open":false,"enter_tag":"","leverage":1.0,"is_short":false,"open_timestamp":1751252040000,"close_timestamp":1751256240000,"orders":[{"amount":0.0039,"safe_price":2502.95,"ft_order_side":"buy","order_filled_timestamp":1751252040000,"ft_is_entry":true,"ft_order_tag":"","cost":9.771266504999998},{"amount":0.0039,"safe_price":2502.48,"ft_order_side":"sell","order_filled_timestamp":1751256240000,"ft_is_entry":false,"ft_order_tag":"exit_signal","cost":9.769431672}]},{"pair":"ETH/USDT","stake_amount":9.750195,"max_stake_amount":9.750195,"amount":0.0039,"open_date":"2025-06-30 04:42:00+00:00","close_date":"2025-06-30 05:04:00+00:00","open_rate":2500.05,"close_rate":2498.88,"fee_open":0.001,"fee_close":0.001,"trade_duration":22,"profit_ratio":-0.0024650578993338293,"profit_abs":-0.02405883,"exit_reason":"exit_signal","initial_stop_loss_abs":2325.05,"initial_stop_loss_ratio":-0.07,"stop_loss_abs":2325.36,"stop_loss_ratio":-0.07,"min_rate":2491.78,"max_rate":2500.38,"is_open":false,"enter_tag":"","leverage":1.0,"is_short":false,"open_timestamp":1751258520000,"close_timestamp":1751259840000,"orders":[{"amount":0.0039,"safe_price":2500.05,"ft_order_side":"buy","order_filled_timestamp":1751258520000,"ft_is_entry":true,"ft_order_tag":"","cost":9.759945194999998},{"amount":0.0039,"safe_price":2498.88,"ft_order_side":"sell","order_filled_timestamp":1751259840000,"ft_is_entry":false,"ft_order_tag":"exit_signal","cost":9.755377632}]},{"pair":"BTC/USDT","stake_amount":9.7628535,"max_stake_amount":9.7628535,"amount":9e-05,"open_date":"2025-06-30 04:19:00+00:00","close_date":"2025-06-30 05:56:00+00:00","open_rate":108476.15,"close_rate":108266.69,"fee_open":0.001,"fee_close":0.001,"trade_duration":97,"profit_ratio":-0.003925075804931423,"profit_abs":-0.03835826,"exit_reason":"exit_signal","initial_stop_loss_abs":100882.82,"initial_stop_loss_ratio":-0.07,"stop_loss_abs":100882.82,"stop_loss_ratio":-0.07,"min_rate":108168.48,"max_rate":108476.15,"is_open":false,"enter_tag":"","leverage":1.0,"is_short":false,"open_timestamp":1751257140000,"close_timestamp":1751262960000,"orders":[{"amount":9e-05,"safe_price":108476.15,"ft_order_side":"buy","order_filled_timestamp":1751257140000,"ft_is_entry":true,"ft_order_tag":"","cost":9.772616353499998},{"amount":9e-05,"safe_price":108266.69,"ft_order_side":"sell","order_filled_timestamp":1751262960000,"ft_is_entry":false,"ft_order_tag":"exit_signal","cost":9.753746102100001}]},{"pair":"ETH/USDT","stake_amount":9.99524,"max_stake_amount":9.99524,"amount":0.004,"open_date":"2025-06-30 05:26:00+00:00","close_date":"2025-06-30 06:01:00+00:00","open_rate":2498.81,"close_rate":2503.8126226226223,"fee_open":0.001,"fee_close":0.001,"trade_duration":35,"profit_ratio":0.0,"profit_abs":0.0,"exit_reason":"roi","initial_stop_loss_abs":2323.9,"initial_stop_loss_ratio":-0.07,"stop_loss_abs":2328.64,"stop_loss_ratio":-0.07,"min_rate":2495.19,"max_rate":2503.91,"is_open":false,"enter_tag":"","leverage":1.0,"is_short":false,"open_timestamp":1751261160000,"close_timestamp":1751263260000,"orders":[{"amount":0.004,"safe_price":2498.81,"ft_order_side":"buy","order_filled_timestamp":1751261160000,"ft_is_entry":true,"ft_order_tag":"","cost":10.00523524},{"amount":0.004,"safe_price":2503.8126226226223,"ft_order_side":"sell","order_filled_timestamp":1751263260000,"ft_is_entry":false,"ft_order_tag":"roi","cost":10.025265740980979}]},{"pair":"ETH/USDT","stake_amount":9.99096,"max_stake_amount":9.99096,"amount":0.004,"open_date":"2025-06-30 06:37:00+00:00","close_date":"2025-06-30 07:10:00+00:00","open_rate":2497.74,"close_rate":2468.93,"fee_open":0.001,"fee_close":0.001,"trade_duration":33,"profit_ratio":-0.013509383311684591,"profit_abs":-0.13510668,"exit_reason":"exit_signal","initial_stop_loss_abs":2322.9,"initial_stop_loss_ratio":-0.07,"stop_loss_abs":2323.49,"stop_loss_ratio":-0.07,"min_rate":2456.37,"max_rate":2498.37,"is_open":false,"enter_tag":"","leverage":1.0,"is_short":false,"open_timestamp":1751265420000,"close_timestamp":1751267400000,"orders":[{"amount":0.004,"safe_price":2497.74,"ft_order_side":"buy","order_filled_timestamp":1751265420000,"ft_is_entry":true,"ft_order_tag":"","cost":10.000950959999999},{"amount":0.004,"safe_price":2468.93,"ft_order_side":"sell","order_filled_timestamp":1751267400000,"ft_is_entry":false,"ft_order_tag":"exit_signal","cost":9.885595719999998}]},{"pair":"ETH/USDT","stake_amount":9.8718,"max_stake_amount":9.8718,"amount":0.004,"open_date":"2025-06-30 09:04:00+00:00","close_date":"2025-06-30 10:36:00+00:00","open_rate":2467.95,"close_rate":2454.42,"fee_open":0.001,"fee_close":0.001,"trade_duration":92,"profit_ratio":-0.0074693312522279886,"profit_abs":-0.07380948,"exit_reason":"exit_signal","initial_stop_loss_abs":2295.2,"initial_stop_loss_ratio":-0.07,"stop_loss_abs":2303.61,"stop_loss_ratio":-0.07,"min_rate":2446.68,"max_rate":2477.0,"is_open":false,"enter_tag":"","leverage":1.0,"is_short":false,"open_timestamp":1751274240000,"close_timestamp":1751279760000,"orders":[{"amount":0.004,"safe_price":2467.95,"ft_order_side":"buy","order_filled_timestamp":1751274240000,"ft_is_entry":true,"ft_order_tag":"","cost":9.8816718},{"amount":0.004,"safe_price":2454.42,"ft_order_side":"sell","order_filled_timestamp":1751279760000,"ft_is_entry":false,"ft_order_tag":"exit_signal","cost":9.82749768}]},{"pair":"ETH/USDT","stake_amount":9.82136,"max_stake_amount":9.82136,"amount":0.004,"open_date":"2025-06-30 11:02:00+00:00","close_date":"2025-06-30 11:07:00+00:00","open_rate":2455.34,"close_rate":2459.42,"fee_open":0.001,"fee_close":0.001,"trade_duration":5,"profit_ratio":-0.0003396377177605032,"profit_abs":-0.00333904,"exit_reason":"exit_signal","initial_stop_loss_abs":2283.47,"initial_stop_loss_ratio":-0.07,"stop_loss_abs":2287.8,"stop_loss_ratio":-0.07,"min_rate":2453.17,"max_rate":2460.0,"is_open":false,"enter_tag":"","leverage":1.0,"is_short":false,"open_timestamp":1751281320000,"close_timestamp":1751281620000,"orders":[{"amount":0.004,"safe_price":2455.34,"ft_order_side":"buy","order_filled_timestamp":1751281320000,"ft_is_entry":true,"ft_order_tag":"","cost":9.831181359999999},{"amount":0.004,"safe_price":2459.42,"ft_order_side":"sell","order_filled_timestamp":1751281620000,"ft_is_entry":false,"ft_order_tag":"exit_signal","cost":9.84751768}]},{"pair":"ETH/USDT","stake_amount":9.84908,"max_stake_amount":9.84908,"amount":0.004,"open_date":"2025-06-30 11:40:00+00:00","close_date":"2025-06-30 13:12:00+00:00","open_rate":2462.27,"close_rate":2464.4,"fee_open":0.001,"fee_close":0.001,"trade_duration":92,"profit_ratio":-0.0011346749641087792,"profit_abs":-0.01118668,"exit_reason":"exit_signal","initial_stop_loss_abs":2289.92,"initial_stop_loss_ratio":-0.07,"stop_loss_abs":2292.83,"stop_loss_ratio":-0.07,"min_rate":2457.11,"max_rate":2465.4,"is_open":false,"enter_tag":"","leverage":1.0,"is_short":false,"open_timestamp":1751283600000,"close_timestamp":1751289120000,"orders":[{"amount":0.004,"safe_price":2462.27,"ft_order_side":"buy","order_filled_timestamp":1751283600000,"ft_is_entry":true,"ft_order_tag":"","cost":9.85892908},{"amount":0.004,"safe_price":2464.4,"ft_order_side":"sell","order_filled_timestamp":1751289120000,"ft_is_entry":false,"ft_order_tag":"exit_signal","cost":9.867457599999998}]},{"pair":"BTC/USDT","stake_amount":9.6909858,"max_stake_amount":9.6909858,"amount":9e-05,"open_date":"2025-06-30 12:24:00+00:00","close_date":"2025-06-30 13:20:00+00:00","open_rate":107677.62,"close_rate":107717.2,"fee_open":0.001,"fee_close":0.001,"trade_duration":56,"profit_ratio":-0.0016311573253489317,"profit_abs":-0.01582333,"exit_reason":"exit_signal","initial_stop_loss_abs":100140.19,"initial_stop_loss_ratio":-0.07,"stop_loss_abs":100213.61,"stop_loss_ratio":-0.07,"min_rate":107560.99,"max_rate":107756.56,"is_open":false,"enter_tag":"","leverage":1.0,"is_short":false,"open_timestamp":1751286240000,"close_timestamp":1751289600000,"orders":[{"amount":9e-05,"safe_price":107677.62,"ft_order_side":"buy","order_filled_timestamp":1751286240000,"ft_is_entry":true,"ft_order_tag":"","cost":9.700676785799999},{"amount":9e-05,"safe_price":107717.2,"ft_order_side":"sell","order_filled_timestamp":1751289600000,"ft_is_entry":false,"ft_order_tag":"exit_signal","cost":9.704242548}]},{"pair":"ETH/USDT","stake_amount":9.84132,"max_stake_amount":9.84132,"amount":0.004,"open_date":"2025-06-30 13:50:00+00:00","close_date":"2025-06-30 14:11:00+00:00","open_rate":2460.33,"close_rate":2453.7,"fee_open":0.001,"fee_close":0.001,"trade_duration":21,"profit_ratio":-0.004687378320183676,"profit_abs":-0.04617612,"exit_reason":"force_exit","initial_stop_loss_abs":2288.11,"initial_stop_loss_ratio":-0.07,"stop_loss_abs":2292.83,"stop_loss_ratio":-0.07,"min_rate":2450.01,"max_rate":2465.4,"is_open":false,"enter_tag":"","leverage":1.0,"is_short":false,"open_timestamp":1751291400000,"close_timestamp":1751292660000,"orders":[{"amount":0.004,"safe_price":2460.33,"ft_order_side":"buy","order_filled_timestamp":1751291400000,"ft_is_entry":true,"ft_order_tag":"","cost":9.85116132},{"amount":0.004,"safe_price":2453.7,"ft_order_side":"sell","order_filled_timestamp":1751292660000,"ft_is_entry":false,"ft_order_tag":"force_exit","cost":9.824614799999999}]}],"locks":[],"best_pair":{"key":"ETH/USDT","trades":43,"profit_mean":-0.0010707297537225185,"profit_mean_pct":-0.11,"profit_sum":-0.0460413794100683,"profit_sum_pct":-4.6,"profit_total_abs":-0.45470833000000005,"profit_total":-0.00045470833000000005,"profit_total_pct":-0.05,"duration_avg":"1:09:00","wins":10,"draws":12,"losses":21,"winrate":0.23255813953488372},"worst_pair":{"key":"BTC/USDT","trades":38,"profit_mean":-0.001615240800569289,"profit_mean_pct":-0.16,"profit_sum":-0.06137915042163298,"profit_sum_pct":-6.14,"profit_total_abs":-0.59362849,"profit_total":-0.0005936284899999999,"profit_total_pct":-0.06,"duration_avg":"1:29:00","wins":5,"draws":13,"losses":20,"winrate":0.13157894736842105},"results_per_pair":[{"key":"ETH/USDT","trades":43,"profit_mean":-0.0010707297537225185,"profit_mean_pct":-0.11,"profit_sum":-0.0460413794100683,"profit_sum_pct":-4.6,"profit_total_abs":-0.45470833000000005,"profit_total":-0.00045470833000000005,"profit_total_pct":-0.05,"duration_avg":"1:09:00","wins":10,"draws":12,"losses":21,"winrate":0.23255813953488372},{"key":"BTC/USDT","trades":38,"profit_mean":-0.001615240800569289,"profit_mean_pct":-0.16,"profit_sum":-0.06137915042163298,"profit_sum_pct":-6.14,"profit_total_abs":-0.59362849,"profit_total":-0.0005936284899999999,"profit_total_pct":-0.06,"duration_avg":"1:29:00","wins":5,"draws":13,"losses":20,"winrate":0.13157894736842105},{"key":"TOTAL","trades":81,"profit_mean":-0.0013261793806382874,"profit_mean_pct":-0.13,"profit_sum":-0.10742052983170128,"profit_sum_pct":-10.74,"profit_total_abs":-1.04833682,"profit_total":-0.0010483368200000002,"profit_total_pct":-0.1,"duration_avg":"1:18:00","wins":15,"draws":25,"losses":41,"winrate":0.18518518518518517}],"results_per_enter_tag":[{"key":"","trades":81,"profit_mean":-0.0013261793806382874,"profit_mean_pct":-0.13,"profit_sum":-0.10742052983170128,"profit_sum_pct":-10.74,"profit_total_abs":-1.04833682,"profit_total":-0.0010483368200000002,"profit_total_pct":-0.1,"duration_avg":"1:18:00","wins":15,"draws":25,"losses":41,"winrate":0.18518518518518517},{"key":"TOTAL","trades":81,"profit_mean":-0.0013261793806382874,"profit_mean_pct":-0.13,"profit_sum":-0.10742052983170128,"profit_sum_pct":-10.74,"profit_total_abs":-1.04833682,"profit_total":-0.0010483368200000002,"profit_total_pct":-0.1,"duration_avg":"1:18:00","wins":15,"draws":25,"losses":41,"winrate":0.18518518518518517}],"exit_reason_summary":[{"key":"roi","trades":35,"profit_mean":0.000941109015017841,"profit_mean_pct":0.09,"profit_sum":0.032938815525624436,"profit_sum_pct":3.29,"profit_total_abs":0.32574749000000003,"profit_total":0.00032574749000000003,"profit_total_pct":0.03,"duration_avg":"1:06:00","wins":10,"draws":25,"losses":0,"winrate":0.2857142857142857},{"key":"force_exit","trades":1,"profit_mean":-0.004687378320183676,"profit_mean_pct":-0.47,"profit_sum":-0.004687378320183676,"profit_sum_pct":-0.47,"profit_total_abs":-0.04617612,"profit_total":-4.617612e-05,"profit_total_pct":-0.0,"duration_avg":"0:21:00","wins":0,"draws":0,"losses":1,"winrate":0.0},{"key":"exit_signal","trades":45,"profit_mean":-0.0030149326008253783,"profit_mean_pct":-0.3,"profit_sum":-0.13567196703714202,"profit_sum_pct":-13.57,"profit_total_abs":-1.3279081899999998,"profit_total":-0.0013279081899999997,"profit_total_pct":-0.13,"duration_avg":"1:30:00","wins":5,"draws":0,"losses":40,"winrate":0.1111111111111111},{"key":"TOTAL","trades":81,"profit_mean":-0.0013261793806382874,"profit_mean_pct":-0.13,"profit_sum":-0.10742052983170128,"profit_sum_pct":-10.74,"profit_total_abs":-1.04833682,"profit_total":-0.0010483368200000002,"profit_total_pct":-0.1,"duration_avg":"1:18:00","wins":15,"draws":25,"losses":41,"winrate":0.18518518518518517}],"mix_tag_stats":[{"key":["","roi"],"trades":35,"profit_mean":0.000941109015017841,"profit_mean_pct":0.09,"profit_sum":0.032938815525624436,"profit_sum_pct":3.29,"profit_total_abs":0.32574749000000003,"profit_total":0.00032574749000000003,"profit_total_pct":0.03,"duration_avg":"1:06:00","wins":10,"draws":25,"losses":0,"winrate":0.2857142857142857},{"key":["","force_exit"],"trades":1,"profit_mean":-0.004687378320183676,"profit_mean_pct":-0.47,"profit_sum":-0.004687378320183676,"profit_sum_pct":-0.47,"profit_total_abs":-0.04617612,"profit_total":-4.617612e-05,"profit_total_pct":-0.0,"duration_avg":"0:21:00","wins":0,"draws":0,"losses":1,"winrate":0.0},{"key":["","exit_signal"],"trades":45,"profit_mean":-0.0030149326008253783,"profit_mean_pct":-0.3,"profit_sum":-0.13567196703714202,"profit_sum_pct":-13.57,"profit_total_abs":-1.3279081899999998,"profit_total":-0.0013279081899999997,"profit_total_pct":-0.13,"duration_avg":"1:30:00","wins":5,"draws":0,"losses":40,"winrate":0.1111111111111111},{"key":"TOTAL","trades":81,"profit_mean":-0.0013261793806382874,"profit_mean_pct":-0.13,"profit_sum":-0.10742052983170128,"profit_sum_pct":-10.74,"profit_total_abs":-1.04833682,"profit_total":-0.0010483368200000002,"profit_total_pct":-0.1,"duration_avg":"1:18:00","wins":15,"draws":25,"losses":41,"winrate":0.18518518518518517}],"left_open_trades":[{"key":"ETH/USDT","trades":1,"profit_mean":-0.004687378320183676,"profit_mean_pct":-0.47,"profit_sum":-0.004687378320183676,"profit_sum_pct":-0.47,"profit_total_abs":-0.04617612,"profit_total":-4.617612e-05,"profit_total_pct":-0.0,"duration_avg":"0:21:00","wins":0,"draws":0,"losses":1,"winrate":0.0},{"key":"TOTAL","trades":1,"profit_mean":-0.004687378320183676,"profit_mean_pct":-0.47,"profit_sum":-0.004687378320183676,"profit_sum_pct":-0.47,"profit_total_abs":-0.04617612,"profit_total":-4.617612e-05,"profit_total_pct":-0.0,"duration_avg":"0:21:00","wins":0,"draws":0,"losses":1,"winrate":0.0}],"total_trades":81,"trade_count_long":81,"trade_count_short":0,"total_volume":1580.240682839237,"avg_stake_amount":9.741553676543209,"profit_mean":-0.0013261793806382874,"profit_median":-0.0003396377177605032,"profit_total":-0.0010483368200000002,"profit_total_long":-0.0010483368200000002,"profit_total_short":0.0,"profit_total_abs":-1.04833682,"profit_total_long_abs":-1.04833682,"profit_total_short_abs":0.0,"cagr":-0.053223242238765955,"expectancy":-0.012942429876543211,"expectancy_ratio":-0.6817816391971223,"sortino":-100.3192907968654,"sharpe":-75.53411253685395,"calmar":-264.45094705619243,"sqn":-3.056,"profit_factor":0.2628216396349535,"backtest_start":"2025-06-23 00:00:00","backtest_start_ts":1750636800000,"backtest_end":"2025-06-30 14:11:00","backtest_end_ts":1751292660000,"backtest_days":7,"backtest_run_start_ts":1751301096,"backtest_run_end_ts":1751301097,"trades_per_day":11.57,"market_change":0.08535653626498181,"pairlist":["BTC/USDT","ETH/USDT"],"stake_amount":10,"stake_currency":"USDT","stake_currency_decimals":3,"starting_balance":1000,"dry_run_wallet":1000,"final_balance":998.95166318,"rejected_signals":0,"timedout_entry_orders":0,"timedout_exit_orders":0,"canceled_trade_entries":0,"canceled_entry_orders":0,"replaced_entry_orders":0,"max_open_trades":2,"max_open_trades_setting":3,"timeframe":"1m","timeframe_detail":"","timerange":"","enable_protections":false,"strategy_name":"UltimateScalp10xStrategy","stoploss":-0.07,"trailing_stop":true,"trailing_stop_positive":0.01,"trailing_stop_positive_offset":0.02,"trailing_only_offset_is_reached":false,"use_custom_stoploss":false,"minimal_roi":{"0":0.05,"10":0.03,"20":0.02,"30":0},"use_exit_signal":true,"exit_profit_only":false,"exit_profit_offset":0.0,"ignore_roi_if_entry_signal":false,"trading_mode":"spot","margin_mode":"","periodic_breakdown":{"day":[{"date":"23/06/2025","date_ts":1750636800000,"profit_abs":0.02039192,"wins":4,"draws":5,"losses":2,"trades":11,"profit_factor":1.26778234},{"date":"24/06/2025","date_ts":1750723200000,"profit_abs":-0.14377149,"wins":3,"draws":1,"losses":6,"trades":10,"profit_factor":0.1485757},{"date":"25/06/2025","date_ts":1750809600000,"profit_abs":-0.03998654,"wins":3,"draws":4,"losses":4,"trades":11,"profit_factor":0.23775082},{"date":"26/06/2025","date_ts":1750896000000,"profit_abs":-0.06282306,"wins":2,"draws":6,"losses":7,"trades":15,"profit_factor":0.77307486},{"date":"27/06/2025","date_ts":1750982400000,"profit_abs":-0.26206475,"wins":2,"draws":3,"losses":6,"trades":11,"profit_factor":0.02909908},{"date":"28/06/2025","date_ts":1751068800000,"profit_abs":-0.07380995,"wins":0,"draws":2,"losses":4,"trades":6,"profit_factor":0.0},{"date":"29/06/2025","date_ts":1751155200000,"profit_abs":-0.10981139,"wins":0,"draws":3,"losses":2,"trades":5,"profit_factor":0.0},{"date":"30/06/2025","date_ts":1751241600000,"profit_abs":-0.37646156,"wins":1,"draws":1,"losses":10,"trades":12,"profit_factor":0.04509257}],"week":[{"date":"23/06/2025","date_ts":1750636800000,"profit_abs":0.02039192,"wins":4,"draws":5,"losses":2,"trades":11,"profit_factor":1.26778234},{"date":"30/06/2025","date_ts":1751241600000,"profit_abs":-1.06872874,"wins":11,"draws":20,"losses":39,"trades":70,"profit_factor":0.20596271}],"month":[{"date":"30/06/2025","date_ts":1751241600000,"profit_abs":-1.04833682,"wins":15,"draws":25,"losses":41,"trades":81,"profit_factor":0.26282164}],"year":[{"date":"31/12/2025","date_ts":1767139200000,"profit_abs":-1.04833682,"wins":15,"draws":25,"losses":41,"trades":81,"profit_factor":0.26282164}]},"backtest_best_day":0.0020789775069172227,"backtest_worst_day":-0.038126454674943654,"backtest_best_day_abs":0.02039192,"backtest_worst_day_abs":-0.37646156,"winning_days":1,"draw_days":0,"losing_days":7,"daily_profit":[["2025-06-23",0.02039192],["2025-06-24",-0.14377149],["2025-06-25",-0.03998654],["2025-06-26",-0.06282306],["2025-06-27",-0.26206475],["2025-06-28",-0.07380995],["2025-06-29",-0.10981139],["2025-06-30",-0.37646156]],"wins":15,"losses":41,"draws":25,"winrate":0.18518518518518517,"holding_avg":"1:18:00","holding_avg_s":4680.0,"winner_holding_avg":"0:23:00","winner_holding_avg_s":1380.0,"loser_holding_avg":"1:37:00","loser_holding_avg_s":5820.0,"max_consecutive_wins":2,"max_consecutive_losses":15,"max_drawdown_account":0.001081942311415817,"max_relative_drawdown":0.001081942311415817,"max_drawdown_abs":1.08197871,"drawdown_start":"2025-06-26 03:04:00","drawdown_start_ts":1750907040000.0,"drawdown_end":"2025-06-30 14:11:00","drawdown_end_ts":1751292660000.0,"max_drawdown_low":-1.04833682,"max_drawdown_high":0.033641889999999924,"csum_min":998.95166318,"csum_max":1000.03364189}},"strategy_comparison":[{"key":"UltimateScalp10xStrategy","trades":81,"profit_mean":-0.0013261793806382874,"profit_mean_pct":-0.13,"profit_sum":-0.10742052983170128,"profit_sum_pct":-10.74,"profit_total_abs":-1.04833682,"profit_total":-0.0010483368200000002,"profit_total_pct":-0.1,"duration_avg":"1:18:00","wins":15,"draws":25,"losses":41,"winrate":0.18518518518518517,"max_drawdown_account":0.001081942311415817,"max_drawdown_abs":"1.082"}]}