{"strategy":{"FixedRiskRewardLossV2":{"trades":[{"pair":"BTC/USDT","stake_amount":329.61091,"max_stake_amount":329.61091,"amount":0.00313,"open_date":"2025-06-03 05:35:00+00:00","close_date":"2025-06-03 06:25:00+00:00","open_rate":105307.0,"close_rate":105258.74,"fee_open":0.001,"fee_close":0.001,"trade_duration":50,"profit_ratio":-0.0024553654936520604,"profit_abs":-0.81012457,"exit_reason":"trailing_stop_loss","initial_stop_loss_abs":10530.7,"initial_stop_loss_ratio":-0.9,"stop_loss_abs":105258.74,"stop_loss_ratio":-0.0016846281895822601,"min_rate":105247.84,"max_rate":105472.1,"is_open":false,"enter_tag":"","leverage":1.0,"is_short":false,"open_timestamp":1748928900000,"close_timestamp":1748931900000,"orders":[{"amount":0.00313,"safe_price":105307.0,"ft_order_side":"buy","order_filled_timestamp":1748928900000,"ft_is_entry":true,"ft_order_tag":"","cost":329.94052091},{"amount":0.00313,"safe_price":105258.74,"ft_order_side":"sell","order_filled_timestamp":1748931900000,"ft_is_entry":false,"ft_order_tag":"trailing_stop_loss","cost":329.78931605619994}],"funding_fees":0.0},{"pair":"ETH/USDT","stake_amount":329.92187,"max_stake_amount":329.92187,"amount":0.127,"open_date":"2025-06-03 05:05:00+00:00","close_date":"2025-06-03 08:10:00+00:00","open_rate":2597.81,"close_rate":2603.01,"fee_open":0.001,"fee_close":0.001,"trade_duration":185,"profit_ratio":-3.153351550655434e-07,"profit_abs":-0.00010414,"exit_reason":"trailing_stop_loss","initial_stop_loss_abs":259.79,"initial_stop_loss_ratio":-0.9,"stop_loss_abs":2603.01,"stop_loss_ratio":-0.0030847165518986808,"min_rate":2596.56,"max_rate":2620.75,"is_open":false,"enter_tag":"","leverage":1.0,"is_short":false,"open_timestamp":1748927100000,"close_timestamp":1748938200000,"orders":[{"amount":0.127,"safe_price":2597.81,"ft_order_side":"buy","order_filled_timestamp":1748927100000,"ft_is_entry":true,"ft_order_tag":"","cost":330.25179187},{"amount":0.127,"safe_price":2603.01,"ft_order_side":"sell","order_filled_timestamp":1748938200000,"ft_is_entry":false,"ft_order_tag":"trailing_stop_loss","cost":330.91285227000003}],"funding_fees":0.0},{"pair":"BTC/USDT","stake_amount":329.3136,"max_stake_amount":329.3136,"amount":0.00315,"open_date":"2025-06-05 07:45:00+00:00","close_date":"2025-06-05 13:45:00+00:00","open_rate":104544.0,"close_rate":105312.89,"fee_open":0.001,"fee_close":0.001,"trade_duration":360,"profit_ratio":0.005342005628966143,"profit_abs":1.7609543,"exit_reason":"trailing_stop_loss","initial_stop_loss_abs":10454.4,"initial_stop_loss_ratio":-0.9,"stop_loss_abs":105312.89,"stop_loss_ratio":-0.004245645708797707,"min_rate":104424.52,"max_rate":105909.71,"is_open":false,"enter_tag":"","leverage":1.0,"is_short":false,"open_timestamp":1749109500000,"close_timestamp":1749131100000,"orders":[{"amount":0.00315,"safe_price":104544.0,"ft_order_side":"buy","order_filled_timestamp":1749109500000,"ft_is_entry":true,"ft_order_tag":"","cost":329.6429136},{"amount":0.00315,"safe_price":105312.89,"ft_order_side":"sell","order_filled_timestamp":1749131100000,"ft_is_entry":false,"ft_order_tag":"trailing_stop_loss","cost":332.0673391035}],"funding_fees":0.0},{"pair":"ETH/USDT","stake_amount":330.11025,"max_stake_amount":330.11025,"amount":0.1275,"open_date":"2025-06-05 15:20:00+00:00","close_date":"2025-06-05 16:15:00+00:00","open_rate":2589.1,"close_rate":2577.17,"fee_open":0.001,"fee_close":0.001,"trade_duration":55,"profit_ratio":-0.006596574426776609,"profit_abs":-2.17977443,"exit_reason":"trailing_stop_loss","initial_stop_loss_abs":258.91,"initial_stop_loss_ratio":-0.9,"stop_loss_abs":2577.17,"stop_loss_ratio":-0.008432822011399166,"min_rate":2558.58,"max_rate":2602.49,"is_open":false,"enter_tag":"","leverage":1.0,"is_short":false,"open_timestamp":1749136800000,"close_timestamp":1749140100000,"orders":[{"amount":0.1275,"safe_price":2589.1,"ft_order_side":"buy","order_filled_timestamp":1749136800000,"ft_is_entry":true,"ft_order_tag":"","cost":330.44036024999997},{"amount":0.1275,"safe_price":2577.17,"ft_order_side":"sell","order_filled_timestamp":1749140100000,"ft_is_entry":false,"ft_order_tag":"trailing_stop_loss","cost":328.917764175}],"funding_fees":0.0},{"pair":"ETH/USDT","stake_amount":329.57704,"max_stake_amount":329.57704,"amount":0.1352,"open_date":"2025-06-05 21:55:00+00:00","close_date":"2025-06-06 00:20:00+00:00","open_rate":2437.7,"close_rate":2401.1,"fee_open":0.001,"fee_close":0.001,"trade_duration":145,"profit_ratio":-0.01698215637584715,"profit_abs":-5.60252576,"exit_reason":"trailing_stop_loss","initial_stop_loss_abs":243.77,"initial_stop_loss_ratio":-0.9,"stop_loss_abs":2401.1,"stop_loss_ratio":-0.016201301344031638,"min_rate":2381.49,"max_rate":2440.64,"is_open":false,"enter_tag":"","leverage":1.0,"is_short":false,"open_timestamp":1749160500000,"close_timestamp":1749169200000,"orders":[{"amount":0.1352,"safe_price":2437.7,"ft_order_side":"buy","order_filled_timestamp":1749160500000,"ft_is_entry":true,"ft_order_tag":"","cost":329.9066170399999},{"amount":0.1352,"safe_price":2401.1,"ft_order_side":"sell","order_filled_timestamp":1749169200000,"ft_is_entry":false,"ft_order_tag":"trailing_stop_loss","cost":324.9533487199999}],"funding_fees":0.0},{"pair":"ETH/USDT","stake_amount":327.53412,"max_stake_amount":327.53412,"amount":0.1305,"open_date":"2025-06-09 00:00:00+00:00","close_date":"2025-06-09 00:25:00+00:00","open_rate":2509.84,"close_rate":2500.16,"fee_open":0.001,"fee_close":0.001,"trade_duration":25,"profit_ratio":-0.005847115623037594,"profit_abs":-1.917045,"exit_reason":"trailing_stop_loss","initial_stop_loss_abs":250.99,"initial_stop_loss_ratio":-0.9,"stop_loss_abs":2500.16,"stop_loss_ratio":-0.00463101051819359,"min_rate":2500.0,"max_rate":2511.79,"is_open":false,"enter_tag":"","leverage":1.0,"is_short":false,"open_timestamp":1749427200000,"close_timestamp":1749428700000,"orders":[{"amount":0.1305,"safe_price":2509.84,"ft_order_side":"buy","order_filled_timestamp":1749427200000,"ft_is_entry":true,"ft_order_tag":"","cost":327.86165411999997},{"amount":0.1305,"safe_price":2500.16,"ft_order_side":"sell","order_filled_timestamp":1749428700000,"ft_is_entry":false,"ft_order_tag":"trailing_stop_loss","cost":326.59715087999996}],"funding_fees":0.0},{"pair":"BTC/USDT","stake_amount":326.6130309,"max_stake_amount":326.6130309,"amount":0.00309,"open_date":"2025-06-09 00:25:00+00:00","close_date":"2025-06-09 01:50:00+00:00","open_rate":105700.01,"close_rate":105521.12,"fee_open":0.001,"fee_close":0.001,"trade_duration":85,"profit_ratio":-0.0036870517613176797,"profit_abs":-1.20544339,"exit_reason":"trailing_stop_loss","initial_stop_loss_abs":10570.01,"initial_stop_loss_ratio":-0.9,"stop_loss_abs":105521.12,"stop_loss_ratio":-0.003184381934956515,"min_rate":105508.56,"max_rate":105966.33,"is_open":false,"enter_tag":"","leverage":1.0,"is_short":false,"open_timestamp":1749428700000,"close_timestamp":1749433800000,"orders":[{"amount":0.00309,"safe_price":105700.01,"ft_order_side":"buy","order_filled_timestamp":1749428700000,"ft_is_entry":true,"ft_order_tag":"","cost":326.93964393089993},{"amount":0.00309,"safe_price":105521.12,"ft_order_side":"sell","order_filled_timestamp":1749433800000,"ft_is_entry":false,"ft_order_tag":"trailing_stop_loss","cost":326.38632106079996}],"funding_fees":0.0},{"pair":"BTC/USDT","stake_amount":326.56896,"max_stake_amount":326.56896,"amount":0.003,"open_date":"2025-06-11 19:25:00+00:00","close_date":"2025-06-11 20:00:00+00:00","open_rate":108856.32,"close_rate":108543.26,"fee_open":0.001,"fee_close":0.001,"trade_duration":35,"profit_ratio":-0.0048681569462356465,"profit_abs":-1.59137874,"exit_reason":"trailing_stop_loss","initial_stop_loss_abs":10885.64,"initial_stop_loss_ratio":-0.9,"stop_loss_abs":108543.26,"stop_loss_ratio":-0.003824794747077198,"min_rate":108520.0,"max_rate":108960.0,"is_open":false,"enter_tag":"","leverage":1.0,"is_short":false,"open_timestamp":1749669900000,"close_timestamp":1749672000000,"orders":[{"amount":0.003,"safe_price":108856.32,"ft_order_side":"buy","order_filled_timestamp":1749669900000,"ft_is_entry":true,"ft_order_tag":"","cost":326.89552896},{"amount":0.003,"safe_price":108543.26,"ft_order_side":"sell","order_filled_timestamp":1749672000000,"ft_is_entry":false,"ft_order_tag":"trailing_stop_loss","cost":325.95540977999997}],"funding_fees":0.0},{"pair":"ETH/USDT","stake_amount":325.915464,"max_stake_amount":325.915464,"amount":0.1176,"open_date":"2025-06-11 23:20:00+00:00","close_date":"2025-06-12 01:35:00+00:00","open_rate":2771.39,"close_rate":2752.02,"fee_open":0.001,"fee_close":0.001,"trade_duration":135,"profit_ratio":-0.008973309960893662,"profit_abs":-2.92746502,"exit_reason":"trailing_stop_loss","initial_stop_loss_abs":277.14,"initial_stop_loss_ratio":-0.9,"stop_loss_abs":2752.02,"stop_loss_ratio":-0.008083802569005427,"min_rate":2752.01,"max_rate":2784.83,"is_open":false,"enter_tag":"","leverage":1.0,"is_short":false,"open_timestamp":1749684000000,"close_timestamp":1749692100000,"orders":[{"amount":0.1176,"safe_price":2771.39,"ft_order_side":"buy","order_filled_timestamp":1749684000000,"ft_is_entry":true,"ft_order_tag":"","cost":326.241379464},{"amount":0.1176,"safe_price":2752.02,"ft_order_side":"sell","order_filled_timestamp":1749692100000,"ft_is_entry":false,"ft_order_tag":"trailing_stop_loss","cost":323.96118955199995}],"funding_fees":0.0},{"pair":"BTC/USDT","stake_amount":324.1925918,"max_stake_amount":324.1925918,"amount":0.00301,"open_date":"2025-06-12 05:50:00+00:00","close_date":"2025-06-12 07:40:00+00:00","open_rate":107705.18,"close_rate":107508.6,"fee_open":0.001,"fee_close":0.001,"trade_duration":110,"profit_ratio":-0.003819522870975792,"profit_abs":-1.23949928,"exit_reason":"trailing_stop_loss","initial_stop_loss_abs":10770.52,"initial_stop_loss_ratio":-0.9,"stop_loss_abs":107508.6,"stop_loss_ratio":-0.0020230745108757997,"min_rate":107438.65,"max_rate":107993.58,"is_open":false,"enter_tag":"","leverage":1.0,"is_short":false,"open_timestamp":1749707400000,"close_timestamp":1749714000000,"orders":[{"amount":0.00301,"safe_price":107705.18,"ft_order_side":"buy","order_filled_timestamp":1749707400000,"ft_is_entry":true,"ft_order_tag":"","cost":324.51678439179994},{"amount":0.00301,"safe_price":107508.6,"ft_order_side":"sell","order_filled_timestamp":1749714000000,"ft_is_entry":false,"ft_order_tag":"trailing_stop_loss","cost":323.92448688599995}],"funding_fees":0.0},{"pair":"BTC/USDT","stake_amount":323.8089535,"max_stake_amount":323.8089535,"amount":0.00305,"open_date":"2025-06-12 22:15:00+00:00","close_date":"2025-06-13 00:00:00+00:00","open_rate":106166.87,"close_rate":105311.09,"fee_open":0.001,"fee_close":0.001,"trade_duration":105,"profit_ratio":-0.010042603393006225,"profit_abs":-3.25513678,"exit_reason":"trailing_stop_loss","initial_stop_loss_abs":10616.69,"initial_stop_loss_ratio":-0.9,"stop_loss_abs":105311.09,"stop_loss_ratio":-0.008251457410269114,"min_rate":104520.0,"max_rate":106187.28,"is_open":false,"enter_tag":"","leverage":1.0,"is_short":false,"open_timestamp":1749766500000,"close_timestamp":1749772800000,"orders":[{"amount":0.00305,"safe_price":106166.87,"ft_order_side":"buy","order_filled_timestamp":1749766500000,"ft_is_entry":true,"ft_order_tag":"","cost":324.1327624535},{"amount":0.00305,"safe_price":105311.09,"ft_order_side":"sell","order_filled_timestamp":1749772800000,"ft_is_entry":false,"ft_order_tag":"trailing_stop_loss","cost":321.52002332449996}],"funding_fees":0.0},{"pair":"BTC/USDT","stake_amount":323.2612032,"max_stake_amount":323.2612032,"amount":0.00312,"open_date":"2025-06-13 01:50:00+00:00","close_date":"2025-06-13 04:20:00+00:00","open_rate":103609.36,"close_rate":103816.58,"fee_open":0.001,"fee_close":0.001,"trade_duration":150,"profit_ratio":-1.985663932244226e-06,"profit_abs":-0.00064253,"exit_reason":"trailing_stop_loss","initial_stop_loss_abs":10360.94,"initial_stop_loss_ratio":-0.9,"stop_loss_abs":103816.58,"stop_loss_ratio":-0.007394791853906013,"min_rate":103065.58,"max_rate":104590.0,"is_open":false,"enter_tag":"","leverage":1.0,"is_short":false,"open_timestamp":1749779400000,"close_timestamp":1749788400000,"orders":[{"amount":0.00312,"safe_price":103609.36,"ft_order_side":"buy","order_filled_timestamp":1749779400000,"ft_is_entry":true,"ft_order_tag":"","cost":323.5844644032},{"amount":0.00312,"safe_price":103816.58,"ft_order_side":"sell","order_filled_timestamp":1749788400000,"ft_is_entry":false,"ft_order_tag":"trailing_stop_loss","cost":324.23163732959995}],"funding_fees":0.0},{"pair":"ETH/USDT","stake_amount":323.540289,"max_stake_amount":323.540289,"amount":0.1289,"open_date":"2025-06-15 21:45:00+00:00","close_date":"2025-06-15 22:00:00+00:00","open_rate":2510.01,"close_rate":2515.04,"fee_open":0.001,"fee_close":0.001,"trade_duration":15,"profit_ratio":1.9701181246474916e-06,"profit_abs":0.00063805,"exit_reason":"trailing_stop_loss","initial_stop_loss_abs":251.01,"initial_stop_loss_ratio":-0.9,"stop_loss_abs":2515.04,"stop_loss_ratio":-0.0075605933256781555,"min_rate":2510.01,"max_rate":2534.19,"is_open":false,"enter_tag":"","leverage":1.0,"is_short":false,"open_timestamp":1750023900000,"close_timestamp":1750024800000,"orders":[{"amount":0.1289,"safe_price":2510.01,"ft_order_side":"buy","order_filled_timestamp":1750023900000,"ft_is_entry":true,"ft_order_tag":"","cost":323.8638292889999},{"amount":0.1289,"safe_price":2515.04,"ft_order_side":"sell","order_filled_timestamp":1750024800000,"ft_is_entry":false,"ft_order_tag":"trailing_stop_loss","cost":324.51284465599997}],"funding_fees":0.0},{"pair":"BTC/USDT","stake_amount":323.4347745,"max_stake_amount":323.4347745,"amount":0.00303,"open_date":"2025-06-17 08:15:00+00:00","close_date":"2025-06-17 08:40:00+00:00","open_rate":106744.15,"close_rate":106529.41,"fee_open":0.001,"fee_close":0.001,"trade_duration":25,"profit_ratio":-0.004005708744516908,"profit_abs":-1.29688109,"exit_reason":"trailing_stop_loss","initial_stop_loss_abs":10674.42,"initial_stop_loss_ratio":-0.9,"stop_loss_abs":106529.41,"stop_loss_ratio":-0.0020117854102051913,"min_rate":106484.89,"max_rate":106822.78,"is_open":false,"enter_tag":"","leverage":1.0,"is_short":false,"open_timestamp":1750148100000,"close_timestamp":1750149600000,"orders":[{"amount":0.00303,"safe_price":106744.15,"ft_order_side":"buy","order_filled_timestamp":1750148100000,"ft_is_entry":true,"ft_order_tag":"","cost":323.75820927449996},{"amount":0.00303,"safe_price":106529.41,"ft_order_side":"sell","order_filled_timestamp":1750149600000,"ft_is_entry":false,"ft_order_tag":"trailing_stop_loss","cost":323.1068964123}],"funding_fees":0.0},{"pair":"BTC/USDT","stake_amount":322.439351,"max_stake_amount":322.439351,"amount":0.00305,"open_date":"2025-06-17 12:10:00+00:00","close_date":"2025-06-17 12:50:00+00:00","open_rate":105717.82,"close_rate":105558.7,"fee_open":0.001,"fee_close":0.001,"trade_duration":40,"profit_ratio":-0.0035001336086636927,"profit_abs":-1.12970939,"exit_reason":"trailing_stop_loss","initial_stop_loss_abs":10571.79,"initial_stop_loss_ratio":-0.9,"stop_loss_abs":105558.7,"stop_loss_ratio":-0.0028653846363757562,"min_rate":105482.29,"max_rate":105862.03,"is_open":false,"enter_tag":"","leverage":1.0,"is_short":false,"open_timestamp":1750162200000,"close_timestamp":1750164600000,"orders":[{"amount":0.00305,"safe_price":105717.82,"ft_order_side":"buy","order_filled_timestamp":1750162200000,"ft_is_entry":true,"ft_order_tag":"","cost":322.761790351},{"amount":0.00305,"safe_price":105558.7,"ft_order_side":"sell","order_filled_timestamp":1750164600000,"ft_is_entry":false,"ft_order_tag":"trailing_stop_loss","cost":322.275989035}],"funding_fees":0.0},{"pair":"BTC/USDT","stake_amount":322.7274795,"max_stake_amount":322.7274795,"amount":0.00309,"open_date":"2025-06-17 16:40:00+00:00","close_date":"2025-06-17 16:50:00+00:00","open_rate":104442.55,"close_rate":103688.76,"fee_open":0.001,"fee_close":0.001,"trade_duration":10,"profit_ratio":-0.009200851093058168,"profit_abs":-2.97233685,"exit_reason":"trailing_stop_loss","initial_stop_loss_abs":10444.26,"initial_stop_loss_ratio":-0.9,"stop_loss_abs":103688.76,"stop_loss_ratio":-0.00721744651176115,"min_rate":103540.0,"max_rate":104442.56,"is_open":false,"enter_tag":"","leverage":1.0,"is_short":false,"open_timestamp":1750178400000,"close_timestamp":1750179000000,"orders":[{"amount":0.00309,"safe_price":104442.55,"ft_order_side":"buy","order_filled_timestamp":1750178400000,"ft_is_entry":true,"ft_order_tag":"","cost":323.0502069795},{"amount":0.00309,"safe_price":103688.76,"ft_order_side":"sell","order_filled_timestamp":1750179000000,"ft_is_entry":false,"ft_order_tag":"trailing_stop_loss","cost":320.7186666683999}],"funding_fees":0.0},{"pair":"ETH/USDT","stake_amount":321.7656,"max_stake_amount":321.7656,"amount":0.13,"open_date":"2025-06-17 18:10:00+00:00","close_date":"2025-06-18 13:05:00+00:00","open_rate":2475.12,"close_rate":2480.08,"fee_open":0.001,"fee_close":0.001,"trade_duration":1135,"profit_ratio":1.9373625501813224e-06,"profit_abs":0.000624,"exit_reason":"trailing_stop_loss","initial_stop_loss_abs":247.52,"initial_stop_loss_ratio":-0.9,"stop_loss_abs":2480.08,"stop_loss_ratio":-0.013146961334760787,"min_rate":2464.5,"max_rate":2548.42,"is_open":false,"enter_tag":"","leverage":1.0,"is_short":false,"open_timestamp":1750183800000,"close_timestamp":1750251900000,"orders":[{"amount":0.13,"safe_price":2475.12,"ft_order_side":"buy","order_filled_timestamp":1750183800000,"ft_is_entry":true,"ft_order_tag":"","cost":322.0873656},{"amount":0.13,"safe_price":2480.08,"ft_order_side":"sell","order_filled_timestamp":1750251900000,"ft_is_entry":false,"ft_order_tag":"trailing_stop_loss","cost":322.73281039999995}],"funding_fees":0.0},{"pair":"BTC/USDT","stake_amount":321.5825307,"max_stake_amount":321.5825307,"amount":0.00307,"open_date":"2025-06-19 07:45:00+00:00","close_date":"2025-06-19 13:15:00+00:00","open_rate":104750.01,"close_rate":104614.01,"fee_open":0.001,"fee_close":0.001,"trade_duration":330,"profit_ratio":-0.00329373716091703,"profit_abs":-1.06026754,"exit_reason":"trailing_stop_loss","initial_stop_loss_abs":10475.01,"initial_stop_loss_ratio":-0.9,"stop_loss_abs":104614.01,"stop_loss_ratio":-0.0012983525058957168,"min_rate":104579.59,"max_rate":105073.53,"is_open":false,"enter_tag":"","leverage":1.0,"is_short":false,"open_timestamp":1750319100000,"close_timestamp":1750338900000,"orders":[{"amount":0.00307,"safe_price":104750.01,"ft_order_side":"buy","order_filled_timestamp":1750319100000,"ft_is_entry":true,"ft_order_tag":"","cost":321.9041132306999},{"amount":0.00307,"safe_price":104614.01,"ft_order_side":"sell","order_filled_timestamp":1750338900000,"ft_is_entry":false,"ft_order_tag":"trailing_stop_loss","cost":321.48617571069997}],"funding_fees":0.0},{"pair":"ETH/USDT","stake_amount":321.4556,"max_stake_amount":321.4556,"amount":0.1325,"open_date":"2025-06-20 18:50:00+00:00","close_date":"2025-06-20 19:10:00+00:00","open_rate":2426.08,"close_rate":2401.16,"fee_open":0.001,"fee_close":0.001,"trade_duration":20,"profit_ratio":-0.012249193133582767,"profit_abs":-3.9415093,"exit_reason":"trailing_stop_loss","initial_stop_loss_abs":242.61,"initial_stop_loss_ratio":-0.9,"stop_loss_abs":2401.16,"stop_loss_ratio":-0.010612197604826124,"min_rate":2393.52,"max_rate":2426.91,"is_open":false,"enter_tag":"","leverage":1.0,"is_short":false,"open_timestamp":1750445400000,"close_timestamp":1750446600000,"orders":[{"amount":0.1325,"safe_price":2426.08,"ft_order_side":"buy","order_filled_timestamp":1750445400000,"ft_is_entry":true,"ft_order_tag":"","cost":321.7770556},{"amount":0.1325,"safe_price":2401.16,"ft_order_side":"sell","order_filled_timestamp":1750446600000,"ft_is_entry":false,"ft_order_tag":"trailing_stop_loss","cost":318.4718537}],"funding_fees":0.0},{"pair":"BTC/USDT","stake_amount":319.740882,"max_stake_amount":319.740882,"amount":0.0031,"open_date":"2025-06-20 19:10:00+00:00","close_date":"2025-06-21 15:35:00+00:00","open_rate":103142.22,"close_rate":103348.51,"fee_open":0.001,"fee_close":0.001,"trade_duration":1225,"profit_ratio":-1.944194179205278e-06,"profit_abs":-0.00062226,"exit_reason":"trailing_stop_loss","initial_stop_loss_abs":10314.23,"initial_stop_loss_ratio":-0.9,"stop_loss_abs":103348.51,"stop_loss_ratio":-0.005231351403380713,"min_rate":102963.67,"max_rate":103982.64,"is_open":false,"enter_tag":"","leverage":1.0,"is_short":false,"open_timestamp":1750446600000,"close_timestamp":1750520100000,"orders":[{"amount":0.0031,"safe_price":103142.22,"ft_order_side":"buy","order_filled_timestamp":1750446600000,"ft_is_entry":true,"ft_order_tag":"","cost":320.06062288199996},{"amount":0.0031,"safe_price":103348.51,"ft_order_side":"sell","order_filled_timestamp":1750520100000,"ft_is_entry":false,"ft_order_tag":"trailing_stop_loss","cost":320.70076138099995}],"funding_fees":0.0},{"pair":"BTC/USDT","stake_amount":319.9793178,"max_stake_amount":319.9793178,"amount":0.00298,"open_date":"2025-06-26 10:50:00+00:00","close_date":"2025-06-26 11:45:00+00:00","open_rate":107375.61,"close_rate":107150.57,"fee_open":0.001,"fee_close":0.001,"trade_duration":55,"profit_ratio":-0.004089635012587121,"profit_abs":-1.30990722,"exit_reason":"trailing_stop_loss","initial_stop_loss_abs":10737.57,"initial_stop_loss_ratio":-0.9,"stop_loss_abs":107150.57,"stop_loss_ratio":-0.002731050514105937,"min_rate":107117.65,"max_rate":107444.0,"is_open":false,"enter_tag":"","leverage":1.0,"is_short":false,"open_timestamp":1750935000000,"close_timestamp":1750938300000,"orders":[{"amount":0.00298,"safe_price":107375.61,"ft_order_side":"buy","order_filled_timestamp":1750935000000,"ft_is_entry":true,"ft_order_tag":"","cost":320.29929711779994},{"amount":0.00298,"safe_price":107150.57,"ft_order_side":"sell","order_filled_timestamp":1750938300000,"ft_is_entry":false,"ft_order_tag":"trailing_stop_loss","cost":319.6280072986}],"funding_fees":0.0},{"pair":"BTC/USDT","stake_amount":318.808872,"max_stake_amount":318.808872,"amount":0.00296,"open_date":"2025-06-30 08:10:00+00:00","close_date":"2025-06-30 08:55:00+00:00","open_rate":107705.7,"close_rate":107467.63,"fee_open":0.001,"fee_close":0.001,"trade_duration":45,"profit_ratio":-0.004203960798180046,"profit_abs":-1.34160026,"exit_reason":"trailing_stop_loss","initial_stop_loss_abs":10770.57,"initial_stop_loss_ratio":-0.9,"stop_loss_abs":107467.63,"stop_loss_ratio":-0.0022104830288371957,"min_rate":107459.0,"max_rate":107705.71,"is_open":false,"enter_tag":"","leverage":1.0,"is_short":false,"open_timestamp":1751271000000,"close_timestamp":1751273700000,"orders":[{"amount":0.00296,"safe_price":107705.7,"ft_order_side":"buy","order_filled_timestamp":1751271000000,"ft_is_entry":true,"ft_order_tag":"","cost":319.127680872},{"amount":0.00296,"safe_price":107467.63,"ft_order_side":"sell","order_filled_timestamp":1751273700000,"ft_is_entry":false,"ft_order_tag":"trailing_stop_loss","cost":318.42228898479993}],"funding_fees":0.0},{"pair":"ETH/USDT","stake_amount":319.656764,"max_stake_amount":319.656764,"amount":0.1291,"open_date":"2025-06-30 08:30:00+00:00","close_date":"2025-06-30 09:40:00+00:00","open_rate":2476.04,"close_rate":2461.36,"fee_open":0.001,"fee_close":0.001,"trade_duration":70,"profit_ratio":-0.007914978028546469,"profit_abs":-2.53260634,"exit_reason":"trailing_stop_loss","initial_stop_loss_abs":247.61,"initial_stop_loss_ratio":-0.9,"stop_loss_abs":2461.36,"stop_loss_ratio":-0.006230368716976908,"min_rate":2455.2,"max_rate":2477.0,"is_open":false,"enter_tag":"","leverage":1.0,"is_short":false,"open_timestamp":1751272200000,"close_timestamp":1751276400000,"orders":[{"amount":0.1291,"safe_price":2476.04,"ft_order_side":"buy","order_filled_timestamp":1751272200000,"ft_is_entry":true,"ft_order_tag":"","cost":319.9764207639999},{"amount":0.1291,"safe_price":2461.36,"ft_order_side":"sell","order_filled_timestamp":1751276400000,"ft_is_entry":false,"ft_order_tag":"trailing_stop_loss","cost":318.07933757599994}],"funding_fees":0.0},{"pair":"ETH/USDT","stake_amount":318.52856,"max_stake_amount":318.52856,"amount":0.1295,"open_date":"2025-07-01 06:25:00+00:00","close_date":"2025-07-01 07:15:00+00:00","open_rate":2459.68,"close_rate":2450.01,"fee_open":0.001,"fee_close":0.001,"trade_duration":50,"profit_ratio":-0.005921552737166383,"profit_abs":-1.88806985,"exit_reason":"trailing_stop_loss","initial_stop_loss_abs":245.97,"initial_stop_loss_ratio":-0.9,"stop_loss_abs":2450.01,"stop_loss_ratio":-0.004588677987888756,"min_rate":2450.0,"max_rate":2463.69,"is_open":false,"enter_tag":"","leverage":1.0,"is_short":false,"open_timestamp":1751351100000,"close_timestamp":1751354100000,"orders":[{"amount":0.1295,"safe_price":2459.68,"ft_order_side":"buy","order_filled_timestamp":1751351100000,"ft_is_entry":true,"ft_order_tag":"","cost":318.8470885599999},{"amount":0.1295,"safe_price":2450.01,"ft_order_side":"sell","order_filled_timestamp":1751354100000,"ft_is_entry":false,"ft_order_tag":"trailing_stop_loss","cost":317.593571295}],"funding_fees":0.0},{"pair":"BTC/USDT","stake_amount":318.3492578,"max_stake_amount":318.3492578,"amount":0.00298,"open_date":"2025-07-01 06:45:00+00:00","close_date":"2025-07-01 07:15:00+00:00","open_rate":106828.61,"close_rate":106753.43,"fee_open":0.001,"fee_close":0.001,"trade_duration":30,"profit_ratio":-0.0027003399810383625,"profit_abs":-0.86051088,"exit_reason":"trailing_stop_loss","initial_stop_loss_abs":10682.87,"initial_stop_loss_ratio":-0.9,"stop_loss_abs":106753.43,"stop_loss_ratio":-0.0012569729249866102,"min_rate":106681.52,"max_rate":107000.0,"is_open":false,"enter_tag":"","leverage":1.0,"is_short":false,"open_timestamp":1751352300000,"close_timestamp":1751354100000,"orders":[{"amount":0.00298,"safe_price":106828.61,"ft_order_side":"buy","order_filled_timestamp":1751352300000,"ft_is_entry":true,"ft_order_tag":"","cost":318.66760705779996},{"amount":0.00298,"safe_price":106753.43,"ft_order_side":"sell","order_filled_timestamp":1751354100000,"ft_is_entry":false,"ft_order_tag":"trailing_stop_loss","cost":318.44334662139994}],"funding_fees":0.0},{"pair":"ETH/USDT","stake_amount":317.48374,"max_stake_amount":317.48374,"amount":0.131,"open_date":"2025-07-01 16:00:00+00:00","close_date":"2025-07-01 18:55:00+00:00","open_rate":2423.54,"close_rate":2409.13,"fee_open":0.001,"fee_close":0.001,"trade_duration":175,"profit_ratio":-0.00793196999160177,"profit_abs":-2.52078977,"exit_reason":"trailing_stop_loss","initial_stop_loss_abs":242.36,"initial_stop_loss_ratio":-0.9,"stop_loss_abs":2409.13,"stop_loss_ratio":-0.0063387798556081565,"min_rate":2400.0,"max_rate":2434.0,"is_open":false,"enter_tag":"","leverage":1.0,"is_short":false,"open_timestamp":1751385600000,"close_timestamp":1751396100000,"orders":[{"amount":0.131,"safe_price":2423.54,"ft_order_side":"buy","order_filled_timestamp":1751385600000,"ft_is_entry":true,"ft_order_tag":"","cost":317.80122373999995},{"amount":0.131,"safe_price":2409.13,"ft_order_side":"sell","order_filled_timestamp":1751396100000,"ft_is_entry":false,"ft_order_tag":"trailing_stop_loss","cost":315.91162603}],"funding_fees":0.0}],"locks":[],"best_pair":{"key":"BTC/USDT","trades":15,"profit_mean":-0.0033685994062196026,"profit_mean_pct":-0.34,"profit_sum":-0.05052899109329404,"profit_sum_pct":-5.05,"profit_total_abs":-16.31310648,"profit_total":-0.01631310648,"profit_total_pct":-1.63,"duration_avg":"2:57:00","wins":1,"draws":0,"losses":14,"winrate":0.06666666666666667,"cagr":-0.1869911442018385,"expectancy":-1.087540432,"expectancy_ratio":-0.8423987411200904,"sortino":-12.342805112326905,"sharpe":-9.472621953777356,"calmar":-62.31003949957372,"sqn":-3.5867,"profit_factor":0.09742992022847452,"max_drawdown_account":0.017247536739299005,"max_drawdown_abs":17.263936209999997},"worst_pair":{"key":"ETH/USDT","trades":11,"profit_mean":-0.006583023466539331,"profit_mean_pct":-0.66,"profit_sum":-0.07241325813193264,"profit_sum_pct":-7.24,"profit_total_abs":-23.50862756,"profit_total":-0.023508627560000002,"profit_total_pct":-2.35,"duration_avg":"3:03:00","wins":2,"draws":0,"losses":9,"winrate":0.18181818181818182,"cagr":-0.25875039078940476,"expectancy":-2.13714796,"expectancy_ratio":-0.8181378968201799,"sortino":-10.704019220370938,"sharpe":-9.37612126701318,"calmar":-65.87921784325093,"sqn":-4.0915,"profit_factor":5.3681664224539076e-05,"max_drawdown_account":0.023508627560000037,"max_drawdown_abs":23.50862756},"results_per_pair":[{"key":"BTC/USDT","trades":15,"profit_mean":-0.0033685994062196026,"profit_mean_pct":-0.34,"profit_sum":-0.05052899109329404,"profit_sum_pct":-5.05,"profit_total_abs":-16.31310648,"profit_total":-0.01631310648,"profit_total_pct":-1.63,"duration_avg":"2:57:00","wins":1,"draws":0,"losses":14,"winrate":0.06666666666666667,"cagr":-0.1869911442018385,"expectancy":-1.087540432,"expectancy_ratio":-0.8423987411200904,"sortino":-12.342805112326905,"sharpe":-9.472621953777356,"calmar":-62.31003949957372,"sqn":-3.5867,"profit_factor":0.09742992022847452,"max_drawdown_account":0.017247536739299005,"max_drawdown_abs":17.263936209999997},{"key":"ETH/USDT","trades":11,"profit_mean":-0.006583023466539331,"profit_mean_pct":-0.66,"profit_sum":-0.07241325813193264,"profit_sum_pct":-7.24,"profit_total_abs":-23.50862756,"profit_total":-0.023508627560000002,"profit_total_pct":-2.35,"duration_avg":"3:03:00","wins":2,"draws":0,"losses":9,"winrate":0.18181818181818182,"cagr":-0.25875039078940476,"expectancy":-2.13714796,"expectancy_ratio":-0.8181378968201799,"sortino":-10.704019220370938,"sharpe":-9.37612126701318,"calmar":-65.87921784325093,"sqn":-4.0915,"profit_factor":5.3681664224539076e-05,"max_drawdown_account":0.023508627560000037,"max_drawdown_abs":23.50862756},{"key":"TOTAL","trades":26,"profit_mean":-0.004728548047124103,"profit_mean_pct":-0.47,"profit_sum":-0.12294224922522669,"profit_sum_pct":-12.29,"profit_total_abs":-39.82173404,"profit_total":-0.03982173404,"profit_total_pct":-3.98,"duration_avg":"2:59:00","wins":3,"draws":0,"losses":23,"winrate":0.11538461538461539,"cagr":-0.40037877003580447,"expectancy":-1.5316051553846153,"expectancy_ratio":-0.8471277558641334,"sortino":-20.142037470706732,"sharpe":-17.826215281993953,"calmar":-64.40422953470501,"sqn":-5.2036,"profit_factor":0.042377319457936186,"max_drawdown_account":0.04073373302763447,"max_drawdown_abs":40.77245963}],"results_per_enter_tag":[{"key":"","trades":26,"profit_mean":-0.004728548047124103,"profit_mean_pct":-0.47,"profit_sum":-0.12294224922522669,"profit_sum_pct":-12.29,"profit_total_abs":-39.82173404,"profit_total":-0.03982173404,"profit_total_pct":-3.98,"duration_avg":"2:59:00","wins":3,"draws":0,"losses":23,"winrate":0.11538461538461539,"cagr":-0.40037877003580447,"expectancy":-1.5316051553846153,"expectancy_ratio":-0.8471277558641334,"sortino":-20.142037470706732,"sharpe":-17.826215281993953,"calmar":-64.40422953470501,"sqn":-5.2036,"profit_factor":0.042377319457936186,"max_drawdown_account":0.04073373302763447,"max_drawdown_abs":40.77245963},{"key":"TOTAL","trades":26,"profit_mean":-0.004728548047124103,"profit_mean_pct":-0.47,"profit_sum":-0.12294224922522669,"profit_sum_pct":-12.29,"profit_total_abs":-39.82173404,"profit_total":-0.03982173404,"profit_total_pct":-3.98,"duration_avg":"2:59:00","wins":3,"draws":0,"losses":23,"winrate":0.11538461538461539,"cagr":-0.40037877003580447,"expectancy":-1.5316051553846153,"expectancy_ratio":-0.8471277558641334,"sortino":-20.142037470706732,"sharpe":-17.826215281993953,"calmar":-64.40422953470501,"sqn":-5.2036,"profit_factor":0.042377319457936186,"max_drawdown_account":0.04073373302763447,"max_drawdown_abs":40.77245963}],"exit_reason_summary":[{"key":"trailing_stop_loss","trades":26,"profit_mean":-0.004728548047124103,"profit_mean_pct":-0.47,"profit_sum":-0.12294224922522669,"profit_sum_pct":-12.29,"profit_total_abs":-39.82173404,"profit_total":-0.03982173404,"profit_total_pct":-3.98,"duration_avg":"2:59:00","wins":3,"draws":0,"losses":23,"winrate":0.11538461538461539,"cagr":-0.40037877003580447,"expectancy":-1.5316051553846153,"expectancy_ratio":-0.8471277558641334,"sortino":-20.142037470706732,"sharpe":-17.826215281993953,"calmar":-64.40422953470501,"sqn":-5.2036,"profit_factor":0.042377319457936186,"max_drawdown_account":0.04073373302763447,"max_drawdown_abs":40.77245963},{"key":"TOTAL","trades":26,"profit_mean":-0.004728548047124103,"profit_mean_pct":-0.47,"profit_sum":-0.12294224922522669,"profit_sum_pct":-12.29,"profit_total_abs":-39.82173404,"profit_total":-0.03982173404,"profit_total_pct":-3.98,"duration_avg":"2:59:00","wins":3,"draws":0,"losses":23,"winrate":0.11538461538461539,"cagr":-0.40037877003580447,"expectancy":-1.5316051553846153,"expectancy_ratio":-0.8471277558641334,"sortino":-20.142037470706732,"sharpe":-17.826215281993953,"calmar":-64.40422953470501,"sqn":-5.2036,"profit_factor":0.042377319457936186,"max_drawdown_account":0.04073373302763447,"max_drawdown_abs":40.77245963}],"mix_tag_stats":[{"key":["","trailing_stop_loss"],"trades":26,"profit_mean":-0.004728548047124103,"profit_mean_pct":-0.47,"profit_sum":-0.12294224922522669,"profit_sum_pct":-12.29,"profit_total_abs":-39.82173404,"profit_total":-0.03982173404,"profit_total_pct":-3.98,"duration_avg":"2:59:00","wins":3,"draws":0,"losses":23,"winrate":0.11538461538461539,"cagr":-0.40037877003580447,"expectancy":-1.5316051553846153,"expectancy_ratio":-0.8471277558641334,"sortino":-20.142037470706732,"sharpe":-17.826215281993953,"calmar":-64.40422953470501,"sqn":-5.2036,"profit_factor":0.042377319457936186,"max_drawdown_account":0.04073373302763447,"max_drawdown_abs":40.77245963},{"key":"TOTAL","trades":26,"profit_mean":-0.004728548047124103,"profit_mean_pct":-0.47,"profit_sum":-0.12294224922522669,"profit_sum_pct":-12.29,"profit_total_abs":-39.82173404,"profit_total":-0.03982173404,"profit_total_pct":-3.98,"duration_avg":"2:59:00","wins":3,"draws":0,"losses":23,"winrate":0.11538461538461539,"cagr":-0.40037877003580447,"expectancy":-1.5316051553846153,"expectancy_ratio":-0.8471277558641334,"sortino":-20.142037470706732,"sharpe":-17.826215281993953,"calmar":-64.40422953470501,"sqn":-5.2036,"profit_factor":0.042377319457936186,"max_drawdown_account":0.04073373302763447,"max_drawdown_abs":40.77245963}],"left_open_trades":[{"key":"TOTAL","trades":0,"profit_mean":0.0,"profit_mean_pct":0.0,"profit_sum":0.0,"profit_sum_pct":0.0,"profit_total_abs":0.0,"profit_total":0.0,"profit_total_pct":0.0,"duration_avg":"0:00","wins":0,"draws":0,"losses":0,"winrate":0.0,"cagr":0.0,"expectancy":0.0,"expectancy_ratio":100.0,"sortino":0,"sharpe":0,"calmar":0,"sqn":0.0,"profit_factor":0.0,"max_drawdown_account":0.0,"max_drawdown_abs":0.0}],"total_trades":26,"trade_count_long":26,"trade_count_short":0,"total_volume":16825.6379476185,"avg_stake_amount":323.68926968076926,"profit_mean":-0.004728548047124103,"profit_median":-0.004047671878552015,"profit_total":-0.03982173404,"profit_total_long":-0.03982173404,"profit_total_short":0.0,"profit_total_abs":-39.82173404,"profit_total_long_abs":-39.82173404,"profit_total_short_abs":0.0,"cagr":-0.40037877003580447,"expectancy":-1.5316051553846153,"expectancy_ratio":-0.8471277558641334,"sortino":-20.142037470706732,"sharpe":-17.826215281993953,"calmar":-64.40422953470501,"sqn":-5.2036,"profit_factor":0.042377319457936186,"backtest_start":"2025-06-02 06:05:00","backtest_start_ts":1748844300000,"backtest_end":"2025-07-02 00:00:00","backtest_end_ts":1751414400000,"backtest_days":29,"backtest_run_start_ts":1751436033,"backtest_run_end_ts":1751436033,"trades_per_day":0.9,"market_change":-0.01363417956219128,"pairlist":["BTC/USDT","ETH/USDT"],"stake_amount":"unlimited","stake_currency":"USDT","stake_currency_decimals":3,"starting_balance":1000,"dry_run_wallet":1000,"final_balance":960.17826596,"rejected_signals":0,"timedout_entry_orders":0,"timedout_exit_orders":0,"canceled_trade_entries":0,"canceled_entry_orders":0,"replaced_entry_orders":0,"max_open_trades":2,"max_open_trades_setting":3,"timeframe":"5m","timeframe_detail":"","timerange":"20250602-20250702","enable_protections":false,"strategy_name":"FixedRiskRewardLossV2","stoploss":-0.9,"trailing_stop":false,"trailing_stop_positive":null,"trailing_stop_positive_offset":0.0,"trailing_only_offset_is_reached":false,"use_custom_stoploss":true,"minimal_roi":{},"use_exit_signal":true,"exit_profit_only":false,"exit_profit_offset":0.0,"ignore_roi_if_entry_signal":false,"trading_mode":"spot","margin_mode":"","periodic_breakdown":{"day":[{"date":"03/06/2025","date_ts":1748908800000,"profit_abs":-0.81022871,"wins":0,"draws":0,"losses":2,"trades":2,"profit_factor":0.0},{"date":"04/06/2025","date_ts":1748995200000,"profit_abs":0.0,"wins":0,"draws":0,"losses":0,"trades":0,"profit_factor":0.0},{"date":"05/06/2025","date_ts":1749081600000,"profit_abs":-0.41882013,"wins":1,"draws":0,"losses":1,"trades":2,"profit_factor":0.80786079},{"date":"06/06/2025","date_ts":1749168000000,"profit_abs":-5.60252576,"wins":0,"draws":0,"losses":1,"trades":1,"profit_factor":0.0},{"date":"07/06/2025","date_ts":1749254400000,"profit_abs":0.0,"wins":0,"draws":0,"losses":0,"trades":0,"profit_factor":0.0},{"date":"08/06/2025","date_ts":1749340800000,"profit_abs":0.0,"wins":0,"draws":0,"losses":0,"trades":0,"profit_factor":0.0},{"date":"09/06/2025","date_ts":1749427200000,"profit_abs":-3.12248839,"wins":0,"draws":0,"losses":2,"trades":2,"profit_factor":0.0},{"date":"10/06/2025","date_ts":1749513600000,"profit_abs":0.0,"wins":0,"draws":0,"losses":0,"trades":0,"profit_factor":0.0},{"date":"11/06/2025","date_ts":1749600000000,"profit_abs":-1.59137874,"wins":0,"draws":0,"losses":1,"trades":1,"profit_factor":0.0},{"date":"12/06/2025","date_ts":1749686400000,"profit_abs":-4.1669643,"wins":0,"draws":0,"losses":2,"trades":2,"profit_factor":0.0},{"date":"13/06/2025","date_ts":1749772800000,"profit_abs":-3.25577931,"wins":0,"draws":0,"losses":2,"trades":2,"profit_factor":0.0},{"date":"14/06/2025","date_ts":1749859200000,"profit_abs":0.0,"wins":0,"draws":0,"losses":0,"trades":0,"profit_factor":0.0},{"date":"15/06/2025","date_ts":1749945600000,"profit_abs":0.00063805,"wins":1,"draws":0,"losses":0,"trades":1,"profit_factor":0.0},{"date":"16/06/2025","date_ts":1750032000000,"profit_abs":0.0,"wins":0,"draws":0,"losses":0,"trades":0,"profit_factor":0.0},{"date":"17/06/2025","date_ts":1750118400000,"profit_abs":-5.39892733,"wins":0,"draws":0,"losses":3,"trades":3,"profit_factor":0.0},{"date":"18/06/2025","date_ts":1750204800000,"profit_abs":0.000624,"wins":1,"draws":0,"losses":0,"trades":1,"profit_factor":0.0},{"date":"19/06/2025","date_ts":1750291200000,"profit_abs":-1.06026754,"wins":0,"draws":0,"losses":1,"trades":1,"profit_factor":0.0},{"date":"20/06/2025","date_ts":1750377600000,"profit_abs":-3.9415093,"wins":0,"draws":0,"losses":1,"trades":1,"profit_factor":0.0},{"date":"21/06/2025","date_ts":1750464000000,"profit_abs":-0.00062226,"wins":0,"draws":0,"losses":1,"trades":1,"profit_factor":0.0},{"date":"22/06/2025","date_ts":1750550400000,"profit_abs":0.0,"wins":0,"draws":0,"losses":0,"trades":0,"profit_factor":0.0},{"date":"23/06/2025","date_ts":1750636800000,"profit_abs":0.0,"wins":0,"draws":0,"losses":0,"trades":0,"profit_factor":0.0},{"date":"24/06/2025","date_ts":1750723200000,"profit_abs":0.0,"wins":0,"draws":0,"losses":0,"trades":0,"profit_factor":0.0},{"date":"25/06/2025","date_ts":1750809600000,"profit_abs":0.0,"wins":0,"draws":0,"losses":0,"trades":0,"profit_factor":0.0},{"date":"26/06/2025","date_ts":1750896000000,"profit_abs":-1.30990722,"wins":0,"draws":0,"losses":1,"trades":1,"profit_factor":0.0},{"date":"27/06/2025","date_ts":1750982400000,"profit_abs":0.0,"wins":0,"draws":0,"losses":0,"trades":0,"profit_factor":0.0},{"date":"28/06/2025","date_ts":1751068800000,"profit_abs":0.0,"wins":0,"draws":0,"losses":0,"trades":0,"profit_factor":0.0},{"date":"29/06/2025","date_ts":1751155200000,"profit_abs":0.0,"wins":0,"draws":0,"losses":0,"trades":0,"profit_factor":0.0},{"date":"30/06/2025","date_ts":1751241600000,"profit_abs":-3.8742066,"wins":0,"draws":0,"losses":2,"trades":2,"profit_factor":0.0},{"date":"01/07/2025","date_ts":1751328000000,"profit_abs":-5.2693705,"wins":0,"draws":0,"losses":3,"trades":3,"profit_factor":0.0}],"week":[{"date":"09/06/2025","date_ts":1749427200000,"profit_abs":-9.95406299,"wins":1,"draws":0,"losses":6,"trades":7,"profit_factor":0.15031598},{"date":"16/06/2025","date_ts":1750032000000,"profit_abs":-9.0134843,"wins":1,"draws":0,"losses":5,"trades":6,"profit_factor":7.078e-05},{"date":"23/06/2025","date_ts":1750636800000,"profit_abs":-10.40070243,"wins":1,"draws":0,"losses":6,"trades":7,"profit_factor":5.999e-05},{"date":"30/06/2025","date_ts":1751241600000,"profit_abs":-5.18411382,"wins":0,"draws":0,"losses":3,"trades":3,"profit_factor":0.0},{"date":"07/07/2025","date_ts":1751846400000,"profit_abs":-5.2693705,"wins":0,"draws":0,"losses":3,"trades":3,"profit_factor":0.0}],"month":[{"date":"30/06/2025","date_ts":1751241600000,"profit_abs":-34.55236354,"wins":3,"draws":0,"losses":20,"trades":23,"profit_factor":0.04852641},{"date":"31/07/2025","date_ts":1753920000000,"profit_abs":-5.2693705,"wins":0,"draws":0,"losses":3,"trades":3,"profit_factor":0.0}],"year":[{"date":"31/12/2025","date_ts":1767139200000,"profit_abs":-39.82173404,"wins":3,"draws":0,"losses":23,"trades":26,"profit_factor":0.04237732}]},"backtest_best_day":1.9701181246474916e-06,"backtest_worst_day":-0.01698215637584715,"backtest_best_day_abs":0.00063805,"backtest_worst_day_abs":-5.60252576,"winning_days":2,"draw_days":13,"losing_days":14,"daily_profit":[["2025-06-03",-0.81022871],["2025-06-04",0.0],["2025-06-05",-0.41882013],["2025-06-06",-5.60252576],["2025-06-07",0.0],["2025-06-08",0.0],["2025-06-09",-3.12248839],["2025-06-10",0.0],["2025-06-11",-1.59137874],["2025-06-12",-4.1669643],["2025-06-13",-3.25577931],["2025-06-14",0.0],["2025-06-15",0.00063805],["2025-06-16",0.0],["2025-06-17",-5.39892733],["2025-06-18",0.000624],["2025-06-19",-1.06026754],["2025-06-20",-3.9415093],["2025-06-21",-0.00062226],["2025-06-22",0.0],["2025-06-23",0.0],["2025-06-24",0.0],["2025-06-25",0.0],["2025-06-26",-1.30990722],["2025-06-27",0.0],["2025-06-28",0.0],["2025-06-29",0.0],["2025-06-30",-3.8742066],["2025-07-01",-5.2693705]],"wins":3,"losses":23,"draws":0,"winrate":0.11538461538461539,"holding_avg":"2:59:00","holding_avg_s":10740.0,"winner_holding_min":"0d 00:15","winner_holding_min_s":900.0,"winner_holding_max":"0d 18:55","winner_holding_max_s":68100.0,"winner_holding_avg":"0d 08:23","winner_holding_avg_s":30180.0,"loser_holding_min":"0d 00:10","loser_holding_min_s":600.0,"loser_holding_max":"0d 20:25","loser_holding_max_s":73500.0,"loser_holding_avg":"0d 02:17","loser_holding_avg_s":8220.0,"max_consecutive_wins":1,"max_consecutive_losses":9,"max_drawdown_account":0.04073373302763447,"max_relative_drawdown":0.04073373302763447,"max_drawdown_abs":40.77245963,"drawdown_start":"2025-06-05 13:45:00","drawdown_start_ts":1749131100000.0,"drawdown_end":"2025-07-01 18:55:00","drawdown_end_ts":1751396100000.0,"max_drawdown_low":-39.82173404,"max_drawdown_high":0.95072559,"csum_min":960.17826596,"csum_max":1000.95072559}},"strategy_comparison":[{"key":"FixedRiskRewardLossV2","trades":26,"profit_mean":-0.004728548047124103,"profit_mean_pct":-0.47,"profit_sum":-0.12294224922522669,"profit_sum_pct":-12.29,"profit_total_abs":-39.82173404,"profit_total":-0.03982173404,"profit_total_pct":-3.98,"duration_avg":"2:59:00","wins":3,"draws":0,"losses":23,"winrate":0.11538461538461539,"cagr":-0.40037877003580447,"expectancy":-1.5316051553846153,"expectancy_ratio":-0.8471277558641334,"sortino":-20.142037470706732,"sharpe":-17.826215281993953,"calmar":-64.40422953470501,"sqn":-5.2036,"profit_factor":0.042377319457936186,"max_drawdown_account":0.04073373302763447,"max_drawdown_abs":"40.772"}]}