{"strategy":{"NostalgiaForInfinityNext":{"trades":[{"pair":"BTC/USDT","stake_amount":329.4657762,"max_stake_amount":329.4657762,"amount":0.00327,"open_date":"2025-06-23 01:14:00+00:00","close_date":"2025-06-23 01:50:00+00:00","open_rate":100754.06,"close_rate":100955.76982982982,"fee_open":0.001,"fee_close":0.001,"trade_duration":36,"profit_ratio":0.0,"profit_abs":0.0,"exit_reason":"roi","initial_stop_loss_abs":73248.21,"initial_stop_loss_ratio":-0.273,"stop_loss_abs":73248.21,"stop_loss_ratio":-0.273,"min_rate":100564.19,"max_rate":101016.94,"is_open":false,"enter_tag":"","leverage":1.0,"is_short":false,"open_timestamp":1750641240000,"close_timestamp":1750643400000,"orders":[{"amount":0.00327,"safe_price":100754.06,"ft_order_side":"buy","order_filled_timestamp":1750641240000,"ft_is_entry":true,"ft_order_tag":"","cost":329.7952419762},{"amount":0.00327,"safe_price":100955.76982982982,"ft_order_side":"sell","order_filled_timestamp":1750643400000,"ft_is_entry":false,"ft_order_tag":"roi","cost":330.45549271088703}],"funding_fees":0.0},{"pair":"ETH/USDT","stake_amount":329.820325,"max_stake_amount":329.820325,"amount":0.1475,"open_date":"2025-06-23 01:16:00+00:00","close_date":"2025-06-23 01:51:00+00:00","open_rate":2236.07,"close_rate":2243.3,"fee_open":0.001,"fee_close":0.001,"trade_duration":35,"profit_ratio":0.001228889145575299,"profit_abs":0.40571793,"exit_reason":"roi","initial_stop_loss_abs":1625.63,"initial_stop_loss_ratio":-0.273,"stop_loss_abs":1625.63,"stop_loss_ratio":-0.273,"min_rate":2225.0,"max_rate":2245.5,"is_open":false,"enter_tag":"","leverage":1.0,"is_short":false,"open_timestamp":1750641360000,"close_timestamp":1750643460000,"orders":[{"amount":0.1475,"safe_price":2236.07,"ft_order_side":"buy","order_filled_timestamp":1750641360000,"ft_is_entry":true,"ft_order_tag":"","cost":330.150145325},{"amount":0.1475,"safe_price":2243.3,"ft_order_side":"sell","order_filled_timestamp":1750643460000,"ft_is_entry":false,"ft_order_tag":"roi","cost":331.21763675}],"funding_fees":0.0},{"pair":"ETH/USDT","stake_amount":329.99175,"max_stake_amount":329.99175,"amount":0.1474,"open_date":"2025-06-23 02:24:00+00:00","close_date":"2025-06-23 03:07:00+00:00","open_rate":2238.75,"close_rate":2243.2319819819813,"fee_open":0.001,"fee_close":0.001,"trade_duration":43,"profit_ratio":0.0,"profit_abs":0.0,"exit_reason":"roi","initial_stop_loss_abs":1627.58,"initial_stop_loss_ratio":-0.273,"stop_loss_abs":1627.58,"stop_loss_ratio":-0.273,"min_rate":2233.58,"max_rate":2244.2,"is_open":false,"enter_tag":"","leverage":1.0,"is_short":false,"open_timestamp":1750645440000,"close_timestamp":1750648020000,"orders":[{"amount":0.1474,"safe_price":2238.75,"ft_order_side":"buy","order_filled_timestamp":1750645440000,"ft_is_entry":true,"ft_order_tag":"","cost":330.32174175},{"amount":0.1474,"safe_price":2243.2319819819813,"ft_order_side":"sell","order_filled_timestamp":1750648020000,"ft_is_entry":false,"ft_order_tag":"roi","cost":330.9830465382882}],"funding_fees":0.0},{"pair":"ETH/USDT","stake_amount":330.11975,"max_stake_amount":330.11975,"amount":0.1475,"open_date":"2025-06-23 03:12:00+00:00","close_date":"2025-06-23 04:26:00+00:00","open_rate":2238.1,"close_rate":2242.58068068068,"fee_open":0.001,"fee_close":0.001,"trade_duration":74,"profit_ratio":0.0,"profit_abs":0.0,"exit_reason":"roi","initial_stop_loss_abs":1627.1,"initial_stop_loss_ratio":-0.273,"stop_loss_abs":1627.1,"stop_loss_ratio":-0.273,"min_rate":2227.89,"max_rate":2243.82,"is_open":false,"enter_tag":"","leverage":1.0,"is_short":false,"open_timestamp":1750648320000,"close_timestamp":1750652760000,"orders":[{"amount":0.1475,"safe_price":2238.1,"ft_order_side":"buy","order_filled_timestamp":1750648320000,"ft_is_entry":true,"ft_order_tag":"","cost":330.4498697499999},{"amount":0.1475,"safe_price":2242.58068068068,"ft_order_side":"sell","order_filled_timestamp":1750652760000,"ft_is_entry":false,"ft_order_tag":"roi","cost":331.11143105080066}],"funding_fees":0.0},{"pair":"BTC/USDT","stake_amount":329.9284956,"max_stake_amount":329.9284956,"amount":0.00326,"open_date":"2025-06-23 03:13:00+00:00","close_date":"2025-06-23 05:11:00+00:00","open_rate":101205.06,"close_rate":101407.67273273272,"fee_open":0.001,"fee_close":0.001,"trade_duration":118,"profit_ratio":0.0,"profit_abs":0.0,"exit_reason":"roi","initial_stop_loss_abs":73576.08,"initial_stop_loss_ratio":-0.273,"stop_loss_abs":73576.08,"stop_loss_ratio":-0.273,"min_rate":100980.0,"max_rate":101419.99,"is_open":false,"enter_tag":"","leverage":1.0,"is_short":false,"open_timestamp":1750648380000,"close_timestamp":1750655460000,"orders":[{"amount":0.00326,"safe_price":101205.06,"ft_order_side":"buy","order_filled_timestamp":1750648380000,"ft_is_entry":true,"ft_order_tag":"","cost":330.25842409559993},{"amount":0.00326,"safe_price":101407.67273273272,"ft_order_side":"sell","order_filled_timestamp":1750655460000,"ft_is_entry":false,"ft_order_tag":"roi","cost":330.9196021218174}],"funding_fees":0.0},{"pair":"ETH/USDT","stake_amount":329.978047,"max_stake_amount":329.978047,"amount":0.1477,"open_date":"2025-06-23 04:45:00+00:00","close_date":"2025-06-23 05:20:00+00:00","open_rate":2234.11,"close_rate":2242.34,"fee_open":0.001,"fee_close":0.001,"trade_duration":35,"profit_ratio":0.0016784313064180433,"profit_abs":0.55439933,"exit_reason":"roi","initial_stop_loss_abs":1624.2,"initial_stop_loss_ratio":-0.273,"stop_loss_abs":1624.2,"stop_loss_ratio":-0.273,"min_rate":2231.43,"max_rate":2243.21,"is_open":false,"enter_tag":"","leverage":1.0,"is_short":false,"open_timestamp":1750653900000,"close_timestamp":1750656000000,"orders":[{"amount":0.1477,"safe_price":2234.11,"ft_order_side":"buy","order_filled_timestamp":1750653900000,"ft_is_entry":true,"ft_order_tag":"","cost":330.30802504699994},{"amount":0.1477,"safe_price":2242.34,"ft_order_side":"sell","order_filled_timestamp":1750656000000,"ft_is_entry":false,"ft_order_tag":"roi","cost":331.524811618}],"funding_fees":0.0},{"pair":"ETH/USDT","stake_amount":330.31445,"max_stake_amount":330.31445,"amount":0.1475,"open_date":"2025-06-23 05:43:00+00:00","close_date":"2025-06-23 06:02:00+00:00","open_rate":2239.42,"close_rate":2252.86996996997,"fee_open":0.001,"fee_close":0.001,"trade_duration":19,"profit_ratio":0.003996003996003995,"profit_abs":1.3212578,"exit_reason":"roi","initial_stop_loss_abs":1628.06,"initial_stop_loss_ratio":-0.273,"stop_loss_abs":1628.06,"stop_loss_ratio":-0.273,"min_rate":2238.04,"max_rate":2253.59,"is_open":false,"enter_tag":"","leverage":1.0,"is_short":false,"open_timestamp":1750657380000,"close_timestamp":1750658520000,"orders":[{"amount":0.1475,"safe_price":2239.42,"ft_order_side":"buy","order_filled_timestamp":1750657380000,"ft_is_entry":true,"ft_order_tag":"","cost":330.6447644499999},{"amount":0.1475,"safe_price":2252.86996996997,"ft_order_side":"sell","order_filled_timestamp":1750658520000,"ft_is_entry":false,"ft_order_tag":"roi","cost":332.6306188911411}],"funding_fees":0.0},{"pair":"ETH/USDT","stake_amount":330.554818,"max_stake_amount":330.554818,"amount":0.1474,"open_date":"2025-06-23 06:33:00+00:00","close_date":"2025-06-23 07:04:00+00:00","open_rate":2242.57,"close_rate":2256.038888888889,"fee_open":0.001,"fee_close":0.001,"trade_duration":31,"profit_ratio":0.003996003989959606,"profit_abs":1.32221927,"exit_reason":"roi","initial_stop_loss_abs":1630.35,"initial_stop_loss_ratio":-0.273,"stop_loss_abs":1630.35,"stop_loss_ratio":-0.273,"min_rate":2233.62,"max_rate":2259.71,"is_open":false,"enter_tag":"","leverage":1.0,"is_short":false,"open_timestamp":1750660380000,"close_timestamp":1750662240000,"orders":[{"amount":0.1474,"safe_price":2242.57,"ft_order_side":"buy","order_filled_timestamp":1750660380000,"ft_is_entry":true,"ft_order_tag":"","cost":330.88537281799995},{"amount":0.1474,"safe_price":2256.038888888889,"ft_order_side":"sell","order_filled_timestamp":1750662240000,"ft_is_entry":false,"ft_order_tag":"roi","cost":332.8726723544444}],"funding_fees":0.0},{"pair":"ETH/USDT","stake_amount":331.172829,"max_stake_amount":331.172829,"amount":0.1469,"open_date":"2025-06-23 07:42:00+00:00","close_date":"2025-06-23 08:09:00+00:00","open_rate":2254.41,"close_rate":2267.9499999999994,"fee_open":0.001,"fee_close":0.001,"trade_duration":27,"profit_ratio":0.003996004008070215,"profit_abs":1.32469132,"exit_reason":"roi","initial_stop_loss_abs":1638.96,"initial_stop_loss_ratio":-0.273,"stop_loss_abs":1638.96,"stop_loss_ratio":-0.273,"min_rate":2253.68,"max_rate":2268.0,"is_open":false,"enter_tag":"","leverage":1.0,"is_short":false,"open_timestamp":1750664520000,"close_timestamp":1750666140000,"orders":[{"amount":0.1469,"safe_price":2254.41,"ft_order_side":"buy","order_filled_timestamp":1750664520000,"ft_is_entry":true,"ft_order_tag":"","cost":331.50400182899995},{"amount":0.1469,"safe_price":2267.9499999999994,"ft_order_side":"sell","order_filled_timestamp":1750666140000,"ft_is_entry":false,"ft_order_tag":"roi","cost":333.49501685499985}],"funding_fees":0.0},{"pair":"BTC/USDT","stake_amount":331.09453,"max_stake_amount":331.09453,"amount":0.00325,"open_date":"2025-06-23 07:25:00+00:00","close_date":"2025-06-23 08:12:00+00:00","open_rate":101875.24,"close_rate":102079.19443443444,"fee_open":0.001,"fee_close":0.001,"trade_duration":47,"profit_ratio":0.0,"profit_abs":0.0,"exit_reason":"roi","initial_stop_loss_abs":74063.3,"initial_stop_loss_ratio":-0.273,"stop_loss_abs":74063.3,"stop_loss_ratio":-0.273,"min_rate":101748.31,"max_rate":102080.0,"is_open":false,"enter_tag":"","leverage":1.0,"is_short":false,"open_timestamp":1750663500000,"close_timestamp":1750666320000,"orders":[{"amount":0.00325,"safe_price":101875.24,"ft_order_side":"buy","order_filled_timestamp":1750663500000,"ft_is_entry":true,"ft_order_tag":"","cost":331.42562453},{"amount":0.00325,"safe_price":102079.19443443444,"ft_order_side":"sell","order_filled_timestamp":1750666320000,"ft_is_entry":false,"ft_order_tag":"roi","cost":332.0891392938238}],"funding_fees":0.0},{"pair":"ETH/USDT","stake_amount":331.590372,"max_stake_amount":331.590372,"amount":0.1468,"open_date":"2025-06-23 08:43:00+00:00","close_date":"2025-06-23 12:40:00+00:00","open_rate":2258.79,"close_rate":2263.312102102102,"fee_open":0.001,"fee_close":0.001,"trade_duration":237,"profit_ratio":0.0,"profit_abs":0.0,"exit_reason":"roi","initial_stop_loss_abs":1642.15,"initial_stop_loss_ratio":-0.273,"stop_loss_abs":1642.15,"stop_loss_ratio":-0.273,"min_rate":2238.68,"max_rate":2264.26,"is_open":false,"enter_tag":"","leverage":1.0,"is_short":false,"open_timestamp":1750668180000,"close_timestamp":1750682400000,"orders":[{"amount":0.1468,"safe_price":2258.79,"ft_order_side":"buy","order_filled_timestamp":1750668180000,"ft_is_entry":true,"ft_order_tag":"","cost":331.92196237199994},{"amount":0.1468,"safe_price":2263.312102102102,"ft_order_side":"sell","order_filled_timestamp":1750682400000,"ft_is_entry":false,"ft_order_tag":"roi","cost":332.58647080517716}],"funding_fees":0.0},{"pair":"ETH/USDT","stake_amount":331.54233,"max_stake_amount":331.54233,"amount":0.147,"open_date":"2025-06-23 13:21:00+00:00","close_date":"2025-06-23 13:41:00+00:00","open_rate":2255.39,"close_rate":2268.935885885886,"fee_open":0.001,"fee_close":0.001,"trade_duration":20,"profit_ratio":0.003996003996003996,"profit_abs":1.32616932,"exit_reason":"roi","initial_stop_loss_abs":1639.67,"initial_stop_loss_ratio":-0.273,"stop_loss_abs":1639.67,"stop_loss_ratio":-0.273,"min_rate":2232.45,"max_rate":2279.6,"is_open":false,"enter_tag":"","leverage":1.0,"is_short":false,"open_timestamp":1750684860000,"close_timestamp":1750686060000,"orders":[{"amount":0.147,"safe_price":2255.39,"ft_order_side":"buy","order_filled_timestamp":1750684860000,"ft_is_entry":true,"ft_order_tag":"","cost":331.8738723299999},{"amount":0.147,"safe_price":2268.935885885886,"ft_order_side":"sell","order_filled_timestamp":1750686060000,"ft_is_entry":false,"ft_order_tag":"roi","cost":333.8671088004504}],"funding_fees":0.0},{"pair":"BTC/USDT","stake_amount":331.2072725,"max_stake_amount":331.2072725,"amount":0.00325,"open_date":"2025-06-23 08:31:00+00:00","close_date":"2025-06-23 13:44:00+00:00","open_rate":101909.93,"close_rate":102113.95388388388,"fee_open":0.001,"fee_close":0.001,"trade_duration":313,"profit_ratio":0.0,"profit_abs":0.0,"exit_reason":"roi","initial_stop_loss_abs":74088.52,"initial_stop_loss_ratio":-0.273,"stop_loss_abs":74088.52,"stop_loss_ratio":-0.273,"min_rate":100792.16,"max_rate":102345.67,"is_open":false,"enter_tag":"","leverage":1.0,"is_short":false,"open_timestamp":1750667460000,"close_timestamp":1750686240000,"orders":[{"amount":0.00325,"safe_price":101909.93,"ft_order_side":"buy","order_filled_timestamp":1750667460000,"ft_is_entry":true,"ft_order_tag":"","cost":331.53847977249995},{"amount":0.00325,"safe_price":102113.95388388388,"ft_order_side":"sell","order_filled_timestamp":1750686240000,"ft_is_entry":false,"ft_order_tag":"roi","cost":332.2022204727452}],"funding_fees":0.0},{"pair":"ETH/USDT","stake_amount":332.0601,"max_stake_amount":332.0601,"amount":0.1455,"open_date":"2025-06-23 14:38:00+00:00","close_date":"2025-06-23 15:13:00+00:00","open_rate":2282.2,"close_rate":2286.7689689689682,"fee_open":0.001,"fee_close":0.001,"trade_duration":35,"profit_ratio":0.0,"profit_abs":0.0,"exit_reason":"roi","initial_stop_loss_abs":1659.16,"initial_stop_loss_ratio":-0.273,"stop_loss_abs":1659.16,"stop_loss_ratio":-0.273,"min_rate":2271.8,"max_rate":2289.38,"is_open":false,"enter_tag":"","leverage":1.0,"is_short":false,"open_timestamp":1750689480000,"close_timestamp":1750691580000,"orders":[{"amount":0.1455,"safe_price":2282.2,"ft_order_side":"buy","order_filled_timestamp":1750689480000,"ft_is_entry":true,"ft_order_tag":"","cost":332.39216009999996},{"amount":0.1455,"safe_price":2286.7689689689682,"ft_order_side":"sell","order_filled_timestamp":1750691580000,"ft_is_entry":false,"ft_order_tag":"roi","cost":333.0576098699698}],"funding_fees":0.0},{"pair":"BTC/USDT","stake_amount":331.4217075,"max_stake_amount":331.4217075,"amount":0.00325,"open_date":"2025-06-23 14:23:00+00:00","close_date":"2025-06-23 17:28:00+00:00","open_rate":101975.91,"close_rate":102180.06597597597,"fee_open":0.001,"fee_close":0.001,"trade_duration":185,"profit_ratio":0.0,"profit_abs":0.0,"exit_reason":"roi","initial_stop_loss_abs":74136.49,"initial_stop_loss_ratio":-0.273,"stop_loss_abs":74136.49,"stop_loss_ratio":-0.273,"min_rate":99613.33,"max_rate":102181.4,"is_open":false,"enter_tag":"","leverage":1.0,"is_short":false,"open_timestamp":1750688580000,"close_timestamp":1750699680000,"orders":[{"amount":0.00325,"safe_price":101975.91,"ft_order_side":"buy","order_filled_timestamp":1750688580000,"ft_is_entry":true,"ft_order_tag":"","cost":331.7531292074999},{"amount":0.00325,"safe_price":102180.06597597597,"ft_order_side":"sell","order_filled_timestamp":1750699680000,"ft_is_entry":false,"ft_order_tag":"roi","cost":332.4172996363438}],"funding_fees":0.0},{"pair":"ETH/USDT","stake_amount":331.862414,"max_stake_amount":331.862414,"amount":0.1454,"open_date":"2025-06-23 15:22:00+00:00","close_date":"2025-06-23 17:34:00+00:00","open_rate":2282.41,"close_rate":2286.979389389389,"fee_open":0.001,"fee_close":0.001,"trade_duration":132,"profit_ratio":0.0,"profit_abs":0.0,"exit_reason":"roi","initial_stop_loss_abs":1659.32,"initial_stop_loss_ratio":-0.273,"stop_loss_abs":1659.32,"stop_loss_ratio":-0.273,"min_rate":2188.0,"max_rate":2287.09,"is_open":false,"enter_tag":"","leverage":1.0,"is_short":false,"open_timestamp":1750692120000,"close_timestamp":1750700040000,"orders":[{"amount":0.1454,"safe_price":2282.41,"ft_order_side":"buy","order_filled_timestamp":1750692120000,"ft_is_entry":true,"ft_order_tag":"","cost":332.19427641399994},{"amount":0.1454,"safe_price":2286.979389389389,"ft_order_side":"sell","order_filled_timestamp":1750700040000,"ft_is_entry":false,"ft_order_tag":"roi","cost":332.85933002043436}],"funding_fees":0.0},{"pair":"ETH/USDT","stake_amount":331.89,"max_stake_amount":331.89,"amount":0.1443,"open_date":"2025-06-23 19:27:00+00:00","close_date":"2025-06-23 19:53:00+00:00","open_rate":2300.0,"close_rate":2313.8138138138133,"fee_open":0.001,"fee_close":0.001,"trade_duration":26,"profit_ratio":0.003996003996003997,"profit_abs":1.32756,"exit_reason":"roi","initial_stop_loss_abs":1672.1,"initial_stop_loss_ratio":-0.273,"stop_loss_abs":1672.1,"stop_loss_ratio":-0.273,"min_rate":2295.5,"max_rate":2325.16,"is_open":false,"enter_tag":"","leverage":1.0,"is_short":false,"open_timestamp":1750706820000,"close_timestamp":1750708380000,"orders":[{"amount":0.1443,"safe_price":2300.0,"ft_order_side":"buy","order_filled_timestamp":1750706820000,"ft_is_entry":true,"ft_order_tag":"","cost":332.22189000000003},{"amount":0.1443,"safe_price":2313.8138138138133,"ft_order_side":"sell","order_filled_timestamp":1750708380000,"ft_is_entry":false,"ft_order_tag":"roi","cost":334.21721666666656}],"funding_fees":0.0},{"pair":"BTC/USDT","stake_amount":331.1448322,"max_stake_amount":331.1448322,"amount":0.00322,"open_date":"2025-06-23 19:28:00+00:00","close_date":"2025-06-23 20:03:00+00:00","open_rate":102840.01,"close_rate":103045.89590590588,"fee_open":0.001,"fee_close":0.001,"trade_duration":35,"profit_ratio":0.0,"profit_abs":0.0,"exit_reason":"roi","initial_stop_loss_abs":74764.69,"initial_stop_loss_ratio":-0.273,"stop_loss_abs":74764.69,"stop_loss_ratio":-0.273,"min_rate":102676.94,"max_rate":103282.14,"is_open":false,"enter_tag":"","leverage":1.0,"is_short":false,"open_timestamp":1750706880000,"close_timestamp":1750708980000,"orders":[{"amount":0.00322,"safe_price":102840.01,"ft_order_side":"buy","order_filled_timestamp":1750706880000,"ft_is_entry":true,"ft_order_tag":"","cost":331.4759770322},{"amount":0.00322,"safe_price":103045.89590590588,"ft_order_side":"sell","order_filled_timestamp":1750708980000,"ft_is_entry":false,"ft_order_tag":"roi","cost":332.13959260183395}],"funding_fees":0.0},{"pair":"ETH/USDT","stake_amount":332.416864,"max_stake_amount":332.416864,"amount":0.1417,"open_date":"2025-06-23 21:10:00+00:00","close_date":"2025-06-23 21:25:00+00:00","open_rate":2345.92,"close_rate":2360.0096096096095,"fee_open":0.001,"fee_close":0.001,"trade_duration":15,"profit_ratio":0.003996004008025059,"profit_abs":1.32966746,"exit_reason":"roi","initial_stop_loss_abs":1705.49,"initial_stop_loss_ratio":-0.273,"stop_loss_abs":1705.49,"stop_loss_ratio":-0.273,"min_rate":2345.79,"max_rate":2363.7,"is_open":false,"enter_tag":"","leverage":1.0,"is_short":false,"open_timestamp":1750713000000,"close_timestamp":1750713900000,"orders":[{"amount":0.1417,"safe_price":2345.92,"ft_order_side":"buy","order_filled_timestamp":1750713000000,"ft_is_entry":true,"ft_order_tag":"","cost":332.74928086399996},{"amount":0.1417,"safe_price":2360.0096096096095,"ft_order_side":"sell","order_filled_timestamp":1750713900000,"ft_is_entry":false,"ft_order_tag":"roi","cost":334.7477750433633}],"funding_fees":0.0},{"pair":"ETH/USDT","stake_amount":332.7202,"max_stake_amount":332.7202,"amount":0.142,"open_date":"2025-06-23 21:44:00+00:00","close_date":"2025-06-23 22:02:00+00:00","open_rate":2343.1,"close_rate":2357.1726726726724,"fee_open":0.001,"fee_close":0.001,"trade_duration":18,"profit_ratio":0.003996003996003996,"profit_abs":1.3308808,"exit_reason":"roi","initial_stop_loss_abs":1703.44,"initial_stop_loss_ratio":-0.273,"stop_loss_abs":1703.44,"stop_loss_ratio":-0.273,"min_rate":2333.89,"max_rate":2360.26,"is_open":false,"enter_tag":"","leverage":1.0,"is_short":false,"open_timestamp":1750715040000,"close_timestamp":1750716120000,"orders":[{"amount":0.142,"safe_price":2343.1,"ft_order_side":"buy","order_filled_timestamp":1750715040000,"ft_is_entry":true,"ft_order_tag":"","cost":333.05292019999996},{"amount":0.142,"safe_price":2357.1726726726724,"ft_order_side":"sell","order_filled_timestamp":1750716120000,"ft_is_entry":false,"ft_order_tag":"roi","cost":335.05323803903894}],"funding_fees":0.0},{"pair":"BTC/USDT","stake_amount":332.7683415,"max_stake_amount":332.7683415,"amount":0.00321,"open_date":"2025-06-23 21:45:00+00:00","close_date":"2025-06-23 22:04:00+00:00","open_rate":103666.15,"close_rate":104288.76951951951,"fee_open":0.001,"fee_close":0.001,"trade_duration":19,"profit_ratio":0.003996004008012362,"profit_abs":1.33107337,"exit_reason":"roi","initial_stop_loss_abs":75365.3,"initial_stop_loss_ratio":-0.273,"stop_loss_abs":75365.3,"stop_loss_ratio":-0.273,"min_rate":103634.19,"max_rate":104335.5,"is_open":false,"enter_tag":"","leverage":1.0,"is_short":false,"open_timestamp":1750715100000,"close_timestamp":1750716240000,"orders":[{"amount":0.00321,"safe_price":103666.15,"ft_order_side":"buy","order_filled_timestamp":1750715100000,"ft_is_entry":true,"ft_order_tag":"","cost":333.1011098415},{"amount":0.00321,"safe_price":104288.76951951951,"ft_order_side":"sell","order_filled_timestamp":1750716240000,"ft_is_entry":false,"ft_order_tag":"roi","cost":335.1017171078153}],"funding_fees":0.0},{"pair":"ETH/USDT","stake_amount":333.651915,"max_stake_amount":333.651915,"amount":0.1395,"open_date":"2025-06-23 22:56:00+00:00","close_date":"2025-06-23 23:10:00+00:00","open_rate":2391.77,"close_rate":2411.96,"fee_open":0.001,"fee_close":0.001,"trade_duration":14,"profit_ratio":0.006426579117852297,"profit_abs":2.14638467,"exit_reason":"roi","initial_stop_loss_abs":1738.82,"initial_stop_loss_ratio":-0.273,"stop_loss_abs":1738.82,"stop_loss_ratio":-0.273,"min_rate":2390.41,"max_rate":2415.69,"is_open":false,"enter_tag":"","leverage":1.0,"is_short":false,"open_timestamp":1750719360000,"close_timestamp":1750720200000,"orders":[{"amount":0.1395,"safe_price":2391.77,"ft_order_side":"buy","order_filled_timestamp":1750719360000,"ft_is_entry":true,"ft_order_tag":"","cost":333.985566915},{"amount":0.1395,"safe_price":2411.96,"ft_order_side":"sell","order_filled_timestamp":1750720200000,"ft_is_entry":false,"ft_order_tag":"roi","cost":336.80488842}],"funding_fees":0.0},{"pair":"BTC/USDT","stake_amount":332.9172991,"max_stake_amount":332.9172991,"amount":0.00317,"open_date":"2025-06-23 22:56:00+00:00","close_date":"2025-06-23 23:31:00+00:00","open_rate":105021.23,"close_rate":105465.2,"fee_open":0.001,"fee_close":0.001,"trade_duration":35,"profit_ratio":0.0022209825637850627,"profit_abs":0.74014292,"exit_reason":"roi","initial_stop_loss_abs":76350.44,"initial_stop_loss_ratio":-0.273,"stop_loss_abs":76350.44,"stop_loss_ratio":-0.273,"min_rate":105010.91,"max_rate":105665.05,"is_open":false,"enter_tag":"","leverage":1.0,"is_short":false,"open_timestamp":1750719360000,"close_timestamp":1750721460000,"orders":[{"amount":0.00317,"safe_price":105021.23,"ft_order_side":"buy","order_filled_timestamp":1750719360000,"ft_is_entry":true,"ft_order_tag":"","cost":333.25021639909994},{"amount":0.00317,"safe_price":105465.2,"ft_order_side":"sell","order_filled_timestamp":1750721460000,"ft_is_entry":false,"ft_order_tag":"roi","cost":334.65900868399996}],"funding_fees":0.0},{"pair":"ETH/USDT","stake_amount":334.717775,"max_stake_amount":334.717775,"amount":0.1387,"open_date":"2025-06-24 00:10:00+00:00","close_date":"2025-06-24 05:36:00+00:00","open_rate":2413.25,"close_rate":2418.081331331331,"fee_open":0.001,"fee_close":0.001,"trade_duration":326,"profit_ratio":0.0,"profit_abs":0.0,"exit_reason":"roi","initial_stop_loss_abs":1754.44,"initial_stop_loss_ratio":-0.273,"stop_loss_abs":1754.44,"stop_loss_ratio":-0.273,"min_rate":2389.31,"max_rate":2420.0,"is_open":false,"enter_tag":"","leverage":1.0,"is_short":false,"open_timestamp":1750723800000,"close_timestamp":1750743360000,"orders":[{"amount":0.1387,"safe_price":2413.25,"ft_order_side":"buy","order_filled_timestamp":1750723800000,"ft_is_entry":true,"ft_order_tag":"","cost":335.0524927749999},{"amount":0.1387,"safe_price":2418.081331331331,"ft_order_side":"sell","order_filled_timestamp":1750743360000,"ft_is_entry":false,"ft_order_tag":"roi","cost":335.7232685363112}],"funding_fees":0.0},{"pair":"BTC/USDT","stake_amount":334.0817352,"max_stake_amount":334.0817352,"amount":0.00317,"open_date":"2025-06-23 23:59:00+00:00","close_date":"2025-06-24 06:35:00+00:00","open_rate":105388.56,"close_rate":105599.5481081081,"fee_open":0.001,"fee_close":0.001,"trade_duration":396,"profit_ratio":0.0,"profit_abs":0.0,"exit_reason":"roi","initial_stop_loss_abs":76617.49,"initial_stop_loss_ratio":-0.273,"stop_loss_abs":76617.49,"stop_loss_ratio":-0.273,"min_rate":104704.91,"max_rate":105600.0,"is_open":false,"enter_tag":"","leverage":1.0,"is_short":false,"open_timestamp":1750723140000,"close_timestamp":1750746900000,"orders":[{"amount":0.00317,"safe_price":105388.56,"ft_order_side":"buy","order_filled_timestamp":1750723140000,"ft_is_entry":true,"ft_order_tag":"","cost":334.4158169352},{"amount":0.00317,"safe_price":105599.5481081081,"ft_order_side":"sell","order_filled_timestamp":1750746900000,"ft_is_entry":false,"ft_order_tag":"roi","cost":335.08531807020535}],"funding_fees":0.0},{"pair":"ETH/USDT","stake_amount":334.675683,"max_stake_amount":334.675683,"amount":0.1381,"open_date":"2025-06-24 07:10:00+00:00","close_date":"2025-06-24 09:28:00+00:00","open_rate":2423.43,"close_rate":2428.2817117117115,"fee_open":0.001,"fee_close":0.001,"trade_duration":138,"profit_ratio":0.0,"profit_abs":0.0,"exit_reason":"roi","initial_stop_loss_abs":1761.84,"initial_stop_loss_ratio":-0.273,"stop_loss_abs":1761.84,"stop_loss_ratio":-0.273,"min_rate":2376.11,"max_rate":2449.14,"is_open":false,"enter_tag":"","leverage":1.0,"is_short":false,"open_timestamp":1750749000000,"close_timestamp":1750757280000,"orders":[{"amount":0.1381,"safe_price":2423.43,"ft_order_side":"buy","order_filled_timestamp":1750749000000,"ft_is_entry":true,"ft_order_tag":"","cost":335.01035868299994},{"amount":0.1381,"safe_price":2428.2817117117115,"ft_order_side":"sell","order_filled_timestamp":1750757280000,"ft_is_entry":false,"ft_order_tag":"roi","cost":335.6810500917747}],"funding_fees":0.0},{"pair":"ETH/USDT","stake_amount":334.755224,"max_stake_amount":334.755224,"amount":0.1387,"open_date":"2025-06-24 10:04:00+00:00","close_date":"2025-06-24 10:39:00+00:00","open_rate":2413.52,"close_rate":2418.3518718718715,"fee_open":0.001,"fee_close":0.001,"trade_duration":35,"profit_ratio":0.0,"profit_abs":0.0,"exit_reason":"roi","initial_stop_loss_abs":1754.63,"initial_stop_loss_ratio":-0.273,"stop_loss_abs":1754.63,"stop_loss_ratio":-0.273,"min_rate":2406.41,"max_rate":2423.57,"is_open":false,"enter_tag":"","leverage":1.0,"is_short":false,"open_timestamp":1750759440000,"close_timestamp":1750761540000,"orders":[{"amount":0.1387,"safe_price":2413.52,"ft_order_side":"buy","order_filled_timestamp":1750759440000,"ft_is_entry":true,"ft_order_tag":"","cost":335.089979224},{"amount":0.1387,"safe_price":2418.3518718718715,"ft_order_side":"sell","order_filled_timestamp":1750761540000,"ft_is_entry":false,"ft_order_tag":"roi","cost":335.76083003325715}],"funding_fees":0.0},{"pair":"ETH/USDT","stake_amount":334.635696,"max_stake_amount":334.635696,"amount":0.1388,"open_date":"2025-06-24 10:43:00+00:00","close_date":"2025-06-24 11:29:00+00:00","open_rate":2410.92,"close_rate":2415.7466666666664,"fee_open":0.001,"fee_close":0.001,"trade_duration":46,"profit_ratio":0.0,"profit_abs":0.0,"exit_reason":"roi","initial_stop_loss_abs":1752.74,"initial_stop_loss_ratio":-0.273,"stop_loss_abs":1752.74,"stop_loss_ratio":-0.273,"min_rate":2397.72,"max_rate":2418.3,"is_open":false,"enter_tag":"","leverage":1.0,"is_short":false,"open_timestamp":1750761780000,"close_timestamp":1750764540000,"orders":[{"amount":0.1388,"safe_price":2410.92,"ft_order_side":"buy","order_filled_timestamp":1750761780000,"ft_is_entry":true,"ft_order_tag":"","cost":334.970331696},{"amount":0.1388,"safe_price":2415.7466666666664,"ft_order_side":"sell","order_filled_timestamp":1750764540000,"ft_is_entry":false,"ft_order_tag":"roi","cost":335.64094297066663}],"funding_fees":0.0},{"pair":"ETH/USDT","stake_amount":334.55632,"max_stake_amount":334.55632,"amount":0.139,"open_date":"2025-06-24 11:39:00+00:00","close_date":"2025-06-24 12:14:00+00:00","open_rate":2406.88,"close_rate":2413.27,"fee_open":0.001,"fee_close":0.001,"trade_duration":35,"profit_ratio":0.0006515828451280156,"profit_abs":0.21820915,"exit_reason":"roi","initial_stop_loss_abs":1749.81,"initial_stop_loss_ratio":-0.273,"stop_loss_abs":1749.81,"stop_loss_ratio":-0.273,"min_rate":2404.91,"max_rate":2416.65,"is_open":false,"enter_tag":"","leverage":1.0,"is_short":false,"open_timestamp":1750765140000,"close_timestamp":1750767240000,"orders":[{"amount":0.139,"safe_price":2406.88,"ft_order_side":"buy","order_filled_timestamp":1750765140000,"ft_is_entry":true,"ft_order_tag":"","cost":334.89087632},{"amount":0.139,"safe_price":2413.27,"ft_order_side":"sell","order_filled_timestamp":1750767240000,"ft_is_entry":false,"ft_order_tag":"roi","cost":335.77997453}],"funding_fees":0.0},{"pair":"ETH/USDT","stake_amount":334.62582,"max_stake_amount":334.62582,"amount":0.139,"open_date":"2025-06-24 12:31:00+00:00","close_date":"2025-06-24 13:06:00+00:00","open_rate":2407.38,"close_rate":2412.32,"fee_open":0.001,"fee_close":0.001,"trade_duration":35,"profit_ratio":4.9921416718515637e-05,"profit_abs":0.0167217,"exit_reason":"roi","initial_stop_loss_abs":1750.17,"initial_stop_loss_ratio":-0.273,"stop_loss_abs":1750.17,"stop_loss_ratio":-0.273,"min_rate":2405.51,"max_rate":2418.7,"is_open":false,"enter_tag":"","leverage":1.0,"is_short":false,"open_timestamp":1750768260000,"close_timestamp":1750770360000,"orders":[{"amount":0.139,"safe_price":2407.38,"ft_order_side":"buy","order_filled_timestamp":1750768260000,"ft_is_entry":true,"ft_order_tag":"","cost":334.96044582},{"amount":0.139,"safe_price":2412.32,"ft_order_side":"sell","order_filled_timestamp":1750770360000,"ft_is_entry":false,"ft_order_tag":"roi","cost":335.64779248}],"funding_fees":0.0},{"pair":"ETH/USDT","stake_amount":334.71295,"max_stake_amount":334.71295,"amount":0.1385,"open_date":"2025-06-24 13:51:00+00:00","close_date":"2025-06-24 14:05:00+00:00","open_rate":2416.7,"close_rate":2431.2147147147143,"fee_open":0.001,"fee_close":0.001,"trade_duration":14,"profit_ratio":0.003996003996003996,"profit_abs":1.3388518,"exit_reason":"roi","initial_stop_loss_abs":1756.95,"initial_stop_loss_ratio":-0.273,"stop_loss_abs":1756.95,"stop_loss_ratio":-0.273,"min_rate":2411.1,"max_rate":2434.33,"is_open":false,"enter_tag":"","leverage":1.0,"is_short":false,"open_timestamp":1750773060000,"close_timestamp":1750773900000,"orders":[{"amount":0.1385,"safe_price":2416.7,"ft_order_side":"buy","order_filled_timestamp":1750773060000,"ft_is_entry":true,"ft_order_tag":"","cost":335.04766294999996},{"amount":0.1385,"safe_price":2431.2147147147143,"ft_order_side":"sell","order_filled_timestamp":1750773900000,"ft_is_entry":false,"ft_order_tag":"roi","cost":337.0599612259759}],"funding_fees":0.0},{"pair":"ETH/USDT","stake_amount":335.168685,"max_stake_amount":335.168685,"amount":0.1377,"open_date":"2025-06-24 15:33:00+00:00","close_date":"2025-06-24 15:52:00+00:00","open_rate":2434.05,"close_rate":2448.6689189189187,"fee_open":0.001,"fee_close":0.001,"trade_duration":19,"profit_ratio":0.003996003996003996,"profit_abs":1.34067474,"exit_reason":"roi","initial_stop_loss_abs":1769.56,"initial_stop_loss_ratio":-0.273,"stop_loss_abs":1769.56,"stop_loss_ratio":-0.273,"min_rate":2425.01,"max_rate":2454.73,"is_open":false,"enter_tag":"","leverage":1.0,"is_short":false,"open_timestamp":1750779180000,"close_timestamp":1750780320000,"orders":[{"amount":0.1377,"safe_price":2434.05,"ft_order_side":"buy","order_filled_timestamp":1750779180000,"ft_is_entry":true,"ft_order_tag":"","cost":335.50385368499997},{"amount":0.1377,"safe_price":2448.6689189189187,"ft_order_side":"sell","order_filled_timestamp":1750780320000,"ft_is_entry":false,"ft_order_tag":"roi","cost":337.51889184527016}],"funding_fees":0.0},{"pair":"ETH/USDT","stake_amount":335.70836,"max_stake_amount":335.70836,"amount":0.1378,"open_date":"2025-06-24 16:07:00+00:00","close_date":"2025-06-24 16:42:00+00:00","open_rate":2436.2,"close_rate":2445.49,"fee_open":0.001,"fee_close":0.001,"trade_duration":35,"profit_ratio":0.0018076948150420255,"profit_abs":0.60746512,"exit_reason":"roi","initial_stop_loss_abs":1771.12,"initial_stop_loss_ratio":-0.273,"stop_loss_abs":1771.12,"stop_loss_ratio":-0.273,"min_rate":2434.09,"max_rate":2450.55,"is_open":false,"enter_tag":"","leverage":1.0,"is_short":false,"open_timestamp":1750781220000,"close_timestamp":1750783320000,"orders":[{"amount":0.1378,"safe_price":2436.2,"ft_order_side":"buy","order_filled_timestamp":1750781220000,"ft_is_entry":true,"ft_order_tag":"","cost":336.0440683599999},{"amount":0.1378,"safe_price":2445.49,"ft_order_side":"sell","order_filled_timestamp":1750783320000,"ft_is_entry":false,"ft_order_tag":"roi","cost":337.32551052199995}],"funding_fees":0.0},{"pair":"BTC/USDT","stake_amount":334.679724,"max_stake_amount":334.679724,"amount":0.00317,"open_date":"2025-06-24 07:11:00+00:00","close_date":"2025-06-24 16:43:00+00:00","open_rate":105577.2,"close_rate":105788.56576576574,"fee_open":0.001,"fee_close":0.001,"trade_duration":572,"profit_ratio":0.0,"profit_abs":0.0,"exit_reason":"roi","initial_stop_loss_abs":76754.63,"initial_stop_loss_ratio":-0.273,"stop_loss_abs":76754.63,"stop_loss_ratio":-0.273,"min_rate":104622.02,"max_rate":105881.41,"is_open":false,"enter_tag":"","leverage":1.0,"is_short":false,"open_timestamp":1750749060000,"close_timestamp":1750783380000,"orders":[{"amount":0.00317,"safe_price":105577.2,"ft_order_side":"buy","order_filled_timestamp":1750749060000,"ft_is_entry":true,"ft_order_tag":"","cost":335.014403724},{"amount":0.00317,"safe_price":105788.56576576574,"ft_order_side":"sell","order_filled_timestamp":1750783380000,"ft_is_entry":false,"ft_order_tag":"roi","cost":335.68510323095484}],"funding_fees":0.0},{"pair":"ETH/USDT","stake_amount":335.715408,"max_stake_amount":335.715408,"amount":0.1368,"open_date":"2025-06-24 17:24:00+00:00","close_date":"2025-06-24 18:01:00+00:00","open_rate":2454.06,"close_rate":2458.9730330330326,"fee_open":0.001,"fee_close":0.001,"trade_duration":37,"profit_ratio":0.0,"profit_abs":0.0,"exit_reason":"roi","initial_stop_loss_abs":1784.11,"initial_stop_loss_ratio":-0.273,"stop_loss_abs":1784.11,"stop_loss_ratio":-0.273,"min_rate":2443.4,"max_rate":2465.71,"is_open":false,"enter_tag":"","leverage":1.0,"is_short":false,"open_timestamp":1750785840000,"close_timestamp":1750788060000,"orders":[{"amount":0.1368,"safe_price":2454.06,"ft_order_side":"buy","order_filled_timestamp":1750785840000,"ft_is_entry":true,"ft_order_tag":"","cost":336.05112340799997},{"amount":0.1368,"safe_price":2458.9730330330326,"ft_order_side":"sell","order_filled_timestamp":1750788060000,"ft_is_entry":false,"ft_order_tag":"roi","cost":336.72389842983773}],"funding_fees":0.0},{"pair":"BTC/USDT","stake_amount":335.3212369,"max_stake_amount":335.3212369,"amount":0.00317,"open_date":"2025-06-24 17:35:00+00:00","close_date":"2025-06-24 18:10:00+00:00","open_rate":105779.57,"close_rate":106022.99,"fee_open":0.001,"fee_close":0.001,"trade_duration":35,"profit_ratio":0.0002986006904090388,"profit_abs":0.10022728,"exit_reason":"roi","initial_stop_loss_abs":76901.75,"initial_stop_loss_ratio":-0.273,"stop_loss_abs":76901.75,"stop_loss_ratio":-0.273,"min_rate":105732.9,"max_rate":106153.8,"is_open":false,"enter_tag":"","leverage":1.0,"is_short":false,"open_timestamp":1750786500000,"close_timestamp":1750788600000,"orders":[{"amount":0.00317,"safe_price":105779.57,"ft_order_side":"buy","order_filled_timestamp":1750786500000,"ft_is_entry":true,"ft_order_tag":"","cost":335.6565581369},{"amount":0.00317,"safe_price":106022.99,"ft_order_side":"sell","order_filled_timestamp":1750788600000,"ft_is_entry":false,"ft_order_tag":"roi","cost":336.4289711783}],"funding_fees":0.0},{"pair":"BTC/USDT","stake_amount":335.6303436,"max_stake_amount":335.6303436,"amount":0.00317,"open_date":"2025-06-24 18:15:00+00:00","close_date":"2025-06-24 20:57:00+00:00","open_rate":105877.08,"close_rate":106089.04612612612,"fee_open":0.001,"fee_close":0.001,"trade_duration":162,"profit_ratio":0.0,"profit_abs":0.0,"exit_reason":"roi","initial_stop_loss_abs":76972.64,"initial_stop_loss_ratio":-0.273,"stop_loss_abs":76972.64,"stop_loss_ratio":-0.273,"min_rate":105270.48,"max_rate":106098.0,"is_open":false,"enter_tag":"","leverage":1.0,"is_short":false,"open_timestamp":1750788900000,"close_timestamp":1750798620000,"orders":[{"amount":0.00317,"safe_price":105877.08,"ft_order_side":"buy","order_filled_timestamp":1750788900000,"ft_is_entry":true,"ft_order_tag":"","cost":335.9659739436},{"amount":0.00317,"safe_price":106089.04612612612,"ft_order_side":"sell","order_filled_timestamp":1750798620000,"ft_is_entry":false,"ft_order_tag":"roi","cost":336.6385784960396}],"funding_fees":0.0},{"pair":"BTC/USDT","stake_amount":335.495682,"max_stake_amount":335.495682,"amount":0.00317,"open_date":"2025-06-24 21:15:00+00:00","close_date":"2025-06-24 21:50:00+00:00","open_rate":105834.6,"close_rate":106109.41,"fee_open":0.001,"fee_close":0.001,"trade_duration":35,"profit_ratio":0.0005934088412383916,"profit_abs":0.19928519,"exit_reason":"roi","initial_stop_loss_abs":76941.76,"initial_stop_loss_ratio":-0.273,"stop_loss_abs":76941.76,"stop_loss_ratio":-0.273,"min_rate":105811.85,"max_rate":106119.11,"is_open":false,"enter_tag":"","leverage":1.0,"is_short":false,"open_timestamp":1750799700000,"close_timestamp":1750801800000,"orders":[{"amount":0.00317,"safe_price":105834.6,"ft_order_side":"buy","order_filled_timestamp":1750799700000,"ft_is_entry":true,"ft_order_tag":"","cost":335.83117768200003},{"amount":0.00317,"safe_price":106109.41,"ft_order_side":"sell","order_filled_timestamp":1750801800000,"ft_is_entry":false,"ft_order_tag":"roi","cost":336.7031965297}],"funding_fees":0.0},{"pair":"BTC/USDT","stake_amount":335.8298317,"max_stake_amount":335.8298317,"amount":0.00317,"open_date":"2025-06-24 21:53:00+00:00","close_date":"2025-06-25 00:08:00+00:00","open_rate":105940.01,"close_rate":106152.1021121121,"fee_open":0.001,"fee_close":0.001,"trade_duration":135,"profit_ratio":0.0,"profit_abs":0.0,"exit_reason":"roi","initial_stop_loss_abs":77018.39,"initial_stop_loss_ratio":-0.273,"stop_loss_abs":77018.39,"stop_loss_ratio":-0.273,"min_rate":105734.38,"max_rate":106180.22,"is_open":false,"enter_tag":"","leverage":1.0,"is_short":false,"open_timestamp":1750801980000,"close_timestamp":1750810080000,"orders":[{"amount":0.00317,"safe_price":105940.01,"ft_order_side":"buy","order_filled_timestamp":1750801980000,"ft_is_entry":true,"ft_order_tag":"","cost":336.1656615317},{"amount":0.00317,"safe_price":106152.1021121121,"ft_order_side":"sell","order_filled_timestamp":1750810080000,"ft_is_entry":false,"ft_order_tag":"roi","cost":336.8386658590907}],"funding_fees":0.0},{"pair":"ETH/USDT","stake_amount":335.786372,"max_stake_amount":335.786372,"amount":0.1373,"open_date":"2025-06-24 18:27:00+00:00","close_date":"2025-06-25 00:09:00+00:00","open_rate":2445.64,"close_rate":2450.536176176176,"fee_open":0.001,"fee_close":0.001,"trade_duration":342,"profit_ratio":0.0,"profit_abs":0.0,"exit_reason":"roi","initial_stop_loss_abs":1777.99,"initial_stop_loss_ratio":-0.273,"stop_loss_abs":1777.99,"stop_loss_ratio":-0.273,"min_rate":2417.22,"max_rate":2452.2,"is_open":false,"enter_tag":"","leverage":1.0,"is_short":false,"open_timestamp":1750789620000,"close_timestamp":1750810140000,"orders":[{"amount":0.1373,"safe_price":2445.64,"ft_order_side":"buy","order_filled_timestamp":1750789620000,"ft_is_entry":true,"ft_order_tag":"","cost":336.12215837199994},{"amount":0.1373,"safe_price":2450.536176176176,"ft_order_side":"sell","order_filled_timestamp":1750810140000,"ft_is_entry":false,"ft_order_tag":"roi","cost":336.79507560597796}],"funding_fees":0.0},{"pair":"ETH/USDT","stake_amount":336.00544,"max_stake_amount":336.00544,"amount":0.1376,"open_date":"2025-06-25 00:45:00+00:00","close_date":"2025-06-25 00:59:00+00:00","open_rate":2441.9,"close_rate":2458.25,"fee_open":0.001,"fee_close":0.001,"trade_duration":14,"profit_ratio":0.004684226048737291,"profit_abs":1.57549936,"exit_reason":"roi","initial_stop_loss_abs":1775.27,"initial_stop_loss_ratio":-0.273,"stop_loss_abs":1775.27,"stop_loss_ratio":-0.273,"min_rate":2441.1,"max_rate":2462.0,"is_open":false,"enter_tag":"","leverage":1.0,"is_short":false,"open_timestamp":1750812300000,"close_timestamp":1750813140000,"orders":[{"amount":0.1376,"safe_price":2441.9,"ft_order_side":"buy","order_filled_timestamp":1750812300000,"ft_is_entry":true,"ft_order_tag":"","cost":336.34144544},{"amount":0.1376,"safe_price":2458.25,"ft_order_side":"sell","order_filled_timestamp":1750813140000,"ft_is_entry":false,"ft_order_tag":"roi","cost":338.59345519999994}],"funding_fees":0.0},{"pair":"BTC/USDT","stake_amount":335.8298,"max_stake_amount":335.8298,"amount":0.00317,"open_date":"2025-06-25 00:45:00+00:00","close_date":"2025-06-25 01:18:00+00:00","open_rate":105940.0,"close_rate":106576.27627627626,"fee_open":0.001,"fee_close":0.001,"trade_duration":33,"profit_ratio":0.003996003996003996,"profit_abs":1.3433192,"exit_reason":"roi","initial_stop_loss_abs":77018.38,"initial_stop_loss_ratio":-0.273,"stop_loss_abs":77018.38,"stop_loss_ratio":-0.273,"min_rate":105934.7,"max_rate":106616.01,"is_open":false,"enter_tag":"","leverage":1.0,"is_short":false,"open_timestamp":1750812300000,"close_timestamp":1750814280000,"orders":[{"amount":0.00317,"safe_price":105940.0,"ft_order_side":"buy","order_filled_timestamp":1750812300000,"ft_is_entry":true,"ft_order_tag":"","cost":336.1656298},{"amount":0.00317,"safe_price":106576.27627627626,"ft_order_side":"sell","order_filled_timestamp":1750814280000,"ft_is_entry":false,"ft_order_tag":"roi","cost":338.1846425915915}],"funding_fees":0.0},{"pair":"ETH/USDT","stake_amount":336.859875,"max_stake_amount":336.859875,"amount":0.1375,"open_date":"2025-06-25 01:30:00+00:00","close_date":"2025-06-25 01:45:00+00:00","open_rate":2449.89,"close_rate":2464.604054054054,"fee_open":0.001,"fee_close":0.001,"trade_duration":15,"profit_ratio":0.003996003996003996,"profit_abs":1.3474395,"exit_reason":"roi","initial_stop_loss_abs":1781.08,"initial_stop_loss_ratio":-0.273,"stop_loss_abs":1781.08,"stop_loss_ratio":-0.273,"min_rate":2445.77,"max_rate":2465.43,"is_open":false,"enter_tag":"","leverage":1.0,"is_short":false,"open_timestamp":1750815000000,"close_timestamp":1750815900000,"orders":[{"amount":0.1375,"safe_price":2449.89,"ft_order_side":"buy","order_filled_timestamp":1750815000000,"ft_is_entry":true,"ft_order_tag":"","cost":337.19673487499995},{"amount":0.1375,"safe_price":2464.604054054054,"ft_order_side":"sell","order_filled_timestamp":1750815900000,"ft_is_entry":false,"ft_order_tag":"roi","cost":339.22194048986483}],"funding_fees":0.0},{"pair":"BTC/USDT","stake_amount":336.4427195,"max_stake_amount":336.4427195,"amount":0.00317,"open_date":"2025-06-25 01:20:00+00:00","close_date":"2025-06-25 01:55:00+00:00","open_rate":106133.35,"close_rate":106364.7,"fee_open":0.001,"fee_close":0.001,"trade_duration":35,"profit_ratio":0.00017744767700636488,"profit_abs":0.05976068,"exit_reason":"roi","initial_stop_loss_abs":77158.95,"initial_stop_loss_ratio":-0.273,"stop_loss_abs":77158.95,"stop_loss_ratio":-0.273,"min_rate":106016.0,"max_rate":106423.33,"is_open":false,"enter_tag":"","leverage":1.0,"is_short":false,"open_timestamp":1750814400000,"close_timestamp":1750816500000,"orders":[{"amount":0.00317,"safe_price":106133.35,"ft_order_side":"buy","order_filled_timestamp":1750814400000,"ft_is_entry":true,"ft_order_tag":"","cost":336.7791622195},{"amount":0.00317,"safe_price":106364.7,"ft_order_side":"sell","order_filled_timestamp":1750816500000,"ft_is_entry":false,"ft_order_tag":"roi","cost":337.513275099}],"funding_fees":0.0},{"pair":"BTC/USDT","stake_amount":336.5681556,"max_stake_amount":336.5681556,"amount":0.00316,"open_date":"2025-06-25 02:43:00+00:00","close_date":"2025-06-25 09:06:00+00:00","open_rate":106508.91,"close_rate":106722.14105105105,"fee_open":0.001,"fee_close":0.001,"trade_duration":383,"profit_ratio":0.0,"profit_abs":0.0,"exit_reason":"roi","initial_stop_loss_abs":77431.98,"initial_stop_loss_ratio":-0.273,"stop_loss_abs":77431.98,"stop_loss_ratio":-0.273,"min_rate":106001.0,"max_rate":106727.99,"is_open":false,"enter_tag":"","leverage":1.0,"is_short":false,"open_timestamp":1750819380000,"close_timestamp":1750842360000,"orders":[{"amount":0.00316,"safe_price":106508.91,"ft_order_side":"buy","order_filled_timestamp":1750819380000,"ft_is_entry":true,"ft_order_tag":"","cost":336.9047237556},{"amount":0.00316,"safe_price":106722.14105105105,"ft_order_side":"sell","order_filled_timestamp":1750842360000,"ft_is_entry":false,"ft_order_tag":"roi","cost":337.5792076870426}],"funding_fees":0.0},{"pair":"BTC/USDT","stake_amount":336.884914,"max_stake_amount":336.884914,"amount":0.00316,"open_date":"2025-06-25 09:53:00+00:00","close_date":"2025-06-25 10:28:00+00:00","open_rate":106609.15,"close_rate":107080.0,"fee_open":0.001,"fee_close":0.001,"trade_duration":35,"profit_ratio":0.0024097739013818637,"profit_abs":0.81262829,"exit_reason":"roi","initial_stop_loss_abs":77504.86,"initial_stop_loss_ratio":-0.273,"stop_loss_abs":77504.86,"stop_loss_ratio":-0.273,"min_rate":106567.38,"max_rate":107184.68,"is_open":false,"enter_tag":"","leverage":1.0,"is_short":false,"open_timestamp":1750845180000,"close_timestamp":1750847280000,"orders":[{"amount":0.00316,"safe_price":106609.15,"ft_order_side":"buy","order_filled_timestamp":1750845180000,"ft_is_entry":true,"ft_order_tag":"","cost":337.2217989139999},{"amount":0.00316,"safe_price":107080.0,"ft_order_side":"sell","order_filled_timestamp":1750847280000,"ft_is_entry":false,"ft_order_tag":"roi","cost":338.71117279999993}],"funding_fees":0.0},{"pair":"BTC/USDT","stake_amount":336.990465,"max_stake_amount":336.990465,"amount":0.00315,"open_date":"2025-06-25 11:13:00+00:00","close_date":"2025-06-25 11:54:00+00:00","open_rate":106981.1,"close_rate":107195.27637637637,"fee_open":0.001,"fee_close":0.001,"trade_duration":41,"profit_ratio":0.0,"profit_abs":0.0,"exit_reason":"roi","initial_stop_loss_abs":77775.26,"initial_stop_loss_ratio":-0.273,"stop_loss_abs":77775.26,"stop_loss_ratio":-0.273,"min_rate":106866.9,"max_rate":107202.6,"is_open":false,"enter_tag":"","leverage":1.0,"is_short":false,"open_timestamp":1750849980000,"close_timestamp":1750852440000,"orders":[{"amount":0.00315,"safe_price":106981.1,"ft_order_side":"buy","order_filled_timestamp":1750849980000,"ft_is_entry":true,"ft_order_tag":"","cost":337.327455465},{"amount":0.00315,"safe_price":107195.27637637637,"ft_order_side":"sell","order_filled_timestamp":1750852440000,"ft_is_entry":false,"ft_order_tag":"roi","cost":338.0027857061711}],"funding_fees":0.0},{"pair":"BTC/USDT","stake_amount":337.2941565,"max_stake_amount":337.2941565,"amount":0.00315,"open_date":"2025-06-25 12:14:00+00:00","close_date":"2025-06-25 12:56:00+00:00","open_rate":107077.51,"close_rate":107291.87938938937,"fee_open":0.001,"fee_close":0.001,"trade_duration":42,"profit_ratio":0.0,"profit_abs":0.0,"exit_reason":"roi","initial_stop_loss_abs":77845.35,"initial_stop_loss_ratio":-0.273,"stop_loss_abs":77845.35,"stop_loss_ratio":-0.273,"min_rate":106927.8,"max_rate":107300.0,"is_open":false,"enter_tag":"","leverage":1.0,"is_short":false,"open_timestamp":1750853640000,"close_timestamp":1750856160000,"orders":[{"amount":0.00315,"safe_price":107077.51,"ft_order_side":"buy","order_filled_timestamp":1750853640000,"ft_is_entry":true,"ft_order_tag":"","cost":337.63145065649996},{"amount":0.00315,"safe_price":107291.87938938937,"ft_order_side":"sell","order_filled_timestamp":1750856160000,"ft_is_entry":false,"ft_order_tag":"roi","cost":338.30738949665306}],"funding_fees":0.0},{"pair":"BTC/USDT","stake_amount":336.8982073,"max_stake_amount":336.8982073,"amount":0.00313,"open_date":"2025-06-25 14:27:00+00:00","close_date":"2025-06-25 19:20:00+00:00","open_rate":107635.21,"close_rate":107850.6959059059,"fee_open":0.001,"fee_close":0.001,"trade_duration":293,"profit_ratio":0.0,"profit_abs":0.0,"exit_reason":"roi","initial_stop_loss_abs":78250.8,"initial_stop_loss_ratio":-0.273,"stop_loss_abs":78250.8,"stop_loss_ratio":-0.273,"min_rate":106752.36,"max_rate":107883.17,"is_open":false,"enter_tag":"","leverage":1.0,"is_short":false,"open_timestamp":1750861620000,"close_timestamp":1750879200000,"orders":[{"amount":0.00313,"safe_price":107635.21,"ft_order_side":"buy","order_filled_timestamp":1750861620000,"ft_is_entry":true,"ft_order_tag":"","cost":337.2351055073},{"amount":0.00313,"safe_price":107850.6959059059,"ft_order_side":"sell","order_filled_timestamp":1750879200000,"ft_is_entry":false,"ft_order_tag":"roi","cost":337.9102508636709}],"funding_fees":0.0},{"pair":"BTC/USDT","stake_amount":336.9045925,"max_stake_amount":336.9045925,"amount":0.00313,"open_date":"2025-06-25 19:47:00+00:00","close_date":"2025-06-25 20:55:00+00:00","open_rate":107637.25,"close_rate":107852.73998998998,"fee_open":0.001,"fee_close":0.001,"trade_duration":68,"profit_ratio":0.0,"profit_abs":0.0,"exit_reason":"roi","initial_stop_loss_abs":78252.29,"initial_stop_loss_ratio":-0.273,"stop_loss_abs":78252.29,"stop_loss_ratio":-0.273,"min_rate":107500.0,"max_rate":107855.48,"is_open":false,"enter_tag":"","leverage":1.0,"is_short":false,"open_timestamp":1750880820000,"close_timestamp":1750884900000,"orders":[{"amount":0.00313,"safe_price":107637.25,"ft_order_side":"buy","order_filled_timestamp":1750880820000,"ft_is_entry":true,"ft_order_tag":"","cost":337.24149709249997},{"amount":0.00313,"safe_price":107852.73998998998,"ft_order_side":"sell","order_filled_timestamp":1750884900000,"ft_is_entry":false,"ft_order_tag":"roi","cost":337.9166552448373}],"funding_fees":0.0},{"pair":"ETH/USDT","stake_amount":337.252736,"max_stake_amount":337.252736,"amount":0.1373,"open_date":"2025-06-25 02:40:00+00:00","close_date":"2025-06-26 01:33:00+00:00","open_rate":2456.32,"close_rate":2461.2375575575575,"fee_open":0.001,"fee_close":0.001,"trade_duration":1373,"profit_ratio":0.0,"profit_abs":0.0,"exit_reason":"roi","initial_stop_loss_abs":1785.75,"initial_stop_loss_ratio":-0.273,"stop_loss_abs":1785.75,"stop_loss_ratio":-0.273,"min_rate":2389.69,"max_rate":2466.77,"is_open":false,"enter_tag":"","leverage":1.0,"is_short":false,"open_timestamp":1750819200000,"close_timestamp":1750901580000,"orders":[{"amount":0.1373,"safe_price":2456.32,"ft_order_side":"buy","order_filled_timestamp":1750819200000,"ft_is_entry":true,"ft_order_tag":"","cost":337.589988736},{"amount":0.1373,"safe_price":2461.2375575575575,"ft_order_side":"sell","order_filled_timestamp":1750901580000,"ft_is_entry":false,"ft_order_tag":"roi","cost":338.2658445693053}],"funding_fees":0.0},{"pair":"BTC/USDT","stake_amount":337.2467954,"max_stake_amount":337.2467954,"amount":0.00313,"open_date":"2025-06-25 21:09:00+00:00","close_date":"2025-06-26 02:53:00+00:00","open_rate":107746.58,"close_rate":107962.28886886887,"fee_open":0.001,"fee_close":0.001,"trade_duration":344,"profit_ratio":0.0,"profit_abs":0.0,"exit_reason":"roi","initial_stop_loss_abs":78331.77,"initial_stop_loss_ratio":-0.273,"stop_loss_abs":78331.77,"stop_loss_ratio":-0.273,"min_rate":107079.9,"max_rate":107977.93,"is_open":false,"enter_tag":"","leverage":1.0,"is_short":false,"open_timestamp":1750885740000,"close_timestamp":1750906380000,"orders":[{"amount":0.00313,"safe_price":107746.58,"ft_order_side":"buy","order_filled_timestamp":1750885740000,"ft_is_entry":true,"ft_order_tag":"","cost":337.58404219539995},{"amount":0.00313,"safe_price":107962.28886886887,"ft_order_side":"sell","order_filled_timestamp":1750906380000,"ft_is_entry":false,"ft_order_tag":"roi","cost":338.25988612371907}],"funding_fees":0.0},{"pair":"ETH/USDT","stake_amount":337.62246,"max_stake_amount":337.62246,"amount":0.1371,"open_date":"2025-06-26 02:41:00+00:00","close_date":"2025-06-26 02:55:00+00:00","open_rate":2462.6,"close_rate":2500.11,"fee_open":0.001,"fee_close":0.001,"trade_duration":14,"profit_ratio":0.01320343345734666,"profit_abs":4.46223346,"exit_reason":"roi","initial_stop_loss_abs":1790.32,"initial_stop_loss_ratio":-0.273,"stop_loss_abs":1790.32,"stop_loss_ratio":-0.273,"min_rate":2460.0,"max_rate":2502.0,"is_open":false,"enter_tag":"","leverage":1.0,"is_short":false,"open_timestamp":1750905660000,"close_timestamp":1750906500000,"orders":[{"amount":0.1371,"safe_price":2462.6,"ft_order_side":"buy","order_filled_timestamp":1750905660000,"ft_is_entry":true,"ft_order_tag":"","cost":337.96008245999997},{"amount":0.1371,"safe_price":2500.11,"ft_order_side":"sell","order_filled_timestamp":1750906500000,"ft_is_entry":false,"ft_order_tag":"roi","cost":343.107846081}],"funding_fees":0.0},{"pair":"ETH/USDT","stake_amount":339.035346,"max_stake_amount":339.035346,"amount":0.1363,"open_date":"2025-06-26 03:50:00+00:00","close_date":"2025-06-26 07:17:00+00:00","open_rate":2487.42,"close_rate":2492.3998198198196,"fee_open":0.001,"fee_close":0.001,"trade_duration":207,"profit_ratio":0.0,"profit_abs":0.0,"exit_reason":"roi","initial_stop_loss_abs":1808.36,"initial_stop_loss_ratio":-0.273,"stop_loss_abs":1808.36,"stop_loss_ratio":-0.273,"min_rate":2467.14,"max_rate":2498.33,"is_open":false,"enter_tag":"","leverage":1.0,"is_short":false,"open_timestamp":1750909800000,"close_timestamp":1750922220000,"orders":[{"amount":0.1363,"safe_price":2487.42,"ft_order_side":"buy","order_filled_timestamp":1750909800000,"ft_is_entry":true,"ft_order_tag":"","cost":339.37438134599995},{"amount":0.1363,"safe_price":2492.3998198198196,"ft_order_side":"sell","order_filled_timestamp":1750922220000,"ft_is_entry":false,"ft_order_tag":"roi","cost":340.05380953688285}],"funding_fees":0.0},{"pair":"BTC/USDT","stake_amount":338.7196186,"max_stake_amount":338.7196186,"amount":0.00314,"open_date":"2025-06-26 03:34:00+00:00","close_date":"2025-06-26 08:16:00+00:00","open_rate":107872.49,"close_rate":108088.45094094094,"fee_open":0.001,"fee_close":0.001,"trade_duration":282,"profit_ratio":0.0,"profit_abs":0.0,"exit_reason":"roi","initial_stop_loss_abs":78423.31,"initial_stop_loss_ratio":-0.273,"stop_loss_abs":78423.31,"stop_loss_ratio":-0.273,"min_rate":107520.0,"max_rate":108174.86,"is_open":false,"enter_tag":"","leverage":1.0,"is_short":false,"open_timestamp":1750908840000,"close_timestamp":1750925760000,"orders":[{"amount":0.00314,"safe_price":107872.49,"ft_order_side":"buy","order_filled_timestamp":1750908840000,"ft_is_entry":true,"ft_order_tag":"","cost":339.05833821859994},{"amount":0.00314,"safe_price":108088.45094094094,"ft_order_side":"sell","order_filled_timestamp":1750925760000,"ft_is_entry":false,"ft_order_tag":"roi","cost":339.73713369050904}],"funding_fees":0.0},{"pair":"BTC/USDT","stake_amount":338.4920314,"max_stake_amount":338.4920314,"amount":0.00314,"open_date":"2025-06-26 08:19:00+00:00","close_date":"2025-06-28 12:06:00+00:00","open_rate":107800.01,"close_rate":107373.39,"fee_open":0.001,"fee_close":0.001,"trade_duration":3107,"profit_ratio":-0.005947608437372691,"profit_abs":-2.01523128,"exit_reason":"exit_signal","initial_stop_loss_abs":78370.61,"initial_stop_loss_ratio":-0.273,"stop_loss_abs":78370.61,"stop_loss_ratio":-0.273,"min_rate":106356.76,"max_rate":108000.0,"is_open":false,"enter_tag":"","leverage":1.0,"is_short":false,"open_timestamp":1750925940000,"close_timestamp":1751112360000,"orders":[{"amount":0.00314,"safe_price":107800.01,"ft_order_side":"buy","order_filled_timestamp":1750925940000,"ft_is_entry":true,"ft_order_tag":"","cost":338.8305234313999},{"amount":0.00314,"safe_price":107373.39,"ft_order_side":"sell","order_filled_timestamp":1751112360000,"ft_is_entry":false,"ft_order_tag":"exit_signal","cost":337.4895970446}],"funding_fees":0.0},{"pair":"BTC/USDT","stake_amount":338.0454,"max_stake_amount":338.0454,"amount":0.00315,"open_date":"2025-06-28 12:35:00+00:00","close_date":"2025-06-28 15:57:00+00:00","open_rate":107316.0,"close_rate":107530.84684684683,"fee_open":0.001,"fee_close":0.001,"trade_duration":202,"profit_ratio":0.0,"profit_abs":0.0,"exit_reason":"roi","initial_stop_loss_abs":78018.74,"initial_stop_loss_ratio":-0.273,"stop_loss_abs":78018.74,"stop_loss_ratio":-0.273,"min_rate":107084.15,"max_rate":107577.75,"is_open":false,"enter_tag":"","leverage":1.0,"is_short":false,"open_timestamp":1751114100000,"close_timestamp":1751126220000,"orders":[{"amount":0.00315,"safe_price":107316.0,"ft_order_side":"buy","order_filled_timestamp":1751114100000,"ft_is_entry":true,"ft_order_tag":"","cost":338.38344539999997},{"amount":0.00315,"safe_price":107530.84684684683,"ft_order_side":"sell","order_filled_timestamp":1751126220000,"ft_is_entry":false,"ft_order_tag":"roi","cost":339.06088973513505}],"funding_fees":0.0},{"pair":"BTC/USDT","stake_amount":338.190804,"max_stake_amount":338.190804,"amount":0.00315,"open_date":"2025-06-28 16:40:00+00:00","close_date":"2025-06-29 04:26:00+00:00","open_rate":107362.16,"close_rate":107241.77,"fee_open":0.001,"fee_close":0.001,"trade_duration":706,"profit_ratio":-0.0031171063518826594,"profit_abs":-1.05523088,"exit_reason":"exit_signal","initial_stop_loss_abs":78052.3,"initial_stop_loss_ratio":-0.273,"stop_loss_abs":78052.3,"stop_loss_ratio":-0.273,"min_rate":107154.62,"max_rate":107542.5,"is_open":false,"enter_tag":"","leverage":1.0,"is_short":false,"open_timestamp":1751128800000,"close_timestamp":1751171160000,"orders":[{"amount":0.00315,"safe_price":107362.16,"ft_order_side":"buy","order_filled_timestamp":1751128800000,"ft_is_entry":true,"ft_order_tag":"","cost":338.528994804},{"amount":0.00315,"safe_price":107241.77,"ft_order_side":"sell","order_filled_timestamp":1751171160000,"ft_is_entry":false,"ft_order_tag":"exit_signal","cost":338.1493870755}],"funding_fees":0.0},{"pair":"BTC/USDT","stake_amount":337.8144735,"max_stake_amount":337.8144735,"amount":0.00315,"open_date":"2025-06-29 05:15:00+00:00","close_date":"2025-06-29 06:04:00+00:00","open_rate":107242.69,"close_rate":107310.0,"fee_open":0.001,"fee_close":0.001,"trade_duration":49,"profit_ratio":-0.0013716141705844313,"profit_abs":-0.46381447,"exit_reason":"exit_signal","initial_stop_loss_abs":77965.44,"initial_stop_loss_ratio":-0.273,"stop_loss_abs":77965.44,"stop_loss_ratio":-0.273,"min_rate":107205.82,"max_rate":107310.0,"is_open":false,"enter_tag":"","leverage":1.0,"is_short":false,"open_timestamp":1751174100000,"close_timestamp":1751177040000,"orders":[{"amount":0.00315,"safe_price":107242.69,"ft_order_side":"buy","order_filled_timestamp":1751174100000,"ft_is_entry":true,"ft_order_tag":"","cost":338.1522879735},{"amount":0.00315,"safe_price":107310.0,"ft_order_side":"sell","order_filled_timestamp":1751177040000,"ft_is_entry":false,"ft_order_tag":"exit_signal","cost":338.36452649999995}],"funding_fees":0.0},{"pair":"BTC/USDT","stake_amount":337.06016,"max_stake_amount":337.06016,"amount":0.00314,"open_date":"2025-06-29 07:18:00+00:00","close_date":"2025-06-29 08:31:00+00:00","open_rate":107344.0,"close_rate":107558.90290290289,"fee_open":0.001,"fee_close":0.001,"trade_duration":73,"profit_ratio":0.0,"profit_abs":0.0,"exit_reason":"roi","initial_stop_loss_abs":78039.09,"initial_stop_loss_ratio":-0.273,"stop_loss_abs":78039.09,"stop_loss_ratio":-0.273,"min_rate":107330.0,"max_rate":107607.42,"is_open":false,"enter_tag":"","leverage":1.0,"is_short":false,"open_timestamp":1751181480000,"close_timestamp":1751185860000,"orders":[{"amount":0.00314,"safe_price":107344.0,"ft_order_side":"buy","order_filled_timestamp":1751181480000,"ft_is_entry":true,"ft_order_tag":"","cost":337.39722015999996},{"amount":0.00314,"safe_price":107558.90290290289,"ft_order_side":"sell","order_filled_timestamp":1751185860000,"ft_is_entry":false,"ft_order_tag":"roi","cost":338.0726900702302}],"funding_fees":0.0},{"pair":"ETH/USDT","stake_amount":339.094511,"max_stake_amount":339.094511,"amount":0.1361,"open_date":"2025-06-26 08:19:00+00:00","close_date":"2025-06-29 22:46:00+00:00","open_rate":2491.51,"close_rate":2496.498008008008,"fee_open":0.001,"fee_close":0.001,"trade_duration":5187,"profit_ratio":0.0,"profit_abs":0.0,"exit_reason":"roi","initial_stop_loss_abs":1811.33,"initial_stop_loss_ratio":-0.273,"stop_loss_abs":1811.33,"stop_loss_ratio":-0.273,"min_rate":2382.53,"max_rate":2496.82,"is_open":false,"enter_tag":"","leverage":1.0,"is_short":false,"open_timestamp":1750925940000,"close_timestamp":1751237160000,"orders":[{"amount":0.1361,"safe_price":2491.51,"ft_order_side":"buy","order_filled_timestamp":1750925940000,"ft_is_entry":true,"ft_order_tag":"","cost":339.433605511},{"amount":0.1361,"safe_price":2496.498008008008,"ft_order_side":"sell","order_filled_timestamp":1751237160000,"ft_is_entry":false,"ft_order_tag":"roi","cost":340.11315226877974}],"funding_fees":0.0},{"pair":"BTC/USDT","stake_amount":337.7463648,"max_stake_amount":337.7463648,"amount":0.00312,"open_date":"2025-06-29 12:28:00+00:00","close_date":"2025-06-30 00:18:00+00:00","open_rate":108252.04,"close_rate":108468.76080080078,"fee_open":0.001,"fee_close":0.001,"trade_duration":710,"profit_ratio":0.0,"profit_abs":0.0,"exit_reason":"roi","initial_stop_loss_abs":78699.24,"initial_stop_loss_ratio":-0.273,"stop_loss_abs":78699.24,"stop_loss_ratio":-0.273,"min_rate":107250.0,"max_rate":108473.01,"is_open":false,"enter_tag":"","leverage":1.0,"is_short":false,"open_timestamp":1751200080000,"close_timestamp":1751242680000,"orders":[{"amount":0.00312,"safe_price":108252.04,"ft_order_side":"buy","order_filled_timestamp":1751200080000,"ft_is_entry":true,"ft_order_tag":"","cost":338.08411116479994},{"amount":0.00312,"safe_price":108468.76080080078,"ft_order_side":"sell","order_filled_timestamp":1751242680000,"ft_is_entry":false,"ft_order_tag":"roi","cost":338.7609562321969}],"funding_fees":0.0},{"pair":"ETH/USDT","stake_amount":337.832411,"max_stake_amount":337.832411,"amount":0.1351,"open_date":"2025-06-30 00:05:00+00:00","close_date":"2025-06-30 00:24:00+00:00","open_rate":2500.61,"close_rate":2515.6286786786786,"fee_open":0.001,"fee_close":0.001,"trade_duration":19,"profit_ratio":0.003996003984175635,"profit_abs":1.35132964,"exit_reason":"roi","initial_stop_loss_abs":1817.95,"initial_stop_loss_ratio":-0.273,"stop_loss_abs":1817.95,"stop_loss_ratio":-0.273,"min_rate":2499.83,"max_rate":2519.6,"is_open":false,"enter_tag":"","leverage":1.0,"is_short":false,"open_timestamp":1751241900000,"close_timestamp":1751243040000,"orders":[{"amount":0.1351,"safe_price":2500.61,"ft_order_side":"buy","order_filled_timestamp":1751241900000,"ft_is_entry":true,"ft_order_tag":"","cost":338.170243411},{"amount":0.1351,"safe_price":2515.6286786786786,"ft_order_side":"sell","order_filled_timestamp":1751243040000,"ft_is_entry":false,"ft_order_tag":"roi","cost":340.20129592397893}],"funding_fees":0.0},{"pair":"ETH/USDT","stake_amount":338.306212,"max_stake_amount":338.306212,"amount":0.1348,"open_date":"2025-06-30 01:20:00+00:00","close_date":"2025-06-30 19:26:00+00:00","open_rate":2509.69,"close_rate":2514.7144044044044,"fee_open":0.001,"fee_close":0.001,"trade_duration":1086,"profit_ratio":0.0,"profit_abs":0.0,"exit_reason":"roi","initial_stop_loss_abs":1824.55,"initial_stop_loss_ratio":-0.273,"stop_loss_abs":1824.55,"stop_loss_ratio":-0.273,"min_rate":2431.0,"max_rate":2519.51,"is_open":false,"enter_tag":"","leverage":1.0,"is_short":false,"open_timestamp":1751246400000,"close_timestamp":1751311560000,"orders":[{"amount":0.1348,"safe_price":2509.69,"ft_order_side":"buy","order_filled_timestamp":1751246400000,"ft_is_entry":true,"ft_order_tag":"","cost":338.644518212},{"amount":0.1348,"safe_price":2514.7144044044044,"ft_order_side":"sell","order_filled_timestamp":1751311560000,"ft_is_entry":false,"ft_order_tag":"roi","cost":339.32248521542743}],"funding_fees":0.0},{"pair":"ETH/USDT","stake_amount":338.2398,"max_stake_amount":338.2398,"amount":0.135,"open_date":"2025-06-30 20:04:00+00:00","close_date":"2025-06-30 20:20:00+00:00","open_rate":2505.48,"close_rate":2520.527927927928,"fee_open":0.001,"fee_close":0.001,"trade_duration":16,"profit_ratio":0.003996003996003996,"profit_abs":1.3529592,"exit_reason":"roi","initial_stop_loss_abs":1821.49,"initial_stop_loss_ratio":-0.273,"stop_loss_abs":1821.49,"stop_loss_ratio":-0.273,"min_rate":2505.17,"max_rate":2522.17,"is_open":false,"enter_tag":"","leverage":1.0,"is_short":false,"open_timestamp":1751313840000,"close_timestamp":1751314800000,"orders":[{"amount":0.135,"safe_price":2505.48,"ft_order_side":"buy","order_filled_timestamp":1751313840000,"ft_is_entry":true,"ft_order_tag":"","cost":338.57803979999994},{"amount":0.135,"safe_price":2520.527927927928,"ft_order_side":"sell","order_filled_timestamp":1751314800000,"ft_is_entry":false,"ft_order_tag":"roi","cost":340.61154154054054}],"funding_fees":0.0},{"pair":"BTC/USDT","stake_amount":337.5565077,"max_stake_amount":337.5565077,"amount":0.00311,"open_date":"2025-06-30 01:16:00+00:00","close_date":"2025-06-30 21:07:00+00:00","open_rate":108539.07,"close_rate":107500.01,"fee_open":0.001,"fee_close":0.001,"trade_duration":1191,"profit_ratio":-0.011552017491495932,"profit_abs":-3.90335814,"exit_reason":"force_exit","initial_stop_loss_abs":78907.91,"initial_stop_loss_ratio":-0.273,"stop_loss_abs":78907.91,"stop_loss_ratio":-0.273,"min_rate":106733.33,"max_rate":108770.0,"is_open":false,"enter_tag":"","leverage":1.0,"is_short":false,"open_timestamp":1751246160000,"close_timestamp":1751317620000,"orders":[{"amount":0.00311,"safe_price":108539.07,"ft_order_side":"buy","order_filled_timestamp":1751246160000,"ft_is_entry":true,"ft_order_tag":"","cost":337.89406420769996},{"amount":0.00311,"safe_price":107500.01,"ft_order_side":"sell","order_filled_timestamp":1751317620000,"ft_is_entry":false,"ft_order_tag":"force_exit","cost":334.65935613109997}],"funding_fees":0.0},{"pair":"ETH/USDT","stake_amount":338.778111,"max_stake_amount":338.778111,"amount":0.1351,"open_date":"2025-06-30 20:54:00+00:00","close_date":"2025-06-30 21:07:00+00:00","open_rate":2507.61,"close_rate":2501.15,"fee_open":0.001,"fee_close":0.001,"trade_duration":13,"profit_ratio":-0.004569013015134259,"profit_abs":-1.54942948,"exit_reason":"force_exit","initial_stop_loss_abs":1823.04,"initial_stop_loss_ratio":-0.273,"stop_loss_abs":1823.04,"stop_loss_ratio":-0.273,"min_rate":2499.36,"max_rate":2507.61,"is_open":false,"enter_tag":"","leverage":1.0,"is_short":false,"open_timestamp":1751316840000,"close_timestamp":1751317620000,"orders":[{"amount":0.1351,"safe_price":2507.61,"ft_order_side":"buy","order_filled_timestamp":1751316840000,"ft_is_entry":true,"ft_order_tag":"","cost":339.116889111},{"amount":0.1351,"safe_price":2501.15,"ft_order_side":"sell","order_filled_timestamp":1751317620000,"ft_is_entry":false,"ft_order_tag":"force_exit","cost":338.243270365}],"funding_fees":0.0}],"locks":[],"best_pair":{"key":"ETH/USDT","trades":36,"profit_mean":0.0020309386971096213,"profit_mean_pct":0.2,"profit_sum":0.07311379309594637,"profit_sum_pct":7.31,"profit_total_abs":24.45090209,"profit_total":0.02445090209,"profit_total_pct":2.45,"duration_avg":"4:31:00","wins":20,"draws":15,"losses":1,"winrate":0.5555555555555556,"cagr":2.5240210533911815,"expectancy":0.6791917247222222,"expectancy_ratio":0.021682889404915473,"sortino":-100,"sharpe":67.62714331631854,"calmar":4418.948754442343,"sqn":4.072,"profit_factor":16.780584018576956,"max_drawdown_account":0.0015101646971488916,"max_drawdown_abs":1.5494294800000006},"worst_pair":{"key":"BTC/USDT","trades":31,"profit_mean":-0.0002676169281773752,"profit_mean_pct":-0.03,"profit_sum":-0.008296124773498632,"profit_sum_pct":-0.83,"profit_total_abs":-2.85119784,"profit_total":-0.0028511978400000003,"profit_total_pct":-0.29,"duration_avg":"5:13:00","wins":7,"draws":20,"losses":4,"winrate":0.22580645161290322,"cagr":-0.13832916966188824,"expectancy":-0.09197412387096773,"expectancy_ratio":-0.6946254690380771,"sortino":-5.969891369887818,"sharpe":-8.630642370225344,"calmar":-105.10616921398012,"sqn":-0.5587,"profit_factor":0.6166526149549019,"max_drawdown_account":0.007403678266580362,"max_drawdown_abs":7.43763477},"results_per_pair":[{"key":"ETH/USDT","trades":36,"profit_mean":0.0020309386971096213,"profit_mean_pct":0.2,"profit_sum":0.07311379309594637,"profit_sum_pct":7.31,"profit_total_abs":24.45090209,"profit_total":0.02445090209,"profit_total_pct":2.45,"duration_avg":"4:31:00","wins":20,"draws":15,"losses":1,"winrate":0.5555555555555556,"cagr":2.5240210533911815,"expectancy":0.6791917247222222,"expectancy_ratio":0.021682889404915473,"sortino":-100,"sharpe":67.62714331631854,"calmar":4418.948754442343,"sqn":4.072,"profit_factor":16.780584018576956,"max_drawdown_account":0.0015101646971488916,"max_drawdown_abs":1.5494294800000006},{"key":"BTC/USDT","trades":31,"profit_mean":-0.0002676169281773752,"profit_mean_pct":-0.03,"profit_sum":-0.008296124773498632,"profit_sum_pct":-0.83,"profit_total_abs":-2.85119784,"profit_total":-0.0028511978400000003,"profit_total_pct":-0.29,"duration_avg":"5:13:00","wins":7,"draws":20,"losses":4,"winrate":0.22580645161290322,"cagr":-0.13832916966188824,"expectancy":-0.09197412387096773,"expectancy_ratio":-0.6946254690380771,"sortino":-5.969891369887818,"sharpe":-8.630642370225344,"calmar":-105.10616921398012,"sqn":-0.5587,"profit_factor":0.6166526149549019,"max_drawdown_account":0.007403678266580362,"max_drawdown_abs":7.43763477},{"key":"TOTAL","trades":67,"profit_mean":0.0009674278854096677,"profit_mean_pct":0.1,"profit_sum":0.06481766832244773,"profit_sum_pct":6.48,"profit_total_abs":21.599704250000002,"profit_total":0.02159970425,"profit_total_pct":2.16,"duration_avg":"4:51:00","wins":27,"draws":35,"losses":5,"winrate":0.40298507462686567,"cagr":2.0473705496187584,"expectancy":0.32238364552238813,"expectancy_ratio":-0.3430282395453229,"sortino":50.28050812751995,"sharpe":57.60798213259257,"calmar":964.4686714530668,"sqn":2.5594,"profit_factor":3.4034215900926714,"max_drawdown_account":0.006112347991453346,"max_drawdown_abs":6.282775409999996}],"results_per_enter_tag":[{"key":"","trades":67,"profit_mean":0.0009674278854096677,"profit_mean_pct":0.1,"profit_sum":0.06481766832244773,"profit_sum_pct":6.48,"profit_total_abs":21.599704250000002,"profit_total":0.02159970425,"profit_total_pct":2.16,"duration_avg":"4:51:00","wins":27,"draws":35,"losses":5,"winrate":0.40298507462686567,"cagr":2.0473705496187584,"expectancy":0.32238364552238813,"expectancy_ratio":-0.3430282395453229,"sortino":50.28050812751995,"sharpe":57.60798213259257,"calmar":964.4686714530668,"sqn":2.5594,"profit_factor":3.4034215900926714,"max_drawdown_account":0.006112347991453346,"max_drawdown_abs":6.282775409999996},{"key":"TOTAL","trades":67,"profit_mean":0.0009674278854096677,"profit_mean_pct":0.1,"profit_sum":0.06481766832244773,"profit_sum_pct":6.48,"profit_total_abs":21.599704250000002,"profit_total":0.02159970425,"profit_total_pct":2.16,"duration_avg":"4:51:00","wins":27,"draws":35,"losses":5,"winrate":0.40298507462686567,"cagr":2.0473705496187584,"expectancy":0.32238364552238813,"expectancy_ratio":-0.3430282395453229,"sortino":50.28050812751995,"sharpe":57.60798213259257,"calmar":964.4686714530668,"sqn":2.5594,"profit_factor":3.4034215900926714,"max_drawdown_account":0.006112347991453346,"max_drawdown_abs":6.282775409999996}],"exit_reason_summary":[{"key":"roi","trades":62,"profit_mean":0.0014737907707889953,"profit_mean_pct":0.15,"profit_sum":0.0913750277889177,"profit_sum_pct":9.14,"profit_total_abs":30.5867685,"profit_total":0.0305867685,"profit_total_pct":3.06,"duration_avg":"3:53:00","wins":27,"draws":35,"losses":0,"winrate":0.43548387096774194,"cagr":3.8113446180978903,"expectancy":0.4933349758064517,"expectancy_ratio":100.0,"sortino":-100,"sharpe":105.24336646457901,"calmar":-100,"sqn":4.8576,"profit_factor":0.0,"max_drawdown_account":0.0,"max_drawdown_abs":0.0},{"key":"exit_signal","trades":3,"profit_mean":-0.0034787763199465942,"profit_mean_pct":-0.35,"profit_sum":-0.010436328959839782,"profit_sum_pct":-1.04,"profit_total_abs":-3.53427663,"profit_total":-0.00353427663,"profit_total_pct":-0.35,"duration_avg":"21:27:00","wins":0,"draws":0,"losses":3,"winrate":0.0,"cagr":-0.1685746084327462,"expectancy":-1.17809221,"expectancy_ratio":-1.0,"sortino":-15.088584047120621,"sharpe":-15.088584047120621,"calmar":-272.9281882077526,"sqn":-2.6061,"profit_factor":0.0,"max_drawdown_account":0.003534276630000022,"max_drawdown_abs":3.53427663},{"key":"force_exit","trades":2,"profit_mean":-0.008060515253315095,"profit_mean_pct":-0.81,"profit_sum":-0.01612103050663019,"profit_sum_pct":-1.61,"profit_total_abs":-5.45278762,"profit_total":-0.00545278762,"profit_total_pct":-0.55,"duration_avg":"10:02:00","wins":0,"draws":0,"losses":2,"winrate":0.0,"cagr":-0.2480623978884937,"expectancy":-2.72639381,"expectancy_ratio":-1.0,"sortino":-12.644558614688624,"sharpe":-12.644558614688624,"calmar":-272.9281882077552,"sqn":-2.3165,"profit_factor":0.0,"max_drawdown_account":0.005452787619999981,"max_drawdown_abs":5.45278762},{"key":"TOTAL","trades":67,"profit_mean":0.0009674278854096677,"profit_mean_pct":0.1,"profit_sum":0.06481766832244773,"profit_sum_pct":6.48,"profit_total_abs":21.599704250000002,"profit_total":0.02159970425,"profit_total_pct":2.16,"duration_avg":"4:51:00","wins":27,"draws":35,"losses":5,"winrate":0.40298507462686567,"cagr":2.0473705496187584,"expectancy":0.32238364552238813,"expectancy_ratio":-0.3430282395453229,"sortino":50.28050812751995,"sharpe":57.60798213259257,"calmar":964.4686714530668,"sqn":2.5594,"profit_factor":3.4034215900926714,"max_drawdown_account":0.006112347991453346,"max_drawdown_abs":6.282775409999996}],"mix_tag_stats":[{"key":["","roi"],"trades":62,"profit_mean":0.0014737907707889953,"profit_mean_pct":0.15,"profit_sum":0.0913750277889177,"profit_sum_pct":9.14,"profit_total_abs":30.5867685,"profit_total":0.0305867685,"profit_total_pct":3.06,"duration_avg":"3:53:00","wins":27,"draws":35,"losses":0,"winrate":0.43548387096774194,"cagr":3.8113446180978903,"expectancy":0.4933349758064517,"expectancy_ratio":100.0,"sortino":-100,"sharpe":105.24336646457901,"calmar":-100,"sqn":4.8576,"profit_factor":0.0,"max_drawdown_account":0.0,"max_drawdown_abs":0.0},{"key":["","exit_signal"],"trades":3,"profit_mean":-0.0034787763199465942,"profit_mean_pct":-0.35,"profit_sum":-0.010436328959839782,"profit_sum_pct":-1.04,"profit_total_abs":-3.53427663,"profit_total":-0.00353427663,"profit_total_pct":-0.35,"duration_avg":"21:27:00","wins":0,"draws":0,"losses":3,"winrate":0.0,"cagr":-0.1685746084327462,"expectancy":-1.17809221,"expectancy_ratio":-1.0,"sortino":-15.088584047120621,"sharpe":-15.088584047120621,"calmar":-272.9281882077526,"sqn":-2.6061,"profit_factor":0.0,"max_drawdown_account":0.003534276630000022,"max_drawdown_abs":3.53427663},{"key":["","force_exit"],"trades":2,"profit_mean":-0.008060515253315095,"profit_mean_pct":-0.81,"profit_sum":-0.01612103050663019,"profit_sum_pct":-1.61,"profit_total_abs":-5.45278762,"profit_total":-0.00545278762,"profit_total_pct":-0.55,"duration_avg":"10:02:00","wins":0,"draws":0,"losses":2,"winrate":0.0,"cagr":-0.2480623978884937,"expectancy":-2.72639381,"expectancy_ratio":-1.0,"sortino":-12.644558614688624,"sharpe":-12.644558614688624,"calmar":-272.9281882077552,"sqn":-2.3165,"profit_factor":0.0,"max_drawdown_account":0.005452787619999981,"max_drawdown_abs":5.45278762},{"key":"TOTAL","trades":67,"profit_mean":0.0009674278854096677,"profit_mean_pct":0.1,"profit_sum":0.06481766832244773,"profit_sum_pct":6.48,"profit_total_abs":21.599704250000002,"profit_total":0.02159970425,"profit_total_pct":2.16,"duration_avg":"4:51:00","wins":27,"draws":35,"losses":5,"winrate":0.40298507462686567,"cagr":2.0473705496187584,"expectancy":0.32238364552238813,"expectancy_ratio":-0.3430282395453229,"sortino":50.28050812751995,"sharpe":57.60798213259257,"calmar":964.4686714530668,"sqn":2.5594,"profit_factor":3.4034215900926714,"max_drawdown_account":0.006112347991453346,"max_drawdown_abs":6.282775409999996}],"left_open_trades":[{"key":"ETH/USDT","trades":1,"profit_mean":-0.004569013015134259,"profit_mean_pct":-0.46,"profit_sum":-0.004569013015134259,"profit_sum_pct":-0.46,"profit_total_abs":-1.54942948,"profit_total":-0.00154942948,"profit_total_pct":-0.15,"duration_avg":"0:13:00","wins":0,"draws":0,"losses":1,"winrate":0.0,"cagr":-0.07767196766902607,"expectancy":-1.54942948,"expectancy_ratio":-1.0,"sortino":-100,"sharpe":-100,"calmar":-272.9281882077617,"sqn":-100.0,"profit_factor":0.0,"max_drawdown_account":0.001549429479999958,"max_drawdown_abs":1.54942948},{"key":"BTC/USDT","trades":1,"profit_mean":-0.011552017491495932,"profit_mean_pct":-1.16,"profit_sum":-0.011552017491495932,"profit_sum_pct":-1.16,"profit_total_abs":-3.90335814,"profit_total":-0.00390335814,"profit_total_pct":-0.39,"duration_avg":"19:51:00","wins":0,"draws":0,"losses":1,"winrate":0.0,"cagr":-0.1844809621721928,"expectancy":-3.90335814,"expectancy_ratio":-1.0,"sortino":-100,"sharpe":-100,"calmar":-272.92818820775267,"sqn":-100.0,"profit_factor":0.0,"max_drawdown_account":0.003903358140000023,"max_drawdown_abs":3.90335814},{"key":"TOTAL","trades":2,"profit_mean":-0.008060515253315095,"profit_mean_pct":-0.81,"profit_sum":-0.01612103050663019,"profit_sum_pct":-1.61,"profit_total_abs":-5.45278762,"profit_total":-0.00545278762,"profit_total_pct":-0.55,"duration_avg":"10:02:00","wins":0,"draws":0,"losses":2,"winrate":0.0,"cagr":-0.2480623978884937,"expectancy":-2.72639381,"expectancy_ratio":-1.0,"sortino":-12.644558614688624,"sharpe":-12.644558614688624,"calmar":-272.9281882077552,"sqn":-2.3165,"profit_factor":0.0,"max_drawdown_account":0.005452787619999981,"max_drawdown_abs":5.45278762}],"total_trades":67,"trade_count_long":67,"trade_count_short":0,"total_volume":44970.33719340295,"avg_stake_amount":334.7678109373134,"profit_mean":0.0009674278854096677,"profit_median":0.0,"profit_total":0.02159970425,"profit_total_long":0.02159970425,"profit_total_short":0.0,"profit_total_abs":21.599704250000002,"profit_total_long_abs":21.599704250000002,"profit_total_short_abs":0.0,"cagr":2.0473705496187584,"expectancy":0.32238364552238813,"expectancy_ratio":-0.3430282395453229,"sortino":50.28050812751995,"sharpe":57.60798213259257,"calmar":964.4686714530668,"sqn":2.5594,"profit_factor":3.4034215900926714,"backtest_start":"2025-06-23 00:52:00","backtest_start_ts":1750639920000,"backtest_end":"2025-06-30 21:07:00","backtest_end_ts":1751317620000,"backtest_days":7,"backtest_run_start_ts":1751377820,"backtest_run_end_ts":1751377822,"trades_per_day":9.57,"market_change":0.08736143880747069,"pairlist":["BTC/USDT","ETH/USDT"],"stake_amount":"unlimited","stake_currency":"USDT","stake_currency_decimals":3,"starting_balance":1000,"dry_run_wallet":1000,"final_balance":1021.5997042500001,"rejected_signals":0,"timedout_entry_orders":0,"timedout_exit_orders":0,"canceled_trade_entries":0,"canceled_entry_orders":0,"replaced_entry_orders":0,"max_open_trades":2,"max_open_trades_setting":3,"timeframe":"1m","timeframe_detail":"","timerange":"","enable_protections":false,"strategy_name":"NostalgiaForInfinityNext","stoploss":-0.273,"trailing_stop":true,"trailing_stop_positive":0.01,"trailing_stop_positive_offset":0.02,"trailing_only_offset_is_reached":true,"use_custom_stoploss":false,"minimal_roi":{"0":0.069,"7":0.03,"14":0.004,"35":0},"use_exit_signal":true,"exit_profit_only":false,"exit_profit_offset":0.0,"ignore_roi_if_entry_signal":false,"trading_mode":"spot","margin_mode":"","periodic_breakdown":{"day":[{"date":"23/06/2025","date_ts":1750636800000,"profit_abs":14.46016419,"wins":12,"draws":11,"losses":0,"trades":23,"profit_factor":0.0},{"date":"24/06/2025","date_ts":1750723200000,"profit_abs":3.82143498,"wins":7,"draws":8,"losses":0,"trades":15,"profit_factor":0.0},{"date":"25/06/2025","date_ts":1750809600000,"profit_abs":5.13864703,"wins":5,"draws":7,"losses":0,"trades":12,"profit_factor":0.0},{"date":"26/06/2025","date_ts":1750896000000,"profit_abs":4.46223346,"wins":1,"draws":4,"losses":0,"trades":5,"profit_factor":0.0},{"date":"27/06/2025","date_ts":1750982400000,"profit_abs":0.0,"wins":0,"draws":0,"losses":0,"trades":0,"profit_factor":0.0},{"date":"28/06/2025","date_ts":1751068800000,"profit_abs":-2.01523128,"wins":0,"draws":1,"losses":1,"trades":2,"profit_factor":0.0},{"date":"29/06/2025","date_ts":1751155200000,"profit_abs":-1.51904535,"wins":0,"draws":2,"losses":2,"trades":4,"profit_factor":0.0},{"date":"30/06/2025","date_ts":1751241600000,"profit_abs":-2.74849878,"wins":2,"draws":2,"losses":2,"trades":6,"profit_factor":0.49594612}],"week":[{"date":"23/06/2025","date_ts":1750636800000,"profit_abs":14.46016419,"wins":12,"draws":11,"losses":0,"trades":23,"profit_factor":0.0},{"date":"30/06/2025","date_ts":1751241600000,"profit_abs":7.13954006,"wins":15,"draws":24,"losses":5,"trades":44,"profit_factor":1.79442406}],"month":[{"date":"30/06/2025","date_ts":1751241600000,"profit_abs":21.59970425,"wins":27,"draws":35,"losses":5,"trades":67,"profit_factor":3.40342159}],"year":[{"date":"31/12/2025","date_ts":1767139200000,"profit_abs":21.59970425,"wins":27,"draws":35,"losses":5,"trades":67,"profit_factor":3.40342159}]},"backtest_best_day":0.04352291413171393,"backtest_worst_day":-0.00812902252645056,"backtest_best_day_abs":14.46016419,"backtest_worst_day_abs":-2.74849878,"winning_days":4,"draw_days":1,"losing_days":3,"daily_profit":[["2025-06-23",14.46016419],["2025-06-24",3.82143498],["2025-06-25",5.13864703],["2025-06-26",4.46223346],["2025-06-27",0.0],["2025-06-28",-2.01523128],["2025-06-29",-1.51904535],["2025-06-30",-2.74849878]],"wins":27,"losses":5,"draws":35,"winrate":0.40298507462686567,"holding_avg":"4:51:00","holding_avg_s":17460.0,"winner_holding_min":"0d 00:14","winner_holding_min_s":840.0,"winner_holding_max":"0d 00:35","winner_holding_max_s":2100.0,"winner_holding_avg":"0d 00:25","winner_holding_avg_s":1500.0,"loser_holding_min":"0d 00:13","loser_holding_min_s":780.0,"loser_holding_max":"2d 03:47","loser_holding_max_s":186420.0,"loser_holding_avg":"0d 16:53","loser_holding_avg_s":60780.0,"max_consecutive_wins":5,"max_consecutive_losses":9,"max_drawdown_account":0.006112347991453346,"max_relative_drawdown":0.006112347991453346,"max_drawdown_abs":6.282775409999996,"drawdown_start":"2025-06-26 02:55:00","drawdown_start_ts":1750906500000.0,"drawdown_end":"2025-06-30 21:07:00","drawdown_end_ts":1751317620000.0,"max_drawdown_low":21.599704250000002,"max_drawdown_high":27.882479659999998,"csum_min":1000.0,"csum_max":1027.88247966}},"strategy_comparison":[{"key":"NostalgiaForInfinityNext","trades":67,"profit_mean":0.0009674278854096677,"profit_mean_pct":0.1,"profit_sum":0.06481766832244773,"profit_sum_pct":6.48,"profit_total_abs":21.599704250000002,"profit_total":0.02159970425,"profit_total_pct":2.16,"duration_avg":"4:51:00","wins":27,"draws":35,"losses":5,"winrate":0.40298507462686567,"cagr":2.0473705496187584,"expectancy":0.32238364552238813,"expectancy_ratio":-0.3430282395453229,"sortino":50.28050812751995,"sharpe":57.60798213259257,"calmar":964.4686714530668,"sqn":2.5594,"profit_factor":3.4034215900926714,"max_drawdown_account":0.006112347991453346,"max_drawdown_abs":"6.283"}]}