{"strategy":{"UltimateScalp10xStrategy":{"trades":[{"pair":"BTC/USDT","stake_amount":9.0549081,"max_stake_amount":9.0549081,"amount":9e-05,"open_date":"2025-06-23 00:18:00+00:00","close_date":"2025-06-23 00:48:00+00:00","open_rate":100610.09,"close_rate":101326.69,"fee_open":0.001,"fee_close":0.001,"trade_duration":30,"profit_ratio":0.005110313221557332,"profit_abs":0.04631969,"exit_reason":"roi","initial_stop_loss_abs":95579.59,"initial_stop_loss_ratio":-0.05,"stop_loss_abs":96538.83,"stop_loss_ratio":-0.05,"min_rate":100494.25,"max_rate":101619.82,"is_open":false,"enter_tag":"","leverage":1.0,"is_short":false,"open_timestamp":1750637880000,"close_timestamp":1750639680000,"orders":[{"amount":9e-05,"safe_price":100610.09,"ft_order_side":"buy","order_filled_timestamp":1750637880000,"ft_is_entry":true,"ft_order_tag":"","cost":9.0639630081},{"amount":9e-05,"safe_price":101326.69,"ft_order_side":"sell","order_filled_timestamp":1750639680000,"ft_is_entry":false,"ft_order_tag":"roi","cost":9.1285215021}]},{"pair":"BTC/USDT","stake_amount":9.1105191,"max_stake_amount":9.1105191,"amount":9e-05,"open_date":"2025-06-23 11:32:00+00:00","close_date":"2025-06-23 12:42:00+00:00","open_rate":101227.99,"close_rate":101430.64863863862,"fee_open":0.001,"fee_close":0.001,"trade_duration":70,"profit_ratio":0.0,"profit_abs":0.0,"exit_reason":"roi","initial_stop_loss_abs":96166.6,"initial_stop_loss_ratio":-0.05,"stop_loss_abs":96400.26,"stop_loss_ratio":-0.05,"min_rate":101102.76,"max_rate":101473.95,"is_open":false,"enter_tag":"","leverage":1.0,"is_short":false,"open_timestamp":1750678320000,"close_timestamp":1750682520000,"orders":[{"amount":9e-05,"safe_price":101227.99,"ft_order_side":"buy","order_filled_timestamp":1750678320000,"ft_is_entry":true,"ft_order_tag":"","cost":9.1196296191},{"amount":9e-05,"safe_price":101430.64863863862,"ft_order_side":"sell","order_filled_timestamp":1750682520000,"ft_is_entry":false,"ft_order_tag":"roi","cost":9.137887135854953}]},{"pair":"ETH/USDT","stake_amount":9.903124,"max_stake_amount":9.903124,"amount":0.0044,"open_date":"2025-06-23 13:23:00+00:00","close_date":"2025-06-23 13:43:00+00:00","open_rate":2250.71,"close_rate":2277.7455555555553,"fee_open":0.001,"fee_close":0.001,"trade_duration":20,"profit_ratio":0.009990009990009992,"profit_abs":0.09903124,"exit_reason":"roi","initial_stop_loss_abs":2138.18,"initial_stop_loss_ratio":-0.05,"stop_loss_abs":2169.89,"stop_loss_ratio":-0.05,"min_rate":2232.45,"max_rate":2284.09,"is_open":false,"enter_tag":"","leverage":1.0,"is_short":false,"open_timestamp":1750684980000,"close_timestamp":1750686180000,"orders":[{"amount":0.0044,"safe_price":2250.71,"ft_order_side":"buy","order_filled_timestamp":1750684980000,"ft_is_entry":true,"ft_order_tag":"","cost":9.913027124},{"amount":0.0044,"safe_price":2277.7455555555553,"ft_order_side":"sell","order_filled_timestamp":1750686180000,"ft_is_entry":false,"ft_order_tag":"roi","cost":10.032102524888886}]},{"pair":"ETH/USDT","stake_amount":9.893532,"max_stake_amount":9.893532,"amount":0.0044,"open_date":"2025-06-23 16:00:00+00:00","close_date":"2025-06-23 17:09:00+00:00","open_rate":2248.53,"close_rate":2253.031561561562,"fee_open":0.001,"fee_close":0.001,"trade_duration":69,"profit_ratio":0.0,"profit_abs":0.0,"exit_reason":"roi","initial_stop_loss_abs":2136.11,"initial_stop_loss_ratio":-0.05,"stop_loss_abs":2144.68,"stop_loss_ratio":-0.05,"min_rate":2188.0,"max_rate":2257.55,"is_open":false,"enter_tag":"","leverage":1.0,"is_short":false,"open_timestamp":1750694400000,"close_timestamp":1750698540000,"orders":[{"amount":0.0044,"safe_price":2248.53,"ft_order_side":"buy","order_filled_timestamp":1750694400000,"ft_is_entry":true,"ft_order_tag":"","cost":9.903425532000002},{"amount":0.0044,"safe_price":2253.031561561562,"ft_order_side":"sell","order_filled_timestamp":1750698540000,"ft_is_entry":false,"ft_order_tag":"roi","cost":9.923252209741742}]},{"pair":"ETH/USDT","stake_amount":9.818721,"max_stake_amount":9.818721,"amount":0.0041,"open_date":"2025-06-24 02:18:00+00:00","close_date":"2025-06-24 03:14:00+00:00","open_rate":2394.81,"close_rate":2399.6044144144144,"fee_open":0.001,"fee_close":0.001,"trade_duration":56,"profit_ratio":0.0,"profit_abs":0.0,"exit_reason":"roi","initial_stop_loss_abs":2275.07,"initial_stop_loss_ratio":-0.05,"stop_loss_abs":2280.63,"stop_loss_ratio":-0.05,"min_rate":2389.74,"max_rate":2400.66,"is_open":false,"enter_tag":"","leverage":1.0,"is_short":false,"open_timestamp":1750731480000,"close_timestamp":1750734840000,"orders":[{"amount":0.0041,"safe_price":2394.81,"ft_order_side":"buy","order_filled_timestamp":1750731480000,"ft_is_entry":true,"ft_order_tag":"","cost":9.828539720999999},{"amount":0.0041,"safe_price":2399.6044144144144,"ft_order_side":"sell","order_filled_timestamp":1750734840000,"ft_is_entry":false,"ft_order_tag":"roi","cost":9.848216477198196}]},{"pair":"ETH/USDT","stake_amount":9.842911,"max_stake_amount":9.842911,"amount":0.0041,"open_date":"2025-06-24 07:43:00+00:00","close_date":"2025-06-24 08:22:00+00:00","open_rate":2400.71,"close_rate":2405.516226226226,"fee_open":0.001,"fee_close":0.001,"trade_duration":39,"profit_ratio":0.0,"profit_abs":0.0,"exit_reason":"roi","initial_stop_loss_abs":2280.68,"initial_stop_loss_ratio":-0.05,"stop_loss_abs":2286.02,"stop_loss_ratio":-0.05,"min_rate":2376.11,"max_rate":2406.33,"is_open":false,"enter_tag":"","leverage":1.0,"is_short":false,"open_timestamp":1750750980000,"close_timestamp":1750753320000,"orders":[{"amount":0.0041,"safe_price":2400.71,"ft_order_side":"buy","order_filled_timestamp":1750750980000,"ft_is_entry":true,"ft_order_tag":"","cost":9.852753911},{"amount":0.0041,"safe_price":2405.516226226226,"ft_order_side":"sell","order_filled_timestamp":1750753320000,"ft_is_entry":false,"ft_order_tag":"roi","cost":9.872479144055054}]},{"pair":"BTC/USDT","stake_amount":9.462177,"max_stake_amount":9.462177,"amount":9e-05,"open_date":"2025-06-24 07:50:00+00:00","close_date":"2025-06-24 09:24:00+00:00","open_rate":105135.3,"close_rate":105345.78108108108,"fee_open":0.001,"fee_close":0.001,"trade_duration":94,"profit_ratio":0.0,"profit_abs":0.0,"exit_reason":"roi","initial_stop_loss_abs":99878.54,"initial_stop_loss_ratio":-0.05,"stop_loss_abs":100112.11,"stop_loss_ratio":-0.05,"min_rate":104622.02,"max_rate":105381.16,"is_open":false,"enter_tag":"","leverage":1.0,"is_short":false,"open_timestamp":1750751400000,"close_timestamp":1750757040000,"orders":[{"amount":9e-05,"safe_price":105135.3,"ft_order_side":"buy","order_filled_timestamp":1750751400000,"ft_is_entry":true,"ft_order_tag":"","cost":9.471639177},{"amount":9e-05,"safe_price":105345.78108108108,"ft_order_side":"sell","order_filled_timestamp":1750757040000,"ft_is_entry":false,"ft_order_tag":"roi","cost":9.490601417594593}]},{"pair":"BTC/USDT","stake_amount":9.4859613,"max_stake_amount":9.4859613,"amount":9e-05,"open_date":"2025-06-24 19:10:00+00:00","close_date":"2025-06-24 19:59:00+00:00","open_rate":105399.57,"close_rate":105610.58015015016,"fee_open":0.001,"fee_close":0.001,"trade_duration":49,"profit_ratio":0.0,"profit_abs":0.0,"exit_reason":"roi","initial_stop_loss_abs":100129.6,"initial_stop_loss_ratio":-0.05,"stop_loss_abs":100393.93,"stop_loss_ratio":-0.05,"min_rate":105270.48,"max_rate":105677.82,"is_open":false,"enter_tag":"","leverage":1.0,"is_short":false,"open_timestamp":1750792200000,"close_timestamp":1750795140000,"orders":[{"amount":9e-05,"safe_price":105399.57,"ft_order_side":"buy","order_filled_timestamp":1750792200000,"ft_is_entry":true,"ft_order_tag":"","cost":9.4954472613},{"amount":9e-05,"safe_price":105610.58015015016,"ft_order_side":"sell","order_filled_timestamp":1750795140000,"ft_is_entry":false,"ft_order_tag":"roi","cost":9.514457165727027}]},{"pair":"ETH/USDT","stake_amount":9.99621,"max_stake_amount":9.99621,"amount":0.0041,"open_date":"2025-06-25 04:18:00+00:00","close_date":"2025-06-25 06:26:00+00:00","open_rate":2438.1,"close_rate":2442.981081081081,"fee_open":0.001,"fee_close":0.001,"trade_duration":128,"profit_ratio":0.0,"profit_abs":0.0,"exit_reason":"roi","initial_stop_loss_abs":2316.2,"initial_stop_loss_ratio":-0.05,"stop_loss_abs":2322.47,"stop_loss_ratio":-0.05,"min_rate":2424.21,"max_rate":2444.7,"is_open":false,"enter_tag":"","leverage":1.0,"is_short":false,"open_timestamp":1750825080000,"close_timestamp":1750832760000,"orders":[{"amount":0.0041,"safe_price":2438.1,"ft_order_side":"buy","order_filled_timestamp":1750825080000,"ft_is_entry":true,"ft_order_tag":"","cost":10.006206209999998},{"amount":0.0041,"safe_price":2442.981081081081,"ft_order_side":"sell","order_filled_timestamp":1750832760000,"ft_is_entry":false,"ft_order_tag":"roi","cost":10.026238654864864}]},{"pair":"ETH/USDT","stake_amount":9.861402,"max_stake_amount":9.861402,"amount":0.0041,"open_date":"2025-06-25 14:26:00+00:00","close_date":"2025-06-25 14:46:00+00:00","open_rate":2405.22,"close_rate":2434.111531531531,"fee_open":0.001,"fee_close":0.001,"trade_duration":20,"profit_ratio":0.00999000999000999,"profit_abs":0.09861402,"exit_reason":"roi","initial_stop_loss_abs":2284.96,"initial_stop_loss_ratio":-0.05,"stop_loss_abs":2320.75,"stop_loss_ratio":-0.05,"min_rate":2400.02,"max_rate":2442.89,"is_open":false,"enter_tag":"","leverage":1.0,"is_short":false,"open_timestamp":1750861560000,"close_timestamp":1750862760000,"orders":[{"amount":0.0041,"safe_price":2405.22,"ft_order_side":"buy","order_filled_timestamp":1750861560000,"ft_is_entry":true,"ft_order_tag":"","cost":9.871263401999999},{"amount":0.0041,"safe_price":2434.111531531531,"ft_order_side":"sell","order_filled_timestamp":1750862760000,"ft_is_entry":false,"ft_order_tag":"roi","cost":9.989837136558556}]},{"pair":"BTC/USDT","stake_amount":9.6567795,"max_stake_amount":9.6567795,"amount":9e-05,"open_date":"2025-06-25 15:16:00+00:00","close_date":"2025-06-25 17:20:00+00:00","open_rate":107297.55,"close_rate":107512.35990990991,"fee_open":0.001,"fee_close":0.001,"trade_duration":124,"profit_ratio":0.0,"profit_abs":0.0,"exit_reason":"roi","initial_stop_loss_abs":101932.68,"initial_stop_loss_ratio":-0.05,"stop_loss_abs":102152.89,"stop_loss_ratio":-0.05,"min_rate":106752.36,"max_rate":107529.35,"is_open":false,"enter_tag":"","leverage":1.0,"is_short":false,"open_timestamp":1750864560000,"close_timestamp":1750872000000,"orders":[{"amount":9e-05,"safe_price":107297.55,"ft_order_side":"buy","order_filled_timestamp":1750864560000,"ft_is_entry":true,"ft_order_tag":"","cost":9.6664362795},{"amount":9e-05,"safe_price":107512.35990990991,"ft_order_side":"sell","order_filled_timestamp":1750872000000,"ft_is_entry":false,"ft_order_tag":"roi","cost":9.685788504283783}]},{"pair":"ETH/USDT","stake_amount":9.93724,"max_stake_amount":9.93724,"amount":0.004,"open_date":"2025-06-26 03:42:00+00:00","close_date":"2025-06-26 06:57:00+00:00","open_rate":2484.31,"close_rate":2489.283593593593,"fee_open":0.001,"fee_close":0.001,"trade_duration":195,"profit_ratio":0.0,"profit_abs":0.0,"exit_reason":"roi","initial_stop_loss_abs":2360.1,"initial_stop_loss_ratio":-0.05,"stop_loss_abs":2367.01,"stop_loss_ratio":-0.05,"min_rate":2467.14,"max_rate":2491.58,"is_open":false,"enter_tag":"","leverage":1.0,"is_short":false,"open_timestamp":1750909320000,"close_timestamp":1750921020000,"orders":[{"amount":0.004,"safe_price":2484.31,"ft_order_side":"buy","order_filled_timestamp":1750909320000,"ft_is_entry":true,"ft_order_tag":"","cost":9.947177239999998},{"amount":0.004,"safe_price":2489.283593593593,"ft_order_side":"sell","order_filled_timestamp":1750921020000,"ft_is_entry":false,"ft_order_tag":"roi","cost":9.967091508748746}]},{"pair":"ETH/USDT","stake_amount":9.89144,"max_stake_amount":9.89144,"amount":0.004,"open_date":"2025-06-26 09:20:00+00:00","close_date":"2025-06-26 18:22:00+00:00","open_rate":2472.86,"close_rate":2434.65,"fee_open":0.001,"fee_close":0.001,"trade_duration":542,"profit_ratio":-0.017418873516671207,"profit_abs":-0.17247004,"exit_reason":"exit_signal","initial_stop_loss_abs":2349.22,"initial_stop_loss_ratio":-0.05,"stop_loss_abs":2351.25,"stop_loss_ratio":-0.05,"min_rate":2409.51,"max_rate":2475.0,"is_open":false,"enter_tag":"","leverage":1.0,"is_short":false,"open_timestamp":1750929600000,"close_timestamp":1750962120000,"orders":[{"amount":0.004,"safe_price":2472.86,"ft_order_side":"buy","order_filled_timestamp":1750929600000,"ft_is_entry":true,"ft_order_tag":"","cost":9.90133144},{"amount":0.004,"safe_price":2434.65,"ft_order_side":"sell","order_filled_timestamp":1750962120000,"ft_is_entry":false,"ft_order_tag":"exit_signal","cost":9.748338599999999}]},{"pair":"ETH/USDT","stake_amount":9.921057,"max_stake_amount":9.921057,"amount":0.0041,"open_date":"2025-06-26 21:22:00+00:00","close_date":"2025-06-26 22:02:00+00:00","open_rate":2419.77,"close_rate":2424.614384384384,"fee_open":0.001,"fee_close":0.001,"trade_duration":40,"profit_ratio":0.0,"profit_abs":0.0,"exit_reason":"roi","initial_stop_loss_abs":2298.79,"initial_stop_loss_ratio":-0.05,"stop_loss_abs":2309.17,"stop_loss_ratio":-0.05,"min_rate":2394.32,"max_rate":2430.7,"is_open":false,"enter_tag":"","leverage":1.0,"is_short":false,"open_timestamp":1750972920000,"close_timestamp":1750975320000,"orders":[{"amount":0.0041,"safe_price":2419.77,"ft_order_side":"buy","order_filled_timestamp":1750972920000,"ft_is_entry":true,"ft_order_tag":"","cost":9.930978057},{"amount":0.0041,"safe_price":2424.614384384384,"ft_order_side":"sell","order_filled_timestamp":1750975320000,"ft_is_entry":false,"ft_order_tag":"roi","cost":9.950859894951948}]},{"pair":"BTC/USDT","stake_amount":9.6412212,"max_stake_amount":9.6412212,"amount":9e-05,"open_date":"2025-06-26 21:32:00+00:00","close_date":"2025-06-27 00:18:00+00:00","open_rate":107124.68,"close_rate":107132.95,"fee_open":0.001,"fee_close":0.001,"trade_duration":166,"profit_ratio":-0.0019209568213588576,"profit_abs":-0.01853889,"exit_reason":"exit_signal","initial_stop_loss_abs":101768.45,"initial_stop_loss_ratio":-0.05,"stop_loss_abs":101873.53,"stop_loss_ratio":-0.05,"min_rate":106850.0,"max_rate":107235.29,"is_open":false,"enter_tag":"","leverage":1.0,"is_short":false,"open_timestamp":1750973520000,"close_timestamp":1750983480000,"orders":[{"amount":9e-05,"safe_price":107124.68,"ft_order_side":"buy","order_filled_timestamp":1750973520000,"ft_is_entry":true,"ft_order_tag":"","cost":9.6508624212},{"amount":9e-05,"safe_price":107132.95,"ft_order_side":"sell","order_filled_timestamp":1750983480000,"ft_is_entry":false,"ft_order_tag":"exit_signal","cost":9.651607465499998}]},{"pair":"ETH/USDT","stake_amount":9.84,"max_stake_amount":9.84,"amount":0.0041,"open_date":"2025-06-27 01:09:00+00:00","close_date":"2025-06-27 01:23:00+00:00","open_rate":2400.0,"close_rate":2421.05,"fee_open":0.001,"fee_close":0.001,"trade_duration":14,"profit_ratio":0.006755307700429652,"profit_abs":0.0665387,"exit_reason":"exit_signal","initial_stop_loss_abs":2280.0,"initial_stop_loss_ratio":-0.05,"stop_loss_abs":2303.75,"stop_loss_ratio":-0.05,"min_rate":2382.53,"max_rate":2424.99,"is_open":false,"enter_tag":"","leverage":1.0,"is_short":false,"open_timestamp":1750986540000,"close_timestamp":1750987380000,"orders":[{"amount":0.0041,"safe_price":2400.0,"ft_order_side":"buy","order_filled_timestamp":1750986540000,"ft_is_entry":true,"ft_order_tag":"","cost":9.84984},{"amount":0.0041,"safe_price":2421.05,"ft_order_side":"sell","order_filled_timestamp":1750987380000,"ft_is_entry":false,"ft_order_tag":"exit_signal","cost":9.936231305}]},{"pair":"ETH/USDT","stake_amount":9.886863,"max_stake_amount":9.886863,"amount":0.0041,"open_date":"2025-06-27 17:39:00+00:00","close_date":"2025-06-27 19:57:00+00:00","open_rate":2411.43,"close_rate":2416.2576876876874,"fee_open":0.001,"fee_close":0.001,"trade_duration":138,"profit_ratio":0.0,"profit_abs":0.0,"exit_reason":"roi","initial_stop_loss_abs":2290.86,"initial_stop_loss_ratio":-0.05,"stop_loss_abs":2296.34,"stop_loss_ratio":-0.05,"min_rate":2388.29,"max_rate":2417.19,"is_open":false,"enter_tag":"","leverage":1.0,"is_short":false,"open_timestamp":1751045940000,"close_timestamp":1751054220000,"orders":[{"amount":0.0041,"safe_price":2411.43,"ft_order_side":"buy","order_filled_timestamp":1751045940000,"ft_is_entry":true,"ft_order_tag":"","cost":9.896749862999998},{"amount":0.0041,"safe_price":2416.2576876876874,"ft_order_side":"sell","order_filled_timestamp":1751054220000,"ft_is_entry":false,"ft_order_tag":"roi","cost":9.916563176039038}]},{"pair":"BTC/USDT","stake_amount":9.6487659,"max_stake_amount":9.6487659,"amount":9e-05,"open_date":"2025-06-27 17:15:00+00:00","close_date":"2025-06-28 04:03:00+00:00","open_rate":107208.51,"close_rate":107306.26,"fee_open":0.001,"fee_close":0.001,"trade_duration":648,"profit_ratio":-0.0010880491637103216,"profit_abs":-0.01050883,"exit_reason":"exit_signal","initial_stop_loss_abs":101848.09,"initial_stop_loss_ratio":-0.05,"stop_loss_abs":101979.75,"stop_loss_ratio":-0.05,"min_rate":106446.45,"max_rate":107347.1,"is_open":false,"enter_tag":"","leverage":1.0,"is_short":false,"open_timestamp":1751044500000,"close_timestamp":1751083380000,"orders":[{"amount":9e-05,"safe_price":107208.51,"ft_order_side":"buy","order_filled_timestamp":1751044500000,"ft_is_entry":true,"ft_order_tag":"","cost":9.6584146659},{"amount":9e-05,"safe_price":107306.26,"ft_order_side":"sell","order_filled_timestamp":1751083380000,"ft_is_entry":false,"ft_order_tag":"exit_signal","cost":9.6672209634}]},{"pair":"BTC/USDT","stake_amount":9.6572844,"max_stake_amount":9.6572844,"amount":9e-05,"open_date":"2025-06-28 09:18:00+00:00","close_date":"2025-06-28 12:04:00+00:00","open_rate":107303.16,"close_rate":107373.39,"fee_open":0.001,"fee_close":0.001,"trade_duration":166,"profit_ratio":-0.0013448089814153965,"profit_abs":-0.01300019,"exit_reason":"exit_signal","initial_stop_loss_abs":101938.01,"initial_stop_loss_ratio":-0.05,"stop_loss_abs":102008.05,"stop_loss_ratio":-0.05,"min_rate":107252.6,"max_rate":107376.89,"is_open":false,"enter_tag":"","leverage":1.0,"is_short":false,"open_timestamp":1751102280000,"close_timestamp":1751112240000,"orders":[{"amount":9e-05,"safe_price":107303.16,"ft_order_side":"buy","order_filled_timestamp":1751102280000,"ft_is_entry":true,"ft_order_tag":"","cost":9.666941684400001},{"amount":9e-05,"safe_price":107373.39,"ft_order_side":"sell","order_filled_timestamp":1751112240000,"ft_is_entry":false,"ft_order_tag":"exit_signal","cost":9.673268705099998}]},{"pair":"BTC/USDT","stake_amount":9.6410403,"max_stake_amount":9.6410403,"amount":9e-05,"open_date":"2025-06-28 13:41:00+00:00","close_date":"2025-06-28 15:17:00+00:00","open_rate":107122.67,"close_rate":107238.84,"fee_open":0.001,"fee_close":0.001,"trade_duration":96,"profit_ratio":-0.0009157115117972889,"profit_abs":-0.00883724,"exit_reason":"exit_signal","initial_stop_loss_abs":101766.54,"initial_stop_loss_ratio":-0.05,"stop_loss_abs":101895.44,"stop_loss_ratio":-0.05,"min_rate":107100.99,"max_rate":107258.35,"is_open":false,"enter_tag":"","leverage":1.0,"is_short":false,"open_timestamp":1751118060000,"close_timestamp":1751123820000,"orders":[{"amount":9e-05,"safe_price":107122.67,"ft_order_side":"buy","order_filled_timestamp":1751118060000,"ft_is_entry":true,"ft_order_tag":"","cost":9.650681340299998},{"amount":9e-05,"safe_price":107238.84,"ft_order_side":"sell","order_filled_timestamp":1751123820000,"ft_is_entry":false,"ft_order_tag":"exit_signal","cost":9.661147095599999}]},{"pair":"BTC/USDT","stake_amount":9.6571098,"max_stake_amount":9.6571098,"amount":9e-05,"open_date":"2025-06-28 18:42:00+00:00","close_date":"2025-06-28 22:53:00+00:00","open_rate":107301.22,"close_rate":107365.51,"fee_open":0.001,"fee_close":0.001,"trade_duration":251,"profit_ratio":-0.0014000451367333123,"profit_abs":-0.01353391,"exit_reason":"exit_signal","initial_stop_loss_abs":101936.16,"initial_stop_loss_ratio":-0.05,"stop_loss_abs":102004.86,"stop_loss_ratio":-0.05,"min_rate":107154.62,"max_rate":107373.53,"is_open":false,"enter_tag":"","leverage":1.0,"is_short":false,"open_timestamp":1751136120000,"close_timestamp":1751151180000,"orders":[{"amount":9e-05,"safe_price":107301.22,"ft_order_side":"buy","order_filled_timestamp":1751136120000,"ft_is_entry":true,"ft_order_tag":"","cost":9.6667669098},{"amount":9e-05,"safe_price":107365.51,"ft_order_side":"sell","order_filled_timestamp":1751151180000,"ft_is_entry":false,"ft_order_tag":"exit_signal","cost":9.672558795899999}]},{"pair":"BTC/USDT","stake_amount":9.6563691,"max_stake_amount":9.6563691,"amount":9e-05,"open_date":"2025-06-28 23:47:00+00:00","close_date":"2025-06-29 00:38:00+00:00","open_rate":107292.99,"close_rate":107432.35,"fee_open":0.001,"fee_close":0.001,"trade_duration":51,"profit_ratio":-0.0007017237872674002,"profit_abs":-0.00678288,"exit_reason":"exit_signal","initial_stop_loss_abs":101928.35,"initial_stop_loss_ratio":-0.05,"stop_loss_abs":102101.97,"stop_loss_ratio":-0.05,"min_rate":107254.16,"max_rate":107475.75,"is_open":false,"enter_tag":"","leverage":1.0,"is_short":false,"open_timestamp":1751154420000,"close_timestamp":1751157480000,"orders":[{"amount":9e-05,"safe_price":107292.99,"ft_order_side":"buy","order_filled_timestamp":1751154420000,"ft_is_entry":true,"ft_order_tag":"","cost":9.6660254691},{"amount":9e-05,"safe_price":107432.35,"ft_order_side":"sell","order_filled_timestamp":1751157480000,"ft_is_entry":false,"ft_order_tag":"exit_signal","cost":9.6785804115}]},{"pair":"ETH/USDT","stake_amount":9.947215,"max_stake_amount":9.947215,"amount":0.0041,"open_date":"2025-06-29 02:13:00+00:00","close_date":"2025-06-29 02:43:00+00:00","open_rate":2426.15,"close_rate":2432.54,"fee_open":0.001,"fee_close":0.001,"trade_duration":30,"profit_ratio":0.0006305380854940706,"profit_abs":0.00627837,"exit_reason":"roi","initial_stop_loss_abs":2304.85,"initial_stop_loss_ratio":-0.05,"stop_loss_abs":2311.81,"stop_loss_ratio":-0.05,"min_rate":2426.15,"max_rate":2433.48,"is_open":false,"enter_tag":"","leverage":1.0,"is_short":false,"open_timestamp":1751163180000,"close_timestamp":1751164980000,"orders":[{"amount":0.0041,"safe_price":2426.15,"ft_order_side":"buy","order_filled_timestamp":1751163180000,"ft_is_entry":true,"ft_order_tag":"","cost":9.957162215},{"amount":0.0041,"safe_price":2432.54,"ft_order_side":"sell","order_filled_timestamp":1751164980000,"ft_is_entry":false,"ft_order_tag":"roi","cost":9.983387414}]},{"pair":"BTC/USDT","stake_amount":9.6507666,"max_stake_amount":9.6507666,"amount":9e-05,"open_date":"2025-06-29 02:14:00+00:00","close_date":"2025-06-29 02:57:00+00:00","open_rate":107230.74,"close_rate":107307.48,"fee_open":0.001,"fee_close":0.001,"trade_duration":43,"profit_ratio":-0.0012837789020253116,"profit_abs":-0.01240184,"exit_reason":"exit_signal","initial_stop_loss_abs":101869.21,"initial_stop_loss_ratio":-0.05,"stop_loss_abs":101987.31,"stop_loss_ratio":-0.05,"min_rate":107192.5,"max_rate":107355.06,"is_open":false,"enter_tag":"","leverage":1.0,"is_short":false,"open_timestamp":1751163240000,"close_timestamp":1751165820000,"orders":[{"amount":9e-05,"safe_price":107230.74,"ft_order_side":"buy","order_filled_timestamp":1751163240000,"ft_is_entry":true,"ft_order_tag":"","cost":9.660417366599999},{"amount":9e-05,"safe_price":107307.48,"ft_order_side":"sell","order_filled_timestamp":1751165820000,"ft_is_entry":false,"ft_order_tag":"exit_signal","cost":9.6673308732}]},{"pair":"BTC/USDT","stake_amount":9.6493932,"max_stake_amount":9.6493932,"amount":9e-05,"open_date":"2025-06-29 05:39:00+00:00","close_date":"2025-06-29 06:02:00+00:00","open_rate":107215.48,"close_rate":107310.0,"fee_open":0.001,"fee_close":0.001,"trade_duration":23,"profit_ratio":-0.0011181739697062297,"profit_abs":-0.01080049,"exit_reason":"exit_signal","initial_stop_loss_abs":101854.71,"initial_stop_loss_ratio":-0.05,"stop_loss_abs":101944.5,"stop_loss_ratio":-0.05,"min_rate":107215.47,"max_rate":107310.0,"is_open":false,"enter_tag":"","leverage":1.0,"is_short":false,"open_timestamp":1751175540000,"close_timestamp":1751176920000,"orders":[{"amount":9e-05,"safe_price":107215.48,"ft_order_side":"buy","order_filled_timestamp":1751175540000,"ft_is_entry":true,"ft_order_tag":"","cost":9.659042593199999},{"amount":9e-05,"safe_price":107310.0,"ft_order_side":"sell","order_filled_timestamp":1751176920000,"ft_is_entry":false,"ft_order_tag":"exit_signal","cost":9.6675579}]},{"pair":"BTC/USDT","stake_amount":9.6597009,"max_stake_amount":9.6597009,"amount":9e-05,"open_date":"2025-06-29 07:47:00+00:00","close_date":"2025-06-29 08:11:00+00:00","open_rate":107330.01,"close_rate":107460.0,"fee_open":0.001,"fee_close":0.001,"trade_duration":24,"profit_ratio":-0.0007892972777630853,"profit_abs":-0.007632,"exit_reason":"exit_signal","initial_stop_loss_abs":101963.51,"initial_stop_loss_ratio":-0.05,"stop_loss_abs":102117.4,"stop_loss_ratio":-0.05,"min_rate":107330.0,"max_rate":107492.0,"is_open":false,"enter_tag":"","leverage":1.0,"is_short":false,"open_timestamp":1751183220000,"close_timestamp":1751184660000,"orders":[{"amount":9e-05,"safe_price":107330.01,"ft_order_side":"buy","order_filled_timestamp":1751183220000,"ft_is_entry":true,"ft_order_tag":"","cost":9.6693606009},{"amount":9e-05,"safe_price":107460.0,"ft_order_side":"sell","order_filled_timestamp":1751184660000,"ft_is_entry":false,"ft_order_tag":"exit_signal","cost":9.681071399999999}]},{"pair":"BTC/USDT","stake_amount":9.7258896,"max_stake_amount":9.7258896,"amount":9e-05,"open_date":"2025-06-29 13:34:00+00:00","close_date":"2025-06-29 18:35:00+00:00","open_rate":108065.44,"close_rate":107611.14,"fee_open":0.001,"fee_close":0.001,"trade_duration":301,"profit_ratio":-0.006193536511832537,"profit_abs":-0.06029789,"exit_reason":"exit_signal","initial_stop_loss_abs":102662.17,"initial_stop_loss_ratio":-0.05,"stop_loss_abs":102804.37,"stop_loss_ratio":-0.05,"min_rate":107316.46,"max_rate":108215.12,"is_open":false,"enter_tag":"","leverage":1.0,"is_short":false,"open_timestamp":1751204040000,"close_timestamp":1751222100000,"orders":[{"amount":9e-05,"safe_price":108065.44,"ft_order_side":"buy","order_filled_timestamp":1751204040000,"ft_is_entry":true,"ft_order_tag":"","cost":9.735615489599999},{"amount":9e-05,"safe_price":107611.14,"ft_order_side":"sell","order_filled_timestamp":1751222100000,"ft_is_entry":false,"ft_order_tag":"exit_signal","cost":9.6946876026}]},{"pair":"ETH/USDT","stake_amount":9.81528,"max_stake_amount":9.81528,"amount":0.004,"open_date":"2025-06-29 12:19:00+00:00","close_date":"2025-06-29 22:20:00+00:00","open_rate":2453.82,"close_rate":2458.7325525525525,"fee_open":0.001,"fee_close":0.001,"trade_duration":601,"profit_ratio":0.0,"profit_abs":0.0,"exit_reason":"roi","initial_stop_loss_abs":2331.13,"initial_stop_loss_ratio":-0.05,"stop_loss_abs":2337.54,"stop_loss_ratio":-0.05,"min_rate":2412.0,"max_rate":2460.56,"is_open":false,"enter_tag":"","leverage":1.0,"is_short":false,"open_timestamp":1751199540000,"close_timestamp":1751235600000,"orders":[{"amount":0.004,"safe_price":2453.82,"ft_order_side":"buy","order_filled_timestamp":1751199540000,"ft_is_entry":true,"ft_order_tag":"","cost":9.825095280000001},{"amount":0.004,"safe_price":2458.7325525525525,"ft_order_side":"sell","order_filled_timestamp":1751235600000,"ft_is_entry":false,"ft_order_tag":"roi","cost":9.844765140420419}]},{"pair":"BTC/USDT","stake_amount":9.7517934,"max_stake_amount":9.7517934,"amount":9e-05,"open_date":"2025-06-30 04:52:00+00:00","close_date":"2025-06-30 10:37:00+00:00","open_rate":108353.26,"close_rate":107562.37,"fee_open":0.001,"fee_close":0.001,"trade_duration":345,"profit_ratio":-0.00928259903578228,"profit_abs":-0.09061251,"exit_reason":"exit_signal","initial_stop_loss_abs":102935.6,"initial_stop_loss_ratio":-0.05,"stop_loss_abs":102975.22,"stop_loss_ratio":-0.05,"min_rate":107400.0,"max_rate":108394.96,"is_open":false,"enter_tag":"","leverage":1.0,"is_short":false,"open_timestamp":1751259120000,"close_timestamp":1751279820000,"orders":[{"amount":9e-05,"safe_price":108353.26,"ft_order_side":"buy","order_filled_timestamp":1751259120000,"ft_is_entry":true,"ft_order_tag":"","cost":9.7615451934},{"amount":9e-05,"safe_price":107562.37,"ft_order_side":"sell","order_filled_timestamp":1751279820000,"ft_is_entry":false,"ft_order_tag":"exit_signal","cost":9.6902939133}]},{"pair":"BTC/USDT","stake_amount":9.6813531,"max_stake_amount":9.6813531,"amount":9e-05,"open_date":"2025-06-30 12:59:00+00:00","close_date":"2025-06-30 13:29:00+00:00","open_rate":107570.59,"close_rate":107845.61,"fee_open":0.001,"fee_close":0.001,"trade_duration":30,"profit_ratio":0.0005535363666243119,"profit_abs":0.00536434,"exit_reason":"roi","initial_stop_loss_abs":102192.07,"initial_stop_loss_ratio":-0.05,"stop_loss_abs":102461.85,"stop_loss_ratio":-0.05,"min_rate":107560.99,"max_rate":107854.57,"is_open":false,"enter_tag":"","leverage":1.0,"is_short":false,"open_timestamp":1751288340000,"close_timestamp":1751290140000,"orders":[{"amount":9e-05,"safe_price":107570.59,"ft_order_side":"buy","order_filled_timestamp":1751288340000,"ft_is_entry":true,"ft_order_tag":"","cost":9.6910344531},{"amount":9e-05,"safe_price":107845.61,"ft_order_side":"sell","order_filled_timestamp":1751290140000,"ft_is_entry":false,"ft_order_tag":"roi","cost":9.7158110049}]},{"pair":"ETH/USDT","stake_amount":9.761505,"max_stake_amount":9.761505,"amount":0.0039,"open_date":"2025-06-30 02:54:00+00:00","close_date":"2025-06-30 14:11:00+00:00","open_rate":2502.95,"close_rate":2453.7,"fee_open":0.001,"fee_close":0.001,"trade_duration":677,"profit_ratio":-0.021635469659109455,"profit_abs":-0.21140594,"exit_reason":"force_exit","initial_stop_loss_abs":2377.81,"initial_stop_loss_ratio":-0.05,"stop_loss_abs":2380.05,"stop_loss_ratio":-0.05,"min_rate":2446.68,"max_rate":2505.31,"is_open":false,"enter_tag":"","leverage":1.0,"is_short":false,"open_timestamp":1751252040000,"close_timestamp":1751292660000,"orders":[{"amount":0.0039,"safe_price":2502.95,"ft_order_side":"buy","order_filled_timestamp":1751252040000,"ft_is_entry":true,"ft_order_tag":"","cost":9.771266504999998},{"amount":0.0039,"safe_price":2453.7,"ft_order_side":"sell","order_filled_timestamp":1751292660000,"ft_is_entry":false,"ft_order_tag":"force_exit","cost":9.578999429999998}]}],"locks":[],"best_pair":{"key":"ETH/USDT","trades":14,"profit_mean":-0.0008348912435597827,"profit_mean_pct":-0.08,"profit_sum":-0.011688477409836959,"profit_sum_pct":-1.17,"profit_total_abs":-0.11341364999999996,"profit_total":-0.00011341364999999996,"profit_total_pct":-0.01,"duration_avg":"3:04:00","wins":4,"draws":8,"losses":2,"winrate":0.2857142857142857},"worst_pair":{"key":"BTC/USDT","trades":17,"profit_mean":-0.0011985195006594342,"profit_mean_pct":-0.12,"profit_sum":-0.02037483151121038,"profit_sum_pct":-2.04,"profit_total_abs":-0.20126264,"profit_total":-0.00020126264,"profit_total_pct":-0.02,"duration_avg":"2:28:00","wins":2,"draws":4,"losses":11,"winrate":0.11764705882352941},"results_per_pair":[{"key":"ETH/USDT","trades":14,"profit_mean":-0.0008348912435597827,"profit_mean_pct":-0.08,"profit_sum":-0.011688477409836959,"profit_sum_pct":-1.17,"profit_total_abs":-0.11341364999999996,"profit_total":-0.00011341364999999996,"profit_total_pct":-0.01,"duration_avg":"3:04:00","wins":4,"draws":8,"losses":2,"winrate":0.2857142857142857},{"key":"BTC/USDT","trades":17,"profit_mean":-0.0011985195006594342,"profit_mean_pct":-0.12,"profit_sum":-0.02037483151121038,"profit_sum_pct":-2.04,"profit_total_abs":-0.20126264,"profit_total":-0.00020126264,"profit_total_pct":-0.02,"duration_avg":"2:28:00","wins":2,"draws":4,"losses":11,"winrate":0.11764705882352941},{"key":"TOTAL","trades":31,"profit_mean":-0.0010343002877757205,"profit_mean_pct":-0.1,"profit_sum":-0.032063308921047334,"profit_sum_pct":-3.21,"profit_total_abs":-0.31467628999999997,"profit_total":-0.00031467629,"profit_total_pct":-0.03,"duration_avg":"2:44:00","wins":6,"draws":12,"losses":13,"winrate":0.1935483870967742}],"results_per_enter_tag":[{"key":"","trades":31,"profit_mean":-0.0010343002877757205,"profit_mean_pct":-0.1,"profit_sum":-0.032063308921047334,"profit_sum_pct":-3.21,"profit_total_abs":-0.31467628999999997,"profit_total":-0.00031467629,"profit_total_pct":-0.03,"duration_avg":"2:44:00","wins":6,"draws":12,"losses":13,"winrate":0.1935483870967742},{"key":"TOTAL","trades":31,"profit_mean":-0.0010343002877757205,"profit_mean_pct":-0.1,"profit_sum":-0.032063308921047334,"profit_sum_pct":-3.21,"profit_total_abs":-0.31467628999999997,"profit_total":-0.00031467629,"profit_total_pct":-0.03,"duration_avg":"2:44:00","wins":6,"draws":12,"losses":13,"winrate":0.1935483870967742}],"exit_reason_summary":[{"key":"roi","trades":17,"profit_mean":0.0015455533913938644,"profit_mean_pct":0.15,"profit_sum":0.026274407653695694,"profit_sum_pct":2.63,"profit_total_abs":0.25560766,"profit_total":0.00025560766,"profit_total_pct":0.03,"duration_avg":"1:42:00","wins":5,"draws":12,"losses":0,"winrate":0.29411764705882354},{"key":"force_exit","trades":1,"profit_mean":-0.021635469659109455,"profit_mean_pct":-2.16,"profit_sum":-0.021635469659109455,"profit_sum_pct":-2.16,"profit_total_abs":-0.21140594,"profit_total":-0.00021140594,"profit_total_pct":-0.02,"duration_avg":"11:17:00","wins":0,"draws":0,"losses":1,"winrate":0.0},{"key":"exit_signal","trades":13,"profit_mean":-0.0028232497627410443,"profit_mean_pct":-0.28,"profit_sum":-0.03670224691563358,"profit_sum_pct":-3.67,"profit_total_abs":-0.35887800999999997,"profit_total":-0.00035887801,"profit_total_pct":-0.04,"duration_avg":"3:25:00","wins":1,"draws":0,"losses":12,"winrate":0.07692307692307693},{"key":"TOTAL","trades":31,"profit_mean":-0.0010343002877757205,"profit_mean_pct":-0.1,"profit_sum":-0.032063308921047334,"profit_sum_pct":-3.21,"profit_total_abs":-0.31467628999999997,"profit_total":-0.00031467629,"profit_total_pct":-0.03,"duration_avg":"2:44:00","wins":6,"draws":12,"losses":13,"winrate":0.1935483870967742}],"mix_tag_stats":[{"key":["","roi"],"trades":17,"profit_mean":0.0015455533913938644,"profit_mean_pct":0.15,"profit_sum":0.026274407653695694,"profit_sum_pct":2.63,"profit_total_abs":0.25560766,"profit_total":0.00025560766,"profit_total_pct":0.03,"duration_avg":"1:42:00","wins":5,"draws":12,"losses":0,"winrate":0.29411764705882354},{"key":["","force_exit"],"trades":1,"profit_mean":-0.021635469659109455,"profit_mean_pct":-2.16,"profit_sum":-0.021635469659109455,"profit_sum_pct":-2.16,"profit_total_abs":-0.21140594,"profit_total":-0.00021140594,"profit_total_pct":-0.02,"duration_avg":"11:17:00","wins":0,"draws":0,"losses":1,"winrate":0.0},{"key":["","exit_signal"],"trades":13,"profit_mean":-0.0028232497627410443,"profit_mean_pct":-0.28,"profit_sum":-0.03670224691563358,"profit_sum_pct":-3.67,"profit_total_abs":-0.35887800999999997,"profit_total":-0.00035887801,"profit_total_pct":-0.04,"duration_avg":"3:25:00","wins":1,"draws":0,"losses":12,"winrate":0.07692307692307693},{"key":"TOTAL","trades":31,"profit_mean":-0.0010343002877757205,"profit_mean_pct":-0.1,"profit_sum":-0.032063308921047334,"profit_sum_pct":-3.21,"profit_total_abs":-0.31467628999999997,"profit_total":-0.00031467629,"profit_total_pct":-0.03,"duration_avg":"2:44:00","wins":6,"draws":12,"losses":13,"winrate":0.1935483870967742}],"left_open_trades":[{"key":"ETH/USDT","trades":1,"profit_mean":-0.021635469659109455,"profit_mean_pct":-2.16,"profit_sum":-0.021635469659109455,"profit_sum_pct":-2.16,"profit_total_abs":-0.21140594,"profit_total":-0.00021140594,"profit_total_pct":-0.02,"duration_avg":"11:17:00","wins":0,"draws":0,"losses":1,"winrate":0.0},{"key":"TOTAL","trades":1,"profit_mean":-0.021635469659109455,"profit_mean_pct":-2.16,"profit_sum":-0.021635469659109455,"profit_sum_pct":-2.16,"profit_total_abs":-0.21140594,"profit_total":-0.00021140594,"profit_total_pct":-0.02,"duration_avg":"11:17:00","wins":0,"draws":0,"losses":1,"winrate":0.0}],"total_trades":31,"trade_count_long":31,"trade_count_short":0,"total_volume":603.1053945055278,"avg_stake_amount":9.713146209677419,"profit_mean":-0.0010343002877757205,"profit_median":0.0,"profit_total":-0.00031467629,"profit_total_long":-0.00031467629,"profit_total_short":0.0,"profit_total_abs":-0.31467628999999997,"profit_total_long_abs":-0.31467628999999997,"profit_total_short_abs":0.0,"cagr":-0.016276780999711304,"expectancy":-0.010150848064516133,"expectancy_ratio":-0.5943146312196916,"sortino":-13.04498418504304,"sharpe":-14.383594708547596,"calmar":-153.7748670231735,"sqn":-0.9311,"profit_factor":0.5058651101684276,"backtest_start":"2025-06-23 00:00:00","backtest_start_ts":1750636800000,"backtest_end":"2025-06-30 14:11:00","backtest_end_ts":1751292660000,"backtest_days":7,"backtest_run_start_ts":1751300944,"backtest_run_end_ts":1751300945,"trades_per_day":4.43,"market_change":0.08535653626498181,"pairlist":["BTC/USDT","ETH/USDT"],"stake_amount":10,"stake_currency":"USDT","stake_currency_decimals":3,"starting_balance":1000,"dry_run_wallet":1000,"final_balance":999.68532371,"rejected_signals":0,"timedout_entry_orders":0,"timedout_exit_orders":0,"canceled_trade_entries":0,"canceled_entry_orders":0,"replaced_entry_orders":0,"max_open_trades":2,"max_open_trades_setting":3,"timeframe":"1m","timeframe_detail":"","timerange":"","enable_protections":false,"strategy_name":"UltimateScalp10xStrategy","stoploss":-0.05,"trailing_stop":true,"trailing_stop_positive":0.01,"trailing_stop_positive_offset":0.02,"trailing_only_offset_is_reached":false,"use_custom_stoploss":false,"minimal_roi":{"0":0.02,"10":0.015,"20":0.01,"30":0},"use_exit_signal":true,"exit_profit_only":false,"exit_profit_offset":0.0,"ignore_roi_if_entry_signal":false,"trading_mode":"spot","margin_mode":"","periodic_breakdown":{"day":[{"date":"23/06/2025","date_ts":1750636800000,"profit_abs":0.14535093,"wins":2,"draws":2,"losses":0,"trades":4,"profit_factor":0.0},{"date":"24/06/2025","date_ts":1750723200000,"profit_abs":0.0,"wins":0,"draws":4,"losses":0,"trades":4,"profit_factor":0.0},{"date":"25/06/2025","date_ts":1750809600000,"profit_abs":0.09861402,"wins":1,"draws":2,"losses":0,"trades":3,"profit_factor":0.0},{"date":"26/06/2025","date_ts":1750896000000,"profit_abs":-0.17247004,"wins":0,"draws":2,"losses":1,"trades":3,"profit_factor":0.0},{"date":"27/06/2025","date_ts":1750982400000,"profit_abs":0.04799981,"wins":1,"draws":1,"losses":1,"trades":3,"profit_factor":3.58914153},{"date":"28/06/2025","date_ts":1751068800000,"profit_abs":-0.04588017,"wins":0,"draws":0,"losses":4,"trades":4,"profit_factor":0.0},{"date":"29/06/2025","date_ts":1751155200000,"profit_abs":-0.09163673,"wins":1,"draws":1,"losses":5,"trades":7,"profit_factor":0.06412055},{"date":"30/06/2025","date_ts":1751241600000,"profit_abs":-0.29665411,"wins":1,"draws":0,"losses":2,"trades":3,"profit_factor":0.01776163}],"week":[{"date":"23/06/2025","date_ts":1750636800000,"profit_abs":0.14535093,"wins":2,"draws":2,"losses":0,"trades":4,"profit_factor":0.0},{"date":"30/06/2025","date_ts":1751241600000,"profit_abs":-0.46002722,"wins":4,"draws":10,"losses":13,"trades":27,"profit_factor":0.27762114}],"month":[{"date":"30/06/2025","date_ts":1751241600000,"profit_abs":-0.31467629,"wins":6,"draws":12,"losses":13,"trades":31,"profit_factor":0.50586511}],"year":[{"date":"31/12/2025","date_ts":1767139200000,"profit_abs":-0.31467629,"wins":6,"draws":12,"losses":13,"trades":31,"profit_factor":0.50586511}]},"backtest_best_day":0.015100323211567325,"backtest_worst_day":-0.030364532328267423,"backtest_best_day_abs":0.14535093,"backtest_worst_day_abs":-0.29665411,"winning_days":3,"draw_days":1,"losing_days":4,"daily_profit":[["2025-06-23",0.14535093],["2025-06-24",0.0],["2025-06-25",0.09861402],["2025-06-26",-0.17247004],["2025-06-27",0.04799981],["2025-06-28",-0.04588017],["2025-06-29",-0.09163673],["2025-06-30",-0.29665411]],"wins":6,"losses":13,"draws":12,"winrate":0.1935483870967742,"holding_avg":"2:44:00","holding_avg_s":9840.0,"winner_holding_avg":"0:24:00","winner_holding_avg_s":1440.0,"loser_holding_avg":"4:16:00","loser_holding_avg_s":15360.0,"max_consecutive_wins":1,"max_consecutive_losses":6,"max_drawdown_account":0.000558504984359345,"max_relative_drawdown":0.000558504984359345,"max_drawdown_abs":0.5586412399999999,"drawdown_start":"2025-06-25 14:46:00","drawdown_start_ts":1750862760000.0,"drawdown_end":"2025-06-30 14:11:00","drawdown_end_ts":1751292660000.0,"max_drawdown_low":-0.31467628999999997,"max_drawdown_high":0.24396494999999999,"csum_min":999.68532371,"csum_max":1000.24396495}},"strategy_comparison":[{"key":"UltimateScalp10xStrategy","trades":31,"profit_mean":-0.0010343002877757205,"profit_mean_pct":-0.1,"profit_sum":-0.032063308921047334,"profit_sum_pct":-3.21,"profit_total_abs":-0.31467628999999997,"profit_total":-0.00031467629,"profit_total_pct":-0.03,"duration_avg":"2:44:00","wins":6,"draws":12,"losses":13,"winrate":0.1935483870967742,"max_drawdown_account":0.000558504984359345,"max_drawdown_abs":"0.559"}]}