{"strategy":{"UltimateScalp10xStrategy":{"trades":[{"pair":"BTC/USDT","stake_amount":9.1171152,"max_stake_amount":9.1171152,"amount":9e-05,"open_date":"2025-06-23 04:27:00+00:00","close_date":"2025-06-23 04:37:00+00:00","open_rate":101301.28,"close_rate":101212.49,"fee_open":0.001,"fee_close":0.001,"trade_duration":10,"profit_ratio":-0.0028727451914997027,"profit_abs":-0.02621734,"exit_reason":"exit_signal","initial_stop_loss_abs":99275.26,"initial_stop_loss_ratio":-0.02,"stop_loss_abs":99275.26,"stop_loss_ratio":-0.02,"min_rate":101181.12,"max_rate":101301.28,"is_open":false,"enter_tag":"","leverage":1.0,"is_short":false,"open_timestamp":1750652820000,"close_timestamp":1750653420000,"orders":[{"amount":9e-05,"safe_price":101301.28,"ft_order_side":"buy","order_filled_timestamp":1750652820000,"ft_is_entry":true,"ft_order_tag":"","cost":9.1262323152},{"amount":9e-05,"safe_price":101212.49,"ft_order_side":"sell","order_filled_timestamp":1750653420000,"ft_is_entry":false,"ft_order_tag":"exit_signal","cost":9.118233224099999}]},{"pair":"BTC/USDT","stake_amount":9.2402154,"max_stake_amount":9.2402154,"amount":9e-05,"open_date":"2025-06-23 18:03:00+00:00","close_date":"2025-06-23 18:28:00+00:00","open_rate":102669.06,"close_rate":102782.11,"fee_open":0.001,"fee_close":0.001,"trade_duration":25,"profit_ratio":-0.0008990918326213691,"profit_abs":-0.00831611,"exit_reason":"exit_signal","initial_stop_loss_abs":100615.68,"initial_stop_loss_ratio":-0.02,"stop_loss_abs":101122.19,"stop_loss_ratio":-0.02,"min_rate":102628.9,"max_rate":103185.9,"is_open":false,"enter_tag":"","leverage":1.0,"is_short":false,"open_timestamp":1750701780000,"close_timestamp":1750703280000,"orders":[{"amount":9e-05,"safe_price":102669.06,"ft_order_side":"buy","order_filled_timestamp":1750701780000,"ft_is_entry":true,"ft_order_tag":"","cost":9.249455615399999},{"amount":9e-05,"safe_price":102782.11,"ft_order_side":"sell","order_filled_timestamp":1750703280000,"ft_is_entry":false,"ft_order_tag":"exit_signal","cost":9.259640289899998}]},{"pair":"BTC/USDT","stake_amount":9.2895228,"max_stake_amount":9.2895228,"amount":9e-05,"open_date":"2025-06-23 18:37:00+00:00","close_date":"2025-06-23 18:48:00+00:00","open_rate":103216.92,"close_rate":102924.48,"fee_open":0.001,"fee_close":0.001,"trade_duration":11,"profit_ratio":-0.004825597984161522,"profit_abs":-0.04487233,"exit_reason":"exit_signal","initial_stop_loss_abs":101152.59,"initial_stop_loss_ratio":-0.02,"stop_loss_abs":101227.28,"stop_loss_ratio":-0.02,"min_rate":102923.98,"max_rate":103293.14,"is_open":false,"enter_tag":"","leverage":1.0,"is_short":false,"open_timestamp":1750703820000,"close_timestamp":1750704480000,"orders":[{"amount":9e-05,"safe_price":103216.92,"ft_order_side":"buy","order_filled_timestamp":1750703820000,"ft_is_entry":true,"ft_order_tag":"","cost":9.2988123228},{"amount":9e-05,"safe_price":102924.48,"ft_order_side":"sell","order_filled_timestamp":1750704480000,"ft_is_entry":false,"ft_order_tag":"exit_signal","cost":9.2724664032}]},{"pair":"BTC/USDT","stake_amount":9.2996154,"max_stake_amount":9.2996154,"amount":9e-05,"open_date":"2025-06-23 20:13:00+00:00","close_date":"2025-06-23 20:26:00+00:00","open_rate":103329.06,"close_rate":103812.2,"fee_open":0.001,"fee_close":0.001,"trade_duration":13,"profit_ratio":0.002668397977520116,"profit_abs":0.02483989,"exit_reason":"exit_signal","initial_stop_loss_abs":101262.48,"initial_stop_loss_ratio":-0.02,"stop_loss_abs":101747.53,"stop_loss_ratio":-0.02,"min_rate":103301.42,"max_rate":103824.01,"is_open":false,"enter_tag":"","leverage":1.0,"is_short":false,"open_timestamp":1750709580000,"close_timestamp":1750710360000,"orders":[{"amount":9e-05,"safe_price":103329.06,"ft_order_side":"buy","order_filled_timestamp":1750709580000,"ft_is_entry":true,"ft_order_tag":"","cost":9.3089150154},{"amount":9e-05,"safe_price":103812.2,"ft_order_side":"sell","order_filled_timestamp":1750710360000,"ft_is_entry":false,"ft_order_tag":"exit_signal","cost":9.352441097999998}]},{"pair":"BTC/USDT","stake_amount":9.504,"max_stake_amount":9.504,"amount":9e-05,"open_date":"2025-06-24 06:36:00+00:00","close_date":"2025-06-24 06:53:00+00:00","open_rate":105600.0,"close_rate":105671.49,"fee_open":0.001,"fee_close":0.001,"trade_duration":17,"profit_ratio":-0.001322365555320101,"profit_abs":-0.01258033,"exit_reason":"exit_signal","initial_stop_loss_abs":103488.0,"initial_stop_loss_ratio":-0.02,"stop_loss_abs":103694.78,"stop_loss_ratio":-0.02,"min_rate":105567.27,"max_rate":105811.0,"is_open":false,"enter_tag":"","leverage":1.0,"is_short":false,"open_timestamp":1750746960000,"close_timestamp":1750747980000,"orders":[{"amount":9e-05,"safe_price":105600.0,"ft_order_side":"buy","order_filled_timestamp":1750746960000,"ft_is_entry":true,"ft_order_tag":"","cost":9.513504000000001},{"amount":9e-05,"safe_price":105671.49,"ft_order_side":"sell","order_filled_timestamp":1750747980000,"ft_is_entry":false,"ft_order_tag":"exit_signal","cost":9.5199445341}]},{"pair":"ETH/USDT","stake_amount":9.954021,"max_stake_amount":9.954021,"amount":0.0041,"open_date":"2025-06-24 06:43:00+00:00","close_date":"2025-06-24 06:55:00+00:00","open_rate":2427.81,"close_rate":2426.5,"fee_open":0.001,"fee_close":0.001,"trade_duration":12,"profit_ratio":-0.0025365047530461894,"profit_abs":-0.02527367,"exit_reason":"exit_signal","initial_stop_loss_abs":2379.26,"initial_stop_loss_ratio":-0.02,"stop_loss_abs":2386.13,"stop_loss_ratio":-0.02,"min_rate":2423.81,"max_rate":2434.82,"is_open":false,"enter_tag":"","leverage":1.0,"is_short":false,"open_timestamp":1750747380000,"close_timestamp":1750748100000,"orders":[{"amount":0.0041,"safe_price":2427.81,"ft_order_side":"buy","order_filled_timestamp":1750747380000,"ft_is_entry":true,"ft_order_tag":"","cost":9.963975021},{"amount":0.0041,"safe_price":2426.5,"ft_order_side":"sell","order_filled_timestamp":1750748100000,"ft_is_entry":false,"ft_order_tag":"exit_signal","cost":9.958598649999999}]},{"pair":"BTC/USDT","stake_amount":9.5540328,"max_stake_amount":9.5540328,"amount":9e-05,"open_date":"2025-06-25 00:09:00+00:00","close_date":"2025-06-25 00:22:00+00:00","open_rate":106155.92,"close_rate":106166.11,"fee_open":0.001,"fee_close":0.001,"trade_duration":13,"profit_ratio":-0.001902202627324693,"profit_abs":-0.01819188,"exit_reason":"exit_signal","initial_stop_loss_abs":104032.81,"initial_stop_loss_ratio":-0.02,"stop_loss_abs":104321.0,"stop_loss_ratio":-0.02,"min_rate":106127.45,"max_rate":106450.0,"is_open":false,"enter_tag":"","leverage":1.0,"is_short":false,"open_timestamp":1750810140000,"close_timestamp":1750810920000,"orders":[{"amount":9e-05,"safe_price":106155.92,"ft_order_side":"buy","order_filled_timestamp":1750810140000,"ft_is_entry":true,"ft_order_tag":"","cost":9.563586832799999},{"amount":9e-05,"safe_price":106166.11,"ft_order_side":"sell","order_filled_timestamp":1750810920000,"ft_is_entry":false,"ft_order_tag":"exit_signal","cost":9.564504849899999}]},{"pair":"ETH/USDT","stake_amount":9.81816,"max_stake_amount":9.81816,"amount":0.004,"open_date":"2025-06-25 00:14:00+00:00","close_date":"2025-06-25 00:25:00+00:00","open_rate":2454.54,"close_rate":2450.5,"fee_open":0.001,"fee_close":0.001,"trade_duration":11,"profit_ratio":-0.0036406430109527225,"profit_abs":-0.03578016,"exit_reason":"exit_signal","initial_stop_loss_abs":2405.45,"initial_stop_loss_ratio":-0.02,"stop_loss_abs":2408.36,"stop_loss_ratio":-0.02,"min_rate":2449.82,"max_rate":2457.51,"is_open":false,"enter_tag":"","leverage":1.0,"is_short":false,"open_timestamp":1750810440000,"close_timestamp":1750811100000,"orders":[{"amount":0.004,"safe_price":2454.54,"ft_order_side":"buy","order_filled_timestamp":1750810440000,"ft_is_entry":true,"ft_order_tag":"","cost":9.827978159999999},{"amount":0.004,"safe_price":2450.5,"ft_order_side":"sell","order_filled_timestamp":1750811100000,"ft_is_entry":false,"ft_order_tag":"exit_signal","cost":9.811801999999998}]},{"pair":"ETH/USDT","stake_amount":9.85128,"max_stake_amount":9.85128,"amount":0.004,"open_date":"2025-06-25 01:03:00+00:00","close_date":"2025-06-25 01:15:00+00:00","open_rate":2462.82,"close_rate":2455.64,"fee_open":0.001,"fee_close":0.001,"trade_duration":12,"profit_ratio":-0.004907534300669,"profit_abs":-0.04839384,"exit_reason":"exit_signal","initial_stop_loss_abs":2413.57,"initial_stop_loss_ratio":-0.02,"stop_loss_abs":2413.57,"stop_loss_ratio":-0.02,"min_rate":2454.16,"max_rate":2462.82,"is_open":false,"enter_tag":"","leverage":1.0,"is_short":false,"open_timestamp":1750813380000,"close_timestamp":1750814100000,"orders":[{"amount":0.004,"safe_price":2462.82,"ft_order_side":"buy","order_filled_timestamp":1750813380000,"ft_is_entry":true,"ft_order_tag":"","cost":9.86113128},{"amount":0.004,"safe_price":2455.64,"ft_order_side":"sell","order_filled_timestamp":1750814100000,"ft_is_entry":false,"ft_order_tag":"exit_signal","cost":9.832382559999997}]},{"pair":"ETH/USDT","stake_amount":9.78428,"max_stake_amount":9.78428,"amount":0.004,"open_date":"2025-06-25 07:04:00+00:00","close_date":"2025-06-25 07:06:00+00:00","open_rate":2446.07,"close_rate":2442.9,"fee_open":0.001,"fee_close":0.001,"trade_duration":2,"profit_ratio":-0.003291369045415332,"profit_abs":-0.03223588,"exit_reason":"exit_signal","initial_stop_loss_abs":2397.15,"initial_stop_loss_ratio":-0.02,"stop_loss_abs":2397.15,"stop_loss_ratio":-0.02,"min_rate":2442.21,"max_rate":2446.07,"is_open":false,"enter_tag":"","leverage":1.0,"is_short":false,"open_timestamp":1750835040000,"close_timestamp":1750835160000,"orders":[{"amount":0.004,"safe_price":2446.07,"ft_order_side":"buy","order_filled_timestamp":1750835040000,"ft_is_entry":true,"ft_order_tag":"","cost":9.794064279999999},{"amount":0.004,"safe_price":2442.9,"ft_order_side":"sell","order_filled_timestamp":1750835160000,"ft_is_entry":false,"ft_order_tag":"exit_signal","cost":9.7813716}]},{"pair":"BTC/USDT","stake_amount":9.648234,"max_stake_amount":9.648234,"amount":9e-05,"open_date":"2025-06-25 11:55:00+00:00","close_date":"2025-06-25 12:01:00+00:00","open_rate":107202.6,"close_rate":107156.26,"fee_open":0.001,"fee_close":0.001,"trade_duration":6,"profit_ratio":-0.002429404234957458,"profit_abs":-0.0234629,"exit_reason":"exit_signal","initial_stop_loss_abs":105058.55,"initial_stop_loss_ratio":-0.02,"stop_loss_abs":105092.7,"stop_loss_ratio":-0.02,"min_rate":107132.38,"max_rate":107237.44,"is_open":false,"enter_tag":"","leverage":1.0,"is_short":false,"open_timestamp":1750852500000,"close_timestamp":1750852860000,"orders":[{"amount":9e-05,"safe_price":107202.6,"ft_order_side":"buy","order_filled_timestamp":1750852500000,"ft_is_entry":true,"ft_order_tag":"","cost":9.657882233999999},{"amount":9e-05,"safe_price":107156.26,"ft_order_side":"sell","order_filled_timestamp":1750852860000,"ft_is_entry":false,"ft_order_tag":"exit_signal","cost":9.6537074634}]},{"pair":"BTC/USDT","stake_amount":9.726246,"max_stake_amount":9.726246,"amount":9e-05,"open_date":"2025-06-25 13:46:00+00:00","close_date":"2025-06-25 13:51:00+00:00","open_rate":108069.4,"close_rate":107845.81,"fee_open":0.001,"fee_close":0.001,"trade_duration":5,"profit_ratio":-0.004062816635108144,"profit_abs":-0.03955547,"exit_reason":"exit_signal","initial_stop_loss_abs":105908.02,"initial_stop_loss_ratio":-0.02,"stop_loss_abs":105967.64,"stop_loss_ratio":-0.02,"min_rate":107738.34,"max_rate":108130.24,"is_open":false,"enter_tag":"","leverage":1.0,"is_short":false,"open_timestamp":1750859160000,"close_timestamp":1750859460000,"orders":[{"amount":9e-05,"safe_price":108069.4,"ft_order_side":"buy","order_filled_timestamp":1750859160000,"ft_is_entry":true,"ft_order_tag":"","cost":9.735972246},{"amount":9e-05,"safe_price":107845.81,"ft_order_side":"sell","order_filled_timestamp":1750859460000,"ft_is_entry":false,"ft_order_tag":"exit_signal","cost":9.7158290229}]},{"pair":"ETH/USDT","stake_amount":9.8582,"max_stake_amount":9.8582,"amount":0.004,"open_date":"2025-06-26 02:01:00+00:00","close_date":"2025-06-26 02:21:00+00:00","open_rate":2464.55,"close_rate":2466.53,"fee_open":0.001,"fee_close":0.001,"trade_duration":20,"profit_ratio":-0.001196215077045249,"profit_abs":-0.01180432,"exit_reason":"exit_signal","initial_stop_loss_abs":2415.26,"initial_stop_loss_ratio":-0.02,"stop_loss_abs":2425.01,"stop_loss_ratio":-0.02,"min_rate":2462.03,"max_rate":2474.49,"is_open":false,"enter_tag":"","leverage":1.0,"is_short":false,"open_timestamp":1750903260000,"close_timestamp":1750904460000,"orders":[{"amount":0.004,"safe_price":2464.55,"ft_order_side":"buy","order_filled_timestamp":1750903260000,"ft_is_entry":true,"ft_order_tag":"","cost":9.868058199999998},{"amount":0.004,"safe_price":2466.53,"ft_order_side":"sell","order_filled_timestamp":1750904460000,"ft_is_entry":false,"ft_order_tag":"exit_signal","cost":9.875986119999999}]},{"pair":"ETH/USDT","stake_amount":9.9962,"max_stake_amount":9.9962,"amount":0.004,"open_date":"2025-06-26 07:47:00+00:00","close_date":"2025-06-26 07:49:00+00:00","open_rate":2499.05,"close_rate":2494.15,"fee_open":0.001,"fee_close":0.001,"trade_duration":2,"profit_ratio":-0.0039548295085399185,"profit_abs":-0.0395728,"exit_reason":"exit_signal","initial_stop_loss_abs":2449.07,"initial_stop_loss_ratio":-0.02,"stop_loss_abs":2449.12,"stop_loss_ratio":-0.02,"min_rate":2493.2,"max_rate":2499.1,"is_open":false,"enter_tag":"","leverage":1.0,"is_short":false,"open_timestamp":1750924020000,"close_timestamp":1750924140000,"orders":[{"amount":0.004,"safe_price":2499.05,"ft_order_side":"buy","order_filled_timestamp":1750924020000,"ft_is_entry":true,"ft_order_tag":"","cost":10.006196200000002},{"amount":0.004,"safe_price":2494.15,"ft_order_side":"sell","order_filled_timestamp":1750924140000,"ft_is_entry":false,"ft_order_tag":"exit_signal","cost":9.9865766}]},{"pair":"ETH/USDT","stake_amount":9.997481,"max_stake_amount":9.997481,"amount":0.0041,"open_date":"2025-06-26 19:45:00+00:00","close_date":"2025-06-26 19:56:00+00:00","open_rate":2438.41,"close_rate":2437.92,"fee_open":0.001,"fee_close":0.001,"trade_duration":11,"profit_ratio":-0.002198550817948044,"profit_abs":-0.02200195,"exit_reason":"exit_signal","initial_stop_loss_abs":2389.65,"initial_stop_loss_ratio":-0.02,"stop_loss_abs":2394.06,"stop_loss_ratio":-0.02,"min_rate":2436.9,"max_rate":2442.91,"is_open":false,"enter_tag":"","leverage":1.0,"is_short":false,"open_timestamp":1750967100000,"close_timestamp":1750967760000,"orders":[{"amount":0.0041,"safe_price":2438.41,"ft_order_side":"buy","order_filled_timestamp":1750967100000,"ft_is_entry":true,"ft_order_tag":"","cost":10.007478481},{"amount":0.0041,"safe_price":2437.92,"ft_order_side":"sell","order_filled_timestamp":1750967760000,"ft_is_entry":false,"ft_order_tag":"exit_signal","cost":10.005467472}]},{"pair":"ETH/USDT","stake_amount":9.994037,"max_stake_amount":9.994037,"amount":0.0041,"open_date":"2025-06-27 02:48:00+00:00","close_date":"2025-06-27 03:11:00+00:00","open_rate":2437.57,"close_rate":2438.7,"fee_open":0.001,"fee_close":0.001,"trade_duration":23,"profit_ratio":-0.00153535209389015,"profit_abs":-0.01535971,"exit_reason":"exit_signal","initial_stop_loss_abs":2388.82,"initial_stop_loss_ratio":-0.02,"stop_loss_abs":2393.78,"stop_loss_ratio":-0.02,"min_rate":2436.21,"max_rate":2442.63,"is_open":false,"enter_tag":"","leverage":1.0,"is_short":false,"open_timestamp":1750992480000,"close_timestamp":1750993860000,"orders":[{"amount":0.0041,"safe_price":2437.57,"ft_order_side":"buy","order_filled_timestamp":1750992480000,"ft_is_entry":true,"ft_order_tag":"","cost":10.004031037},{"amount":0.0041,"safe_price":2438.7,"ft_order_side":"sell","order_filled_timestamp":1750993860000,"ft_is_entry":false,"ft_order_tag":"exit_signal","cost":10.008668669999999}]},{"pair":"ETH/USDT","stake_amount":9.77736,"max_stake_amount":9.77736,"amount":0.004,"open_date":"2025-06-27 03:27:00+00:00","close_date":"2025-06-27 04:03:00+00:00","open_rate":2444.34,"close_rate":2445.64,"fee_open":0.001,"fee_close":0.001,"trade_duration":36,"profit_ratio":-0.0014672237112650476,"profit_abs":-0.01435992,"exit_reason":"exit_signal","initial_stop_loss_abs":2395.46,"initial_stop_loss_ratio":-0.02,"stop_loss_abs":2399.87,"stop_loss_ratio":-0.02,"min_rate":2440.65,"max_rate":2448.84,"is_open":false,"enter_tag":"","leverage":1.0,"is_short":false,"open_timestamp":1750994820000,"close_timestamp":1750996980000,"orders":[{"amount":0.004,"safe_price":2444.34,"ft_order_side":"buy","order_filled_timestamp":1750994820000,"ft_is_entry":true,"ft_order_tag":"","cost":9.787137360000001},{"amount":0.004,"safe_price":2445.64,"ft_order_side":"sell","order_filled_timestamp":1750996980000,"ft_is_entry":false,"ft_order_tag":"exit_signal","cost":9.79234256}]},{"pair":"ETH/USDT","stake_amount":9.78984,"max_stake_amount":9.78984,"amount":0.004,"open_date":"2025-06-27 06:47:00+00:00","close_date":"2025-06-27 07:04:00+00:00","open_rate":2447.46,"close_rate":2447.52,"fee_open":0.001,"fee_close":0.001,"trade_duration":17,"profit_ratio":-0.001973535767755081,"profit_abs":-0.01933992,"exit_reason":"exit_signal","initial_stop_loss_abs":2398.52,"initial_stop_loss_ratio":-0.02,"stop_loss_abs":2401.53,"stop_loss_ratio":-0.02,"min_rate":2445.75,"max_rate":2450.54,"is_open":false,"enter_tag":"","leverage":1.0,"is_short":false,"open_timestamp":1751006820000,"close_timestamp":1751007840000,"orders":[{"amount":0.004,"safe_price":2447.46,"ft_order_side":"buy","order_filled_timestamp":1751006820000,"ft_is_entry":true,"ft_order_tag":"","cost":9.799629839999998},{"amount":0.004,"safe_price":2447.52,"ft_order_side":"sell","order_filled_timestamp":1751007840000,"ft_is_entry":false,"ft_order_tag":"exit_signal","cost":9.799870079999998}]},{"pair":"ETH/USDT","stake_amount":9.76416,"max_stake_amount":9.76416,"amount":0.004,"open_date":"2025-06-27 15:54:00+00:00","close_date":"2025-06-27 16:02:00+00:00","open_rate":2441.04,"close_rate":2434.89,"fee_open":0.001,"fee_close":0.001,"trade_duration":8,"profit_ratio":-0.004512386148901732,"profit_abs":-0.04410372,"exit_reason":"exit_signal","initial_stop_loss_abs":2392.22,"initial_stop_loss_ratio":-0.02,"stop_loss_abs":2393.78,"stop_loss_ratio":-0.02,"min_rate":2434.88,"max_rate":2442.63,"is_open":false,"enter_tag":"","leverage":1.0,"is_short":false,"open_timestamp":1751039640000,"close_timestamp":1751040120000,"orders":[{"amount":0.004,"safe_price":2441.04,"ft_order_side":"buy","order_filled_timestamp":1751039640000,"ft_is_entry":true,"ft_order_tag":"","cost":9.77392416},{"amount":0.004,"safe_price":2434.89,"ft_order_side":"sell","order_filled_timestamp":1751040120000,"ft_is_entry":false,"ft_order_tag":"exit_signal","cost":9.749299559999997}]},{"pair":"ETH/USDT","stake_amount":9.959146,"max_stake_amount":9.959146,"amount":0.0041,"open_date":"2025-06-28 07:47:00+00:00","close_date":"2025-06-28 07:52:00+00:00","open_rate":2429.06,"close_rate":2428.29,"fee_open":0.001,"fee_close":0.001,"trade_duration":5,"profit_ratio":-0.0023143631912897872,"profit_abs":-0.02307213,"exit_reason":"exit_signal","initial_stop_loss_abs":2380.48,"initial_stop_loss_ratio":-0.02,"stop_loss_abs":2381.05,"stop_loss_ratio":-0.02,"min_rate":2428.05,"max_rate":2429.64,"is_open":false,"enter_tag":"","leverage":1.0,"is_short":false,"open_timestamp":1751096820000,"close_timestamp":1751097120000,"orders":[{"amount":0.0041,"safe_price":2429.06,"ft_order_side":"buy","order_filled_timestamp":1751096820000,"ft_is_entry":true,"ft_order_tag":"","cost":9.969105145999999},{"amount":0.0041,"safe_price":2428.29,"ft_order_side":"sell","order_filled_timestamp":1751097120000,"ft_is_entry":false,"ft_order_tag":"exit_signal","cost":9.965944988999999}]},{"pair":"ETH/USDT","stake_amount":9.75736,"max_stake_amount":9.75736,"amount":0.004,"open_date":"2025-06-28 22:24:00+00:00","close_date":"2025-06-28 22:34:00+00:00","open_rate":2439.34,"close_rate":2437.25,"fee_open":0.001,"fee_close":0.001,"trade_duration":10,"profit_ratio":-0.002853079263091807,"profit_abs":-0.02786636,"exit_reason":"exit_signal","initial_stop_loss_abs":2390.56,"initial_stop_loss_ratio":-0.02,"stop_loss_abs":2391.14,"stop_loss_ratio":-0.02,"min_rate":2436.18,"max_rate":2439.93,"is_open":false,"enter_tag":"","leverage":1.0,"is_short":false,"open_timestamp":1751149440000,"close_timestamp":1751150040000,"orders":[{"amount":0.004,"safe_price":2439.34,"ft_order_side":"buy","order_filled_timestamp":1751149440000,"ft_is_entry":true,"ft_order_tag":"","cost":9.767117359999999},{"amount":0.004,"safe_price":2437.25,"ft_order_side":"sell","order_filled_timestamp":1751150040000,"ft_is_entry":false,"ft_order_tag":"exit_signal","cost":9.758749}]},{"pair":"BTC/USDT","stake_amount":9.6640524,"max_stake_amount":9.6640524,"amount":9e-05,"open_date":"2025-06-28 22:56:00+00:00","close_date":"2025-06-28 23:03:00+00:00","open_rate":107378.36,"close_rate":107358.39,"fee_open":0.001,"fee_close":0.001,"trade_duration":7,"profit_ratio":-0.0021836085545756654,"profit_abs":-0.02112361,"exit_reason":"exit_signal","initial_stop_loss_abs":105230.8,"initial_stop_loss_ratio":-0.02,"stop_loss_abs":105230.81,"stop_loss_ratio":-0.02,"min_rate":107342.47,"max_rate":107378.37,"is_open":false,"enter_tag":"","leverage":1.0,"is_short":false,"open_timestamp":1751151360000,"close_timestamp":1751151780000,"orders":[{"amount":9e-05,"safe_price":107378.36,"ft_order_side":"buy","order_filled_timestamp":1751151360000,"ft_is_entry":true,"ft_order_tag":"","cost":9.6737164524},{"amount":9e-05,"safe_price":107358.39,"ft_order_side":"sell","order_filled_timestamp":1751151780000,"ft_is_entry":false,"ft_order_tag":"exit_signal","cost":9.6719173551}]},{"pair":"BTC/USDT","stake_amount":9.6749991,"max_stake_amount":9.6749991,"amount":9e-05,"open_date":"2025-06-29 00:52:00+00:00","close_date":"2025-06-29 01:02:00+00:00","open_rate":107499.99,"close_rate":107459.59,"fee_open":0.001,"fee_close":0.001,"trade_duration":10,"profit_ratio":-0.002373064882186976,"profit_abs":-0.02298236,"exit_reason":"exit_signal","initial_stop_loss_abs":105350.0,"initial_stop_loss_ratio":-0.02,"stop_loss_abs":105350.0,"stop_loss_ratio":-0.02,"min_rate":107444.56,"max_rate":107500.0,"is_open":false,"enter_tag":"","leverage":1.0,"is_short":false,"open_timestamp":1751158320000,"close_timestamp":1751158920000,"orders":[{"amount":9e-05,"safe_price":107499.99,"ft_order_side":"buy","order_filled_timestamp":1751158320000,"ft_is_entry":true,"ft_order_tag":"","cost":9.6846740991},{"amount":9e-05,"safe_price":107459.59,"ft_order_side":"sell","order_filled_timestamp":1751158920000,"ft_is_entry":false,"ft_order_tag":"exit_signal","cost":9.6810344631}]},{"pair":"ETH/USDT","stake_amount":9.79496,"max_stake_amount":9.79496,"amount":0.004,"open_date":"2025-06-29 09:30:00+00:00","close_date":"2025-06-29 09:57:00+00:00","open_rate":2448.74,"close_rate":2452.04,"fee_open":0.001,"fee_close":0.001,"trade_duration":27,"profit_ratio":-0.0006530627258021755,"profit_abs":-0.00640312,"exit_reason":"exit_signal","initial_stop_loss_abs":2399.77,"initial_stop_loss_ratio":-0.02,"stop_loss_abs":2408.81,"stop_loss_ratio":-0.02,"min_rate":2446.67,"max_rate":2457.96,"is_open":false,"enter_tag":"","leverage":1.0,"is_short":false,"open_timestamp":1751189400000,"close_timestamp":1751191020000,"orders":[{"amount":0.004,"safe_price":2448.74,"ft_order_side":"buy","order_filled_timestamp":1751189400000,"ft_is_entry":true,"ft_order_tag":"","cost":9.804754959999999},{"amount":0.004,"safe_price":2452.04,"ft_order_side":"sell","order_filled_timestamp":1751191020000,"ft_is_entry":false,"ft_order_tag":"exit_signal","cost":9.81796816}]},{"pair":"BTC/USDT","stake_amount":9.7188084,"max_stake_amount":9.7188084,"amount":9e-05,"open_date":"2025-06-29 10:03:00+00:00","close_date":"2025-06-29 10:29:00+00:00","open_rate":107986.76,"close_rate":108139.64,"fee_open":0.001,"fee_close":0.001,"trade_duration":26,"profit_ratio":-0.0005851019253032611,"profit_abs":-0.00569218,"exit_reason":"exit_signal","initial_stop_loss_abs":105827.03,"initial_stop_loss_ratio":-0.02,"stop_loss_abs":106131.94,"stop_loss_ratio":-0.02,"min_rate":107986.75,"max_rate":108297.89,"is_open":false,"enter_tag":"","leverage":1.0,"is_short":false,"open_timestamp":1751191380000,"close_timestamp":1751192940000,"orders":[{"amount":9e-05,"safe_price":107986.76,"ft_order_side":"buy","order_filled_timestamp":1751191380000,"ft_is_entry":true,"ft_order_tag":"","cost":9.7285272084},{"amount":9e-05,"safe_price":108139.64,"ft_order_side":"sell","order_filled_timestamp":1751192940000,"ft_is_entry":false,"ft_order_tag":"exit_signal","cost":9.7423001676}]},{"pair":"BTC/USDT","stake_amount":9.788229,"max_stake_amount":9.788229,"amount":9e-05,"open_date":"2025-06-30 01:42:00+00:00","close_date":"2025-06-30 01:49:00+00:00","open_rate":108758.1,"close_rate":108673.92,"fee_open":0.001,"fee_close":0.001,"trade_duration":7,"profit_ratio":-0.00277046665315677,"profit_abs":-0.02714508,"exit_reason":"exit_signal","initial_stop_loss_abs":106582.94,"initial_stop_loss_ratio":-0.02,"stop_loss_abs":106594.6,"stop_loss_ratio":-0.02,"min_rate":108648.51,"max_rate":108770.0,"is_open":false,"enter_tag":"","leverage":1.0,"is_short":false,"open_timestamp":1751247720000,"close_timestamp":1751248140000,"orders":[{"amount":9e-05,"safe_price":108758.1,"ft_order_side":"buy","order_filled_timestamp":1751247720000,"ft_is_entry":true,"ft_order_tag":"","cost":9.798017229000001},{"amount":9e-05,"safe_price":108673.92,"ft_order_side":"sell","order_filled_timestamp":1751248140000,"ft_is_entry":false,"ft_order_tag":"exit_signal","cost":9.790433452799999}]}],"locks":[],"best_pair":{"key":"BTC/USDT","trades":12,"profit_mean":-0.001963172341557963,"profit_mean_pct":-0.2,"profit_sum":-0.023558068098695553,"profit_sum_pct":-2.36,"profit_total_abs":-0.22529970000000002,"profit_total":-0.0002252997,"profit_total_pct":-0.02,"duration_avg":"0:12:00","wins":1,"draws":0,"losses":11,"winrate":0.08333333333333333},"worst_pair":{"key":"ETH/USDT","trades":14,"profit_mean":-0.0026453321011151595,"profit_mean_pct":-0.26,"profit_sum":-0.037034649415612235,"profit_sum_pct":-3.7,"profit_total_abs":-0.3655675,"profit_total":-0.00036556749999999997,"profit_total_pct":-0.04,"duration_avg":"0:14:00","wins":0,"draws":0,"losses":14,"winrate":0.0},"results_per_pair":[{"key":"BTC/USDT","trades":12,"profit_mean":-0.001963172341557963,"profit_mean_pct":-0.2,"profit_sum":-0.023558068098695553,"profit_sum_pct":-2.36,"profit_total_abs":-0.22529970000000002,"profit_total":-0.0002252997,"profit_total_pct":-0.02,"duration_avg":"0:12:00","wins":1,"draws":0,"losses":11,"winrate":0.08333333333333333},{"key":"ETH/USDT","trades":14,"profit_mean":-0.0026453321011151595,"profit_mean_pct":-0.26,"profit_sum":-0.037034649415612235,"profit_sum_pct":-3.7,"profit_total_abs":-0.3655675,"profit_total":-0.00036556749999999997,"profit_total_pct":-0.04,"duration_avg":"0:14:00","wins":0,"draws":0,"losses":14,"winrate":0.0},{"key":"TOTAL","trades":26,"profit_mean":-0.002330489135165684,"profit_mean_pct":-0.23,"profit_sum":-0.06059271751430778,"profit_sum_pct":-6.06,"profit_total_abs":-0.5908672,"profit_total":-0.0005908672000000001,"profit_total_pct":-0.06,"duration_avg":"0:13:00","wins":1,"draws":0,"losses":25,"winrate":0.038461538461538464}],"results_per_enter_tag":[{"key":"","trades":26,"profit_mean":-0.002330489135165684,"profit_mean_pct":-0.23,"profit_sum":-0.06059271751430778,"profit_sum_pct":-6.06,"profit_total_abs":-0.5908672,"profit_total":-0.0005908672000000001,"profit_total_pct":-0.06,"duration_avg":"0:13:00","wins":1,"draws":0,"losses":25,"winrate":0.038461538461538464},{"key":"TOTAL","trades":26,"profit_mean":-0.002330489135165684,"profit_mean_pct":-0.23,"profit_sum":-0.06059271751430778,"profit_sum_pct":-6.06,"profit_total_abs":-0.5908672,"profit_total":-0.0005908672000000001,"profit_total_pct":-0.06,"duration_avg":"0:13:00","wins":1,"draws":0,"losses":25,"winrate":0.038461538461538464}],"exit_reason_summary":[{"key":"exit_signal","trades":26,"profit_mean":-0.002330489135165684,"profit_mean_pct":-0.23,"profit_sum":-0.06059271751430778,"profit_sum_pct":-6.06,"profit_total_abs":-0.5908672,"profit_total":-0.0005908672000000001,"profit_total_pct":-0.06,"duration_avg":"0:13:00","wins":1,"draws":0,"losses":25,"winrate":0.038461538461538464},{"key":"TOTAL","trades":26,"profit_mean":-0.002330489135165684,"profit_mean_pct":-0.23,"profit_sum":-0.06059271751430778,"profit_sum_pct":-6.06,"profit_total_abs":-0.5908672,"profit_total":-0.0005908672000000001,"profit_total_pct":-0.06,"duration_avg":"0:13:00","wins":1,"draws":0,"losses":25,"winrate":0.038461538461538464}],"mix_tag_stats":[{"key":["","exit_signal"],"trades":26,"profit_mean":-0.002330489135165684,"profit_mean_pct":-0.23,"profit_sum":-0.06059271751430778,"profit_sum_pct":-6.06,"profit_total_abs":-0.5908672,"profit_total":-0.0005908672000000001,"profit_total_pct":-0.06,"duration_avg":"0:13:00","wins":1,"draws":0,"losses":25,"winrate":0.038461538461538464},{"key":"TOTAL","trades":26,"profit_mean":-0.002330489135165684,"profit_mean_pct":-0.23,"profit_sum":-0.06059271751430778,"profit_sum_pct":-6.06,"profit_total_abs":-0.5908672,"profit_total":-0.0005908672000000001,"profit_total_pct":-0.06,"duration_avg":"0:13:00","wins":1,"draws":0,"losses":25,"winrate":0.038461538461538464}],"left_open_trades":[{"key":"TOTAL","trades":0,"profit_mean":0.0,"profit_mean_pct":0.0,"profit_sum":0.0,"profit_sum_pct":0.0,"profit_total_abs":0.0,"profit_total":0.0,"profit_total_pct":0.0,"duration_avg":"0:00","wins":0,"draws":0,"losses":0,"winrate":0.0}],"total_trades":26,"trade_count_long":26,"trade_count_short":0,"total_volume":505.0613574005999,"avg_stake_amount":9.704675211538461,"profit_mean":-0.002330489135165684,"profit_median":-0.0023437140367383816,"profit_total":-0.0005908672000000001,"profit_total_long":-0.0005908672000000001,"profit_total_short":0.0,"profit_total_abs":-0.5908672,"profit_total_long_abs":-0.5908672,"profit_total_short_abs":0.0,"cagr":-0.03034855755711896,"expectancy":-0.02272566153846154,"expectancy_ratio":-0.9227464612459448,"sortino":-135.23647974428567,"sharpe":-106.98149014109147,"calmar":-285.5930690322321,"sqn":-7.538,"profit_factor":0.04034368030421738,"backtest_start":"2025-06-23 00:00:00","backtest_start_ts":1750636800000,"backtest_end":"2025-06-30 14:11:00","backtest_end_ts":1751292660000,"backtest_days":7,"backtest_run_start_ts":1751303089,"backtest_run_end_ts":1751303089,"trades_per_day":3.71,"market_change":0.08535653626498181,"pairlist":["BTC/USDT","ETH/USDT"],"stake_amount":10,"stake_currency":"USDT","stake_currency_decimals":3,"starting_balance":1000,"dry_run_wallet":1000,"final_balance":999.4091328,"rejected_signals":0,"timedout_entry_orders":0,"timedout_exit_orders":0,"canceled_trade_entries":0,"canceled_entry_orders":0,"replaced_entry_orders":0,"max_open_trades":2,"max_open_trades_setting":3,"timeframe":"1m","timeframe_detail":"","timerange":"","enable_protections":false,"strategy_name":"UltimateScalp10xStrategy","stoploss":-0.02,"trailing_stop":true,"trailing_stop_positive":0.01,"trailing_stop_positive_offset":0.015,"trailing_only_offset_is_reached":false,"use_custom_stoploss":false,"minimal_roi":{"0":0.04,"10":0.025,"20":0.015,"30":0.008},"use_exit_signal":true,"exit_profit_only":false,"exit_profit_offset":0.0,"ignore_roi_if_entry_signal":false,"trading_mode":"spot","margin_mode":"","periodic_breakdown":{"day":[{"date":"23/06/2025","date_ts":1750636800000,"profit_abs":-0.05456589,"wins":1,"draws":0,"losses":3,"trades":4,"profit_factor":0.31282219},{"date":"24/06/2025","date_ts":1750723200000,"profit_abs":-0.037854,"wins":0,"draws":0,"losses":2,"trades":2,"profit_factor":0.0},{"date":"25/06/2025","date_ts":1750809600000,"profit_abs":-0.19762013,"wins":0,"draws":0,"losses":6,"trades":6,"profit_factor":0.0},{"date":"26/06/2025","date_ts":1750896000000,"profit_abs":-0.07337907,"wins":0,"draws":0,"losses":3,"trades":3,"profit_factor":0.0},{"date":"27/06/2025","date_ts":1750982400000,"profit_abs":-0.09316327,"wins":0,"draws":0,"losses":4,"trades":4,"profit_factor":0.0},{"date":"28/06/2025","date_ts":1751068800000,"profit_abs":-0.0720621,"wins":0,"draws":0,"losses":3,"trades":3,"profit_factor":0.0},{"date":"29/06/2025","date_ts":1751155200000,"profit_abs":-0.03507766,"wins":0,"draws":0,"losses":3,"trades":3,"profit_factor":0.0},{"date":"30/06/2025","date_ts":1751241600000,"profit_abs":-0.02714508,"wins":0,"draws":0,"losses":1,"trades":1,"profit_factor":0.0}],"week":[{"date":"23/06/2025","date_ts":1750636800000,"profit_abs":-0.05456589,"wins":1,"draws":0,"losses":3,"trades":4,"profit_factor":0.31282219},{"date":"30/06/2025","date_ts":1751241600000,"profit_abs":-0.53630131,"wins":0,"draws":0,"losses":22,"trades":22,"profit_factor":0.0}],"month":[{"date":"30/06/2025","date_ts":1751241600000,"profit_abs":-0.5908672,"wins":1,"draws":0,"losses":25,"trades":26,"profit_factor":0.04034368}],"year":[{"date":"31/12/2025","date_ts":1767139200000,"profit_abs":-0.5908672,"wins":1,"draws":0,"losses":25,"trades":26,"profit_factor":0.04034368}]},"backtest_best_day":-0.00277046665315677,"backtest_worst_day":-0.02023396985442735,"backtest_best_day_abs":-0.02714508,"backtest_worst_day_abs":-0.19762013,"winning_days":0,"draw_days":0,"losing_days":8,"daily_profit":[["2025-06-23",-0.05456589],["2025-06-24",-0.037854],["2025-06-25",-0.19762013],["2025-06-26",-0.07337907],["2025-06-27",-0.09316327],["2025-06-28",-0.0720621],["2025-06-29",-0.03507766],["2025-06-30",-0.02714508]],"wins":1,"losses":25,"draws":0,"winrate":0.038461538461538464,"holding_avg":"0:13:00","holding_avg_s":780.0,"winner_holding_avg":"0:13:00","winner_holding_avg_s":780.0,"loser_holding_avg":"0:13:00","loser_holding_avg_s":780.0,"max_consecutive_wins":1,"max_consecutive_losses":22,"max_drawdown_account":0.0005646646640055136,"max_relative_drawdown":0.0005646646640055136,"max_drawdown_abs":0.5646498600000001,"drawdown_start":"2025-06-23 04:37:00","drawdown_start_ts":1750653420000.0,"drawdown_end":"2025-06-30 01:49:00","drawdown_end_ts":1751248140000.0,"max_drawdown_low":-0.5908672,"max_drawdown_high":-0.02621734,"csum_min":999.4091328,"csum_max":999.97378266}},"strategy_comparison":[{"key":"UltimateScalp10xStrategy","trades":26,"profit_mean":-0.002330489135165684,"profit_mean_pct":-0.23,"profit_sum":-0.06059271751430778,"profit_sum_pct":-6.06,"profit_total_abs":-0.5908672,"profit_total":-0.0005908672000000001,"profit_total_pct":-0.06,"duration_avg":"0:13:00","wins":1,"draws":0,"losses":25,"winrate":0.038461538461538464,"max_drawdown_account":0.0005646646640055136,"max_drawdown_abs":"0.565"}]}