{"max_open_trades":5,"stake_currency":"USDT","stake_amount":10,"timeframe":"1m","use_exit_signal":true,"exchange":{"pair_whitelist":["BTC/USDT","ETH/USDT","ADA/USDT"],"pairlists":[{"method":"StaticPairList"}],"name":"binance","key":"REDACTED","secret":"REDACTED"},"pairs":["BTC/USDT","ETH/USDT"],"exit_pricing":{"price_last_balance":0,"use_order_book":true,"order_book_top":1,"price_side":"same"},"entry_pricing":{"price_last_balance":0,"use_order_book":true,"order_book_top":1,"price_side":"same"},"pairlists":[{"method":"StaticPairList"}],"dry_run":true,"strategy":"SmartScalpingDCA","bot_name":"ft_68032e4225631cdf286bebf5","logfile":"freqtrade_68032e4225631cdf286bebf5.log","db_url":"postgresql+psycopg2://botmoon:OnqgqNDWrOc515EUH0kJvAMoaKUagLhZ@dpg-d05n59qli9vc738vpa7g-a.singapore-postgres.render.com:5432/botmoon","user_data_dir":"C:\\Users\\Mahesh's PC\\Desktop\\Bot-Boom\\Example folder\\crypto-bot\\data\\ft_user_data\\68032e4225631cdf286bebf5","config_files":["data\\ft_user_data\\68032e4225631cdf286bebf5\\config.json"],"internals":{}}