{"strategy":{"BbandRsi":{"trades":[{"pair":"BTC/USDT","stake_amount":9.1507203,"max_stake_amount":9.1507203,"amount":9e-05,"open_date":"2025-06-23 06:49:00+00:00","close_date":"2025-06-23 07:49:00+00:00","open_rate":101674.67,"close_rate":101928.7,"fee_open":0.001,"fee_close":0.001,"trade_duration":60,"profit_ratio":0.0004954654918111893,"profit_abs":0.0045384,"exit_reason":"roi","initial_stop_loss_abs":79611.27,"initial_stop_loss_ratio":-0.217,"stop_loss_abs":79611.27,"stop_loss_ratio":-0.217,"min_rate":101645.47,"max_rate":102137.0,"is_open":false,"enter_tag":"","leverage":1.0,"is_short":false,"open_timestamp":1750661340000,"close_timestamp":1750664940000,"orders":[{"amount":9e-05,"safe_price":101674.67,"ft_order_side":"buy","order_filled_timestamp":1750661340000,"ft_is_entry":true,"ft_order_tag":"","cost":9.159871020299999},{"amount":9e-05,"safe_price":101928.7,"ft_order_side":"sell","order_filled_timestamp":1750664940000,"ft_is_entry":false,"ft_order_tag":"roi","cost":9.182756583}]},{"pair":"ETH/USDT","stake_amount":9.889484,"max_stake_amount":9.889484,"amount":0.0044,"open_date":"2025-06-23 09:26:00+00:00","close_date":"2025-06-23 11:49:00+00:00","open_rate":2247.61,"close_rate":2252.1097197197196,"fee_open":0.001,"fee_close":0.001,"trade_duration":143,"profit_ratio":0.0,"profit_abs":0.0,"exit_reason":"roi","initial_stop_loss_abs":1759.88,"initial_stop_loss_ratio":-0.217,"stop_loss_abs":1759.88,"stop_loss_ratio":-0.217,"min_rate":2238.68,"max_rate":2256.26,"is_open":false,"enter_tag":"","leverage":1.0,"is_short":false,"open_timestamp":1750670760000,"close_timestamp":1750679340000,"orders":[{"amount":0.0044,"safe_price":2247.61,"ft_order_side":"buy","order_filled_timestamp":1750670760000,"ft_is_entry":true,"ft_order_tag":"","cost":9.899373484},{"amount":0.0044,"safe_price":2252.1097197197196,"ft_order_side":"sell","order_filled_timestamp":1750679340000,"ft_is_entry":false,"ft_order_tag":"roi","cost":9.919192049533532}]},{"pair":"BTC/USDT","stake_amount":9.1482183,"max_stake_amount":9.1482183,"amount":9e-05,"open_date":"2025-06-23 09:10:00+00:00","close_date":"2025-06-23 12:42:00+00:00","open_rate":101646.87,"close_rate":101403.29,"fee_open":0.001,"fee_close":0.001,"trade_duration":212,"profit_ratio":-0.0043895491045019604,"profit_abs":-0.04019671,"exit_reason":"exit_signal","initial_stop_loss_abs":79589.5,"initial_stop_loss_ratio":-0.217,"stop_loss_abs":79589.5,"stop_loss_ratio":-0.217,"min_rate":101102.76,"max_rate":101722.9,"is_open":false,"enter_tag":"","leverage":1.0,"is_short":false,"open_timestamp":1750669800000,"close_timestamp":1750682520000,"orders":[{"amount":9e-05,"safe_price":101646.87,"ft_order_side":"buy","order_filled_timestamp":1750669800000,"ft_is_entry":true,"ft_order_tag":"","cost":9.157366518299998},{"amount":9e-05,"safe_price":101403.29,"ft_order_side":"sell","order_filled_timestamp":1750682520000,"ft_is_entry":false,"ft_order_tag":"exit_signal","cost":9.1354223961}]},{"pair":"BTC/USDT","stake_amount":9.0823842,"max_stake_amount":9.0823842,"amount":9e-05,"open_date":"2025-06-23 13:32:00+00:00","close_date":"2025-06-23 13:40:00+00:00","open_rate":100915.38,"close_rate":101682.6,"fee_open":0.001,"fee_close":0.001,"trade_duration":8,"profit_ratio":0.005589415033248073,"profit_abs":0.05081598,"exit_reason":"exit_signal","initial_stop_loss_abs":79016.75,"initial_stop_loss_ratio":-0.217,"stop_loss_abs":79016.75,"stop_loss_ratio":-0.217,"min_rate":100792.16,"max_rate":101708.86,"is_open":false,"enter_tag":"","leverage":1.0,"is_short":false,"open_timestamp":1750685520000,"close_timestamp":1750686000000,"orders":[{"amount":9e-05,"safe_price":100915.38,"ft_order_side":"buy","order_filled_timestamp":1750685520000,"ft_is_entry":true,"ft_order_tag":"","cost":9.0914665842},{"amount":9e-05,"safe_price":101682.6,"ft_order_side":"sell","order_filled_timestamp":1750686000000,"ft_is_entry":false,"ft_order_tag":"exit_signal","cost":9.160585434000001}]},{"pair":"ETH/USDT","stake_amount":9.852216,"max_stake_amount":9.852216,"amount":0.0044,"open_date":"2025-06-23 13:32:00+00:00","close_date":"2025-06-23 13:41:00+00:00","open_rate":2239.14,"close_rate":2268.21,"fee_open":0.001,"fee_close":0.001,"trade_duration":9,"profit_ratio":0.01095872160209361,"profit_abs":0.10807566,"exit_reason":"trailing_stop_loss","initial_stop_loss_abs":1753.25,"initial_stop_loss_ratio":-0.217,"stop_loss_abs":2268.21,"stop_loss_ratio":-0.005,"min_rate":2232.45,"max_rate":2279.6,"is_open":false,"enter_tag":"","leverage":1.0,"is_short":false,"open_timestamp":1750685520000,"close_timestamp":1750686060000,"orders":[{"amount":0.0044,"safe_price":2239.14,"ft_order_side":"buy","order_filled_timestamp":1750685520000,"ft_is_entry":true,"ft_order_tag":"","cost":9.862068215999999},{"amount":0.0044,"safe_price":2268.21,"ft_order_side":"sell","order_filled_timestamp":1750686060000,"ft_is_entry":false,"ft_order_tag":"trailing_stop_loss","cost":9.990104123999998}]},{"pair":"ETH/USDT","stake_amount":9.988396,"max_stake_amount":9.988396,"amount":0.0044,"open_date":"2025-06-23 15:28:00+00:00","close_date":"2025-06-23 17:10:00+00:00","open_rate":2270.09,"close_rate":2249.8,"fee_open":0.001,"fee_close":0.001,"trade_duration":102,"profit_ratio":-0.010918115935177733,"profit_abs":-0.10916352,"exit_reason":"exit_signal","initial_stop_loss_abs":1777.49,"initial_stop_loss_ratio":-0.217,"stop_loss_abs":1777.49,"stop_loss_ratio":-0.217,"min_rate":2188.0,"max_rate":2275.65,"is_open":false,"enter_tag":"","leverage":1.0,"is_short":false,"open_timestamp":1750692480000,"close_timestamp":1750698600000,"orders":[{"amount":0.0044,"safe_price":2270.09,"ft_order_side":"buy","order_filled_timestamp":1750692480000,"ft_is_entry":true,"ft_order_tag":"","cost":9.998384396},{"amount":0.0044,"safe_price":2249.8,"ft_order_side":"sell","order_filled_timestamp":1750698600000,"ft_is_entry":false,"ft_order_tag":"exit_signal","cost":9.90901912}]},{"pair":"BTC/USDT","stake_amount":9.1371591,"max_stake_amount":9.1371591,"amount":9e-05,"open_date":"2025-06-23 15:29:00+00:00","close_date":"2025-06-23 17:11:00+00:00","open_rate":101523.99,"close_rate":101416.36,"fee_open":0.001,"fee_close":0.001,"trade_duration":102,"profit_ratio":-0.0030560271839205027,"profit_abs":-0.02795133,"exit_reason":"exit_signal","initial_stop_loss_abs":79493.29,"initial_stop_loss_ratio":-0.217,"stop_loss_abs":79493.29,"stop_loss_ratio":-0.217,"min_rate":99613.33,"max_rate":101788.0,"is_open":false,"enter_tag":"","leverage":1.0,"is_short":false,"open_timestamp":1750692540000,"close_timestamp":1750698660000,"orders":[{"amount":9e-05,"safe_price":101523.99,"ft_order_side":"buy","order_filled_timestamp":1750692540000,"ft_is_entry":true,"ft_order_tag":"","cost":9.146296259100001},{"amount":9e-05,"safe_price":101416.36,"ft_order_side":"sell","order_filled_timestamp":1750698660000,"ft_is_entry":false,"ft_order_tag":"exit_signal","cost":9.1365998724}]},{"pair":"BTC/USDT","stake_amount":9.4420791,"max_stake_amount":9.4420791,"amount":9e-05,"open_date":"2025-06-24 00:50:00+00:00","close_date":"2025-06-24 01:50:00+00:00","open_rate":104911.99,"close_rate":105132.6,"fee_open":0.001,"fee_close":0.001,"trade_duration":60,"profit_ratio":0.00010060708556657399,"profit_abs":0.00095089,"exit_reason":"roi","initial_stop_loss_abs":82146.09,"initial_stop_loss_ratio":-0.217,"stop_loss_abs":82146.09,"stop_loss_ratio":-0.217,"min_rate":104911.98,"max_rate":105234.68,"is_open":false,"enter_tag":"","leverage":1.0,"is_short":false,"open_timestamp":1750726200000,"close_timestamp":1750729800000,"orders":[{"amount":9e-05,"safe_price":104911.99,"ft_order_side":"buy","order_filled_timestamp":1750726200000,"ft_is_entry":true,"ft_order_tag":"","cost":9.4515211791},{"amount":9e-05,"safe_price":105132.6,"ft_order_side":"sell","order_filled_timestamp":1750729800000,"ft_is_entry":false,"ft_order_tag":"roi","cost":9.471395934}]},{"pair":"ETH/USDT","stake_amount":9.849307,"max_stake_amount":9.849307,"amount":0.0041,"open_date":"2025-06-24 02:09:00+00:00","close_date":"2025-06-24 03:18:00+00:00","open_rate":2402.27,"close_rate":2404.24,"fee_open":0.001,"fee_close":0.001,"trade_duration":69,"profit_ratio":-0.001179582678057647,"profit_abs":-0.01162969,"exit_reason":"exit_signal","initial_stop_loss_abs":1880.98,"initial_stop_loss_ratio":-0.217,"stop_loss_abs":1880.98,"stop_loss_ratio":-0.217,"min_rate":2389.31,"max_rate":2404.92,"is_open":false,"enter_tag":"","leverage":1.0,"is_short":false,"open_timestamp":1750730940000,"close_timestamp":1750735080000,"orders":[{"amount":0.0041,"safe_price":2402.27,"ft_order_side":"buy","order_filled_timestamp":1750730940000,"ft_is_entry":true,"ft_order_tag":"","cost":9.859156307000001},{"amount":0.0041,"safe_price":2404.24,"ft_order_side":"sell","order_filled_timestamp":1750735080000,"ft_is_entry":false,"ft_order_tag":"exit_signal","cost":9.867241383999998}]},{"pair":"BTC/USDT","stake_amount":9.4466403,"max_stake_amount":9.4466403,"amount":9e-05,"open_date":"2025-06-24 02:10:00+00:00","close_date":"2025-06-24 05:15:00+00:00","open_rate":104962.67,"close_rate":105077.52,"fee_open":0.001,"fee_close":0.001,"trade_duration":185,"profit_ratio":-0.0009059899781048547,"profit_abs":-0.00856712,"exit_reason":"exit_signal","initial_stop_loss_abs":82185.78,"initial_stop_loss_ratio":-0.217,"stop_loss_abs":82185.78,"stop_loss_ratio":-0.217,"min_rate":104704.91,"max_rate":105178.43,"is_open":false,"enter_tag":"","leverage":1.0,"is_short":false,"open_timestamp":1750731000000,"close_timestamp":1750742100000,"orders":[{"amount":9e-05,"safe_price":104962.67,"ft_order_side":"buy","order_filled_timestamp":1750731000000,"ft_is_entry":true,"ft_order_tag":"","cost":9.456086940299999},{"amount":9e-05,"safe_price":105077.52,"ft_order_side":"sell","order_filled_timestamp":1750742100000,"ft_is_entry":false,"ft_order_tag":"exit_signal","cost":9.4664337768}]},{"pair":"ETH/USDT","stake_amount":9.881328,"max_stake_amount":9.881328,"amount":0.0041,"open_date":"2025-06-24 07:31:00+00:00","close_date":"2025-06-24 08:31:00+00:00","open_rate":2410.08,"close_rate":2410.79,"fee_open":0.001,"fee_close":0.001,"trade_duration":60,"profit_ratio":-0.0017039948747508702,"profit_abs":-0.01685457,"exit_reason":"exit_signal","initial_stop_loss_abs":1887.1,"initial_stop_loss_ratio":-0.217,"stop_loss_abs":1887.1,"stop_loss_ratio":-0.217,"min_rate":2376.11,"max_rate":2412.43,"is_open":false,"enter_tag":"","leverage":1.0,"is_short":false,"open_timestamp":1750750260000,"close_timestamp":1750753860000,"orders":[{"amount":0.0041,"safe_price":2410.08,"ft_order_side":"buy","order_filled_timestamp":1750750260000,"ft_is_entry":true,"ft_order_tag":"","cost":9.891209327999999},{"amount":0.0041,"safe_price":2410.79,"ft_order_side":"sell","order_filled_timestamp":1750753860000,"ft_is_entry":false,"ft_order_tag":"exit_signal","cost":9.894123239}]},{"pair":"BTC/USDT","stake_amount":9.4755753,"max_stake_amount":9.4755753,"amount":9e-05,"open_date":"2025-06-24 07:33:00+00:00","close_date":"2025-06-24 09:08:00+00:00","open_rate":105284.17,"close_rate":105217.34,"fee_open":0.001,"fee_close":0.001,"trade_duration":95,"profit_ratio":-0.002631492474647433,"profit_abs":-0.02495984,"exit_reason":"exit_signal","initial_stop_loss_abs":82437.51,"initial_stop_loss_ratio":-0.217,"stop_loss_abs":82437.51,"stop_loss_ratio":-0.217,"min_rate":104622.02,"max_rate":105326.92,"is_open":false,"enter_tag":"","leverage":1.0,"is_short":false,"open_timestamp":1750750380000,"close_timestamp":1750756080000,"orders":[{"amount":9e-05,"safe_price":105284.17,"ft_order_side":"buy","order_filled_timestamp":1750750380000,"ft_is_entry":true,"ft_order_tag":"","cost":9.4850508753},{"amount":9e-05,"safe_price":105217.34,"ft_order_side":"sell","order_filled_timestamp":1750756080000,"ft_is_entry":false,"ft_order_tag":"exit_signal","cost":9.479030160599999}]},{"pair":"ETH/USDT","stake_amount":9.85025,"max_stake_amount":9.85025,"amount":0.0041,"open_date":"2025-06-24 11:20:00+00:00","close_date":"2025-06-24 12:20:00+00:00","open_rate":2402.5,"close_rate":2407.73,"fee_open":0.001,"fee_close":0.001,"trade_duration":60,"profit_ratio":0.00017454792105181687,"profit_abs":0.00172106,"exit_reason":"roi","initial_stop_loss_abs":1881.16,"initial_stop_loss_ratio":-0.217,"stop_loss_abs":1881.16,"stop_loss_ratio":-0.217,"min_rate":2397.72,"max_rate":2421.2,"is_open":false,"enter_tag":"","leverage":1.0,"is_short":false,"open_timestamp":1750764000000,"close_timestamp":1750767600000,"orders":[{"amount":0.0041,"safe_price":2402.5,"ft_order_side":"buy","order_filled_timestamp":1750764000000,"ft_is_entry":true,"ft_order_tag":"","cost":9.86010025},{"amount":0.0041,"safe_price":2407.73,"ft_order_side":"sell","order_filled_timestamp":1750767600000,"ft_is_entry":false,"ft_order_tag":"roi","cost":9.881564693}]},{"pair":"BTC/USDT","stake_amount":9.45315,"max_stake_amount":9.45315,"amount":9e-05,"open_date":"2025-06-24 11:22:00+00:00","close_date":"2025-06-24 12:45:00+00:00","open_rate":105035.0,"close_rate":105245.28028028028,"fee_open":0.001,"fee_close":0.001,"trade_duration":83,"profit_ratio":0.0,"profit_abs":0.0,"exit_reason":"roi","initial_stop_loss_abs":82242.41,"initial_stop_loss_ratio":-0.217,"stop_loss_abs":82242.41,"stop_loss_ratio":-0.217,"min_rate":104968.43,"max_rate":105428.03,"is_open":false,"enter_tag":"","leverage":1.0,"is_short":false,"open_timestamp":1750764120000,"close_timestamp":1750769100000,"orders":[{"amount":9e-05,"safe_price":105035.0,"ft_order_side":"buy","order_filled_timestamp":1750764120000,"ft_is_entry":true,"ft_order_tag":"","cost":9.46260315},{"amount":9e-05,"safe_price":105245.28028028028,"ft_order_side":"sell","order_filled_timestamp":1750769100000,"ft_is_entry":false,"ft_order_tag":"roi","cost":9.48154730045045}]},{"pair":"BTC/USDT","stake_amount":9.46989,"max_stake_amount":9.46989,"amount":9e-05,"open_date":"2025-06-24 15:42:00+00:00","close_date":"2025-06-24 16:42:00+00:00","open_rate":105221.0,"close_rate":105581.32,"fee_open":0.001,"fee_close":0.001,"trade_duration":60,"profit_ratio":0.0014195673712310126,"profit_abs":0.01345659,"exit_reason":"roi","initial_stop_loss_abs":82388.05,"initial_stop_loss_ratio":-0.217,"stop_loss_abs":82388.05,"stop_loss_ratio":-0.217,"min_rate":105153.01,"max_rate":105639.71,"is_open":false,"enter_tag":"","leverage":1.0,"is_short":false,"open_timestamp":1750779720000,"close_timestamp":1750783320000,"orders":[{"amount":9e-05,"safe_price":105221.0,"ft_order_side":"buy","order_filled_timestamp":1750779720000,"ft_is_entry":true,"ft_order_tag":"","cost":9.47935989},{"amount":9e-05,"safe_price":105581.32,"ft_order_side":"sell","order_filled_timestamp":1750783320000,"ft_is_entry":false,"ft_order_tag":"roi","cost":9.5118211188}]},{"pair":"BTC/USDT","stake_amount":9.5127957,"max_stake_amount":9.5127957,"amount":9e-05,"open_date":"2025-06-24 18:19:00+00:00","close_date":"2025-06-24 20:29:00+00:00","open_rate":105697.73,"close_rate":105810.76,"fee_open":0.001,"fee_close":0.001,"trade_duration":130,"profit_ratio":-0.0009307679964372402,"profit_abs":-0.00886306,"exit_reason":"exit_signal","initial_stop_loss_abs":82761.33,"initial_stop_loss_ratio":-0.217,"stop_loss_abs":82761.33,"stop_loss_ratio":-0.217,"min_rate":105270.48,"max_rate":105895.59,"is_open":false,"enter_tag":"","leverage":1.0,"is_short":false,"open_timestamp":1750789140000,"close_timestamp":1750796940000,"orders":[{"amount":9e-05,"safe_price":105697.73,"ft_order_side":"buy","order_filled_timestamp":1750789140000,"ft_is_entry":true,"ft_order_tag":"","cost":9.522308495699999},{"amount":9e-05,"safe_price":105810.76,"ft_order_side":"sell","order_filled_timestamp":1750796940000,"ft_is_entry":false,"ft_order_tag":"exit_signal","cost":9.532491368399999}]},{"pair":"ETH/USDT","stake_amount":9.77568,"max_stake_amount":9.77568,"amount":0.004,"open_date":"2025-06-24 17:26:00+00:00","close_date":"2025-06-24 20:46:00+00:00","open_rate":2443.92,"close_rate":2446.76,"fee_open":0.001,"fee_close":0.001,"trade_duration":200,"profit_ratio":-0.0008382563130672725,"profit_abs":-0.00820272,"exit_reason":"exit_signal","initial_stop_loss_abs":1913.59,"initial_stop_loss_ratio":-0.217,"stop_loss_abs":1913.59,"stop_loss_ratio":-0.217,"min_rate":2417.22,"max_rate":2465.71,"is_open":false,"enter_tag":"","leverage":1.0,"is_short":false,"open_timestamp":1750785960000,"close_timestamp":1750797960000,"orders":[{"amount":0.004,"safe_price":2443.92,"ft_order_side":"buy","order_filled_timestamp":1750785960000,"ft_is_entry":true,"ft_order_tag":"","cost":9.78545568},{"amount":0.004,"safe_price":2446.76,"ft_order_side":"sell","order_filled_timestamp":1750797960000,"ft_is_entry":false,"ft_order_tag":"exit_signal","cost":9.79682704}]},{"pair":"ETH/USDT","stake_amount":9.974767,"max_stake_amount":9.974767,"amount":0.0041,"open_date":"2025-06-24 23:06:00+00:00","close_date":"2025-06-24 23:38:00+00:00","open_rate":2432.87,"close_rate":2445.66,"fee_open":0.001,"fee_close":0.001,"trade_duration":32,"profit_ratio":0.003248659880940114,"profit_abs":0.03243703,"exit_reason":"exit_signal","initial_stop_loss_abs":1904.94,"initial_stop_loss_ratio":-0.217,"stop_loss_abs":1904.94,"stop_loss_ratio":-0.217,"min_rate":2430.7,"max_rate":2445.84,"is_open":false,"enter_tag":"","leverage":1.0,"is_short":false,"open_timestamp":1750806360000,"close_timestamp":1750808280000,"orders":[{"amount":0.0041,"safe_price":2432.87,"ft_order_side":"buy","order_filled_timestamp":1750806360000,"ft_is_entry":true,"ft_order_tag":"","cost":9.984741767},{"amount":0.0041,"safe_price":2445.66,"ft_order_side":"sell","order_filled_timestamp":1750808280000,"ft_is_entry":false,"ft_order_tag":"exit_signal","cost":10.037233205999998}]},{"pair":"BTC/USDT","stake_amount":9.5231241,"max_stake_amount":9.5231241,"amount":9e-05,"open_date":"2025-06-25 00:36:00+00:00","close_date":"2025-06-25 00:56:00+00:00","open_rate":105812.49,"close_rate":106470.21,"fee_open":0.001,"fee_close":0.001,"trade_duration":20,"profit_ratio":0.004205480288691259,"profit_abs":0.04008936,"exit_reason":"exit_signal","initial_stop_loss_abs":82851.18,"initial_stop_loss_ratio":-0.217,"stop_loss_abs":82851.18,"stop_loss_ratio":-0.217,"min_rate":105808.03,"max_rate":106470.21,"is_open":false,"enter_tag":"","leverage":1.0,"is_short":false,"open_timestamp":1750811760000,"close_timestamp":1750812960000,"orders":[{"amount":9e-05,"safe_price":105812.49,"ft_order_side":"buy","order_filled_timestamp":1750811760000,"ft_is_entry":true,"ft_order_tag":"","cost":9.5326472241},{"amount":9e-05,"safe_price":106470.21,"ft_order_side":"sell","order_filled_timestamp":1750812960000,"ft_is_entry":false,"ft_order_tag":"exit_signal","cost":9.5919012189}]},{"pair":"ETH/USDT","stake_amount":9.997891,"max_stake_amount":9.997891,"amount":0.0041,"open_date":"2025-06-25 00:36:00+00:00","close_date":"2025-06-25 00:56:00+00:00","open_rate":2438.51,"close_rate":2461.73,"fee_open":0.001,"fee_close":0.001,"trade_duration":20,"profit_ratio":0.007505181244322829,"profit_abs":0.07511102,"exit_reason":"exit_signal","initial_stop_loss_abs":1909.36,"initial_stop_loss_ratio":-0.217,"stop_loss_abs":1909.36,"stop_loss_ratio":-0.217,"min_rate":2436.62,"max_rate":2462.0,"is_open":false,"enter_tag":"","leverage":1.0,"is_short":false,"open_timestamp":1750811760000,"close_timestamp":1750812960000,"orders":[{"amount":0.0041,"safe_price":2438.51,"ft_order_side":"buy","order_filled_timestamp":1750811760000,"ft_is_entry":true,"ft_order_tag":"","cost":10.007888891},{"amount":0.0041,"safe_price":2461.73,"ft_order_side":"sell","order_filled_timestamp":1750812960000,"ft_is_entry":false,"ft_order_tag":"exit_signal","cost":10.103186093}]},{"pair":"BTC/USDT","stake_amount":9.5713596,"max_stake_amount":9.5713596,"amount":9e-05,"open_date":"2025-06-25 03:03:00+00:00","close_date":"2025-06-25 05:06:00+00:00","open_rate":106348.44,"close_rate":106274.48,"fee_open":0.001,"fee_close":0.001,"trade_duration":123,"profit_ratio":-0.0026920619831996813,"profit_abs":-0.02579246,"exit_reason":"exit_signal","initial_stop_loss_abs":83270.83,"initial_stop_loss_ratio":-0.217,"stop_loss_abs":83270.83,"stop_loss_ratio":-0.217,"min_rate":106001.0,"max_rate":106599.9,"is_open":false,"enter_tag":"","leverage":1.0,"is_short":false,"open_timestamp":1750820580000,"close_timestamp":1750827960000,"orders":[{"amount":9e-05,"safe_price":106348.44,"ft_order_side":"buy","order_filled_timestamp":1750820580000,"ft_is_entry":true,"ft_order_tag":"","cost":9.5809309596},{"amount":9e-05,"safe_price":106274.48,"ft_order_side":"sell","order_filled_timestamp":1750827960000,"ft_is_entry":false,"ft_order_tag":"exit_signal","cost":9.574267903199999}]},{"pair":"ETH/USDT","stake_amount":9.79344,"max_stake_amount":9.79344,"amount":0.004,"open_date":"2025-06-25 03:03:00+00:00","close_date":"2025-06-25 06:26:00+00:00","open_rate":2448.36,"close_rate":2439.81,"fee_open":0.001,"fee_close":0.001,"trade_duration":203,"profit_ratio":-0.005483158218050146,"profit_abs":-0.05375268,"exit_reason":"exit_signal","initial_stop_loss_abs":1917.07,"initial_stop_loss_ratio":-0.217,"stop_loss_abs":1917.07,"stop_loss_ratio":-0.217,"min_rate":2424.21,"max_rate":2460.3,"is_open":false,"enter_tag":"","leverage":1.0,"is_short":false,"open_timestamp":1750820580000,"close_timestamp":1750832760000,"orders":[{"amount":0.004,"safe_price":2448.36,"ft_order_side":"buy","order_filled_timestamp":1750820580000,"ft_is_entry":true,"ft_order_tag":"","cost":9.80323344},{"amount":0.004,"safe_price":2439.81,"ft_order_side":"sell","order_filled_timestamp":1750832760000,"ft_is_entry":false,"ft_order_tag":"exit_signal","cost":9.76899924}]},{"pair":"ETH/USDT","stake_amount":9.7564,"max_stake_amount":9.7564,"amount":0.004,"open_date":"2025-06-25 08:06:00+00:00","close_date":"2025-06-25 09:06:00+00:00","open_rate":2439.1,"close_rate":2443.9830830830824,"fee_open":0.001,"fee_close":0.001,"trade_duration":60,"profit_ratio":0.0,"profit_abs":0.0,"exit_reason":"roi","initial_stop_loss_abs":1909.82,"initial_stop_loss_ratio":-0.217,"stop_loss_abs":1909.82,"stop_loss_ratio":-0.217,"min_rate":2424.64,"max_rate":2445.77,"is_open":false,"enter_tag":"","leverage":1.0,"is_short":false,"open_timestamp":1750838760000,"close_timestamp":1750842360000,"orders":[{"amount":0.004,"safe_price":2439.1,"ft_order_side":"buy","order_filled_timestamp":1750838760000,"ft_is_entry":true,"ft_order_tag":"","cost":9.766156399999998},{"amount":0.004,"safe_price":2443.9830830830824,"ft_order_side":"sell","order_filled_timestamp":1750842360000,"ft_is_entry":false,"ft_order_tag":"roi","cost":9.785708264664661}]},{"pair":"BTC/USDT","stake_amount":9.5964129,"max_stake_amount":9.5964129,"amount":9e-05,"open_date":"2025-06-25 09:38:00+00:00","close_date":"2025-06-25 10:21:00+00:00","open_rate":106626.81,"close_rate":106932.23,"fee_open":0.001,"fee_close":0.001,"trade_duration":43,"profit_ratio":0.0008606581287504594,"profit_abs":0.00826749,"exit_reason":"exit_signal","initial_stop_loss_abs":83488.8,"initial_stop_loss_ratio":-0.217,"stop_loss_abs":83488.8,"stop_loss_ratio":-0.217,"min_rate":106449.61,"max_rate":107000.0,"is_open":false,"enter_tag":"","leverage":1.0,"is_short":false,"open_timestamp":1750844280000,"close_timestamp":1750846860000,"orders":[{"amount":9e-05,"safe_price":106626.81,"ft_order_side":"buy","order_filled_timestamp":1750844280000,"ft_is_entry":true,"ft_order_tag":"","cost":9.6060093129},{"amount":9e-05,"safe_price":106932.23,"ft_order_side":"sell","order_filled_timestamp":1750846860000,"ft_is_entry":false,"ft_order_tag":"exit_signal","cost":9.6335246007}]},{"pair":"ETH/USDT","stake_amount":9.936719,"max_stake_amount":9.936719,"amount":0.0041,"open_date":"2025-06-25 09:38:00+00:00","close_date":"2025-06-25 10:29:00+00:00","open_rate":2423.59,"close_rate":2431.76,"fee_open":0.001,"fee_close":0.001,"trade_duration":51,"profit_ratio":0.001366294399236158,"profit_abs":0.01359006,"exit_reason":"exit_signal","initial_stop_loss_abs":1897.68,"initial_stop_loss_ratio":-0.217,"stop_loss_abs":1897.68,"stop_loss_ratio":-0.217,"min_rate":2407.63,"max_rate":2432.46,"is_open":false,"enter_tag":"","leverage":1.0,"is_short":false,"open_timestamp":1750844280000,"close_timestamp":1750847340000,"orders":[{"amount":0.0041,"safe_price":2423.59,"ft_order_side":"buy","order_filled_timestamp":1750844280000,"ft_is_entry":true,"ft_order_tag":"","cost":9.946655719},{"amount":0.0041,"safe_price":2431.76,"ft_order_side":"sell","order_filled_timestamp":1750847340000,"ft_is_entry":false,"ft_order_tag":"exit_signal","cost":9.980186216000002}]},{"pair":"ETH/USDT","stake_amount":9.910315,"max_stake_amount":9.910315,"amount":0.0041,"open_date":"2025-06-25 14:16:00+00:00","close_date":"2025-06-25 14:47:00+00:00","open_rate":2417.15,"close_rate":2442.2,"fee_open":0.001,"fee_close":0.001,"trade_duration":31,"profit_ratio":0.008344736875565613,"profit_abs":0.08278167,"exit_reason":"exit_signal","initial_stop_loss_abs":1892.63,"initial_stop_loss_ratio":-0.217,"stop_loss_abs":1892.63,"stop_loss_ratio":-0.217,"min_rate":2389.69,"max_rate":2443.8,"is_open":false,"enter_tag":"","leverage":1.0,"is_short":false,"open_timestamp":1750860960000,"close_timestamp":1750862820000,"orders":[{"amount":0.0041,"safe_price":2417.15,"ft_order_side":"buy","order_filled_timestamp":1750860960000,"ft_is_entry":true,"ft_order_tag":"","cost":9.920225315},{"amount":0.0041,"safe_price":2442.2,"ft_order_side":"sell","order_filled_timestamp":1750862820000,"ft_is_entry":false,"ft_order_tag":"exit_signal","cost":10.02303302}]},{"pair":"BTC/USDT","stake_amount":9.6730191,"max_stake_amount":9.6730191,"amount":9e-05,"open_date":"2025-06-25 14:20:00+00:00","close_date":"2025-06-25 17:16:00+00:00","open_rate":107477.99,"close_rate":107446.42,"fee_open":0.001,"fee_close":0.001,"trade_duration":176,"profit_ratio":-0.0022911499949728894,"profit_abs":-0.0221845,"exit_reason":"exit_signal","initial_stop_loss_abs":84155.27,"initial_stop_loss_ratio":-0.217,"stop_loss_abs":84155.27,"stop_loss_ratio":-0.217,"min_rate":106752.36,"max_rate":107883.17,"is_open":false,"enter_tag":"","leverage":1.0,"is_short":false,"open_timestamp":1750861200000,"close_timestamp":1750871760000,"orders":[{"amount":9e-05,"safe_price":107477.99,"ft_order_side":"buy","order_filled_timestamp":1750861200000,"ft_is_entry":true,"ft_order_tag":"","cost":9.6826921191},{"amount":9e-05,"safe_price":107446.42,"ft_order_side":"sell","order_filled_timestamp":1750871760000,"ft_is_entry":false,"ft_order_tag":"exit_signal","cost":9.6798479778}]},{"pair":"BTC/USDT","stake_amount":9.6294627,"max_stake_amount":9.6294627,"amount":9e-05,"open_date":"2025-06-25 17:41:00+00:00","close_date":"2025-06-25 18:41:00+00:00","open_rate":106994.03,"close_rate":107353.2,"fee_open":0.001,"fee_close":0.001,"trade_duration":60,"profit_ratio":0.0013522072182728295,"profit_abs":0.01303405,"exit_reason":"roi","initial_stop_loss_abs":83776.33,"initial_stop_loss_ratio":-0.217,"stop_loss_abs":83776.33,"stop_loss_ratio":-0.217,"min_rate":106931.0,"max_rate":107510.82,"is_open":false,"enter_tag":"","leverage":1.0,"is_short":false,"open_timestamp":1750873260000,"close_timestamp":1750876860000,"orders":[{"amount":9e-05,"safe_price":106994.03,"ft_order_side":"buy","order_filled_timestamp":1750873260000,"ft_is_entry":true,"ft_order_tag":"","cost":9.6390921627},{"amount":9e-05,"safe_price":107353.2,"ft_order_side":"sell","order_filled_timestamp":1750876860000,"ft_is_entry":false,"ft_order_tag":"roi","cost":9.671449787999999}]},{"pair":"BTC/USDT","stake_amount":9.6412059,"max_stake_amount":9.6412059,"amount":9e-05,"open_date":"2025-06-25 23:04:00+00:00","close_date":"2025-06-25 23:59:00+00:00","open_rate":107124.51,"close_rate":107352.61,"fee_open":0.001,"fee_close":0.001,"trade_duration":55,"profit_ratio":0.00012704169764024691,"profit_abs":0.00122606,"exit_reason":"exit_signal","initial_stop_loss_abs":83878.5,"initial_stop_loss_ratio":-0.217,"stop_loss_abs":83878.5,"stop_loss_ratio":-0.217,"min_rate":107079.9,"max_rate":107375.01,"is_open":false,"enter_tag":"","leverage":1.0,"is_short":false,"open_timestamp":1750892640000,"close_timestamp":1750895940000,"orders":[{"amount":9e-05,"safe_price":107124.51,"ft_order_side":"buy","order_filled_timestamp":1750892640000,"ft_is_entry":true,"ft_order_tag":"","cost":9.6508471059},{"amount":9e-05,"safe_price":107352.61,"ft_order_side":"sell","order_filled_timestamp":1750895940000,"ft_is_entry":false,"ft_order_tag":"exit_signal","cost":9.671396634899999}]},{"pair":"ETH/USDT","stake_amount":9.935079,"max_stake_amount":9.935079,"amount":0.0041,"open_date":"2025-06-25 22:02:00+00:00","close_date":"2025-06-26 00:16:00+00:00","open_rate":2423.19,"close_rate":2426.39,"fee_open":0.001,"fee_close":0.001,"trade_duration":134,"profit_ratio":-0.0006800674133062733,"profit_abs":-0.00676328,"exit_reason":"exit_signal","initial_stop_loss_abs":1897.36,"initial_stop_loss_ratio":-0.217,"stop_loss_abs":1897.36,"stop_loss_ratio":-0.217,"min_rate":2408.02,"max_rate":2428.0,"is_open":false,"enter_tag":"","leverage":1.0,"is_short":false,"open_timestamp":1750888920000,"close_timestamp":1750896960000,"orders":[{"amount":0.0041,"safe_price":2423.19,"ft_order_side":"buy","order_filled_timestamp":1750888920000,"ft_is_entry":true,"ft_order_tag":"","cost":9.945014079},{"amount":0.0041,"safe_price":2426.39,"ft_order_side":"sell","order_filled_timestamp":1750896960000,"ft_is_entry":false,"ft_order_tag":"exit_signal","cost":9.958147198999999}]},{"pair":"BTC/USDT","stake_amount":9.6397317,"max_stake_amount":9.6397317,"amount":9e-05,"open_date":"2025-06-26 01:20:00+00:00","close_date":"2025-06-26 01:30:00+00:00","open_rate":107108.13,"close_rate":107439.31,"fee_open":0.001,"fee_close":0.001,"trade_duration":10,"profit_ratio":0.0010878356247657345,"profit_abs":0.01049693,"exit_reason":"exit_signal","initial_stop_loss_abs":83865.67,"initial_stop_loss_ratio":-0.217,"stop_loss_abs":83865.67,"stop_loss_ratio":-0.217,"min_rate":107108.13,"max_rate":107500.0,"is_open":false,"enter_tag":"","leverage":1.0,"is_short":false,"open_timestamp":1750900800000,"close_timestamp":1750901400000,"orders":[{"amount":9e-05,"safe_price":107108.13,"ft_order_side":"buy","order_filled_timestamp":1750900800000,"ft_is_entry":true,"ft_order_tag":"","cost":9.649371431699999},{"amount":9e-05,"safe_price":107439.31,"ft_order_side":"sell","order_filled_timestamp":1750901400000,"ft_is_entry":false,"ft_order_tag":"exit_signal","cost":9.679207437899999}]},{"pair":"BTC/USDT","stake_amount":9.6809913,"max_stake_amount":9.6809913,"amount":9e-05,"open_date":"2025-06-26 02:48:00+00:00","close_date":"2025-06-26 03:04:00+00:00","open_rate":107566.57,"close_rate":108087.89,"fee_open":0.001,"fee_close":0.001,"trade_duration":16,"profit_ratio":0.002838802012188316,"profit_abs":0.0275099,"exit_reason":"exit_signal","initial_stop_loss_abs":84224.63,"initial_stop_loss_ratio":-0.217,"stop_loss_abs":84224.63,"stop_loss_ratio":-0.217,"min_rate":107566.56,"max_rate":108252.23,"is_open":false,"enter_tag":"","leverage":1.0,"is_short":false,"open_timestamp":1750906080000,"close_timestamp":1750907040000,"orders":[{"amount":9e-05,"safe_price":107566.57,"ft_order_side":"buy","order_filled_timestamp":1750906080000,"ft_is_entry":true,"ft_order_tag":"","cost":9.6906722913},{"amount":9e-05,"safe_price":108087.89,"ft_order_side":"sell","order_filled_timestamp":1750907040000,"ft_is_entry":false,"ft_order_tag":"exit_signal","cost":9.7376380101}]},{"pair":"ETH/USDT","stake_amount":9.90764,"max_stake_amount":9.90764,"amount":0.004,"open_date":"2025-06-26 04:19:00+00:00","close_date":"2025-06-26 06:09:00+00:00","open_rate":2476.91,"close_rate":2481.8687787787785,"fee_open":0.001,"fee_close":0.001,"trade_duration":110,"profit_ratio":0.0,"profit_abs":0.0,"exit_reason":"roi","initial_stop_loss_abs":1939.43,"initial_stop_loss_ratio":-0.217,"stop_loss_abs":1939.43,"stop_loss_ratio":-0.217,"min_rate":2467.14,"max_rate":2486.27,"is_open":false,"enter_tag":"","leverage":1.0,"is_short":false,"open_timestamp":1750911540000,"close_timestamp":1750918140000,"orders":[{"amount":0.004,"safe_price":2476.91,"ft_order_side":"buy","order_filled_timestamp":1750911540000,"ft_is_entry":true,"ft_order_tag":"","cost":9.917547639999999},{"amount":0.004,"safe_price":2481.8687787787785,"ft_order_side":"sell","order_filled_timestamp":1750918140000,"ft_is_entry":false,"ft_order_tag":"roi","cost":9.93740259023023}]},{"pair":"BTC/USDT","stake_amount":9.6811209,"max_stake_amount":9.6811209,"amount":9e-05,"open_date":"2025-06-26 05:39:00+00:00","close_date":"2025-06-26 06:46:00+00:00","open_rate":107568.01,"close_rate":107783.36137137136,"fee_open":0.001,"fee_close":0.001,"trade_duration":67,"profit_ratio":0.0,"profit_abs":0.0,"exit_reason":"roi","initial_stop_loss_abs":84225.76,"initial_stop_loss_ratio":-0.217,"stop_loss_abs":84225.76,"stop_loss_ratio":-0.217,"min_rate":107520.0,"max_rate":107813.57,"is_open":false,"enter_tag":"","leverage":1.0,"is_short":false,"open_timestamp":1750916340000,"close_timestamp":1750920360000,"orders":[{"amount":9e-05,"safe_price":107568.01,"ft_order_side":"buy","order_filled_timestamp":1750916340000,"ft_is_entry":true,"ft_order_tag":"","cost":9.690802020899998},{"amount":9e-05,"safe_price":107783.36137137136,"ft_order_side":"sell","order_filled_timestamp":1750920360000,"ft_is_entry":false,"ft_order_tag":"roi","cost":9.710203025946845}]},{"pair":"BTC/USDT","stake_amount":9.6671889,"max_stake_amount":9.6671889,"amount":9e-05,"open_date":"2025-06-26 09:09:00+00:00","close_date":"2025-06-26 14:32:00+00:00","open_rate":107413.21,"close_rate":107412.89,"fee_open":0.001,"fee_close":0.001,"trade_duration":323,"profit_ratio":-0.0020009752983937445,"profit_abs":-0.01936315,"exit_reason":"exit_signal","initial_stop_loss_abs":84104.55,"initial_stop_loss_ratio":-0.217,"stop_loss_abs":84104.55,"stop_loss_ratio":-0.217,"min_rate":106817.64,"max_rate":107600.0,"is_open":false,"enter_tag":"","leverage":1.0,"is_short":false,"open_timestamp":1750928940000,"close_timestamp":1750948320000,"orders":[{"amount":9e-05,"safe_price":107413.21,"ft_order_side":"buy","order_filled_timestamp":1750928940000,"ft_is_entry":true,"ft_order_tag":"","cost":9.6768560889},{"amount":9e-05,"safe_price":107412.89,"ft_order_side":"sell","order_filled_timestamp":1750948320000,"ft_is_entry":false,"ft_order_tag":"exit_signal","cost":9.6768272601}]},{"pair":"ETH/USDT","stake_amount":9.90732,"max_stake_amount":9.90732,"amount":0.004,"open_date":"2025-06-26 09:09:00+00:00","close_date":"2025-06-26 14:33:00+00:00","open_rate":2476.83,"close_rate":2446.61,"fee_open":0.001,"fee_close":0.001,"trade_duration":324,"profit_ratio":-0.014174703822358282,"profit_abs":-0.14057376,"exit_reason":"exit_signal","initial_stop_loss_abs":1939.36,"initial_stop_loss_ratio":-0.217,"stop_loss_abs":1939.36,"stop_loss_ratio":-0.217,"min_rate":2420.0,"max_rate":2479.75,"is_open":false,"enter_tag":"","leverage":1.0,"is_short":false,"open_timestamp":1750928940000,"close_timestamp":1750948380000,"orders":[{"amount":0.004,"safe_price":2476.83,"ft_order_side":"buy","order_filled_timestamp":1750928940000,"ft_is_entry":true,"ft_order_tag":"","cost":9.917227319999999},{"amount":0.004,"safe_price":2446.61,"ft_order_side":"sell","order_filled_timestamp":1750948380000,"ft_is_entry":false,"ft_order_tag":"exit_signal","cost":9.79622644}]},{"pair":"BTC/USDT","stake_amount":9.6447609,"max_stake_amount":9.6447609,"amount":9e-05,"open_date":"2025-06-26 15:28:00+00:00","close_date":"2025-06-26 17:04:00+00:00","open_rate":107164.01,"close_rate":107378.55256256255,"fee_open":0.001,"fee_close":0.001,"trade_duration":96,"profit_ratio":0.0,"profit_abs":0.0,"exit_reason":"roi","initial_stop_loss_abs":83909.42,"initial_stop_loss_ratio":-0.217,"stop_loss_abs":83909.42,"stop_loss_ratio":-0.217,"min_rate":106562.5,"max_rate":107410.94,"is_open":false,"enter_tag":"","leverage":1.0,"is_short":false,"open_timestamp":1750951680000,"close_timestamp":1750957440000,"orders":[{"amount":9e-05,"safe_price":107164.01,"ft_order_side":"buy","order_filled_timestamp":1750951680000,"ft_is_entry":true,"ft_order_tag":"","cost":9.654405660899998},{"amount":9e-05,"safe_price":107378.55256256255,"ft_order_side":"sell","order_filled_timestamp":1750957440000,"ft_is_entry":false,"ft_order_tag":"roi","cost":9.673733800361259}]},{"pair":"ETH/USDT","stake_amount":9.966198,"max_stake_amount":9.966198,"amount":0.0041,"open_date":"2025-06-26 15:29:00+00:00","close_date":"2025-06-26 17:05:00+00:00","open_rate":2430.78,"close_rate":2435.6464264264264,"fee_open":0.001,"fee_close":0.001,"trade_duration":96,"profit_ratio":0.0,"profit_abs":0.0,"exit_reason":"roi","initial_stop_loss_abs":1903.31,"initial_stop_loss_ratio":-0.217,"stop_loss_abs":1903.31,"stop_loss_ratio":-0.217,"min_rate":2409.51,"max_rate":2437.2,"is_open":false,"enter_tag":"","leverage":1.0,"is_short":false,"open_timestamp":1750951740000,"close_timestamp":1750957500000,"orders":[{"amount":0.0041,"safe_price":2430.78,"ft_order_side":"buy","order_filled_timestamp":1750951740000,"ft_is_entry":true,"ft_order_tag":"","cost":9.976164198000001},{"amount":0.0041,"safe_price":2435.6464264264264,"ft_order_side":"sell","order_filled_timestamp":1750957500000,"ft_is_entry":false,"ft_order_tag":"roi","cost":9.996136498696696}]},{"pair":"BTC/USDT","stake_amount":9.6769179,"max_stake_amount":9.6769179,"amount":9e-05,"open_date":"2025-06-26 21:10:00+00:00","close_date":"2025-06-27 00:09:00+00:00","open_rate":107521.31,"close_rate":107084.99,"fee_open":0.001,"fee_close":0.001,"trade_duration":179,"profit_ratio":-0.006047880715702379,"profit_abs":-0.05858337,"exit_reason":"exit_signal","initial_stop_loss_abs":84189.19,"initial_stop_loss_ratio":-0.217,"stop_loss_abs":84189.19,"stop_loss_ratio":-0.217,"min_rate":106850.0,"max_rate":107521.32,"is_open":false,"enter_tag":"","leverage":1.0,"is_short":false,"open_timestamp":1750972200000,"close_timestamp":1750982940000,"orders":[{"amount":9e-05,"safe_price":107521.31,"ft_order_side":"buy","order_filled_timestamp":1750972200000,"ft_is_entry":true,"ft_order_tag":"","cost":9.6865948179},{"amount":9e-05,"safe_price":107084.99,"ft_order_side":"sell","order_filled_timestamp":1750982940000,"ft_is_entry":false,"ft_order_tag":"exit_signal","cost":9.6472867491}]},{"pair":"ETH/USDT","stake_amount":9.96546,"max_stake_amount":9.96546,"amount":0.0041,"open_date":"2025-06-26 21:11:00+00:00","close_date":"2025-06-27 01:26:00+00:00","open_rate":2430.6,"close_rate":2426.53,"fee_open":0.001,"fee_close":0.001,"trade_duration":255,"profit_ratio":-0.0036691397421358706,"profit_abs":-0.03660123,"exit_reason":"exit_signal","initial_stop_loss_abs":1903.16,"initial_stop_loss_ratio":-0.217,"stop_loss_abs":1903.16,"stop_loss_ratio":-0.217,"min_rate":2382.53,"max_rate":2430.98,"is_open":false,"enter_tag":"","leverage":1.0,"is_short":false,"open_timestamp":1750972260000,"close_timestamp":1750987560000,"orders":[{"amount":0.0041,"safe_price":2430.6,"ft_order_side":"buy","order_filled_timestamp":1750972260000,"ft_is_entry":true,"ft_order_tag":"","cost":9.975425459999999},{"amount":0.0041,"safe_price":2426.53,"ft_order_side":"sell","order_filled_timestamp":1750987560000,"ft_is_entry":false,"ft_order_tag":"exit_signal","cost":9.958721773}]},{"pair":"BTC/USDT","stake_amount":9.6238134,"max_stake_amount":9.6238134,"amount":9e-05,"open_date":"2025-06-27 00:44:00+00:00","close_date":"2025-06-27 01:49:00+00:00","open_rate":106931.26,"close_rate":107145.33659659658,"fee_open":0.001,"fee_close":0.001,"trade_duration":65,"profit_ratio":0.0,"profit_abs":0.0,"exit_reason":"roi","initial_stop_loss_abs":83727.18,"initial_stop_loss_ratio":-0.217,"stop_loss_abs":83727.18,"stop_loss_ratio":-0.217,"min_rate":106438.33,"max_rate":107173.26,"is_open":false,"enter_tag":"","leverage":1.0,"is_short":false,"open_timestamp":1750985040000,"close_timestamp":1750988940000,"orders":[{"amount":9e-05,"safe_price":106931.26,"ft_order_side":"buy","order_filled_timestamp":1750985040000,"ft_is_entry":true,"ft_order_tag":"","cost":9.633437213399999},{"amount":9e-05,"safe_price":107145.33659659658,"ft_order_side":"sell","order_filled_timestamp":1750988940000,"ft_is_entry":false,"ft_order_tag":"roi","cost":9.652723373987385}]},{"pair":"BTC/USDT","stake_amount":9.6624585,"max_stake_amount":9.6624585,"amount":9e-05,"open_date":"2025-06-27 04:20:00+00:00","close_date":"2025-06-27 04:50:00+00:00","open_rate":107360.65,"close_rate":107554.11,"fee_open":0.001,"fee_close":0.001,"trade_duration":30,"profit_ratio":-0.00019963873573180147,"profit_abs":-0.00193093,"exit_reason":"exit_signal","initial_stop_loss_abs":84063.39,"initial_stop_loss_ratio":-0.217,"stop_loss_abs":84063.39,"stop_loss_ratio":-0.217,"min_rate":107360.65,"max_rate":107565.37,"is_open":false,"enter_tag":"","leverage":1.0,"is_short":false,"open_timestamp":1750998000000,"close_timestamp":1750999800000,"orders":[{"amount":9e-05,"safe_price":107360.65,"ft_order_side":"buy","order_filled_timestamp":1750998000000,"ft_is_entry":true,"ft_order_tag":"","cost":9.672120958499999},{"amount":9e-05,"safe_price":107554.11,"ft_order_side":"sell","order_filled_timestamp":1750999800000,"ft_is_entry":false,"ft_order_tag":"exit_signal","cost":9.6895497699}]},{"pair":"ETH/USDT","stake_amount":9.76,"max_stake_amount":9.76,"amount":0.004,"open_date":"2025-06-27 04:20:00+00:00","close_date":"2025-06-27 06:17:00+00:00","open_rate":2440.0,"close_rate":2444.8848848848843,"fee_open":0.001,"fee_close":0.001,"trade_duration":117,"profit_ratio":0.0,"profit_abs":0.0,"exit_reason":"roi","initial_stop_loss_abs":1910.52,"initial_stop_loss_ratio":-0.217,"stop_loss_abs":1910.52,"stop_loss_ratio":-0.217,"min_rate":2434.63,"max_rate":2453.12,"is_open":false,"enter_tag":"","leverage":1.0,"is_short":false,"open_timestamp":1750998000000,"close_timestamp":1751005020000,"orders":[{"amount":0.004,"safe_price":2440.0,"ft_order_side":"buy","order_filled_timestamp":1750998000000,"ft_is_entry":true,"ft_order_tag":"","cost":9.769759999999998},{"amount":0.004,"safe_price":2444.8848848848843,"ft_order_side":"sell","order_filled_timestamp":1751005020000,"ft_is_entry":false,"ft_order_tag":"roi","cost":9.789319079079077}]},{"pair":"BTC/USDT","stake_amount":9.6680421,"max_stake_amount":9.6680421,"amount":9e-05,"open_date":"2025-06-27 05:21:00+00:00","close_date":"2025-06-27 07:14:00+00:00","open_rate":107422.69,"close_rate":107479.99,"fee_open":0.001,"fee_close":0.001,"trade_duration":113,"profit_ratio":-0.0014656607598005733,"profit_abs":-0.01418424,"exit_reason":"exit_signal","initial_stop_loss_abs":84111.97,"initial_stop_loss_ratio":-0.217,"stop_loss_abs":84111.97,"stop_loss_ratio":-0.217,"min_rate":107202.67,"max_rate":107492.0,"is_open":false,"enter_tag":"","leverage":1.0,"is_short":false,"open_timestamp":1751001660000,"close_timestamp":1751008440000,"orders":[{"amount":9e-05,"safe_price":107422.69,"ft_order_side":"buy","order_filled_timestamp":1751001660000,"ft_is_entry":true,"ft_order_tag":"","cost":9.6777101421},{"amount":9e-05,"safe_price":107479.99,"ft_order_side":"sell","order_filled_timestamp":1751008440000,"ft_is_entry":false,"ft_order_tag":"exit_signal","cost":9.6828722991}]},{"pair":"BTC/USDT","stake_amount":9.6043968,"max_stake_amount":9.6043968,"amount":9e-05,"open_date":"2025-06-27 08:30:00+00:00","close_date":"2025-06-27 08:47:00+00:00","open_rate":106715.52,"close_rate":107000.01,"fee_open":0.001,"fee_close":0.001,"trade_duration":17,"profit_ratio":0.000662544123888828,"profit_abs":0.0063697,"exit_reason":"exit_signal","initial_stop_loss_abs":83558.26,"initial_stop_loss_ratio":-0.217,"stop_loss_abs":83558.26,"stop_loss_ratio":-0.217,"min_rate":106679.98,"max_rate":107087.85,"is_open":false,"enter_tag":"","leverage":1.0,"is_short":false,"open_timestamp":1751013000000,"close_timestamp":1751014020000,"orders":[{"amount":9e-05,"safe_price":106715.52,"ft_order_side":"buy","order_filled_timestamp":1751013000000,"ft_is_entry":true,"ft_order_tag":"","cost":9.6140011968},{"amount":9e-05,"safe_price":107000.01,"ft_order_side":"sell","order_filled_timestamp":1751014020000,"ft_is_entry":false,"ft_order_tag":"exit_signal","cost":9.6396309009}]},{"pair":"BTC/USDT","stake_amount":9.6111954,"max_stake_amount":9.6111954,"amount":9e-05,"open_date":"2025-06-27 12:32:00+00:00","close_date":"2025-06-27 14:04:00+00:00","open_rate":106791.06,"close_rate":107004.8559159159,"fee_open":0.001,"fee_close":0.001,"trade_duration":92,"profit_ratio":0.0,"profit_abs":0.0,"exit_reason":"roi","initial_stop_loss_abs":83617.4,"initial_stop_loss_ratio":-0.217,"stop_loss_abs":83617.4,"stop_loss_ratio":-0.217,"min_rate":106356.76,"max_rate":107105.43,"is_open":false,"enter_tag":"","leverage":1.0,"is_short":false,"open_timestamp":1751027520000,"close_timestamp":1751033040000,"orders":[{"amount":9e-05,"safe_price":106791.06,"ft_order_side":"buy","order_filled_timestamp":1751027520000,"ft_is_entry":true,"ft_order_tag":"","cost":9.6208065954},{"amount":9e-05,"safe_price":107004.8559159159,"ft_order_side":"sell","order_filled_timestamp":1751033040000,"ft_is_entry":false,"ft_order_tag":"roi","cost":9.640067469464864}]},{"pair":"ETH/USDT","stake_amount":9.77092,"max_stake_amount":9.77092,"amount":0.004,"open_date":"2025-06-27 12:31:00+00:00","close_date":"2025-06-27 15:40:00+00:00","open_rate":2442.73,"close_rate":2435.48,"fee_open":0.001,"fee_close":0.001,"trade_duration":189,"profit_ratio":-0.004960062678271404,"profit_abs":-0.04851284,"exit_reason":"exit_signal","initial_stop_loss_abs":1912.66,"initial_stop_loss_ratio":-0.217,"stop_loss_abs":1912.66,"stop_loss_ratio":-0.217,"min_rate":2414.15,"max_rate":2446.77,"is_open":false,"enter_tag":"","leverage":1.0,"is_short":false,"open_timestamp":1751027460000,"close_timestamp":1751038800000,"orders":[{"amount":0.004,"safe_price":2442.73,"ft_order_side":"buy","order_filled_timestamp":1751027460000,"ft_is_entry":true,"ft_order_tag":"","cost":9.78069092},{"amount":0.004,"safe_price":2435.48,"ft_order_side":"sell","order_filled_timestamp":1751038800000,"ft_is_entry":false,"ft_order_tag":"exit_signal","cost":9.75166192}]},{"pair":"ETH/USDT","stake_amount":9.956235,"max_stake_amount":9.956235,"amount":0.0041,"open_date":"2025-06-27 17:04:00+00:00","close_date":"2025-06-27 19:07:00+00:00","open_rate":2428.35,"close_rate":2408.07,"fee_open":0.001,"fee_close":0.001,"trade_duration":123,"profit_ratio":-0.010332665465855873,"profit_abs":-0.10297732,"exit_reason":"exit_signal","initial_stop_loss_abs":1901.4,"initial_stop_loss_ratio":-0.217,"stop_loss_abs":1901.4,"stop_loss_ratio":-0.217,"min_rate":2388.29,"max_rate":2428.35,"is_open":false,"enter_tag":"","leverage":1.0,"is_short":false,"open_timestamp":1751043840000,"close_timestamp":1751051220000,"orders":[{"amount":0.0041,"safe_price":2428.35,"ft_order_side":"buy","order_filled_timestamp":1751043840000,"ft_is_entry":true,"ft_order_tag":"","cost":9.966191235},{"amount":0.0041,"safe_price":2408.07,"ft_order_side":"sell","order_filled_timestamp":1751051220000,"ft_is_entry":false,"ft_order_tag":"exit_signal","cost":9.882960087}]},{"pair":"BTC/USDT","stake_amount":9.6488244,"max_stake_amount":9.6488244,"amount":9e-05,"open_date":"2025-06-27 17:06:00+00:00","close_date":"2025-06-27 19:51:00+00:00","open_rate":107209.16,"close_rate":106926.98,"fee_open":0.001,"fee_close":0.001,"trade_duration":165,"profit_ratio":-0.004624794101738049,"profit_abs":-0.04466845,"exit_reason":"exit_signal","initial_stop_loss_abs":83944.78,"initial_stop_loss_ratio":-0.217,"stop_loss_abs":83944.78,"stop_loss_ratio":-0.217,"min_rate":106446.45,"max_rate":107294.63,"is_open":false,"enter_tag":"","leverage":1.0,"is_short":false,"open_timestamp":1751043960000,"close_timestamp":1751053860000,"orders":[{"amount":9e-05,"safe_price":107209.16,"ft_order_side":"buy","order_filled_timestamp":1751043960000,"ft_is_entry":true,"ft_order_tag":"","cost":9.6584732244},{"amount":9e-05,"safe_price":106926.98,"ft_order_side":"sell","order_filled_timestamp":1751053860000,"ft_is_entry":false,"ft_order_tag":"exit_signal","cost":9.6330516282}]},{"pair":"BTC/USDT","stake_amount":9.6403005,"max_stake_amount":9.6403005,"amount":9e-05,"open_date":"2025-06-27 22:32:00+00:00","close_date":"2025-06-28 00:47:00+00:00","open_rate":107114.45,"close_rate":107150.0,"fee_open":0.001,"fee_close":0.001,"trade_duration":135,"profit_ratio":-0.0016667770644941792,"profit_abs":-0.0160843,"exit_reason":"exit_signal","initial_stop_loss_abs":83870.62,"initial_stop_loss_ratio":-0.217,"stop_loss_abs":83870.62,"stop_loss_ratio":-0.217,"min_rate":106847.59,"max_rate":107176.68,"is_open":false,"enter_tag":"","leverage":1.0,"is_short":false,"open_timestamp":1751063520000,"close_timestamp":1751071620000,"orders":[{"amount":9e-05,"safe_price":107114.45,"ft_order_side":"buy","order_filled_timestamp":1751063520000,"ft_is_entry":true,"ft_order_tag":"","cost":9.6499408005},{"amount":9e-05,"safe_price":107150.0,"ft_order_side":"sell","order_filled_timestamp":1751071620000,"ft_is_entry":false,"ft_order_tag":"exit_signal","cost":9.6531435}]},{"pair":"BTC/USDT","stake_amount":9.6197211,"max_stake_amount":9.6197211,"amount":9e-05,"open_date":"2025-06-28 01:17:00+00:00","close_date":"2025-06-28 01:46:00+00:00","open_rate":106885.79,"close_rate":107027.16,"fee_open":0.001,"fee_close":0.001,"trade_duration":29,"profit_ratio":-0.0006780183733546758,"profit_abs":-0.00652887,"exit_reason":"exit_signal","initial_stop_loss_abs":83691.58,"initial_stop_loss_ratio":-0.217,"stop_loss_abs":83691.58,"stop_loss_ratio":-0.217,"min_rate":106811.51,"max_rate":107028.6,"is_open":false,"enter_tag":"","leverage":1.0,"is_short":false,"open_timestamp":1751073420000,"close_timestamp":1751075160000,"orders":[{"amount":9e-05,"safe_price":106885.79,"ft_order_side":"buy","order_filled_timestamp":1751073420000,"ft_is_entry":true,"ft_order_tag":"","cost":9.629340821099998},{"amount":9e-05,"safe_price":107027.16,"ft_order_side":"sell","order_filled_timestamp":1751075160000,"ft_is_entry":false,"ft_order_tag":"exit_signal","cost":9.6420768444}]},{"pair":"ETH/USDT","stake_amount":9.895227,"max_stake_amount":9.895227,"amount":0.0041,"open_date":"2025-06-28 01:15:00+00:00","close_date":"2025-06-28 02:20:00+00:00","open_rate":2413.47,"close_rate":2418.3017717717717,"fee_open":0.001,"fee_close":0.001,"trade_duration":65,"profit_ratio":0.0,"profit_abs":0.0,"exit_reason":"roi","initial_stop_loss_abs":1889.75,"initial_stop_loss_ratio":-0.217,"stop_loss_abs":1889.75,"stop_loss_ratio":-0.217,"min_rate":2405.81,"max_rate":2420.0,"is_open":false,"enter_tag":"","leverage":1.0,"is_short":false,"open_timestamp":1751073300000,"close_timestamp":1751077200000,"orders":[{"amount":0.0041,"safe_price":2413.47,"ft_order_side":"buy","order_filled_timestamp":1751073300000,"ft_is_entry":true,"ft_order_tag":"","cost":9.905122227},{"amount":0.0041,"safe_price":2418.3017717717717,"ft_order_side":"sell","order_filled_timestamp":1751077200000,"ft_is_entry":false,"ft_order_tag":"roi","cost":9.92495230152853}]},{"pair":"BTC/USDT","stake_amount":9.6378651,"max_stake_amount":9.6378651,"amount":9e-05,"open_date":"2025-06-28 03:10:00+00:00","close_date":"2025-06-28 03:20:00+00:00","open_rate":107087.39,"close_rate":107168.69,"fee_open":0.001,"fee_close":0.001,"trade_duration":10,"profit_ratio":-0.001240326128251775,"profit_abs":-0.01196605,"exit_reason":"exit_signal","initial_stop_loss_abs":83849.43,"initial_stop_loss_ratio":-0.217,"stop_loss_abs":83849.43,"stop_loss_ratio":-0.217,"min_rate":107080.27,"max_rate":107175.0,"is_open":false,"enter_tag":"","leverage":1.0,"is_short":false,"open_timestamp":1751080200000,"close_timestamp":1751080800000,"orders":[{"amount":9e-05,"safe_price":107087.39,"ft_order_side":"buy","order_filled_timestamp":1751080200000,"ft_is_entry":true,"ft_order_tag":"","cost":9.6475029651},{"amount":9e-05,"safe_price":107168.69,"ft_order_side":"sell","order_filled_timestamp":1751080800000,"ft_is_entry":false,"ft_order_tag":"exit_signal","cost":9.6548272821}]},{"pair":"BTC/USDT","stake_amount":9.6472791,"max_stake_amount":9.6472791,"amount":9e-05,"open_date":"2025-06-28 04:16:00+00:00","close_date":"2025-06-28 05:04:00+00:00","open_rate":107191.99,"close_rate":107297.87,"fee_open":0.001,"fee_close":0.001,"trade_duration":48,"profit_ratio":-0.0010122154416704783,"profit_abs":-0.00977489,"exit_reason":"exit_signal","initial_stop_loss_abs":83931.33,"initial_stop_loss_ratio":-0.217,"stop_loss_abs":83931.33,"stop_loss_ratio":-0.217,"min_rate":107183.29,"max_rate":107317.0,"is_open":false,"enter_tag":"","leverage":1.0,"is_short":false,"open_timestamp":1751084160000,"close_timestamp":1751087040000,"orders":[{"amount":9e-05,"safe_price":107191.99,"ft_order_side":"buy","order_filled_timestamp":1751084160000,"ft_is_entry":true,"ft_order_tag":"","cost":9.6569263791},{"amount":9e-05,"safe_price":107297.87,"ft_order_side":"sell","order_filled_timestamp":1751087040000,"ft_is_entry":false,"ft_order_tag":"exit_signal","cost":9.666465108299999}]},{"pair":"ETH/USDT","stake_amount":9.920606,"max_stake_amount":9.920606,"amount":0.0041,"open_date":"2025-06-28 05:45:00+00:00","close_date":"2025-06-28 06:09:00+00:00","open_rate":2419.66,"close_rate":2425.85,"fee_open":0.001,"fee_close":0.001,"trade_duration":24,"profit_ratio":0.0005550974503879195,"profit_abs":0.00551241,"exit_reason":"exit_signal","initial_stop_loss_abs":1894.6,"initial_stop_loss_ratio":-0.217,"stop_loss_abs":1894.6,"stop_loss_ratio":-0.217,"min_rate":2418.65,"max_rate":2426.17,"is_open":false,"enter_tag":"","leverage":1.0,"is_short":false,"open_timestamp":1751089500000,"close_timestamp":1751090940000,"orders":[{"amount":0.0041,"safe_price":2419.66,"ft_order_side":"buy","order_filled_timestamp":1751089500000,"ft_is_entry":true,"ft_order_tag":"","cost":9.930526605999999},{"amount":0.0041,"safe_price":2425.85,"ft_order_side":"sell","order_filled_timestamp":1751090940000,"ft_is_entry":false,"ft_order_tag":"exit_signal","cost":9.955930984999998}]},{"pair":"ETH/USDT","stake_amount":9.926469,"max_stake_amount":9.926469,"amount":0.0041,"open_date":"2025-06-28 08:14:00+00:00","close_date":"2025-06-28 09:36:00+00:00","open_rate":2421.09,"close_rate":2425.937027027027,"fee_open":0.001,"fee_close":0.001,"trade_duration":82,"profit_ratio":0.0,"profit_abs":0.0,"exit_reason":"roi","initial_stop_loss_abs":1895.72,"initial_stop_loss_ratio":-0.217,"stop_loss_abs":1895.72,"stop_loss_ratio":-0.217,"min_rate":2419.65,"max_rate":2426.23,"is_open":false,"enter_tag":"","leverage":1.0,"is_short":false,"open_timestamp":1751098440000,"close_timestamp":1751103360000,"orders":[{"amount":0.0041,"safe_price":2421.09,"ft_order_side":"buy","order_filled_timestamp":1751098440000,"ft_is_entry":true,"ft_order_tag":"","cost":9.936395468999999},{"amount":0.0041,"safe_price":2425.937027027027,"ft_order_side":"sell","order_filled_timestamp":1751103360000,"ft_is_entry":false,"ft_order_tag":"roi","cost":9.956288152621621}]},{"pair":"BTC/USDT","stake_amount":9.6665535,"max_stake_amount":9.6665535,"amount":9e-05,"open_date":"2025-06-28 08:09:00+00:00","close_date":"2025-06-28 10:27:00+00:00","open_rate":107406.15,"close_rate":107346.0,"fee_open":0.001,"fee_close":0.001,"trade_duration":138,"profit_ratio":-0.002556906505144106,"profit_abs":-0.02474119,"exit_reason":"exit_signal","initial_stop_loss_abs":84099.02,"initial_stop_loss_ratio":-0.217,"stop_loss_abs":84099.02,"stop_loss_ratio":-0.217,"min_rate":107275.0,"max_rate":107473.01,"is_open":false,"enter_tag":"","leverage":1.0,"is_short":false,"open_timestamp":1751098140000,"close_timestamp":1751106420000,"orders":[{"amount":9e-05,"safe_price":107406.15,"ft_order_side":"buy","order_filled_timestamp":1751098140000,"ft_is_entry":true,"ft_order_tag":"","cost":9.6762200535},{"amount":9e-05,"safe_price":107346.0,"ft_order_side":"sell","order_filled_timestamp":1751106420000,"ft_is_entry":false,"ft_order_tag":"exit_signal","cost":9.67080114}]},{"pair":"BTC/USDT","stake_amount":9.6545304,"max_stake_amount":9.6545304,"amount":9e-05,"open_date":"2025-06-28 10:43:00+00:00","close_date":"2025-06-28 11:39:00+00:00","open_rate":107272.56,"close_rate":107295.48,"fee_open":0.001,"fee_close":0.001,"trade_duration":56,"profit_ratio":-0.0017847671711809943,"profit_abs":-0.01724832,"exit_reason":"exit_signal","initial_stop_loss_abs":83994.42,"initial_stop_loss_ratio":-0.217,"stop_loss_abs":83994.42,"stop_loss_ratio":-0.217,"min_rate":107252.6,"max_rate":107346.06,"is_open":false,"enter_tag":"","leverage":1.0,"is_short":false,"open_timestamp":1751107380000,"close_timestamp":1751110740000,"orders":[{"amount":9e-05,"safe_price":107272.56,"ft_order_side":"buy","order_filled_timestamp":1751107380000,"ft_is_entry":true,"ft_order_tag":"","cost":9.6641849304},{"amount":9e-05,"safe_price":107295.48,"ft_order_side":"sell","order_filled_timestamp":1751110740000,"ft_is_entry":false,"ft_order_tag":"exit_signal","cost":9.666249793199999}]},{"pair":"BTC/USDT","stake_amount":9.6590826,"max_stake_amount":9.6590826,"amount":9e-05,"open_date":"2025-06-28 12:16:00+00:00","close_date":"2025-06-28 12:52:00+00:00","open_rate":107323.14,"close_rate":107345.1,"fee_open":0.001,"fee_close":0.001,"trade_duration":36,"profit_ratio":-0.0017937949496791327,"profit_abs":-0.01734374,"exit_reason":"exit_signal","initial_stop_loss_abs":84034.02,"initial_stop_loss_ratio":-0.217,"stop_loss_abs":84034.02,"stop_loss_ratio":-0.217,"min_rate":107292.44,"max_rate":107345.1,"is_open":false,"enter_tag":"","leverage":1.0,"is_short":false,"open_timestamp":1751112960000,"close_timestamp":1751115120000,"orders":[{"amount":9e-05,"safe_price":107323.14,"ft_order_side":"buy","order_filled_timestamp":1751112960000,"ft_is_entry":true,"ft_order_tag":"","cost":9.6687416826},{"amount":9e-05,"safe_price":107345.1,"ft_order_side":"sell","order_filled_timestamp":1751115120000,"ft_is_entry":false,"ft_order_tag":"exit_signal","cost":9.670720059}]},{"pair":"ETH/USDT","stake_amount":9.943115,"max_stake_amount":9.943115,"amount":0.0041,"open_date":"2025-06-28 10:44:00+00:00","close_date":"2025-06-28 14:12:00+00:00","open_rate":2425.15,"close_rate":2425.61,"fee_open":0.001,"fee_close":0.001,"trade_duration":208,"profit_ratio":-0.0018087023899588676,"profit_abs":-0.01800212,"exit_reason":"exit_signal","initial_stop_loss_abs":1898.9,"initial_stop_loss_ratio":-0.217,"stop_loss_abs":1898.9,"stop_loss_ratio":-0.217,"min_rate":2420.0,"max_rate":2429.38,"is_open":false,"enter_tag":"","leverage":1.0,"is_short":false,"open_timestamp":1751107440000,"close_timestamp":1751119920000,"orders":[{"amount":0.0041,"safe_price":2425.15,"ft_order_side":"buy","order_filled_timestamp":1751107440000,"ft_is_entry":true,"ft_order_tag":"","cost":9.953058115},{"amount":0.0041,"safe_price":2425.61,"ft_order_side":"sell","order_filled_timestamp":1751119920000,"ft_is_entry":false,"ft_order_tag":"exit_signal","cost":9.954946001}]},{"pair":"BTC/USDT","stake_amount":9.658008,"max_stake_amount":9.658008,"amount":9e-05,"open_date":"2025-06-28 13:18:00+00:00","close_date":"2025-06-28 14:14:00+00:00","open_rate":107311.2,"close_rate":107146.23,"fee_open":0.001,"fee_close":0.001,"trade_duration":56,"profit_ratio":-0.0035322351818672802,"profit_abs":-0.03414847,"exit_reason":"exit_signal","initial_stop_loss_abs":84024.67,"initial_stop_loss_ratio":-0.217,"stop_loss_abs":84024.67,"stop_loss_ratio":-0.217,"min_rate":107084.15,"max_rate":107311.21,"is_open":false,"enter_tag":"","leverage":1.0,"is_short":false,"open_timestamp":1751116680000,"close_timestamp":1751120040000,"orders":[{"amount":9e-05,"safe_price":107311.2,"ft_order_side":"buy","order_filled_timestamp":1751116680000,"ft_is_entry":true,"ft_order_tag":"","cost":9.667666008},{"amount":9e-05,"safe_price":107146.23,"ft_order_side":"sell","order_filled_timestamp":1751120040000,"ft_is_entry":false,"ft_order_tag":"exit_signal","cost":9.6528038607}]},{"pair":"BTC/USDT","stake_amount":9.65709,"max_stake_amount":9.65709,"amount":9e-05,"open_date":"2025-06-28 18:34:00+00:00","close_date":"2025-06-28 19:20:00+00:00","open_rate":107301.0,"close_rate":107339.38,"fee_open":0.001,"fee_close":0.001,"trade_duration":46,"profit_ratio":-0.0016410308299479885,"profit_abs":-0.01586343,"exit_reason":"exit_signal","initial_stop_loss_abs":84016.69,"initial_stop_loss_ratio":-0.217,"stop_loss_abs":84016.69,"stop_loss_ratio":-0.217,"min_rate":107260.64,"max_rate":107339.38,"is_open":false,"enter_tag":"","leverage":1.0,"is_short":false,"open_timestamp":1751135640000,"close_timestamp":1751138400000,"orders":[{"amount":9e-05,"safe_price":107301.0,"ft_order_side":"buy","order_filled_timestamp":1751135640000,"ft_is_entry":true,"ft_order_tag":"","cost":9.66674709},{"amount":9e-05,"safe_price":107339.38,"ft_order_side":"sell","order_filled_timestamp":1751138400000,"ft_is_entry":false,"ft_order_tag":"exit_signal","cost":9.6702047442}]},{"pair":"BTC/USDT","stake_amount":9.6534531,"max_stake_amount":9.6534531,"amount":9e-05,"open_date":"2025-06-28 19:39:00+00:00","close_date":"2025-06-28 21:26:00+00:00","open_rate":107260.59,"close_rate":107237.0,"fee_open":0.001,"fee_close":0.001,"trade_duration":107,"profit_ratio":-0.002217493916914925,"profit_abs":-0.02142788,"exit_reason":"exit_signal","initial_stop_loss_abs":83985.05,"initial_stop_loss_ratio":-0.217,"stop_loss_abs":83985.05,"stop_loss_ratio":-0.217,"min_rate":107154.62,"max_rate":107270.63,"is_open":false,"enter_tag":"","leverage":1.0,"is_short":false,"open_timestamp":1751139540000,"close_timestamp":1751145960000,"orders":[{"amount":9e-05,"safe_price":107260.59,"ft_order_side":"buy","order_filled_timestamp":1751139540000,"ft_is_entry":true,"ft_order_tag":"","cost":9.663106553099999},{"amount":9e-05,"safe_price":107237.0,"ft_order_side":"sell","order_filled_timestamp":1751145960000,"ft_is_entry":false,"ft_order_tag":"exit_signal","cost":9.660981329999998}]},{"pair":"ETH/USDT","stake_amount":9.979564,"max_stake_amount":9.979564,"amount":0.0041,"open_date":"2025-06-28 18:43:00+00:00","close_date":"2025-06-28 21:32:00+00:00","open_rate":2434.04,"close_rate":2434.14,"fee_open":0.001,"fee_close":0.001,"trade_duration":169,"profit_ratio":-0.0019570003248648928,"profit_abs":-0.01954954,"exit_reason":"exit_signal","initial_stop_loss_abs":1905.86,"initial_stop_loss_ratio":-0.217,"stop_loss_abs":1905.86,"stop_loss_ratio":-0.217,"min_rate":2427.44,"max_rate":2440.0,"is_open":false,"enter_tag":"","leverage":1.0,"is_short":false,"open_timestamp":1751136180000,"close_timestamp":1751146320000,"orders":[{"amount":0.0041,"safe_price":2434.04,"ft_order_side":"buy","order_filled_timestamp":1751136180000,"ft_is_entry":true,"ft_order_tag":"","cost":9.989543563999998},{"amount":0.0041,"safe_price":2434.14,"ft_order_side":"sell","order_filled_timestamp":1751146320000,"ft_is_entry":false,"ft_order_tag":"exit_signal","cost":9.989953973999999}]},{"pair":"BTC/USDT","stake_amount":9.6589395,"max_stake_amount":9.6589395,"amount":9e-05,"open_date":"2025-06-28 23:23:00+00:00","close_date":"2025-06-29 00:21:00+00:00","open_rate":107321.55,"close_rate":107323.1,"fee_open":0.001,"fee_close":0.001,"trade_duration":58,"profit_ratio":-0.0019835884301129167,"profit_abs":-0.01917852,"exit_reason":"exit_signal","initial_stop_loss_abs":84032.78,"initial_stop_loss_ratio":-0.217,"stop_loss_abs":84032.78,"stop_loss_ratio":-0.217,"min_rate":107254.16,"max_rate":107330.69,"is_open":false,"enter_tag":"","leverage":1.0,"is_short":false,"open_timestamp":1751152980000,"close_timestamp":1751156460000,"orders":[{"amount":9e-05,"safe_price":107321.55,"ft_order_side":"buy","order_filled_timestamp":1751152980000,"ft_is_entry":true,"ft_order_tag":"","cost":9.6685984395},{"amount":9e-05,"safe_price":107323.1,"ft_order_side":"sell","order_filled_timestamp":1751156460000,"ft_is_entry":false,"ft_order_tag":"exit_signal","cost":9.668738079}]},{"pair":"ETH/USDT","stake_amount":9.976776,"max_stake_amount":9.976776,"amount":0.0041,"open_date":"2025-06-29 00:08:00+00:00","close_date":"2025-06-29 00:26:00+00:00","open_rate":2433.36,"close_rate":2438.66,"fee_open":0.001,"fee_close":0.001,"trade_duration":18,"profit_ratio":0.00017570476003140023,"profit_abs":0.00175472,"exit_reason":"exit_signal","initial_stop_loss_abs":1905.33,"initial_stop_loss_ratio":-0.217,"stop_loss_abs":1905.33,"stop_loss_ratio":-0.217,"min_rate":2432.0,"max_rate":2439.96,"is_open":false,"enter_tag":"","leverage":1.0,"is_short":false,"open_timestamp":1751155680000,"close_timestamp":1751156760000,"orders":[{"amount":0.0041,"safe_price":2433.36,"ft_order_side":"buy","order_filled_timestamp":1751155680000,"ft_is_entry":true,"ft_order_tag":"","cost":9.986752776},{"amount":0.0041,"safe_price":2438.66,"ft_order_side":"sell","order_filled_timestamp":1751156760000,"ft_is_entry":false,"ft_order_tag":"exit_signal","cost":10.008504506}]},{"pair":"ETH/USDT","stake_amount":9.975341,"max_stake_amount":9.975341,"amount":0.0041,"open_date":"2025-06-29 01:32:00+00:00","close_date":"2025-06-29 02:43:00+00:00","open_rate":2433.01,"close_rate":2432.54,"fee_open":0.001,"fee_close":0.001,"trade_duration":71,"profit_ratio":-0.002190791884096604,"profit_abs":-0.02187575,"exit_reason":"exit_signal","initial_stop_loss_abs":1905.05,"initial_stop_loss_ratio":-0.217,"stop_loss_abs":1905.05,"stop_loss_ratio":-0.217,"min_rate":2424.65,"max_rate":2435.26,"is_open":false,"enter_tag":"","leverage":1.0,"is_short":false,"open_timestamp":1751160720000,"close_timestamp":1751164980000,"orders":[{"amount":0.0041,"safe_price":2433.01,"ft_order_side":"buy","order_filled_timestamp":1751160720000,"ft_is_entry":true,"ft_order_tag":"","cost":9.985316341},{"amount":0.0041,"safe_price":2432.54,"ft_order_side":"sell","order_filled_timestamp":1751164980000,"ft_is_entry":false,"ft_order_tag":"exit_signal","cost":9.983387414}]},{"pair":"BTC/USDT","stake_amount":9.6630786,"max_stake_amount":9.6630786,"amount":9e-05,"open_date":"2025-06-29 01:42:00+00:00","close_date":"2025-06-29 02:43:00+00:00","open_rate":107367.54,"close_rate":107329.26,"fee_open":0.001,"fee_close":0.001,"trade_duration":61,"profit_ratio":-0.0023538217763399787,"profit_abs":-0.02276791,"exit_reason":"exit_signal","initial_stop_loss_abs":84068.79,"initial_stop_loss_ratio":-0.217,"stop_loss_abs":84068.79,"stop_loss_ratio":-0.217,"min_rate":107172.52,"max_rate":107367.54,"is_open":false,"enter_tag":"","leverage":1.0,"is_short":false,"open_timestamp":1751161320000,"close_timestamp":1751164980000,"orders":[{"amount":9e-05,"safe_price":107367.54,"ft_order_side":"buy","order_filled_timestamp":1751161320000,"ft_is_entry":true,"ft_order_tag":"","cost":9.6727416786},{"amount":9e-05,"safe_price":107329.26,"ft_order_side":"sell","order_filled_timestamp":1751164980000,"ft_is_entry":false,"ft_order_tag":"exit_signal","cost":9.669293033399999}]},{"pair":"BTC/USDT","stake_amount":9.6518232,"max_stake_amount":9.6518232,"amount":9e-05,"open_date":"2025-06-29 03:36:00+00:00","close_date":"2025-06-29 04:13:00+00:00","open_rate":107242.48,"close_rate":107240.0,"fee_open":0.001,"fee_close":0.001,"trade_duration":37,"profit_ratio":-0.002021080627244901,"profit_abs":-0.01952662,"exit_reason":"exit_signal","initial_stop_loss_abs":83970.87,"initial_stop_loss_ratio":-0.217,"stop_loss_abs":83970.87,"stop_loss_ratio":-0.217,"min_rate":107189.86,"max_rate":107242.48,"is_open":false,"enter_tag":"","leverage":1.0,"is_short":false,"open_timestamp":1751168160000,"close_timestamp":1751170380000,"orders":[{"amount":9e-05,"safe_price":107242.48,"ft_order_side":"buy","order_filled_timestamp":1751168160000,"ft_is_entry":true,"ft_order_tag":"","cost":9.6614750232},{"amount":9e-05,"safe_price":107240.0,"ft_order_side":"sell","order_filled_timestamp":1751170380000,"ft_is_entry":false,"ft_order_tag":"exit_signal","cost":9.6612516}]},{"pair":"BTC/USDT","stake_amount":9.6507486,"max_stake_amount":9.6507486,"amount":9e-05,"open_date":"2025-06-29 05:21:00+00:00","close_date":"2025-06-29 05:46:00+00:00","open_rate":107230.54,"close_rate":107259.99,"fee_open":0.001,"fee_close":0.001,"trade_duration":25,"profit_ratio":-0.0017239090641127037,"profit_abs":-0.01665365,"exit_reason":"exit_signal","initial_stop_loss_abs":83961.52,"initial_stop_loss_ratio":-0.217,"stop_loss_abs":83961.52,"stop_loss_ratio":-0.217,"min_rate":107205.82,"max_rate":107260.67,"is_open":false,"enter_tag":"","leverage":1.0,"is_short":false,"open_timestamp":1751174460000,"close_timestamp":1751175960000,"orders":[{"amount":9e-05,"safe_price":107230.54,"ft_order_side":"buy","order_filled_timestamp":1751174460000,"ft_is_entry":true,"ft_order_tag":"","cost":9.660399348599999},{"amount":9e-05,"safe_price":107259.99,"ft_order_side":"sell","order_filled_timestamp":1751175960000,"ft_is_entry":false,"ft_order_tag":"exit_signal","cost":9.6630524991}]},{"pair":"BTC/USDT","stake_amount":9.6602931,"max_stake_amount":9.6602931,"amount":9e-05,"open_date":"2025-06-29 07:37:00+00:00","close_date":"2025-06-29 07:58:00+00:00","open_rate":107336.59,"close_rate":107357.19,"fee_open":0.001,"fee_close":0.001,"trade_duration":21,"profit_ratio":-0.0018064657904623006,"profit_abs":-0.01746844,"exit_reason":"exit_signal","initial_stop_loss_abs":84044.55,"initial_stop_loss_ratio":-0.217,"stop_loss_abs":84044.55,"stop_loss_ratio":-0.217,"min_rate":107330.0,"max_rate":107357.19,"is_open":false,"enter_tag":"","leverage":1.0,"is_short":false,"open_timestamp":1751182620000,"close_timestamp":1751183880000,"orders":[{"amount":9e-05,"safe_price":107336.59,"ft_order_side":"buy","order_filled_timestamp":1751182620000,"ft_is_entry":true,"ft_order_tag":"","cost":9.6699533931},{"amount":9e-05,"safe_price":107357.19,"ft_order_side":"sell","order_filled_timestamp":1751183880000,"ft_is_entry":false,"ft_order_tag":"exit_signal","cost":9.671809247099999}]},{"pair":"BTC/USDT","stake_amount":9.7106886,"max_stake_amount":9.7106886,"amount":9e-05,"open_date":"2025-06-29 10:46:00+00:00","close_date":"2025-06-29 11:38:00+00:00","open_rate":107896.54,"close_rate":108220.0,"fee_open":0.001,"fee_close":0.001,"trade_duration":52,"profit_ratio":0.0009938799542247437,"profit_abs":0.00966091,"exit_reason":"exit_signal","initial_stop_loss_abs":84483.0,"initial_stop_loss_ratio":-0.217,"stop_loss_abs":84483.0,"stop_loss_ratio":-0.217,"min_rate":107896.53,"max_rate":108234.5,"is_open":false,"enter_tag":"","leverage":1.0,"is_short":false,"open_timestamp":1751193960000,"close_timestamp":1751197080000,"orders":[{"amount":9e-05,"safe_price":107896.54,"ft_order_side":"buy","order_filled_timestamp":1751193960000,"ft_is_entry":true,"ft_order_tag":"","cost":9.720399288599998},{"amount":9e-05,"safe_price":108220.0,"ft_order_side":"sell","order_filled_timestamp":1751197080000,"ft_is_entry":false,"ft_order_tag":"exit_signal","cost":9.749539799999999}]},{"pair":"ETH/USDT","stake_amount":9.79424,"max_stake_amount":9.79424,"amount":0.004,"open_date":"2025-06-29 10:46:00+00:00","close_date":"2025-06-29 11:46:00+00:00","open_rate":2448.56,"close_rate":2460.28,"fee_open":0.001,"fee_close":0.001,"trade_duration":60,"profit_ratio":0.0027789213433020406,"profit_abs":0.02724464,"exit_reason":"exit_signal","initial_stop_loss_abs":1917.23,"initial_stop_loss_ratio":-0.217,"stop_loss_abs":1917.23,"stop_loss_ratio":-0.217,"min_rate":2448.56,"max_rate":2463.88,"is_open":false,"enter_tag":"","leverage":1.0,"is_short":false,"open_timestamp":1751193960000,"close_timestamp":1751197560000,"orders":[{"amount":0.004,"safe_price":2448.56,"ft_order_side":"buy","order_filled_timestamp":1751193960000,"ft_is_entry":true,"ft_order_tag":"","cost":9.80403424},{"amount":0.004,"safe_price":2460.28,"ft_order_side":"sell","order_filled_timestamp":1751197560000,"ft_is_entry":false,"ft_order_tag":"exit_signal","cost":9.850961120000001}]},{"pair":"BTC/USDT","stake_amount":9.723105,"max_stake_amount":9.723105,"amount":9e-05,"open_date":"2025-06-29 12:45:00+00:00","close_date":"2025-06-29 14:13:00+00:00","open_rate":108034.5,"close_rate":108186.99,"fee_open":0.001,"fee_close":0.001,"trade_duration":88,"profit_ratio":-0.0005893281930103502,"profit_abs":-0.00573583,"exit_reason":"exit_signal","initial_stop_loss_abs":84591.02,"initial_stop_loss_ratio":-0.217,"stop_loss_abs":84591.02,"stop_loss_ratio":-0.217,"min_rate":108012.82,"max_rate":108228.28,"is_open":false,"enter_tag":"","leverage":1.0,"is_short":false,"open_timestamp":1751201100000,"close_timestamp":1751206380000,"orders":[{"amount":9e-05,"safe_price":108034.5,"ft_order_side":"buy","order_filled_timestamp":1751201100000,"ft_is_entry":true,"ft_order_tag":"","cost":9.732828105},{"amount":9e-05,"safe_price":108186.99,"ft_order_side":"sell","order_filled_timestamp":1751206380000,"ft_is_entry":false,"ft_order_tag":"exit_signal","cost":9.7465659291}]},{"pair":"ETH/USDT","stake_amount":9.81268,"max_stake_amount":9.81268,"amount":0.004,"open_date":"2025-06-29 12:11:00+00:00","close_date":"2025-06-29 17:57:00+00:00","open_rate":2453.17,"close_rate":2439.58,"fee_open":0.001,"fee_close":0.001,"trade_duration":346,"profit_ratio":-0.007526704514683334,"profit_abs":-0.073931,"exit_reason":"exit_signal","initial_stop_loss_abs":1920.84,"initial_stop_loss_ratio":-0.217,"stop_loss_abs":1920.84,"stop_loss_ratio":-0.217,"min_rate":2429.58,"max_rate":2457.16,"is_open":false,"enter_tag":"","leverage":1.0,"is_short":false,"open_timestamp":1751199060000,"close_timestamp":1751219820000,"orders":[{"amount":0.004,"safe_price":2453.17,"ft_order_side":"buy","order_filled_timestamp":1751199060000,"ft_is_entry":true,"ft_order_tag":"","cost":9.82249268},{"amount":0.004,"safe_price":2439.58,"ft_order_side":"sell","order_filled_timestamp":1751219820000,"ft_is_entry":false,"ft_order_tag":"exit_signal","cost":9.768078319999999}]},{"pair":"BTC/USDT","stake_amount":9.7177446,"max_stake_amount":9.7177446,"amount":9e-05,"open_date":"2025-06-29 14:34:00+00:00","close_date":"2025-06-29 17:59:00+00:00","open_rate":107974.94,"close_rate":107532.01,"fee_open":0.001,"fee_close":0.001,"trade_duration":205,"profit_ratio":-0.00609196190133767,"profit_abs":-0.05925933,"exit_reason":"exit_signal","initial_stop_loss_abs":84544.38,"initial_stop_loss_ratio":-0.217,"stop_loss_abs":84544.38,"stop_loss_ratio":-0.217,"min_rate":107316.46,"max_rate":108034.13,"is_open":false,"enter_tag":"","leverage":1.0,"is_short":false,"open_timestamp":1751207640000,"close_timestamp":1751219940000,"orders":[{"amount":9e-05,"safe_price":107974.94,"ft_order_side":"buy","order_filled_timestamp":1751207640000,"ft_is_entry":true,"ft_order_tag":"","cost":9.727462344600001},{"amount":9e-05,"safe_price":107532.01,"ft_order_side":"sell","order_filled_timestamp":1751219940000,"ft_is_entry":false,"ft_order_tag":"exit_signal","cost":9.687558780899998}]},{"pair":"BTC/USDT","stake_amount":9.6784182,"max_stake_amount":9.6784182,"amount":9e-05,"open_date":"2025-06-29 19:05:00+00:00","close_date":"2025-06-29 20:24:00+00:00","open_rate":107537.98,"close_rate":107479.47,"fee_open":0.001,"fee_close":0.001,"trade_duration":79,"profit_ratio":-0.0025410017024142563,"profit_abs":-0.02461747,"exit_reason":"exit_signal","initial_stop_loss_abs":84202.24,"initial_stop_loss_ratio":-0.217,"stop_loss_abs":84202.24,"stop_loss_ratio":-0.217,"min_rate":107365.96,"max_rate":107569.74,"is_open":false,"enter_tag":"","leverage":1.0,"is_short":false,"open_timestamp":1751223900000,"close_timestamp":1751228640000,"orders":[{"amount":9e-05,"safe_price":107537.98,"ft_order_side":"buy","order_filled_timestamp":1751223900000,"ft_is_entry":true,"ft_order_tag":"","cost":9.688096618199998},{"amount":9e-05,"safe_price":107479.47,"ft_order_side":"sell","order_filled_timestamp":1751228640000,"ft_is_entry":false,"ft_order_tag":"exit_signal","cost":9.6828254523}]},{"pair":"BTC/USDT","stake_amount":9.666,"max_stake_amount":9.666,"amount":9e-05,"open_date":"2025-06-29 20:58:00+00:00","close_date":"2025-06-29 21:24:00+00:00","open_rate":107400.0,"close_rate":107566.45,"fee_open":0.001,"fee_close":0.001,"trade_duration":26,"profit_ratio":-0.00045128469709475295,"profit_abs":-0.00436648,"exit_reason":"exit_signal","initial_stop_loss_abs":84094.2,"initial_stop_loss_ratio":-0.217,"stop_loss_abs":84094.2,"stop_loss_ratio":-0.217,"min_rate":107250.0,"max_rate":107566.46,"is_open":false,"enter_tag":"","leverage":1.0,"is_short":false,"open_timestamp":1751230680000,"close_timestamp":1751232240000,"orders":[{"amount":9e-05,"safe_price":107400.0,"ft_order_side":"buy","order_filled_timestamp":1751230680000,"ft_is_entry":true,"ft_order_tag":"","cost":9.675666},{"amount":9e-05,"safe_price":107566.45,"ft_order_side":"sell","order_filled_timestamp":1751232240000,"ft_is_entry":false,"ft_order_tag":"exit_signal","cost":9.6906614805}]},{"pair":"ETH/USDT","stake_amount":9.982598,"max_stake_amount":9.982598,"amount":0.0041,"open_date":"2025-06-29 19:04:00+00:00","close_date":"2025-06-29 21:38:00+00:00","open_rate":2434.78,"close_rate":2437.48,"fee_open":0.001,"fee_close":0.001,"trade_duration":154,"profit_ratio":-0.0008912882826066549,"profit_abs":-0.00890627,"exit_reason":"exit_signal","initial_stop_loss_abs":1906.44,"initial_stop_loss_ratio":-0.217,"stop_loss_abs":1906.44,"stop_loss_ratio":-0.217,"min_rate":2412.0,"max_rate":2439.59,"is_open":false,"enter_tag":"","leverage":1.0,"is_short":false,"open_timestamp":1751223840000,"close_timestamp":1751233080000,"orders":[{"amount":0.0041,"safe_price":2434.78,"ft_order_side":"buy","order_filled_timestamp":1751223840000,"ft_is_entry":true,"ft_order_tag":"","cost":9.992580598},{"amount":0.0041,"safe_price":2437.48,"ft_order_side":"sell","order_filled_timestamp":1751233080000,"ft_is_entry":false,"ft_order_tag":"exit_signal","cost":10.003661668}]},{"pair":"BTC/USDT","stake_amount":9.6768558,"max_stake_amount":9.6768558,"amount":9e-05,"open_date":"2025-06-29 21:57:00+00:00","close_date":"2025-06-29 22:04:00+00:00","open_rate":107520.62,"close_rate":107761.47,"fee_open":0.001,"fee_close":0.001,"trade_duration":7,"profit_ratio":0.00023755765677640754,"profit_abs":0.00230111,"exit_reason":"exit_signal","initial_stop_loss_abs":84188.65,"initial_stop_loss_ratio":-0.217,"stop_loss_abs":84188.65,"stop_loss_ratio":-0.217,"min_rate":107501.51,"max_rate":107790.0,"is_open":false,"enter_tag":"","leverage":1.0,"is_short":false,"open_timestamp":1751234220000,"close_timestamp":1751234640000,"orders":[{"amount":9e-05,"safe_price":107520.62,"ft_order_side":"buy","order_filled_timestamp":1751234220000,"ft_is_entry":true,"ft_order_tag":"","cost":9.686532655799999},{"amount":9e-05,"safe_price":107761.47,"ft_order_side":"sell","order_filled_timestamp":1751234640000,"ft_is_entry":false,"ft_order_tag":"exit_signal","cost":9.708230832299998}]},{"pair":"ETH/USDT","stake_amount":9.770904,"max_stake_amount":9.770904,"amount":0.0039,"open_date":"2025-06-30 01:12:00+00:00","close_date":"2025-06-30 02:13:00+00:00","open_rate":2505.36,"close_rate":2510.3757357357354,"fee_open":0.001,"fee_close":0.001,"trade_duration":61,"profit_ratio":0.0,"profit_abs":0.0,"exit_reason":"roi","initial_stop_loss_abs":1961.7,"initial_stop_loss_ratio":-0.217,"stop_loss_abs":1961.7,"stop_loss_ratio":-0.217,"min_rate":2504.3,"max_rate":2519.51,"is_open":false,"enter_tag":"","leverage":1.0,"is_short":false,"open_timestamp":1751245920000,"close_timestamp":1751249580000,"orders":[{"amount":0.0039,"safe_price":2505.36,"ft_order_side":"buy","order_filled_timestamp":1751245920000,"ft_is_entry":true,"ft_order_tag":"","cost":9.780674904},{"amount":0.0039,"safe_price":2510.3757357357354,"ft_order_side":"sell","order_filled_timestamp":1751249580000,"ft_is_entry":false,"ft_order_tag":"roi","cost":9.800255834738737}]},{"pair":"ETH/USDT","stake_amount":9.751209,"max_stake_amount":9.751209,"amount":0.0039,"open_date":"2025-06-30 02:57:00+00:00","close_date":"2025-06-30 07:50:00+00:00","open_rate":2500.31,"close_rate":2482.51,"fee_open":0.001,"fee_close":0.001,"trade_duration":293,"profit_ratio":-0.00910289542191494,"profit_abs":-0.088853,"exit_reason":"exit_signal","initial_stop_loss_abs":1957.75,"initial_stop_loss_ratio":-0.217,"stop_loss_abs":1957.75,"stop_loss_ratio":-0.217,"min_rate":2456.37,"max_rate":2505.31,"is_open":false,"enter_tag":"","leverage":1.0,"is_short":false,"open_timestamp":1751252220000,"close_timestamp":1751269800000,"orders":[{"amount":0.0039,"safe_price":2500.31,"ft_order_side":"buy","order_filled_timestamp":1751252220000,"ft_is_entry":true,"ft_order_tag":"","cost":9.760960208999998},{"amount":0.0039,"safe_price":2482.51,"ft_order_side":"sell","order_filled_timestamp":1751269800000,"ft_is_entry":false,"ft_order_tag":"exit_signal","cost":9.691470788999998}]},{"pair":"BTC/USDT","stake_amount":9.7607547,"max_stake_amount":9.7607547,"amount":9e-05,"open_date":"2025-06-30 01:07:00+00:00","close_date":"2025-06-30 09:09:00+00:00","open_rate":108452.83,"close_rate":107667.06,"fee_open":0.001,"fee_close":0.001,"trade_duration":482,"profit_ratio":-0.009228795596103853,"profit_abs":-0.09017009,"exit_reason":"exit_signal","initial_stop_loss_abs":84918.57,"initial_stop_loss_ratio":-0.217,"stop_loss_abs":84918.57,"stop_loss_ratio":-0.217,"min_rate":107459.0,"max_rate":108770.0,"is_open":false,"enter_tag":"","leverage":1.0,"is_short":false,"open_timestamp":1751245620000,"close_timestamp":1751274540000,"orders":[{"amount":9e-05,"safe_price":108452.83,"ft_order_side":"buy","order_filled_timestamp":1751245620000,"ft_is_entry":true,"ft_order_tag":"","cost":9.7705154547},{"amount":9e-05,"safe_price":107667.06,"ft_order_side":"sell","order_filled_timestamp":1751274540000,"ft_is_entry":false,"ft_order_tag":"exit_signal","cost":9.6997254354}]},{"pair":"BTC/USDT","stake_amount":9.674055,"max_stake_amount":9.674055,"amount":9e-05,"open_date":"2025-06-30 09:44:00+00:00","close_date":"2025-06-30 10:40:00+00:00","open_rate":107489.5,"close_rate":107588.6,"fee_open":0.001,"fee_close":0.001,"trade_duration":56,"profit_ratio":-0.001077893644144301,"profit_abs":-0.01043803,"exit_reason":"exit_signal","initial_stop_loss_abs":84164.28,"initial_stop_loss_ratio":-0.217,"stop_loss_abs":84164.28,"stop_loss_ratio":-0.217,"min_rate":107400.0,"max_rate":107600.0,"is_open":false,"enter_tag":"","leverage":1.0,"is_short":false,"open_timestamp":1751276640000,"close_timestamp":1751280000000,"orders":[{"amount":9e-05,"safe_price":107489.5,"ft_order_side":"buy","order_filled_timestamp":1751276640000,"ft_is_entry":true,"ft_order_tag":"","cost":9.683729055},{"amount":9e-05,"safe_price":107588.6,"ft_order_side":"sell","order_filled_timestamp":1751280000000,"ft_is_entry":false,"ft_order_tag":"exit_signal","cost":9.692656974}]},{"pair":"ETH/USDT","stake_amount":9.88552,"max_stake_amount":9.88552,"amount":0.004,"open_date":"2025-06-30 08:35:00+00:00","close_date":"2025-06-30 11:24:00+00:00","open_rate":2471.38,"close_rate":2465.86,"fee_open":0.001,"fee_close":0.001,"trade_duration":169,"profit_ratio":-0.004227109229172853,"profit_abs":-0.04182896,"exit_reason":"exit_signal","initial_stop_loss_abs":1935.1,"initial_stop_loss_ratio":-0.217,"stop_loss_abs":1935.1,"stop_loss_ratio":-0.217,"min_rate":2446.68,"max_rate":2477.0,"is_open":false,"enter_tag":"","leverage":1.0,"is_short":false,"open_timestamp":1751272500000,"close_timestamp":1751282640000,"orders":[{"amount":0.004,"safe_price":2471.38,"ft_order_side":"buy","order_filled_timestamp":1751272500000,"ft_is_entry":true,"ft_order_tag":"","cost":9.89540552},{"amount":0.004,"safe_price":2465.86,"ft_order_side":"sell","order_filled_timestamp":1751282640000,"ft_is_entry":false,"ft_order_tag":"exit_signal","cost":9.873303439999999}]},{"pair":"BTC/USDT","stake_amount":9.6948819,"max_stake_amount":9.6948819,"amount":9e-05,"open_date":"2025-06-30 11:55:00+00:00","close_date":"2025-06-30 13:22:00+00:00","open_rate":107720.91,"close_rate":107810.3,"fee_open":0.001,"fee_close":0.001,"trade_duration":87,"profit_ratio":-0.0011698305093709941,"profit_abs":-0.01135271,"exit_reason":"exit_signal","initial_stop_loss_abs":84345.48,"initial_stop_loss_ratio":-0.217,"stop_loss_abs":84345.48,"stop_loss_ratio":-0.217,"min_rate":107560.99,"max_rate":107824.31,"is_open":false,"enter_tag":"","leverage":1.0,"is_short":false,"open_timestamp":1751284500000,"close_timestamp":1751289720000,"orders":[{"amount":9e-05,"safe_price":107720.91,"ft_order_side":"buy","order_filled_timestamp":1751284500000,"ft_is_entry":true,"ft_order_tag":"","cost":9.7045767819},{"amount":9e-05,"safe_price":107810.3,"ft_order_side":"sell","order_filled_timestamp":1751289720000,"ft_is_entry":false,"ft_order_tag":"exit_signal","cost":9.712629927}]},{"pair":"BTC/USDT","stake_amount":9.6540714,"max_stake_amount":9.6540714,"amount":9e-05,"open_date":"2025-06-30 14:09:00+00:00","close_date":"2025-06-30 15:30:00+00:00","open_rate":107267.46,"close_rate":107192.94,"fee_open":0.001,"fee_close":0.001,"trade_duration":81,"profit_ratio":-0.0026913264534440613,"profit_abs":-0.02600824,"exit_reason":"exit_signal","initial_stop_loss_abs":83990.43,"initial_stop_loss_ratio":-0.217,"stop_loss_abs":83990.43,"stop_loss_ratio":-0.217,"min_rate":106733.33,"max_rate":107641.31,"is_open":false,"enter_tag":"","leverage":1.0,"is_short":false,"open_timestamp":1751292540000,"close_timestamp":1751297400000,"orders":[{"amount":9e-05,"safe_price":107267.46,"ft_order_side":"buy","order_filled_timestamp":1751292540000,"ft_is_entry":true,"ft_order_tag":"","cost":9.6637254714},{"amount":9e-05,"safe_price":107192.94,"ft_order_side":"sell","order_filled_timestamp":1751297400000,"ft_is_entry":false,"ft_order_tag":"exit_signal","cost":9.6570119646}]},{"pair":"ETH/USDT","stake_amount":9.781,"max_stake_amount":9.781,"amount":0.004,"open_date":"2025-06-30 14:54:00+00:00","close_date":"2025-06-30 15:30:00+00:00","open_rate":2445.25,"close_rate":2462.83,"fee_open":0.001,"fee_close":0.001,"trade_duration":36,"profit_ratio":0.005177082400270213,"profit_abs":0.05068768,"exit_reason":"exit_signal","initial_stop_loss_abs":1914.64,"initial_stop_loss_ratio":-0.217,"stop_loss_abs":1914.64,"stop_loss_ratio":-0.217,"min_rate":2431.0,"max_rate":2466.21,"is_open":false,"enter_tag":"","leverage":1.0,"is_short":false,"open_timestamp":1751295240000,"close_timestamp":1751297400000,"orders":[{"amount":0.004,"safe_price":2445.25,"ft_order_side":"buy","order_filled_timestamp":1751295240000,"ft_is_entry":true,"ft_order_tag":"","cost":9.790780999999999},{"amount":0.004,"safe_price":2462.83,"ft_order_side":"sell","order_filled_timestamp":1751297400000,"ft_is_entry":false,"ft_order_tag":"exit_signal","cost":9.861171319999999}]},{"pair":"BTC/USDT","stake_amount":9.66357,"max_stake_amount":9.66357,"amount":9e-05,"open_date":"2025-06-30 18:12:00+00:00","close_date":"2025-06-30 19:18:00+00:00","open_rate":107373.0,"close_rate":107453.21,"fee_open":0.001,"fee_close":0.001,"trade_duration":66,"profit_ratio":-0.0012524726000180723,"profit_abs":-0.01211546,"exit_reason":"exit_signal","initial_stop_loss_abs":84073.06,"initial_stop_loss_ratio":-0.217,"stop_loss_abs":84073.06,"stop_loss_ratio":-0.217,"min_rate":107116.4,"max_rate":107465.4,"is_open":false,"enter_tag":"","leverage":1.0,"is_short":false,"open_timestamp":1751307120000,"close_timestamp":1751311080000,"orders":[{"amount":9e-05,"safe_price":107373.0,"ft_order_side":"buy","order_filled_timestamp":1751307120000,"ft_is_entry":true,"ft_order_tag":"","cost":9.673233569999999},{"amount":9e-05,"safe_price":107453.21,"ft_order_side":"sell","order_filled_timestamp":1751311080000,"ft_is_entry":false,"ft_order_tag":"exit_signal","cost":9.680459688900001}]}],"locks":[],"best_pair":{"key":"ETH/USDT","trades":35,"profit_mean":-0.0011816940374607945,"profit_mean_pct":-0.12,"profit_sum":-0.04135929131112781,"profit_sum_pct":-4.14,"profit_total_abs":-0.4090623,"profit_total":-0.0004090623,"profit_total_pct":-0.04,"duration_avg":"1:58:00","wins":10,"draws":8,"losses":17,"winrate":0.2857142857142857},"worst_pair":{"key":"BTC/USDT","trades":54,"profit_mean":-0.0011920602442187422,"profit_mean_pct":-0.12,"profit_sum":-0.06437125318781207,"profit_sum_pct":-6.44,"profit_total_abs":-0.62331371,"profit_total":-0.00062331371,"profit_total_pct":-0.06,"duration_avg":"1:28:00","wins":13,"draws":5,"losses":36,"winrate":0.24074074074074073},"results_per_pair":[{"key":"ETH/USDT","trades":35,"profit_mean":-0.0011816940374607945,"profit_mean_pct":-0.12,"profit_sum":-0.04135929131112781,"profit_sum_pct":-4.14,"profit_total_abs":-0.4090623,"profit_total":-0.0004090623,"profit_total_pct":-0.04,"duration_avg":"1:58:00","wins":10,"draws":8,"losses":17,"winrate":0.2857142857142857},{"key":"BTC/USDT","trades":54,"profit_mean":-0.0011920602442187422,"profit_mean_pct":-0.12,"profit_sum":-0.06437125318781207,"profit_sum_pct":-6.44,"profit_total_abs":-0.62331371,"profit_total":-0.00062331371,"profit_total_pct":-0.06,"duration_avg":"1:28:00","wins":13,"draws":5,"losses":36,"winrate":0.24074074074074073},{"key":"TOTAL","trades":89,"profit_mean":-0.0011879836460555043,"profit_mean_pct":-0.12,"profit_sum":-0.10573054449893989,"profit_sum_pct":-10.57,"profit_total_abs":-1.0323760100000001,"profit_total":-0.0010323760100000002,"profit_total_pct":-0.1,"duration_avg":"1:40:00","wins":23,"draws":13,"losses":53,"winrate":0.25842696629213485}],"results_per_enter_tag":[{"key":"","trades":89,"profit_mean":-0.0011879836460555043,"profit_mean_pct":-0.12,"profit_sum":-0.10573054449893989,"profit_sum_pct":-10.57,"profit_total_abs":-1.0323760100000001,"profit_total":-0.0010323760100000002,"profit_total_pct":-0.1,"duration_avg":"1:40:00","wins":23,"draws":13,"losses":53,"winrate":0.25842696629213485},{"key":"TOTAL","trades":89,"profit_mean":-0.0011879836460555043,"profit_mean_pct":-0.12,"profit_sum":-0.10573054449893989,"profit_sum_pct":-10.57,"profit_total_abs":-1.0323760100000001,"profit_total":-0.0010323760100000002,"profit_total_pct":-0.1,"duration_avg":"1:40:00","wins":23,"draws":13,"losses":53,"winrate":0.25842696629213485}],"exit_reason_summary":[{"key":"trailing_stop_loss","trades":1,"profit_mean":0.01095872160209361,"profit_mean_pct":1.1,"profit_sum":0.01095872160209361,"profit_sum_pct":1.1,"profit_total_abs":0.10807566,"profit_total":0.00010807566,"profit_total_pct":0.01,"duration_avg":"0:09:00","wins":1,"draws":0,"losses":0,"winrate":1.0},{"key":"roi","trades":18,"profit_mean":0.00019679972710741234,"profit_mean_pct":0.02,"profit_sum":0.003542395087933422,"profit_sum_pct":0.35,"profit_total_abs":0.03370099,"profit_total":3.370099e-05,"profit_total_pct":0.0,"duration_avg":"1:20:00","wins":5,"draws":13,"losses":0,"winrate":0.2777777777777778},{"key":"exit_signal","trades":70,"profit_mean":-0.0017175951598423847,"profit_mean_pct":-0.17,"profit_sum":-0.12023166118896693,"profit_sum_pct":-12.02,"profit_total_abs":-1.1741526599999996,"profit_total":-0.0011741526599999997,"profit_total_pct":-0.12,"duration_avg":"1:46:00","wins":17,"draws":0,"losses":53,"winrate":0.24285714285714285},{"key":"TOTAL","trades":89,"profit_mean":-0.0011879836460555043,"profit_mean_pct":-0.12,"profit_sum":-0.10573054449893989,"profit_sum_pct":-10.57,"profit_total_abs":-1.0323760100000001,"profit_total":-0.0010323760100000002,"profit_total_pct":-0.1,"duration_avg":"1:40:00","wins":23,"draws":13,"losses":53,"winrate":0.25842696629213485}],"mix_tag_stats":[{"key":["","trailing_stop_loss"],"trades":1,"profit_mean":0.01095872160209361,"profit_mean_pct":1.1,"profit_sum":0.01095872160209361,"profit_sum_pct":1.1,"profit_total_abs":0.10807566,"profit_total":0.00010807566,"profit_total_pct":0.01,"duration_avg":"0:09:00","wins":1,"draws":0,"losses":0,"winrate":1.0},{"key":["","roi"],"trades":18,"profit_mean":0.00019679972710741234,"profit_mean_pct":0.02,"profit_sum":0.003542395087933422,"profit_sum_pct":0.35,"profit_total_abs":0.03370099,"profit_total":3.370099e-05,"profit_total_pct":0.0,"duration_avg":"1:20:00","wins":5,"draws":13,"losses":0,"winrate":0.2777777777777778},{"key":["","exit_signal"],"trades":70,"profit_mean":-0.0017175951598423847,"profit_mean_pct":-0.17,"profit_sum":-0.12023166118896693,"profit_sum_pct":-12.02,"profit_total_abs":-1.1741526599999996,"profit_total":-0.0011741526599999997,"profit_total_pct":-0.12,"duration_avg":"1:46:00","wins":17,"draws":0,"losses":53,"winrate":0.24285714285714285},{"key":"TOTAL","trades":89,"profit_mean":-0.0011879836460555043,"profit_mean_pct":-0.12,"profit_sum":-0.10573054449893989,"profit_sum_pct":-10.57,"profit_total_abs":-1.0323760100000001,"profit_total":-0.0010323760100000002,"profit_total_pct":-0.1,"duration_avg":"1:40:00","wins":23,"draws":13,"losses":53,"winrate":0.25842696629213485}],"left_open_trades":[{"key":"TOTAL","trades":0,"profit_mean":0.0,"profit_mean_pct":0.0,"profit_sum":0.0,"profit_sum_pct":0.0,"profit_total_abs":0.0,"profit_total":0.0,"profit_total_pct":0.0,"duration_avg":"0:00","wins":0,"draws":0,"losses":0,"winrate":0.0}],"total_trades":89,"trade_count_long":89,"trade_count_short":0,"total_volume":1730.7894335251037,"avg_stake_amount":9.709908364044944,"profit_mean":-0.0011879836460555043,"profit_median":-0.0009307679964372402,"profit_total":-0.0010323760100000002,"profit_total_long":-0.0010323760100000002,"profit_total_short":0.0,"profit_total_abs":-1.0323760100000001,"profit_total_long_abs":-1.0323760100000001,"profit_total_short_abs":0.0,"cagr":-0.05243414537689073,"expectancy":-0.011599730449438192,"expectancy_ratio":-0.5255625843292886,"sortino":-96.24044975454198,"sharpe":-77.58985976800419,"calmar":-235.97687837165552,"sqn":-2.9965,"profit_factor":0.36273452820176055,"backtest_start":"2025-06-23 00:52:00","backtest_start_ts":1750639920000,"backtest_end":"2025-06-30 19:40:00","backtest_end_ts":1751312400000,"backtest_days":7,"backtest_run_start_ts":1751316762,"backtest_run_end_ts":1751316763,"trades_per_day":12.71,"market_change":0.09671840477060001,"pairlist":["BTC/USDT","ETH/USDT"],"stake_amount":10,"stake_currency":"USDT","stake_currency_decimals":3,"starting_balance":1000,"dry_run_wallet":1000,"final_balance":998.96762399,"rejected_signals":0,"timedout_entry_orders":0,"timedout_exit_orders":0,"canceled_trade_entries":0,"canceled_entry_orders":0,"replaced_entry_orders":0,"max_open_trades":-1,"max_open_trades_setting":-1,"timeframe":"1m","timeframe_detail":"","timerange":"20230101-","enable_protections":false,"strategy_name":"BbandRsi","stoploss":-0.217,"trailing_stop":true,"trailing_stop_positive":0.005,"trailing_stop_positive_offset":0.01,"trailing_only_offset_is_reached":true,"use_custom_stoploss":false,"minimal_roi":{"0":0.03,"10":0.02,"30":0.015,"60":0},"use_exit_signal":true,"exit_profit_only":false,"exit_profit_offset":0.0,"ignore_roi_if_entry_signal":false,"trading_mode":"spot","margin_mode":"","periodic_breakdown":{"day":[{"date":"23/06/2025","date_ts":1750636800000,"profit_abs":-0.01388152,"wins":3,"draws":1,"losses":3,"trades":7,"profit_factor":0.92171114},{"date":"24/06/2025","date_ts":1750723200000,"profit_abs":-0.03051143,"wins":4,"draws":1,"losses":6,"trades":11,"profit_factor":0.61415544},{"date":"25/06/2025","date_ts":1750809600000,"profit_abs":0.13237007,"wins":7,"draws":1,"losses":3,"trades":11,"profit_factor":2.30119472},{"date":"26/06/2025","date_ts":1750896000000,"profit_abs":-0.12869336,"wins":2,"draws":4,"losses":3,"trades":9,"profit_factor":0.22799512},{"date":"27/06/2025","date_ts":1750982400000,"profit_abs":-0.30108868,"wins":1,"draws":3,"losses":7,"trades":11,"profit_factor":0.02071728},{"date":"28/06/2025","date_ts":1751068800000,"profit_abs":-0.20716639,"wins":1,"draws":2,"losses":12,"trades":15,"profit_factor":0.02591894},{"date":"29/06/2025","date_ts":1751155200000,"profit_abs":-0.25332589,"wins":4,"draws":0,"losses":12,"trades":16,"profit_factor":0.13918842},{"date":"30/06/2025","date_ts":1751241600000,"profit_abs":-0.23007881,"wins":1,"draws":1,"losses":7,"trades":9,"profit_factor":0.18053323}],"week":[{"date":"23/06/2025","date_ts":1750636800000,"profit_abs":-0.01388152,"wins":3,"draws":1,"losses":3,"trades":7,"profit_factor":0.92171114},{"date":"30/06/2025","date_ts":1751241600000,"profit_abs":-1.01849449,"wins":20,"draws":12,"losses":50,"trades":82,"profit_factor":0.29403475}],"month":[{"date":"30/06/2025","date_ts":1751241600000,"profit_abs":-1.03237601,"wins":23,"draws":13,"losses":53,"trades":89,"profit_factor":0.36273453}],"year":[{"date":"31/12/2025","date_ts":1767139200000,"profit_abs":-1.03237601,"wins":23,"draws":13,"losses":53,"trades":89,"profit_factor":0.36273453}]},"backtest_best_day":0.01329522965625668,"backtest_worst_day":-0.03063729807534712,"backtest_best_day_abs":0.13237007,"backtest_worst_day_abs":-0.30108868,"winning_days":1,"draw_days":0,"losing_days":7,"daily_profit":[["2025-06-23",-0.01388152],["2025-06-24",-0.03051143],["2025-06-25",0.13237007],["2025-06-26",-0.12869336],["2025-06-27",-0.30108868],["2025-06-28",-0.20716639],["2025-06-29",-0.25332589],["2025-06-30",-0.23007881]],"wins":23,"losses":53,"draws":13,"winrate":0.25842696629213485,"holding_avg":"1:40:00","holding_avg_s":6000.0,"winner_holding_avg":"0:35:00","winner_holding_avg_s":2100.0,"loser_holding_avg":"2:11:00","loser_holding_avg_s":7860.0,"max_consecutive_wins":3,"max_consecutive_losses":12,"max_drawdown_account":0.0011940344151628321,"max_relative_drawdown":0.0011940344151628321,"max_drawdown_abs":1.1941815599999994,"drawdown_start":"2025-06-23 13:41:00","drawdown_start_ts":1750686060000.0,"drawdown_end":"2025-06-30 15:30:00","drawdown_end_ts":1751297400000.0,"max_drawdown_low":-1.0709482299999995,"max_drawdown_high":0.12323333,"csum_min":998.92905177,"csum_max":1000.12323333}},"strategy_comparison":[{"key":"BbandRsi","trades":89,"profit_mean":-0.0011879836460555043,"profit_mean_pct":-0.12,"profit_sum":-0.10573054449893989,"profit_sum_pct":-10.57,"profit_total_abs":-1.0323760100000001,"profit_total":-0.0010323760100000002,"profit_total_pct":-0.1,"duration_avg":"1:40:00","wins":23,"draws":13,"losses":53,"winrate":0.25842696629213485,"max_drawdown_account":0.0011940344151628321,"max_drawdown_abs":"1.194"}]}