{"strategy":{"UltimateScalp10xStrategy":{"trades":[{"pair":"BTC/USDT","stake_amount":9.0549081,"max_stake_amount":9.0549081,"amount":9e-05,"open_date":"2025-06-23 00:18:00+00:00","close_date":"2025-06-23 00:47:00+00:00","open_rate":100610.09,"close_rate":101315.06560560559,"fee_open":0.001,"fee_close":0.001,"trade_duration":29,"profit_ratio":0.004995004939841487,"profit_abs":0.04527454,"exit_reason":"roi","initial_stop_loss_abs":97591.79,"initial_stop_loss_ratio":-0.03,"stop_loss_abs":98314.93,"stop_loss_ratio":-0.03,"min_rate":100494.25,"max_rate":101355.59,"is_open":false,"enter_tag":"","leverage":1.0,"is_short":false,"open_timestamp":1750637880000,"close_timestamp":1750639620000,"orders":[{"amount":9e-05,"safe_price":100610.09,"ft_order_side":"buy","order_filled_timestamp":1750637880000,"ft_is_entry":true,"ft_order_tag":"","cost":9.0639630081},{"amount":9e-05,"safe_price":101315.06560560559,"ft_order_side":"sell","order_filled_timestamp":1750639620000,"ft_is_entry":false,"ft_order_tag":"roi","cost":9.127474260409008}]},{"pair":"ETH/USDT","stake_amount":9.96282,"max_stake_amount":9.96282,"amount":0.0045,"open_date":"2025-06-23 16:23:00+00:00","close_date":"2025-06-23 16:45:00+00:00","open_rate":2213.96,"close_rate":2229.4732332332333,"fee_open":0.001,"fee_close":0.001,"trade_duration":22,"profit_ratio":0.004995004995004995,"profit_abs":0.0498141,"exit_reason":"roi","initial_stop_loss_abs":2147.55,"initial_stop_loss_ratio":-0.03,"stop_loss_abs":2163.23,"stop_loss_ratio":-0.03,"min_rate":2188.0,"max_rate":2230.13,"is_open":false,"enter_tag":"","leverage":1.0,"is_short":false,"open_timestamp":1750695780000,"close_timestamp":1750697100000,"orders":[{"amount":0.0045,"safe_price":2213.96,"ft_order_side":"buy","order_filled_timestamp":1750695780000,"ft_is_entry":true,"ft_order_tag":"","cost":9.972782819999997},{"amount":0.0045,"safe_price":2229.4732332332333,"ft_order_side":"sell","order_filled_timestamp":1750697100000,"ft_is_entry":false,"ft_order_tag":"roi","cost":10.042662179099098}]},{"pair":"ETH/USDT","stake_amount":9.842911,"max_stake_amount":9.842911,"amount":0.0041,"open_date":"2025-06-24 07:43:00+00:00","close_date":"2025-06-24 08:22:00+00:00","open_rate":2400.71,"close_rate":2405.516226226226,"fee_open":0.001,"fee_close":0.001,"trade_duration":39,"profit_ratio":0.0,"profit_abs":0.0,"exit_reason":"roi","initial_stop_loss_abs":2328.69,"initial_stop_loss_ratio":-0.03,"stop_loss_abs":2334.15,"stop_loss_ratio":-0.03,"min_rate":2376.11,"max_rate":2406.33,"is_open":false,"enter_tag":"","leverage":1.0,"is_short":false,"open_timestamp":1750750980000,"close_timestamp":1750753320000,"orders":[{"amount":0.0041,"safe_price":2400.71,"ft_order_side":"buy","order_filled_timestamp":1750750980000,"ft_is_entry":true,"ft_order_tag":"","cost":9.852753911},{"amount":0.0041,"safe_price":2405.516226226226,"ft_order_side":"sell","order_filled_timestamp":1750753320000,"ft_is_entry":false,"ft_order_tag":"roi","cost":9.872479144055054}]},{"pair":"BTC/USDT","stake_amount":9.6567795,"max_stake_amount":9.6567795,"amount":9e-05,"open_date":"2025-06-25 15:16:00+00:00","close_date":"2025-06-25 17:20:00+00:00","open_rate":107297.55,"close_rate":107512.35990990991,"fee_open":0.001,"fee_close":0.001,"trade_duration":124,"profit_ratio":0.0,"profit_abs":0.0,"exit_reason":"roi","initial_stop_loss_abs":104078.63,"initial_stop_loss_ratio":-0.03,"stop_loss_abs":104303.47,"stop_loss_ratio":-0.03,"min_rate":106752.36,"max_rate":107529.35,"is_open":false,"enter_tag":"","leverage":1.0,"is_short":false,"open_timestamp":1750864560000,"close_timestamp":1750872000000,"orders":[{"amount":9e-05,"safe_price":107297.55,"ft_order_side":"buy","order_filled_timestamp":1750864560000,"ft_is_entry":true,"ft_order_tag":"","cost":9.6664362795},{"amount":9e-05,"safe_price":107512.35990990991,"ft_order_side":"sell","order_filled_timestamp":1750872000000,"ft_is_entry":false,"ft_order_tag":"roi","cost":9.685788504283783}]},{"pair":"ETH/USDT","stake_amount":9.921057,"max_stake_amount":9.921057,"amount":0.0041,"open_date":"2025-06-26 21:22:00+00:00","close_date":"2025-06-26 22:02:00+00:00","open_rate":2419.77,"close_rate":2424.614384384384,"fee_open":0.001,"fee_close":0.001,"trade_duration":40,"profit_ratio":0.0,"profit_abs":0.0,"exit_reason":"roi","initial_stop_loss_abs":2347.18,"initial_stop_loss_ratio":-0.03,"stop_loss_abs":2357.78,"stop_loss_ratio":-0.03,"min_rate":2394.32,"max_rate":2430.7,"is_open":false,"enter_tag":"","leverage":1.0,"is_short":false,"open_timestamp":1750972920000,"close_timestamp":1750975320000,"orders":[{"amount":0.0041,"safe_price":2419.77,"ft_order_side":"buy","order_filled_timestamp":1750972920000,"ft_is_entry":true,"ft_order_tag":"","cost":9.930978057},{"amount":0.0041,"safe_price":2424.614384384384,"ft_order_side":"sell","order_filled_timestamp":1750975320000,"ft_is_entry":false,"ft_order_tag":"roi","cost":9.950859894951948}]},{"pair":"ETH/USDT","stake_amount":9.886863,"max_stake_amount":9.886863,"amount":0.0041,"open_date":"2025-06-27 17:39:00+00:00","close_date":"2025-06-27 19:57:00+00:00","open_rate":2411.43,"close_rate":2416.2576876876874,"fee_open":0.001,"fee_close":0.001,"trade_duration":138,"profit_ratio":0.0,"profit_abs":0.0,"exit_reason":"roi","initial_stop_loss_abs":2339.09,"initial_stop_loss_ratio":-0.03,"stop_loss_abs":2344.68,"stop_loss_ratio":-0.03,"min_rate":2388.29,"max_rate":2417.19,"is_open":false,"enter_tag":"","leverage":1.0,"is_short":false,"open_timestamp":1751045940000,"close_timestamp":1751054220000,"orders":[{"amount":0.0041,"safe_price":2411.43,"ft_order_side":"buy","order_filled_timestamp":1751045940000,"ft_is_entry":true,"ft_order_tag":"","cost":9.896749862999998},{"amount":0.0041,"safe_price":2416.2576876876874,"ft_order_side":"sell","order_filled_timestamp":1751054220000,"ft_is_entry":false,"ft_order_tag":"roi","cost":9.916563176039038}]},{"pair":"BTC/USDT","stake_amount":9.6217299,"max_stake_amount":9.6217299,"amount":9e-05,"open_date":"2025-06-27 17:39:00+00:00","close_date":"2025-06-27 20:51:00+00:00","open_rate":106908.11,"close_rate":107122.14025025025,"fee_open":0.001,"fee_close":0.001,"trade_duration":192,"profit_ratio":0.0,"profit_abs":0.0,"exit_reason":"roi","initial_stop_loss_abs":103700.87,"initial_stop_loss_ratio":-0.03,"stop_loss_abs":103916.45,"stop_loss_ratio":-0.03,"min_rate":106446.45,"max_rate":107130.36,"is_open":false,"enter_tag":"","leverage":1.0,"is_short":false,"open_timestamp":1751045940000,"close_timestamp":1751057460000,"orders":[{"amount":9e-05,"safe_price":106908.11,"ft_order_side":"buy","order_filled_timestamp":1751045940000,"ft_is_entry":true,"ft_order_tag":"","cost":9.6313516299},{"amount":9e-05,"safe_price":107122.14025025025,"ft_order_side":"sell","order_filled_timestamp":1751057460000,"ft_is_entry":false,"ft_order_tag":"roi","cost":9.650633615145045}]},{"pair":"BTC/USDT","stake_amount":9.6572844,"max_stake_amount":9.6572844,"amount":9e-05,"open_date":"2025-06-28 09:18:00+00:00","close_date":"2025-06-28 12:04:00+00:00","open_rate":107303.16,"close_rate":107373.39,"fee_open":0.001,"fee_close":0.001,"trade_duration":166,"profit_ratio":-0.0013448089814153965,"profit_abs":-0.01300019,"exit_reason":"exit_signal","initial_stop_loss_abs":104084.07,"initial_stop_loss_ratio":-0.03,"stop_loss_abs":104155.59,"stop_loss_ratio":-0.03,"min_rate":107252.6,"max_rate":107376.89,"is_open":false,"enter_tag":"","leverage":1.0,"is_short":false,"open_timestamp":1751102280000,"close_timestamp":1751112240000,"orders":[{"amount":9e-05,"safe_price":107303.16,"ft_order_side":"buy","order_filled_timestamp":1751102280000,"ft_is_entry":true,"ft_order_tag":"","cost":9.666941684400001},{"amount":9e-05,"safe_price":107373.39,"ft_order_side":"sell","order_filled_timestamp":1751112240000,"ft_is_entry":false,"ft_order_tag":"exit_signal","cost":9.673268705099998}]},{"pair":"BTC/USDT","stake_amount":9.6410403,"max_stake_amount":9.6410403,"amount":9e-05,"open_date":"2025-06-28 13:41:00+00:00","close_date":"2025-06-28 15:17:00+00:00","open_rate":107122.67,"close_rate":107238.84,"fee_open":0.001,"fee_close":0.001,"trade_duration":96,"profit_ratio":-0.0009157115117972889,"profit_abs":-0.00883724,"exit_reason":"exit_signal","initial_stop_loss_abs":103908.99,"initial_stop_loss_ratio":-0.03,"stop_loss_abs":104040.6,"stop_loss_ratio":-0.03,"min_rate":107100.99,"max_rate":107258.35,"is_open":false,"enter_tag":"","leverage":1.0,"is_short":false,"open_timestamp":1751118060000,"close_timestamp":1751123820000,"orders":[{"amount":9e-05,"safe_price":107122.67,"ft_order_side":"buy","order_filled_timestamp":1751118060000,"ft_is_entry":true,"ft_order_tag":"","cost":9.650681340299998},{"amount":9e-05,"safe_price":107238.84,"ft_order_side":"sell","order_filled_timestamp":1751123820000,"ft_is_entry":false,"ft_order_tag":"exit_signal","cost":9.661147095599999}]},{"pair":"BTC/USDT","stake_amount":9.6571098,"max_stake_amount":9.6571098,"amount":9e-05,"open_date":"2025-06-28 18:42:00+00:00","close_date":"2025-06-29 04:23:00+00:00","open_rate":107301.22,"close_rate":107241.76,"fee_open":0.001,"fee_close":0.001,"trade_duration":581,"profit_ratio":-0.0025510359596029827,"profit_abs":-0.02466027,"exit_reason":"exit_signal","initial_stop_loss_abs":104082.19,"initial_stop_loss_ratio":-0.03,"stop_loss_abs":104275.0,"stop_loss_ratio":-0.03,"min_rate":107154.62,"max_rate":107500.0,"is_open":false,"enter_tag":"","leverage":1.0,"is_short":false,"open_timestamp":1751136120000,"close_timestamp":1751170980000,"orders":[{"amount":9e-05,"safe_price":107301.22,"ft_order_side":"buy","order_filled_timestamp":1751136120000,"ft_is_entry":true,"ft_order_tag":"","cost":9.6667669098},{"amount":9e-05,"safe_price":107241.76,"ft_order_side":"sell","order_filled_timestamp":1751170980000,"ft_is_entry":false,"ft_order_tag":"exit_signal","cost":9.661410158399999}]},{"pair":"BTC/USDT","stake_amount":9.6597009,"max_stake_amount":9.6597009,"amount":9e-05,"open_date":"2025-06-29 07:47:00+00:00","close_date":"2025-06-29 08:11:00+00:00","open_rate":107330.01,"close_rate":107460.0,"fee_open":0.001,"fee_close":0.001,"trade_duration":24,"profit_ratio":-0.0007892972777630853,"profit_abs":-0.007632,"exit_reason":"exit_signal","initial_stop_loss_abs":104110.11,"initial_stop_loss_ratio":-0.03,"stop_loss_abs":104267.24,"stop_loss_ratio":-0.03,"min_rate":107330.0,"max_rate":107492.0,"is_open":false,"enter_tag":"","leverage":1.0,"is_short":false,"open_timestamp":1751183220000,"close_timestamp":1751184660000,"orders":[{"amount":9e-05,"safe_price":107330.01,"ft_order_side":"buy","order_filled_timestamp":1751183220000,"ft_is_entry":true,"ft_order_tag":"","cost":9.6693606009},{"amount":9e-05,"safe_price":107460.0,"ft_order_side":"sell","order_filled_timestamp":1751184660000,"ft_is_entry":false,"ft_order_tag":"exit_signal","cost":9.681071399999999}]},{"pair":"ETH/USDT","stake_amount":9.85672,"max_stake_amount":9.85672,"amount":0.004,"open_date":"2025-06-30 07:00:00+00:00","close_date":"2025-06-30 07:30:00+00:00","open_rate":2464.18,"close_rate":2476.18,"fee_open":0.001,"fee_close":0.001,"trade_duration":30,"profit_ratio":0.002862042307212709,"profit_abs":0.02823856,"exit_reason":"roi","initial_stop_loss_abs":2390.26,"initial_stop_loss_ratio":-0.03,"stop_loss_abs":2403.91,"stop_loss_ratio":-0.03,"min_rate":2460.53,"max_rate":2478.25,"is_open":false,"enter_tag":"","leverage":1.0,"is_short":false,"open_timestamp":1751266800000,"close_timestamp":1751268600000,"orders":[{"amount":0.004,"safe_price":2464.18,"ft_order_side":"buy","order_filled_timestamp":1751266800000,"ft_is_entry":true,"ft_order_tag":"","cost":9.866576719999998},{"amount":0.004,"safe_price":2476.18,"ft_order_side":"sell","order_filled_timestamp":1751268600000,"ft_is_entry":false,"ft_order_tag":"roi","cost":9.914624719999999}]}],"locks":[],"best_pair":{"key":"ETH/USDT","trades":5,"profit_mean":0.0015714094604435409,"profit_mean_pct":0.16,"profit_sum":0.007857047302217705,"profit_sum_pct":0.79,"profit_total_abs":0.07805266,"profit_total":7.805266e-05,"profit_total_pct":0.01,"duration_avg":"0:54:00","wins":2,"draws":3,"losses":0,"winrate":0.4},"worst_pair":{"key":"BTC/USDT","trades":7,"profit_mean":-8.654982724818095e-05,"profit_mean_pct":-0.01,"profit_sum":-0.0006058487907372667,"profit_sum_pct":-0.06,"profit_total_abs":-0.00885516,"profit_total":-8.85516e-06,"profit_total_pct":-0.0,"duration_avg":"2:53:00","wins":1,"draws":2,"losses":4,"winrate":0.14285714285714285},"results_per_pair":[{"key":"ETH/USDT","trades":5,"profit_mean":0.0015714094604435409,"profit_mean_pct":0.16,"profit_sum":0.007857047302217705,"profit_sum_pct":0.79,"profit_total_abs":0.07805266,"profit_total":7.805266e-05,"profit_total_pct":0.01,"duration_avg":"0:54:00","wins":2,"draws":3,"losses":0,"winrate":0.4},{"key":"BTC/USDT","trades":7,"profit_mean":-8.654982724818095e-05,"profit_mean_pct":-0.01,"profit_sum":-0.0006058487907372667,"profit_sum_pct":-0.06,"profit_total_abs":-0.00885516,"profit_total":-8.85516e-06,"profit_total_pct":-0.0,"duration_avg":"2:53:00","wins":1,"draws":2,"losses":4,"winrate":0.14285714285714285},{"key":"TOTAL","trades":12,"profit_mean":0.0006042665426233697,"profit_mean_pct":0.06,"profit_sum":0.007251198511480437,"profit_sum_pct":0.73,"profit_total_abs":0.06919750000000001,"profit_total":6.91975e-05,"profit_total_pct":0.01,"duration_avg":"2:03:00","wins":3,"draws":5,"losses":4,"winrate":0.25}],"results_per_enter_tag":[{"key":"","trades":12,"profit_mean":0.0006042665426233697,"profit_mean_pct":0.06,"profit_sum":0.007251198511480437,"profit_sum_pct":0.73,"profit_total_abs":0.06919750000000001,"profit_total":6.91975e-05,"profit_total_pct":0.01,"duration_avg":"2:03:00","wins":3,"draws":5,"losses":4,"winrate":0.25},{"key":"TOTAL","trades":12,"profit_mean":0.0006042665426233697,"profit_mean_pct":0.06,"profit_sum":0.007251198511480437,"profit_sum_pct":0.73,"profit_total_abs":0.06919750000000001,"profit_total":6.91975e-05,"profit_total_pct":0.01,"duration_avg":"2:03:00","wins":3,"draws":5,"losses":4,"winrate":0.25}],"exit_reason_summary":[{"key":"roi","trades":8,"profit_mean":0.001606506530257399,"profit_mean_pct":0.16,"profit_sum":0.012852052242059191,"profit_sum_pct":1.29,"profit_total_abs":0.1233272,"profit_total":0.0001233272,"profit_total_pct":0.01,"duration_avg":"1:17:00","wins":3,"draws":5,"losses":0,"winrate":0.375},{"key":"exit_signal","trades":4,"profit_mean":-0.0014002134326446885,"profit_mean_pct":-0.14,"profit_sum":-0.005600853730578754,"profit_sum_pct":-0.56,"profit_total_abs":-0.0541297,"profit_total":-5.4129700000000005e-05,"profit_total_pct":-0.01,"duration_avg":"3:37:00","wins":0,"draws":0,"losses":4,"winrate":0.0},{"key":"TOTAL","trades":12,"profit_mean":0.0006042665426233697,"profit_mean_pct":0.06,"profit_sum":0.007251198511480437,"profit_sum_pct":0.73,"profit_total_abs":0.06919750000000001,"profit_total":6.91975e-05,"profit_total_pct":0.01,"duration_avg":"2:03:00","wins":3,"draws":5,"losses":4,"winrate":0.25}],"mix_tag_stats":[{"key":["","roi"],"trades":8,"profit_mean":0.001606506530257399,"profit_mean_pct":0.16,"profit_sum":0.012852052242059191,"profit_sum_pct":1.29,"profit_total_abs":0.1233272,"profit_total":0.0001233272,"profit_total_pct":0.01,"duration_avg":"1:17:00","wins":3,"draws":5,"losses":0,"winrate":0.375},{"key":["","exit_signal"],"trades":4,"profit_mean":-0.0014002134326446885,"profit_mean_pct":-0.14,"profit_sum":-0.005600853730578754,"profit_sum_pct":-0.56,"profit_total_abs":-0.0541297,"profit_total":-5.4129700000000005e-05,"profit_total_pct":-0.01,"duration_avg":"3:37:00","wins":0,"draws":0,"losses":4,"winrate":0.0},{"key":"TOTAL","trades":12,"profit_mean":0.0006042665426233697,"profit_mean_pct":0.06,"profit_sum":0.007251198511480437,"profit_sum_pct":0.73,"profit_total_abs":0.06919750000000001,"profit_total":6.91975e-05,"profit_total_pct":0.01,"duration_avg":"2:03:00","wins":3,"draws":5,"losses":4,"winrate":0.25}],"left_open_trades":[{"key":"TOTAL","trades":0,"profit_mean":0.0,"profit_mean_pct":0.0,"profit_sum":0.0,"profit_sum_pct":0.0,"profit_total_abs":0.0,"profit_total":0.0,"profit_total_pct":0.0,"duration_avg":"0:00","wins":0,"draws":0,"losses":0,"winrate":0.0}],"total_trades":12,"trade_count_long":12,"trade_count_short":0,"total_volume":233.37332567698294,"avg_stake_amount":9.701576991666666,"profit_mean":0.0006042665426233697,"profit_median":0.0,"profit_total":6.91975e-05,"profit_total_long":6.91975e-05,"profit_total_short":0.0,"profit_total_abs":0.06919750000000001,"profit_total_long_abs":0.06919750000000001,"profit_total_short_abs":0.0,"cagr":0.0036145473025923636,"expectancy":0.0057664583333333335,"expectancy_ratio":0.009454914153721017,"sortino":28.07780258954055,"sharpe":8.55870031716906,"calmar":348.9349496238441,"sqn":0.8667,"profit_factor":2.2783647424611626,"backtest_start":"2025-06-23 00:00:00","backtest_start_ts":1750636800000,"backtest_end":"2025-06-30 14:11:00","backtest_end_ts":1751292660000,"backtest_days":7,"backtest_run_start_ts":1751300794,"backtest_run_end_ts":1751300794,"trades_per_day":1.71,"market_change":0.08535653626498181,"pairlist":["BTC/USDT","ETH/USDT"],"stake_amount":10,"stake_currency":"USDT","stake_currency_decimals":3,"starting_balance":1000,"dry_run_wallet":1000,"final_balance":1000.0691975,"rejected_signals":0,"timedout_entry_orders":0,"timedout_exit_orders":0,"canceled_trade_entries":0,"canceled_entry_orders":0,"replaced_entry_orders":0,"max_open_trades":2,"max_open_trades_setting":3,"timeframe":"1m","timeframe_detail":"","timerange":"","enable_protections":false,"strategy_name":"UltimateScalp10xStrategy","stoploss":-0.03,"trailing_stop":true,"trailing_stop_positive":0.005,"trailing_stop_positive_offset":0.01,"trailing_only_offset_is_reached":false,"use_custom_stoploss":false,"minimal_roi":{"0":0.01,"10":0.008,"20":0.005,"30":0},"use_exit_signal":true,"exit_profit_only":false,"exit_profit_offset":0.0,"ignore_roi_if_entry_signal":false,"trading_mode":"spot","margin_mode":"","periodic_breakdown":{"day":[{"date":"23/06/2025","date_ts":1750636800000,"profit_abs":0.09508864,"wins":2,"draws":0,"losses":0,"trades":2,"profit_factor":0.0},{"date":"24/06/2025","date_ts":1750723200000,"profit_abs":0.0,"wins":0,"draws":1,"losses":0,"trades":1,"profit_factor":0.0},{"date":"25/06/2025","date_ts":1750809600000,"profit_abs":0.0,"wins":0,"draws":1,"losses":0,"trades":1,"profit_factor":0.0},{"date":"26/06/2025","date_ts":1750896000000,"profit_abs":0.0,"wins":0,"draws":1,"losses":0,"trades":1,"profit_factor":0.0},{"date":"27/06/2025","date_ts":1750982400000,"profit_abs":0.0,"wins":0,"draws":2,"losses":0,"trades":2,"profit_factor":0.0},{"date":"28/06/2025","date_ts":1751068800000,"profit_abs":-0.02183743,"wins":0,"draws":0,"losses":2,"trades":2,"profit_factor":0.0},{"date":"29/06/2025","date_ts":1751155200000,"profit_abs":-0.03229227,"wins":0,"draws":0,"losses":2,"trades":2,"profit_factor":0.0},{"date":"30/06/2025","date_ts":1751241600000,"profit_abs":0.02823856,"wins":1,"draws":0,"losses":0,"trades":1,"profit_factor":0.0}],"week":[{"date":"23/06/2025","date_ts":1750636800000,"profit_abs":0.09508864,"wins":2,"draws":0,"losses":0,"trades":2,"profit_factor":0.0},{"date":"30/06/2025","date_ts":1751241600000,"profit_abs":-0.02589114,"wins":1,"draws":5,"losses":4,"trades":10,"profit_factor":0.52168329}],"month":[{"date":"30/06/2025","date_ts":1751241600000,"profit_abs":0.0691975,"wins":3,"draws":5,"losses":4,"trades":12,"profit_factor":2.27836474}],"year":[{"date":"31/12/2025","date_ts":1767139200000,"profit_abs":0.0691975,"wins":3,"draws":5,"losses":4,"trades":12,"profit_factor":2.27836474}]},"backtest_best_day":0.009990009934846483,"backtest_worst_day":-0.003340333237366068,"backtest_best_day_abs":0.09508864,"backtest_worst_day_abs":-0.03229227,"winning_days":2,"draw_days":4,"losing_days":2,"daily_profit":[["2025-06-23",0.09508864],["2025-06-24",0.0],["2025-06-25",0.0],["2025-06-26",0.0],["2025-06-27",0.0],["2025-06-28",-0.02183743],["2025-06-29",-0.03229227],["2025-06-30",0.02823856]],"wins":3,"losses":4,"draws":5,"winrate":0.25,"holding_avg":"2:03:00","holding_avg_s":7380.0,"winner_holding_avg":"0:27:00","winner_holding_avg_s":1620.0,"loser_holding_avg":"3:37:00","loser_holding_avg_s":13020.0,"max_consecutive_wins":2,"max_consecutive_losses":9,"max_drawdown_account":5.412455336980531e-05,"max_relative_drawdown":5.412455336980531e-05,"max_drawdown_abs":0.05412969999999999,"drawdown_start":"2025-06-23 16:45:00","drawdown_start_ts":1750697100000.0,"drawdown_end":"2025-06-29 08:11:00","drawdown_end_ts":1751184660000.0,"max_drawdown_low":0.04095894000000001,"max_drawdown_high":0.09508864,"csum_min":1000.04095894,"csum_max":1000.09508864}},"strategy_comparison":[{"key":"UltimateScalp10xStrategy","trades":12,"profit_mean":0.0006042665426233697,"profit_mean_pct":0.06,"profit_sum":0.007251198511480437,"profit_sum_pct":0.73,"profit_total_abs":0.06919750000000001,"profit_total":6.91975e-05,"profit_total_pct":0.01,"duration_avg":"2:03:00","wins":3,"draws":5,"losses":4,"winrate":0.25,"max_drawdown_account":5.412455336980531e-05,"max_drawdown_abs":"0.054"}]}