{"timeframe":"1m","leverage":{"enabled":true,"type":"dynamic","max_leverage":10},"exchange":{"name":"binance","pair_whitelist":["BTC/USDT","ETH/USDT"],"type":"future"},"stake_currency":"USDT","stake_amount":"unlimited","dry_run":true,"dry_run_wallet":1000,"max_open_trades":3,"custom_leverage":1.0,"entry_pricing":{"price_side":"same","use_order_book":true,"order_book_top":1,"price_last_balance":0.0,"check_depth_of_market":{"enabled":false,"bids_to_ask_delta":1}},"exit_pricing":{"use_exit_signal":true,"exit_type":"ohlcv","allow_df_rate_limit":false},"pairlists":[{"method":"StaticPairList","pairs":["BTC/USDT","ETH/USDT"]}],"startup_candle_count":52,"log_level":"debug","initial_state":"running","config_files":["config.json"],"internals":{}}