{"strategy":{"FixedRiskRewardLossV2":{"trades":[{"pair":"BTC/USDT","stake_amount":329.1428725,"max_stake_amount":329.1428725,"amount":0.00325,"open_date":"2025-06-23 04:25:00+00:00","close_date":"2025-07-01 19:25:00+00:00","open_rate":101274.73,"close_rate":105767.93,"fee_open":0.001,"fee_close":0.001,"trade_duration":12420,"profit_ratio":0.04227980134898794,"profit_abs":13.93001136,"exit_reason":"force_exit","initial_stop_loss_abs":10127.48,"initial_stop_loss_ratio":-0.9,"stop_loss_abs":10127.48,"stop_loss_ratio":-0.9,"min_rate":99613.33,"max_rate":108789.99,"is_open":false,"enter_tag":"","leverage":1.0,"is_short":false,"open_timestamp":1750652700000,"close_timestamp":1751397900000,"orders":[{"amount":0.00325,"safe_price":101274.73,"ft_order_side":"buy","order_filled_timestamp":1750652700000,"ft_is_entry":true,"ft_order_tag":"","cost":329.4720153724999},{"amount":0.00325,"safe_price":105767.93,"ft_order_side":"sell","order_filled_timestamp":1751397900000,"ft_is_entry":false,"ft_order_tag":"force_exit","cost":344.08951827249996}],"funding_fees":0.0}],"locks":[],"best_pair":{"key":"BTC/USDT","trades":1,"profit_mean":0.04227980134898794,"profit_mean_pct":4.23,"profit_sum":0.04227980134898794,"profit_sum_pct":4.23,"profit_total_abs":13.93001136,"profit_total":0.01393001136,"profit_total_pct":1.39,"duration_avg":"8 days, 15:00:00","wins":1,"draws":0,"losses":0,"winrate":1.0,"cagr":0.8798101655294603,"expectancy":13.93001136,"expectancy_ratio":100.0,"sortino":-100,"sharpe":-100,"calmar":-100,"sqn":-100.0,"profit_factor":0.0,"max_drawdown_account":0.0,"max_drawdown_abs":0.0},"worst_pair":{"key":"BTC/USDT","trades":1,"profit_mean":0.04227980134898794,"profit_mean_pct":4.23,"profit_sum":0.04227980134898794,"profit_sum_pct":4.23,"profit_total_abs":13.93001136,"profit_total":0.01393001136,"profit_total_pct":1.39,"duration_avg":"8 days, 15:00:00","wins":1,"draws":0,"losses":0,"winrate":1.0,"cagr":0.8798101655294603,"expectancy":13.93001136,"expectancy_ratio":100.0,"sortino":-100,"sharpe":-100,"calmar":-100,"sqn":-100.0,"profit_factor":0.0,"max_drawdown_account":0.0,"max_drawdown_abs":0.0},"results_per_pair":[{"key":"BTC/USDT","trades":1,"profit_mean":0.04227980134898794,"profit_mean_pct":4.23,"profit_sum":0.04227980134898794,"profit_sum_pct":4.23,"profit_total_abs":13.93001136,"profit_total":0.01393001136,"profit_total_pct":1.39,"duration_avg":"8 days, 15:00:00","wins":1,"draws":0,"losses":0,"winrate":1.0,"cagr":0.8798101655294603,"expectancy":13.93001136,"expectancy_ratio":100.0,"sortino":-100,"sharpe":-100,"calmar":-100,"sqn":-100.0,"profit_factor":0.0,"max_drawdown_account":0.0,"max_drawdown_abs":0.0},{"key":"TOTAL","trades":1,"profit_mean":0.04227980134898794,"profit_mean_pct":4.23,"profit_sum":0.04227980134898794,"profit_sum_pct":4.23,"profit_total_abs":13.93001136,"profit_total":0.01393001136,"profit_total_pct":1.39,"duration_avg":"8 days, 15:00:00","wins":1,"draws":0,"losses":0,"winrate":1.0,"cagr":0.8798101655294603,"expectancy":13.93001136,"expectancy_ratio":100.0,"sortino":-100,"sharpe":-100,"calmar":-100,"sqn":-100.0,"profit_factor":0.0,"max_drawdown_account":0.0,"max_drawdown_abs":0.0}],"results_per_enter_tag":[{"key":"","trades":1,"profit_mean":0.04227980134898794,"profit_mean_pct":4.23,"profit_sum":0.04227980134898794,"profit_sum_pct":4.23,"profit_total_abs":13.93001136,"profit_total":0.01393001136,"profit_total_pct":1.39,"duration_avg":"8 days, 15:00:00","wins":1,"draws":0,"losses":0,"winrate":1.0,"cagr":0.8798101655294603,"expectancy":13.93001136,"expectancy_ratio":100.0,"sortino":-100,"sharpe":-100,"calmar":-100,"sqn":-100.0,"profit_factor":0.0,"max_drawdown_account":0.0,"max_drawdown_abs":0.0},{"key":"TOTAL","trades":1,"profit_mean":0.04227980134898794,"profit_mean_pct":4.23,"profit_sum":0.04227980134898794,"profit_sum_pct":4.23,"profit_total_abs":13.93001136,"profit_total":0.01393001136,"profit_total_pct":1.39,"duration_avg":"8 days, 15:00:00","wins":1,"draws":0,"losses":0,"winrate":1.0,"cagr":0.8798101655294603,"expectancy":13.93001136,"expectancy_ratio":100.0,"sortino":-100,"sharpe":-100,"calmar":-100,"sqn":-100.0,"profit_factor":0.0,"max_drawdown_account":0.0,"max_drawdown_abs":0.0}],"exit_reason_summary":[{"key":"force_exit","trades":1,"profit_mean":0.04227980134898794,"profit_mean_pct":4.23,"profit_sum":0.04227980134898794,"profit_sum_pct":4.23,"profit_total_abs":13.93001136,"profit_total":0.01393001136,"profit_total_pct":1.39,"duration_avg":"8 days, 15:00:00","wins":1,"draws":0,"losses":0,"winrate":1.0,"cagr":0.8798101655294603,"expectancy":13.93001136,"expectancy_ratio":100.0,"sortino":-100,"sharpe":-100,"calmar":-100,"sqn":-100.0,"profit_factor":0.0,"max_drawdown_account":0.0,"max_drawdown_abs":0.0},{"key":"TOTAL","trades":1,"profit_mean":0.04227980134898794,"profit_mean_pct":4.23,"profit_sum":0.04227980134898794,"profit_sum_pct":4.23,"profit_total_abs":13.93001136,"profit_total":0.01393001136,"profit_total_pct":1.39,"duration_avg":"8 days, 15:00:00","wins":1,"draws":0,"losses":0,"winrate":1.0,"cagr":0.8798101655294603,"expectancy":13.93001136,"expectancy_ratio":100.0,"sortino":-100,"sharpe":-100,"calmar":-100,"sqn":-100.0,"profit_factor":0.0,"max_drawdown_account":0.0,"max_drawdown_abs":0.0}],"mix_tag_stats":[{"key":["","force_exit"],"trades":1,"profit_mean":0.04227980134898794,"profit_mean_pct":4.23,"profit_sum":0.04227980134898794,"profit_sum_pct":4.23,"profit_total_abs":13.93001136,"profit_total":0.01393001136,"profit_total_pct":1.39,"duration_avg":"8 days, 15:00:00","wins":1,"draws":0,"losses":0,"winrate":1.0,"cagr":0.8798101655294603,"expectancy":13.93001136,"expectancy_ratio":100.0,"sortino":-100,"sharpe":-100,"calmar":-100,"sqn":-100.0,"profit_factor":0.0,"max_drawdown_account":0.0,"max_drawdown_abs":0.0},{"key":"TOTAL","trades":1,"profit_mean":0.04227980134898794,"profit_mean_pct":4.23,"profit_sum":0.04227980134898794,"profit_sum_pct":4.23,"profit_total_abs":13.93001136,"profit_total":0.01393001136,"profit_total_pct":1.39,"duration_avg":"8 days, 15:00:00","wins":1,"draws":0,"losses":0,"winrate":1.0,"cagr":0.8798101655294603,"expectancy":13.93001136,"expectancy_ratio":100.0,"sortino":-100,"sharpe":-100,"calmar":-100,"sqn":-100.0,"profit_factor":0.0,"max_drawdown_account":0.0,"max_drawdown_abs":0.0}],"left_open_trades":[{"key":"BTC/USDT","trades":1,"profit_mean":0.04227980134898794,"profit_mean_pct":4.23,"profit_sum":0.04227980134898794,"profit_sum_pct":4.23,"profit_total_abs":13.93001136,"profit_total":0.01393001136,"profit_total_pct":1.39,"duration_avg":"8 days, 15:00:00","wins":1,"draws":0,"losses":0,"winrate":1.0,"cagr":0.8798101655294603,"expectancy":13.93001136,"expectancy_ratio":100.0,"sortino":-100,"sharpe":-100,"calmar":-100,"sqn":-100.0,"profit_factor":0.0,"max_drawdown_account":0.0,"max_drawdown_abs":0.0},{"key":"TOTAL","trades":1,"profit_mean":0.04227980134898794,"profit_mean_pct":4.23,"profit_sum":0.04227980134898794,"profit_sum_pct":4.23,"profit_total_abs":13.93001136,"profit_total":0.01393001136,"profit_total_pct":1.39,"duration_avg":"8 days, 15:00:00","wins":1,"draws":0,"losses":0,"winrate":1.0,"cagr":0.8798101655294603,"expectancy":13.93001136,"expectancy_ratio":100.0,"sortino":-100,"sharpe":-100,"calmar":-100,"sqn":-100.0,"profit_factor":0.0,"max_drawdown_account":0.0,"max_drawdown_abs":0.0}],"total_trades":1,"trade_count_long":1,"trade_count_short":0,"total_volume":673.5615336449998,"avg_stake_amount":329.1428725,"profit_mean":0.04227980134898794,"profit_median":0.04227980134898794,"profit_total":0.01393001136,"profit_total_long":0.01393001136,"profit_total_short":0.0,"profit_total_abs":13.93001136,"profit_total_long_abs":13.93001136,"profit_total_short_abs":0.0,"cagr":0.8798101655294603,"expectancy":13.93001136,"expectancy_ratio":100.0,"sortino":-100,"sharpe":-100,"calmar":-100,"sqn":-100.0,"profit_factor":0.0,"backtest_start":"2025-06-23 04:20:00","backtest_start_ts":1750652400000,"backtest_end":"2025-07-01 19:25:00","backtest_end_ts":1751397900000,"backtest_days":8,"backtest_run_start_ts":1751398411,"backtest_run_end_ts":1751398419,"trades_per_day":0.12,"market_change":0.04409658756927824,"pairlist":["BTC/USDT"],"stake_amount":"unlimited","stake_currency":"USDT","stake_currency_decimals":3,"starting_balance":1000,"dry_run_wallet":1000,"final_balance":1013.93001136,"rejected_signals":0,"timedout_entry_orders":0,"timedout_exit_orders":0,"canceled_trade_entries":0,"canceled_entry_orders":0,"replaced_entry_orders":0,"max_open_trades":1,"max_open_trades_setting":3,"timeframe":"5m","timeframe_detail":"","timerange":"","enable_protections":false,"strategy_name":"FixedRiskRewardLossV2","stoploss":-0.9,"trailing_stop":false,"trailing_stop_positive":null,"trailing_stop_positive_offset":0.0,"trailing_only_offset_is_reached":false,"use_custom_stoploss":true,"minimal_roi":{},"use_exit_signal":true,"exit_profit_only":false,"exit_profit_offset":0.0,"ignore_roi_if_entry_signal":false,"trading_mode":"spot","margin_mode":"","periodic_breakdown":{"day":[{"date":"01/07/2025","date_ts":1751328000000,"profit_abs":13.93001136,"wins":1,"draws":0,"losses":0,"trades":1,"profit_factor":0.0}],"week":[{"date":"07/07/2025","date_ts":1751846400000,"profit_abs":13.93001136,"wins":1,"draws":0,"losses":0,"trades":1,"profit_factor":0.0}],"month":[{"date":"31/07/2025","date_ts":1753920000000,"profit_abs":13.93001136,"wins":1,"draws":0,"losses":0,"trades":1,"profit_factor":0.0}],"year":[{"date":"31/12/2025","date_ts":1767139200000,"profit_abs":13.93001136,"wins":1,"draws":0,"losses":0,"trades":1,"profit_factor":0.0}]},"backtest_best_day":0.04227980134898794,"backtest_worst_day":0.04227980134898794,"backtest_best_day_abs":13.93001136,"backtest_worst_day_abs":13.93001136,"winning_days":1,"draw_days":0,"losing_days":0,"daily_profit":[["2025-07-01",13.93001136]],"wins":1,"losses":0,"draws":0,"winrate":1.0,"holding_avg":"8 days, 15:00:00","holding_avg_s":745200.0,"winner_holding_min":"8d 15:00","winner_holding_min_s":745200.0,"winner_holding_max":"8d 15:00","winner_holding_max_s":745200.0,"winner_holding_avg":"8d 15:00","winner_holding_avg_s":745200.0,"loser_holding_min":"0d 00:00","loser_holding_min_s":0.0,"loser_holding_max":"0d 00:00","loser_holding_max_s":0.0,"loser_holding_avg":"0d 00:00","loser_holding_avg_s":0.0,"max_consecutive_wins":1,"max_consecutive_losses":0,"max_drawdown_account":0.0,"max_relative_drawdown":0.0,"max_drawdown_abs":0.0,"drawdown_start":"2025-07-01 19:25:00","drawdown_start_ts":1751397900000.0,"drawdown_end":"2025-07-01 19:25:00","drawdown_end_ts":1751397900000.0,"max_drawdown_low":13.93001136,"max_drawdown_high":13.93001136,"csum_min":1013.93001136,"csum_max":1013.93001136}},"strategy_comparison":[{"key":"FixedRiskRewardLossV2","trades":1,"profit_mean":0.04227980134898794,"profit_mean_pct":4.23,"profit_sum":0.04227980134898794,"profit_sum_pct":4.23,"profit_total_abs":13.93001136,"profit_total":0.01393001136,"profit_total_pct":1.39,"duration_avg":"8 days, 15:00:00","wins":1,"draws":0,"losses":0,"winrate":1.0,"cagr":0.8798101655294603,"expectancy":13.93001136,"expectancy_ratio":100.0,"sortino":-100,"sharpe":-100,"calmar":-100,"sqn":-100.0,"profit_factor":0.0,"max_drawdown_account":0.0,"max_drawdown_abs":"0"}]}