{"strategy":{"FixedRiskRewardLossV2":{"trades":[{"pair":"SOL/USDT","stake_amount":329.88136,"max_stake_amount":329.88136,"amount":1.993,"open_date":"2024-04-10 12:59:00+00:00","close_date":"2024-04-10 13:01:00+00:00","open_rate":165.52,"close_rate":165.01,"fee_open":0.001,"fee_close":0.001,"trade_duration":2,"profit_ratio":-0.0050730444036388945,"profit_abs":-1.67517629,"exit_reason":"exit_signal","initial_stop_loss_abs":162.21,"initial_stop_loss_ratio":-0.02,"stop_loss_abs":162.21,"stop_loss_ratio":-0.02,"min_rate":165.0,"max_rate":165.63,"is_open":false,"enter_tag":"","leverage":1.0,"is_short":false,"open_timestamp":1712753940000,"close_timestamp":1712754060000,"orders":[{"amount":1.993,"safe_price":165.52,"ft_order_side":"buy","order_filled_timestamp":1712753940000,"ft_is_entry":true,"ft_order_tag":"","cost":330.21124136},{"amount":1.993,"safe_price":165.01,"ft_order_side":"sell","order_filled_timestamp":1712754060000,"ft_is_entry":false,"ft_order_tag":"exit_signal","cost":329.19379492999997}],"funding_fees":0.0},{"pair":"SOL/USDT","stake_amount":329.35392,"max_stake_amount":329.35392,"amount":1.953,"open_date":"2024-04-12 13:35:00+00:00","close_date":"2024-04-12 13:38:00+00:00","open_rate":168.64,"close_rate":168.43,"fee_open":0.001,"fee_close":0.001,"trade_duration":3,"profit_ratio":-0.003240770140675264,"profit_abs":-1.06842771,"exit_reason":"exit_signal","initial_stop_loss_abs":165.27,"initial_stop_loss_ratio":-0.02,"stop_loss_abs":165.27,"stop_loss_ratio":-0.02,"min_rate":167.94,"max_rate":168.89,"is_open":false,"enter_tag":"","leverage":1.0,"is_short":false,"open_timestamp":1712928900000,"close_timestamp":1712929080000,"orders":[{"amount":1.953,"safe_price":168.64,"ft_order_side":"buy","order_filled_timestamp":1712928900000,"ft_is_entry":true,"ft_order_tag":"","cost":329.6832739199999},{"amount":1.953,"safe_price":168.43,"ft_order_side":"sell","order_filled_timestamp":1712929080000,"ft_is_entry":false,"ft_order_tag":"exit_signal","cost":329.27273379}],"funding_fees":0.0},{"pair":"SOL/USDT","stake_amount":329.02008,"max_stake_amount":329.02008,"amount":2.306,"open_date":"2024-04-20 08:36:00+00:00","close_date":"2024-04-20 08:37:00+00:00","open_rate":142.68,"close_rate":142.56,"fee_open":0.001,"fee_close":0.001,"trade_duration":1,"profit_ratio":-0.0028373644858085563,"profit_abs":-0.93448344,"exit_reason":"exit_signal","initial_stop_loss_abs":139.83,"initial_stop_loss_ratio":-0.02,"stop_loss_abs":139.83,"stop_loss_ratio":-0.02,"min_rate":142.55,"max_rate":142.68,"is_open":false,"enter_tag":"","leverage":1.0,"is_short":false,"open_timestamp":1713602160000,"close_timestamp":1713602220000,"orders":[{"amount":2.306,"safe_price":142.68,"ft_order_side":"buy","order_filled_timestamp":1713602160000,"ft_is_entry":true,"ft_order_tag":"","cost":329.34910007999997},{"amount":2.306,"safe_price":142.56,"ft_order_side":"sell","order_filled_timestamp":1713602220000,"ft_is_entry":false,"ft_order_tag":"exit_signal","cost":329.07210335999997}],"funding_fees":0.0},{"pair":"SOL/USDT","stake_amount":328.77551,"max_stake_amount":328.77551,"amount":2.149,"open_date":"2024-04-22 09:11:00+00:00","close_date":"2024-04-22 09:19:00+00:00","open_rate":152.99,"close_rate":153.27,"fee_open":0.001,"fee_close":0.001,"trade_duration":8,"profit_ratio":-0.00017147373183715428,"profit_abs":-0.05643274,"exit_reason":"exit_signal","initial_stop_loss_abs":149.94,"initial_stop_loss_ratio":-0.02,"stop_loss_abs":149.94,"stop_loss_ratio":-0.02,"min_rate":152.95,"max_rate":153.55,"is_open":false,"enter_tag":"","leverage":1.0,"is_short":false,"open_timestamp":1713777060000,"close_timestamp":1713777540000,"orders":[{"amount":2.149,"safe_price":152.99,"ft_order_side":"buy","order_filled_timestamp":1713777060000,"ft_is_entry":true,"ft_order_tag":"","cost":329.10428550999995},{"amount":2.149,"safe_price":153.27,"ft_order_side":"sell","order_filled_timestamp":1713777540000,"ft_is_entry":false,"ft_order_tag":"exit_signal","cost":329.70660723}],"funding_fees":0.0},{"pair":"SOL/USDT","stake_amount":328.74837,"max_stake_amount":328.74837,"amount":2.157,"open_date":"2024-04-22 15:30:00+00:00","close_date":"2024-04-22 15:39:00+00:00","open_rate":152.41,"close_rate":152.93,"fee_open":0.001,"fee_close":0.001,"trade_duration":9,"profit_ratio":0.0014070307358149364,"profit_abs":0.46302162,"exit_reason":"exit_signal","initial_stop_loss_abs":149.37,"initial_stop_loss_ratio":-0.02,"stop_loss_abs":149.37,"stop_loss_ratio":-0.02,"min_rate":152.3,"max_rate":153.46,"is_open":false,"enter_tag":"","leverage":1.0,"is_short":false,"open_timestamp":1713799800000,"close_timestamp":1713800340000,"orders":[{"amount":2.157,"safe_price":152.41,"ft_order_side":"buy","order_filled_timestamp":1713799800000,"ft_is_entry":true,"ft_order_tag":"","cost":329.07711837},{"amount":2.157,"safe_price":152.93,"ft_order_side":"sell","order_filled_timestamp":1713800340000,"ft_is_entry":false,"ft_order_tag":"exit_signal","cost":330.19988001}],"funding_fees":0.0},{"pair":"SOL/USDT","stake_amount":328.88226,"max_stake_amount":328.88226,"amount":2.121,"open_date":"2024-04-23 23:26:00+00:00","close_date":"2024-04-23 23:35:00+00:00","open_rate":155.06,"close_rate":155.05,"fee_open":0.001,"fee_close":0.001,"trade_duration":9,"profit_ratio":-0.002062364309236488,"profit_abs":-0.67895331,"exit_reason":"exit_signal","initial_stop_loss_abs":151.96,"initial_stop_loss_ratio":-0.02,"stop_loss_abs":151.96,"stop_loss_ratio":-0.02,"min_rate":155.03,"max_rate":155.25,"is_open":false,"enter_tag":"","leverage":1.0,"is_short":false,"open_timestamp":1713914760000,"close_timestamp":1713915300000,"orders":[{"amount":2.121,"safe_price":155.06,"ft_order_side":"buy","order_filled_timestamp":1713914760000,"ft_is_entry":true,"ft_order_tag":"","cost":329.21114226},{"amount":2.121,"safe_price":155.05,"ft_order_side":"sell","order_filled_timestamp":1713915300000,"ft_is_entry":false,"ft_order_tag":"exit_signal","cost":329.18991105}],"funding_fees":0.0},{"pair":"SOL/USDT","stake_amount":328.56852,"max_stake_amount":328.56852,"amount":2.261,"open_date":"2024-05-05 01:04:00+00:00","close_date":"2024-05-05 01:11:00+00:00","open_rate":145.32,"close_rate":145.21,"fee_open":0.001,"fee_close":0.001,"trade_duration":7,"profit_ratio":-0.0027534397889476337,"profit_abs":-0.90559833,"exit_reason":"exit_signal","initial_stop_loss_abs":142.42,"initial_stop_loss_ratio":-0.02,"stop_loss_abs":142.42,"stop_loss_ratio":-0.02,"min_rate":144.94,"max_rate":145.42,"is_open":false,"enter_tag":"","leverage":1.0,"is_short":false,"open_timestamp":1714871040000,"close_timestamp":1714871460000,"orders":[{"amount":2.261,"safe_price":145.32,"ft_order_side":"buy","order_filled_timestamp":1714871040000,"ft_is_entry":true,"ft_order_tag":"","cost":328.89708851999995},{"amount":2.261,"safe_price":145.21,"ft_order_side":"sell","order_filled_timestamp":1714871460000,"ft_is_entry":false,"ft_order_tag":"exit_signal","cost":328.64812981}],"funding_fees":0.0},{"pair":"SOL/USDT","stake_amount":328.265,"max_stake_amount":328.265,"amount":2.26,"open_date":"2024-06-14 14:57:00+00:00","close_date":"2024-06-14 14:59:00+00:00","open_rate":145.25,"close_rate":145.13,"fee_open":0.001,"fee_close":0.001,"trade_duration":2,"profit_ratio":-0.0028225131151120826,"profit_abs":-0.9274588,"exit_reason":"exit_signal","initial_stop_loss_abs":142.35,"initial_stop_loss_ratio":-0.02,"stop_loss_abs":142.35,"stop_loss_ratio":-0.02,"min_rate":144.97,"max_rate":145.32,"is_open":false,"enter_tag":"","leverage":1.0,"is_short":false,"open_timestamp":1718377020000,"close_timestamp":1718377140000,"orders":[{"amount":2.26,"safe_price":145.25,"ft_order_side":"buy","order_filled_timestamp":1718377020000,"ft_is_entry":true,"ft_order_tag":"","cost":328.593265},{"amount":2.26,"safe_price":145.13,"ft_order_side":"sell","order_filled_timestamp":1718377140000,"ft_is_entry":false,"ft_order_tag":"exit_signal","cost":328.3217937999999}],"funding_fees":0.0},{"pair":"SOL/USDT","stake_amount":328.06494,"max_stake_amount":328.06494,"amount":2.294,"open_date":"2024-06-17 10:41:00+00:00","close_date":"2024-06-17 10:58:00+00:00","open_rate":143.01,"close_rate":143.23,"fee_open":0.001,"fee_close":0.001,"trade_duration":17,"profit_ratio":-0.0004627216710287824,"profit_abs":-0.15195456,"exit_reason":"exit_signal","initial_stop_loss_abs":140.15,"initial_stop_loss_ratio":-0.02,"stop_loss_abs":140.15,"stop_loss_ratio":-0.02,"min_rate":143.01,"max_rate":143.59,"is_open":false,"enter_tag":"","leverage":1.0,"is_short":false,"open_timestamp":1718620860000,"close_timestamp":1718621880000,"orders":[{"amount":2.294,"safe_price":143.01,"ft_order_side":"buy","order_filled_timestamp":1718620860000,"ft_is_entry":true,"ft_order_tag":"","cost":328.39300493999997},{"amount":2.294,"safe_price":143.23,"ft_order_side":"sell","order_filled_timestamp":1718621880000,"ft_is_entry":false,"ft_order_tag":"exit_signal","cost":328.8981896199999}],"funding_fees":0.0},{"pair":"SOL/USDT","stake_amount":327.99273,"max_stake_amount":327.99273,"amount":2.379,"open_date":"2024-06-25 17:10:00+00:00","close_date":"2024-06-25 17:16:00+00:00","open_rate":137.87,"close_rate":138.23,"fee_open":0.001,"fee_close":0.001,"trade_duration":6,"profit_ratio":0.0006079363444997739,"profit_abs":0.1995981,"exit_reason":"exit_signal","initial_stop_loss_abs":135.12,"initial_stop_loss_ratio":-0.02,"stop_loss_abs":135.12,"stop_loss_ratio":-0.02,"min_rate":137.84,"max_rate":138.42,"is_open":false,"enter_tag":"","leverage":1.0,"is_short":false,"open_timestamp":1719335400000,"close_timestamp":1719335760000,"orders":[{"amount":2.379,"safe_price":137.87,"ft_order_side":"buy","order_filled_timestamp":1719335400000,"ft_is_entry":true,"ft_order_tag":"","cost":328.32072272999994},{"amount":2.379,"safe_price":138.23,"ft_order_side":"sell","order_filled_timestamp":1719335760000,"ft_is_entry":false,"ft_order_tag":"exit_signal","cost":329.1780191699999}],"funding_fees":0.0},{"pair":"SOL/USDT","stake_amount":328.0212,"max_stake_amount":328.0212,"amount":1.935,"open_date":"2024-07-19 17:16:00+00:00","close_date":"2024-07-19 17:17:00+00:00","open_rate":169.52,"close_rate":169.48,"fee_open":0.001,"fee_close":0.001,"trade_duration":1,"profit_ratio":-0.0022334909073936917,"profit_abs":-0.733365,"exit_reason":"exit_signal","initial_stop_loss_abs":166.13,"initial_stop_loss_ratio":-0.02,"stop_loss_abs":166.13,"stop_loss_ratio":-0.02,"min_rate":169.45,"max_rate":169.61,"is_open":false,"enter_tag":"","leverage":1.0,"is_short":false,"open_timestamp":1721409360000,"close_timestamp":1721409420000,"orders":[{"amount":1.935,"safe_price":169.52,"ft_order_side":"buy","order_filled_timestamp":1721409360000,"ft_is_entry":true,"ft_order_tag":"","cost":328.3492212},{"amount":1.935,"safe_price":169.48,"ft_order_side":"sell","order_filled_timestamp":1721409420000,"ft_is_entry":false,"ft_order_tag":"exit_signal","cost":328.27174379999997}],"funding_fees":0.0},{"pair":"SOL/USDT","stake_amount":327.77432,"max_stake_amount":327.77432,"amount":1.934,"open_date":"2024-07-19 17:18:00+00:00","close_date":"2024-07-19 17:19:00+00:00","open_rate":169.48,"close_rate":169.32,"fee_open":0.001,"fee_close":0.001,"trade_duration":1,"profit_ratio":-0.0029401799522167705,"profit_abs":-0.9646792,"exit_reason":"exit_signal","initial_stop_loss_abs":166.1,"initial_stop_loss_ratio":-0.02,"stop_loss_abs":166.1,"stop_loss_ratio":-0.02,"min_rate":169.31,"max_rate":169.62,"is_open":false,"enter_tag":"","leverage":1.0,"is_short":false,"open_timestamp":1721409480000,"close_timestamp":1721409540000,"orders":[{"amount":1.934,"safe_price":169.48,"ft_order_side":"buy","order_filled_timestamp":1721409480000,"ft_is_entry":true,"ft_order_tag":"","cost":328.10209431999994},{"amount":1.934,"safe_price":169.32,"ft_order_side":"sell","order_filled_timestamp":1721409540000,"ft_is_entry":false,"ft_order_tag":"exit_signal","cost":327.79234488}],"funding_fees":0.0},{"pair":"SOL/USDT","stake_amount":327.4155,"max_stake_amount":327.4155,"amount":2.37,"open_date":"2024-08-17 00:45:00+00:00","close_date":"2024-08-17 00:51:00+00:00","open_rate":138.15,"close_rate":138.44,"fee_open":0.001,"fee_close":0.001,"trade_duration":6,"profit_ratio":9.697143247631849e-05,"profit_abs":0.0317817,"exit_reason":"exit_signal","initial_stop_loss_abs":135.39,"initial_stop_loss_ratio":-0.02,"stop_loss_abs":135.39,"stop_loss_ratio":-0.02,"min_rate":138.14,"max_rate":138.76,"is_open":false,"enter_tag":"","leverage":1.0,"is_short":false,"open_timestamp":1723855500000,"close_timestamp":1723855860000,"orders":[{"amount":2.37,"safe_price":138.15,"ft_order_side":"buy","order_filled_timestamp":1723855500000,"ft_is_entry":true,"ft_order_tag":"","cost":327.7429155},{"amount":2.37,"safe_price":138.44,"ft_order_side":"sell","order_filled_timestamp":1723855860000,"ft_is_entry":false,"ft_order_tag":"exit_signal","cost":328.43090279999996}],"funding_fees":0.0},{"pair":"SOL/USDT","stake_amount":327.55512,"max_stake_amount":327.55512,"amount":2.424,"open_date":"2024-08-31 23:39:00+00:00","close_date":"2024-08-31 23:45:00+00:00","open_rate":135.13,"close_rate":135.25,"fee_open":0.001,"fee_close":0.001,"trade_duration":6,"profit_ratio":-0.0011117425459170446,"profit_abs":-0.36452112,"exit_reason":"exit_signal","initial_stop_loss_abs":132.43,"initial_stop_loss_ratio":-0.02,"stop_loss_abs":132.43,"stop_loss_ratio":-0.02,"min_rate":135.12,"max_rate":135.3,"is_open":false,"enter_tag":"","leverage":1.0,"is_short":false,"open_timestamp":1725147540000,"close_timestamp":1725147900000,"orders":[{"amount":2.424,"safe_price":135.13,"ft_order_side":"buy","order_filled_timestamp":1725147540000,"ft_is_entry":true,"ft_order_tag":"","cost":327.88267511999993},{"amount":2.424,"safe_price":135.25,"ft_order_side":"sell","order_filled_timestamp":1725147900000,"ft_is_entry":false,"ft_order_tag":"exit_signal","cost":328.17384599999997}],"funding_fees":0.0},{"pair":"SOL/USDT","stake_amount":327.34714,"max_stake_amount":327.34714,"amount":2.557,"open_date":"2024-09-02 05:23:00+00:00","close_date":"2024-09-02 05:30:00+00:00","open_rate":128.02,"close_rate":128.05,"fee_open":0.001,"fee_close":0.001,"trade_duration":7,"profit_ratio":-0.0017641318219352902,"profit_abs":-0.57806099,"exit_reason":"exit_signal","initial_stop_loss_abs":125.46,"initial_stop_loss_ratio":-0.02,"stop_loss_abs":125.46,"stop_loss_ratio":-0.02,"min_rate":127.45,"max_rate":128.23,"is_open":false,"enter_tag":"","leverage":1.0,"is_short":false,"open_timestamp":1725254580000,"close_timestamp":1725255000000,"orders":[{"amount":2.557,"safe_price":128.02,"ft_order_side":"buy","order_filled_timestamp":1725254580000,"ft_is_entry":true,"ft_order_tag":"","cost":327.67448714},{"amount":2.557,"safe_price":128.05,"ft_order_side":"sell","order_filled_timestamp":1725255000000,"ft_is_entry":false,"ft_order_tag":"exit_signal","cost":327.75127384999996}],"funding_fees":0.0},{"pair":"SOL/USDT","stake_amount":327.1177,"max_stake_amount":327.1177,"amount":2.443,"open_date":"2024-09-10 00:55:00+00:00","close_date":"2024-09-10 01:01:00+00:00","open_rate":133.9,"close_rate":133.93,"fee_open":0.001,"fee_close":0.001,"trade_duration":6,"profit_ratio":-0.001774401849084448,"profit_abs":-0.58101869,"exit_reason":"exit_signal","initial_stop_loss_abs":131.23,"initial_stop_loss_ratio":-0.02,"stop_loss_abs":131.23,"stop_loss_ratio":-0.02,"min_rate":133.83,"max_rate":134.07,"is_open":false,"enter_tag":"","leverage":1.0,"is_short":false,"open_timestamp":1725929700000,"close_timestamp":1725930060000,"orders":[{"amount":2.443,"safe_price":133.9,"ft_order_side":"buy","order_filled_timestamp":1725929700000,"ft_is_entry":true,"ft_order_tag":"","cost":327.4448177},{"amount":2.443,"safe_price":133.93,"ft_order_side":"sell","order_filled_timestamp":1725930060000,"ft_is_entry":false,"ft_order_tag":"exit_signal","cost":327.51818098999996}],"funding_fees":0.0},{"pair":"SOL/USDT","stake_amount":326.97,"max_stake_amount":326.97,"amount":2.25,"open_date":"2024-09-22 10:11:00+00:00","close_date":"2024-09-22 10:13:00+00:00","open_rate":145.32,"close_rate":145.38,"fee_open":0.001,"fee_close":0.001,"trade_duration":2,"profit_ratio":-0.0015859450211225604,"profit_abs":-0.519075,"exit_reason":"exit_signal","initial_stop_loss_abs":142.42,"initial_stop_loss_ratio":-0.02,"stop_loss_abs":142.42,"stop_loss_ratio":-0.02,"min_rate":145.32,"max_rate":145.46,"is_open":false,"enter_tag":"","leverage":1.0,"is_short":false,"open_timestamp":1726999860000,"close_timestamp":1726999980000,"orders":[{"amount":2.25,"safe_price":145.32,"ft_order_side":"buy","order_filled_timestamp":1726999860000,"ft_is_entry":true,"ft_order_tag":"","cost":327.29696999999993},{"amount":2.25,"safe_price":145.38,"ft_order_side":"sell","order_filled_timestamp":1726999980000,"ft_is_entry":false,"ft_order_tag":"exit_signal","cost":327.432105}],"funding_fees":0.0},{"pair":"SOL/USDT","stake_amount":326.84421,"max_stake_amount":326.84421,"amount":2.091,"open_date":"2024-10-01 08:58:00+00:00","close_date":"2024-10-01 09:01:00+00:00","open_rate":156.31,"close_rate":156.28,"fee_open":0.001,"fee_close":0.001,"trade_duration":3,"profit_ratio":-0.0021895448291712125,"profit_abs":-0.71635569,"exit_reason":"exit_signal","initial_stop_loss_abs":153.19,"initial_stop_loss_ratio":-0.02,"stop_loss_abs":153.19,"stop_loss_ratio":-0.02,"min_rate":156.2,"max_rate":156.39,"is_open":false,"enter_tag":"","leverage":1.0,"is_short":false,"open_timestamp":1727773080000,"close_timestamp":1727773260000,"orders":[{"amount":2.091,"safe_price":156.31,"ft_order_side":"buy","order_filled_timestamp":1727773080000,"ft_is_entry":true,"ft_order_tag":"","cost":327.17105421},{"amount":2.091,"safe_price":156.28,"ft_order_side":"sell","order_filled_timestamp":1727773260000,"ft_is_entry":false,"ft_order_tag":"exit_signal","cost":327.10826148}],"funding_fees":0.0},{"pair":"SOL/USDT","stake_amount":326.54996,"max_stake_amount":326.54996,"amount":2.332,"open_date":"2024-10-10 07:45:00+00:00","close_date":"2024-10-10 07:48:00+00:00","open_rate":140.03,"close_rate":140.03,"fee_open":0.001,"fee_close":0.001,"trade_duration":3,"profit_ratio":-0.0019980019980019976,"profit_abs":-0.65309992,"exit_reason":"exit_signal","initial_stop_loss_abs":137.23,"initial_stop_loss_ratio":-0.02,"stop_loss_abs":137.23,"stop_loss_ratio":-0.02,"min_rate":140.02,"max_rate":140.1,"is_open":false,"enter_tag":"","leverage":1.0,"is_short":false,"open_timestamp":1728546300000,"close_timestamp":1728546480000,"orders":[{"amount":2.332,"safe_price":140.03,"ft_order_side":"buy","order_filled_timestamp":1728546300000,"ft_is_entry":true,"ft_order_tag":"","cost":326.87650995999996},{"amount":2.332,"safe_price":140.03,"ft_order_side":"sell","order_filled_timestamp":1728546480000,"ft_is_entry":false,"ft_order_tag":"exit_signal","cost":326.87650995999996}],"funding_fees":0.0},{"pair":"SOL/USDT","stake_amount":326.27748,"max_stake_amount":326.27748,"amount":1.893,"open_date":"2024-10-24 09:18:00+00:00","close_date":"2024-10-24 09:21:00+00:00","open_rate":172.36,"close_rate":172.24,"fee_open":0.001,"fee_close":0.001,"trade_duration":3,"profit_ratio":-0.002692828174378418,"profit_abs":-0.8794878,"exit_reason":"exit_signal","initial_stop_loss_abs":168.92,"initial_stop_loss_ratio":-0.02,"stop_loss_abs":168.92,"stop_loss_ratio":-0.02,"min_rate":171.92,"max_rate":172.65,"is_open":false,"enter_tag":"","leverage":1.0,"is_short":false,"open_timestamp":1729761480000,"close_timestamp":1729761660000,"orders":[{"amount":1.893,"safe_price":172.36,"ft_order_side":"buy","order_filled_timestamp":1729761480000,"ft_is_entry":true,"ft_order_tag":"","cost":326.60375748},{"amount":1.893,"safe_price":172.24,"ft_order_side":"sell","order_filled_timestamp":1729761660000,"ft_is_entry":false,"ft_order_tag":"exit_signal","cost":326.37637032}],"funding_fees":0.0},{"pair":"SOL/USDT","stake_amount":326.0466,"max_stake_amount":326.0466,"amount":1.98,"open_date":"2024-11-01 21:49:00+00:00","close_date":"2024-11-01 22:00:00+00:00","open_rate":164.67,"close_rate":165.25,"fee_open":0.001,"fee_close":0.001,"trade_duration":11,"profit_ratio":0.0015171565545039766,"profit_abs":0.4951584,"exit_reason":"exit_signal","initial_stop_loss_abs":161.38,"initial_stop_loss_ratio":-0.02,"stop_loss_abs":161.38,"stop_loss_ratio":-0.02,"min_rate":164.64,"max_rate":165.52,"is_open":false,"enter_tag":"","leverage":1.0,"is_short":false,"open_timestamp":1730497740000,"close_timestamp":1730498400000,"orders":[{"amount":1.98,"safe_price":164.67,"ft_order_side":"buy","order_filled_timestamp":1730497740000,"ft_is_entry":true,"ft_order_tag":"","cost":326.37264659999994},{"amount":1.98,"safe_price":165.25,"ft_order_side":"sell","order_filled_timestamp":1730498400000,"ft_is_entry":false,"ft_order_tag":"exit_signal","cost":327.52219499999995}],"funding_fees":0.0},{"pair":"SOL/USDT","stake_amount":326.196,"max_stake_amount":326.196,"amount":2.05,"open_date":"2024-11-03 19:05:00+00:00","close_date":"2024-11-03 19:06:00+00:00","open_rate":159.12,"close_rate":159.01,"fee_open":0.001,"fee_close":0.001,"trade_duration":1,"profit_ratio":-0.002687922936791715,"profit_abs":-0.8776665,"exit_reason":"exit_signal","initial_stop_loss_abs":155.94,"initial_stop_loss_ratio":-0.02,"stop_loss_abs":155.94,"stop_loss_ratio":-0.02,"min_rate":158.91,"max_rate":159.3,"is_open":false,"enter_tag":"","leverage":1.0,"is_short":false,"open_timestamp":1730660700000,"close_timestamp":1730660760000,"orders":[{"amount":2.05,"safe_price":159.12,"ft_order_side":"buy","order_filled_timestamp":1730660700000,"ft_is_entry":true,"ft_order_tag":"","cost":326.52219599999995},{"amount":2.05,"safe_price":159.01,"ft_order_side":"sell","order_filled_timestamp":1730660760000,"ft_is_entry":false,"ft_order_tag":"exit_signal","cost":326.29647049999994}],"funding_fees":0.0},{"pair":"SOL/USDT","stake_amount":326.01114,"max_stake_amount":326.01114,"amount":1.521,"open_date":"2024-11-16 17:17:00+00:00","close_date":"2024-11-16 17:20:00+00:00","open_rate":214.34,"close_rate":214.39,"fee_open":0.001,"fee_close":0.001,"trade_duration":3,"profit_ratio":-0.0017651938432007481,"profit_abs":-0.57604833,"exit_reason":"exit_signal","initial_stop_loss_abs":210.06,"initial_stop_loss_ratio":-0.02,"stop_loss_abs":210.06,"stop_loss_ratio":-0.02,"min_rate":214.28,"max_rate":214.63,"is_open":false,"enter_tag":"","leverage":1.0,"is_short":false,"open_timestamp":1731777420000,"close_timestamp":1731777600000,"orders":[{"amount":1.521,"safe_price":214.34,"ft_order_side":"buy","order_filled_timestamp":1731777420000,"ft_is_entry":true,"ft_order_tag":"","cost":326.33715114},{"amount":1.521,"safe_price":214.39,"ft_order_side":"sell","order_filled_timestamp":1731777600000,"ft_is_entry":false,"ft_order_tag":"exit_signal","cost":326.4132771899999}],"funding_fees":0.0},{"pair":"SOL/USDT","stake_amount":325.77435,"max_stake_amount":325.77435,"amount":1.395,"open_date":"2024-11-20 02:52:00+00:00","close_date":"2024-11-20 02:55:00+00:00","open_rate":233.53,"close_rate":233.42,"fee_open":0.001,"fee_close":0.001,"trade_duration":3,"profit_ratio":-0.0024680924351202257,"profit_abs":-0.80484525,"exit_reason":"exit_signal","initial_stop_loss_abs":228.86,"initial_stop_loss_ratio":-0.02,"stop_loss_abs":228.86,"stop_loss_ratio":-0.02,"min_rate":233.3,"max_rate":233.75,"is_open":false,"enter_tag":"","leverage":1.0,"is_short":false,"open_timestamp":1732071120000,"close_timestamp":1732071300000,"orders":[{"amount":1.395,"safe_price":233.53,"ft_order_side":"buy","order_filled_timestamp":1732071120000,"ft_is_entry":true,"ft_order_tag":"","cost":326.10012435},{"amount":1.395,"safe_price":233.42,"ft_order_side":"sell","order_filled_timestamp":1732071300000,"ft_is_entry":false,"ft_order_tag":"exit_signal","cost":325.9465209}],"funding_fees":0.0},{"pair":"SOL/USDT","stake_amount":325.4913,"max_stake_amount":325.4913,"amount":1.438,"open_date":"2024-12-02 16:59:00+00:00","close_date":"2024-12-02 17:00:00+00:00","open_rate":226.35,"close_rate":226.24,"fee_open":0.001,"fee_close":0.001,"trade_duration":1,"profit_ratio":-0.00248300407346133,"profit_abs":-0.80900442,"exit_reason":"exit_signal","initial_stop_loss_abs":221.83,"initial_stop_loss_ratio":-0.02,"stop_loss_abs":221.83,"stop_loss_ratio":-0.02,"min_rate":226.03,"max_rate":226.71,"is_open":false,"enter_tag":"","leverage":1.0,"is_short":false,"open_timestamp":1733158740000,"close_timestamp":1733158800000,"orders":[{"amount":1.438,"safe_price":226.35,"ft_order_side":"buy","order_filled_timestamp":1733158740000,"ft_is_entry":true,"ft_order_tag":"","cost":325.8167912999999},{"amount":1.438,"safe_price":226.24,"ft_order_side":"sell","order_filled_timestamp":1733158800000,"ft_is_entry":false,"ft_order_tag":"exit_signal","cost":325.65845312}],"funding_fees":0.0},{"pair":"SOL/USDT","stake_amount":325.1846,"max_stake_amount":325.1846,"amount":1.81,"open_date":"2024-12-22 05:27:00+00:00","close_date":"2024-12-22 05:28:00+00:00","open_rate":179.66,"close_rate":179.36,"fee_open":0.001,"fee_close":0.001,"trade_duration":1,"profit_ratio":-0.003664486465332508,"profit_abs":-1.1928262,"exit_reason":"exit_signal","initial_stop_loss_abs":176.07,"initial_stop_loss_ratio":-0.02,"stop_loss_abs":176.07,"stop_loss_ratio":-0.02,"min_rate":179.12,"max_rate":179.79,"is_open":false,"enter_tag":"","leverage":1.0,"is_short":false,"open_timestamp":1734845220000,"close_timestamp":1734845280000,"orders":[{"amount":1.81,"safe_price":179.66,"ft_order_side":"buy","order_filled_timestamp":1734845220000,"ft_is_entry":true,"ft_order_tag":"","cost":325.50978459999993},{"amount":1.81,"safe_price":179.36,"ft_order_side":"sell","order_filled_timestamp":1734845280000,"ft_is_entry":false,"ft_order_tag":"exit_signal","cost":324.9662416}],"funding_fees":0.0}],"locks":[],"best_pair":{"key":"SOL/USDT","trades":26,"profit_mean":-0.001813598593542993,"profit_mean_pct":-0.18,"profit_sum":-0.047153563432117816,"profit_sum_pct":-4.72,"profit_total_abs":-15.458979470000001,"profit_total":-0.01545897947,"profit_total_pct":-1.55,"duration_avg":"0:05:00","wins":4,"draws":0,"losses":22,"winrate":0.15384615384615385,"cagr":-0.020614576031349308,"expectancy":-0.5945761334615385,"expectancy_ratio":-0.7856950515779362,"sortino":-3.226964043716403,"sharpe":-2.1838817050654202,"calmar":-6.998158671993685,"sqn":-6.0013,"profit_factor":0.07145130268062094,"max_drawdown_account":0.015458979470000031,"max_drawdown_abs":15.458979470000004},"worst_pair":{"key":"SOL/USDT","trades":26,"profit_mean":-0.001813598593542993,"profit_mean_pct":-0.18,"profit_sum":-0.047153563432117816,"profit_sum_pct":-4.72,"profit_total_abs":-15.458979470000001,"profit_total":-0.01545897947,"profit_total_pct":-1.55,"duration_avg":"0:05:00","wins":4,"draws":0,"losses":22,"winrate":0.15384615384615385,"cagr":-0.020614576031349308,"expectancy":-0.5945761334615385,"expectancy_ratio":-0.7856950515779362,"sortino":-3.226964043716403,"sharpe":-2.1838817050654202,"calmar":-6.998158671993685,"sqn":-6.0013,"profit_factor":0.07145130268062094,"max_drawdown_account":0.015458979470000031,"max_drawdown_abs":15.458979470000004},"results_per_pair":[{"key":"SOL/USDT","trades":26,"profit_mean":-0.001813598593542993,"profit_mean_pct":-0.18,"profit_sum":-0.047153563432117816,"profit_sum_pct":-4.72,"profit_total_abs":-15.458979470000001,"profit_total":-0.01545897947,"profit_total_pct":-1.55,"duration_avg":"0:05:00","wins":4,"draws":0,"losses":22,"winrate":0.15384615384615385,"cagr":-0.020614576031349308,"expectancy":-0.5945761334615385,"expectancy_ratio":-0.7856950515779362,"sortino":-3.226964043716403,"sharpe":-2.1838817050654202,"calmar":-6.998158671993685,"sqn":-6.0013,"profit_factor":0.07145130268062094,"max_drawdown_account":0.015458979470000031,"max_drawdown_abs":15.458979470000004},{"key":"TOTAL","trades":26,"profit_mean":-0.001813598593542993,"profit_mean_pct":-0.18,"profit_sum":-0.047153563432117816,"profit_sum_pct":-4.72,"profit_total_abs":-15.458979470000001,"profit_total":-0.01545897947,"profit_total_pct":-1.55,"duration_avg":"0:05:00","wins":4,"draws":0,"losses":22,"winrate":0.15384615384615385,"cagr":-0.020614576031349308,"expectancy":-0.5945761334615385,"expectancy_ratio":-0.7856950515779362,"sortino":-3.226964043716403,"sharpe":-2.1838817050654202,"calmar":-6.998158671993685,"sqn":-6.0013,"profit_factor":0.07145130268062094,"max_drawdown_account":0.015458979470000031,"max_drawdown_abs":15.458979470000004}],"results_per_enter_tag":[{"key":"","trades":26,"profit_mean":-0.001813598593542993,"profit_mean_pct":-0.18,"profit_sum":-0.047153563432117816,"profit_sum_pct":-4.72,"profit_total_abs":-15.458979470000001,"profit_total":-0.01545897947,"profit_total_pct":-1.55,"duration_avg":"0:05:00","wins":4,"draws":0,"losses":22,"winrate":0.15384615384615385,"cagr":-0.020614576031349308,"expectancy":-0.5945761334615385,"expectancy_ratio":-0.7856950515779362,"sortino":-3.226964043716403,"sharpe":-2.1838817050654202,"calmar":-6.998158671993685,"sqn":-6.0013,"profit_factor":0.07145130268062094,"max_drawdown_account":0.015458979470000031,"max_drawdown_abs":15.458979470000004},{"key":"TOTAL","trades":26,"profit_mean":-0.001813598593542993,"profit_mean_pct":-0.18,"profit_sum":-0.047153563432117816,"profit_sum_pct":-4.72,"profit_total_abs":-15.458979470000001,"profit_total":-0.01545897947,"profit_total_pct":-1.55,"duration_avg":"0:05:00","wins":4,"draws":0,"losses":22,"winrate":0.15384615384615385,"cagr":-0.020614576031349308,"expectancy":-0.5945761334615385,"expectancy_ratio":-0.7856950515779362,"sortino":-3.226964043716403,"sharpe":-2.1838817050654202,"calmar":-6.998158671993685,"sqn":-6.0013,"profit_factor":0.07145130268062094,"max_drawdown_account":0.015458979470000031,"max_drawdown_abs":15.458979470000004}],"exit_reason_summary":[{"key":"exit_signal","trades":26,"profit_mean":-0.001813598593542993,"profit_mean_pct":-0.18,"profit_sum":-0.047153563432117816,"profit_sum_pct":-4.72,"profit_total_abs":-15.458979470000001,"profit_total":-0.01545897947,"profit_total_pct":-1.55,"duration_avg":"0:05:00","wins":4,"draws":0,"losses":22,"winrate":0.15384615384615385,"cagr":-0.020614576031349308,"expectancy":-0.5945761334615385,"expectancy_ratio":-0.7856950515779362,"sortino":-3.226964043716403,"sharpe":-2.1838817050654202,"calmar":-6.998158671993685,"sqn":-6.0013,"profit_factor":0.07145130268062094,"max_drawdown_account":0.015458979470000031,"max_drawdown_abs":15.458979470000004},{"key":"TOTAL","trades":26,"profit_mean":-0.001813598593542993,"profit_mean_pct":-0.18,"profit_sum":-0.047153563432117816,"profit_sum_pct":-4.72,"profit_total_abs":-15.458979470000001,"profit_total":-0.01545897947,"profit_total_pct":-1.55,"duration_avg":"0:05:00","wins":4,"draws":0,"losses":22,"winrate":0.15384615384615385,"cagr":-0.020614576031349308,"expectancy":-0.5945761334615385,"expectancy_ratio":-0.7856950515779362,"sortino":-3.226964043716403,"sharpe":-2.1838817050654202,"calmar":-6.998158671993685,"sqn":-6.0013,"profit_factor":0.07145130268062094,"max_drawdown_account":0.015458979470000031,"max_drawdown_abs":15.458979470000004}],"mix_tag_stats":[{"key":["","exit_signal"],"trades":26,"profit_mean":-0.001813598593542993,"profit_mean_pct":-0.18,"profit_sum":-0.047153563432117816,"profit_sum_pct":-4.72,"profit_total_abs":-15.458979470000001,"profit_total":-0.01545897947,"profit_total_pct":-1.55,"duration_avg":"0:05:00","wins":4,"draws":0,"losses":22,"winrate":0.15384615384615385,"cagr":-0.020614576031349308,"expectancy":-0.5945761334615385,"expectancy_ratio":-0.7856950515779362,"sortino":-3.226964043716403,"sharpe":-2.1838817050654202,"calmar":-6.998158671993685,"sqn":-6.0013,"profit_factor":0.07145130268062094,"max_drawdown_account":0.015458979470000031,"max_drawdown_abs":15.458979470000004},{"key":"TOTAL","trades":26,"profit_mean":-0.001813598593542993,"profit_mean_pct":-0.18,"profit_sum":-0.047153563432117816,"profit_sum_pct":-4.72,"profit_total_abs":-15.458979470000001,"profit_total":-0.01545897947,"profit_total_pct":-1.55,"duration_avg":"0:05:00","wins":4,"draws":0,"losses":22,"winrate":0.15384615384615385,"cagr":-0.020614576031349308,"expectancy":-0.5945761334615385,"expectancy_ratio":-0.7856950515779362,"sortino":-3.226964043716403,"sharpe":-2.1838817050654202,"calmar":-6.998158671993685,"sqn":-6.0013,"profit_factor":0.07145130268062094,"max_drawdown_account":0.015458979470000031,"max_drawdown_abs":15.458979470000004}],"left_open_trades":[{"key":"TOTAL","trades":0,"profit_mean":0.0,"profit_mean_pct":0.0,"profit_sum":0.0,"profit_sum_pct":0.0,"profit_total_abs":0.0,"profit_total":0.0,"profit_total_pct":0.0,"duration_avg":"0:00","wins":0,"draws":0,"losses":0,"winrate":0.0,"cagr":0.0,"expectancy":0.0,"expectancy_ratio":100.0,"sortino":0,"sharpe":0,"calmar":0,"sqn":0.0,"profit_factor":0.0,"max_drawdown_account":0.0,"max_drawdown_abs":0.0}],"total_trades":26,"trade_count_long":26,"trade_count_short":0,"total_volume":17046.859299469994,"avg_stake_amount":327.46651192307695,"profit_mean":-0.001813598593542993,"profit_median":-0.00212595456920385,"profit_total":-0.01545897947,"profit_total_long":-0.01545897947,"profit_total_short":0.0,"profit_total_abs":-15.458979470000001,"profit_total_long_abs":-15.458979470000001,"profit_total_short_abs":0.0,"cagr":-0.020614576031349308,"expectancy":-0.5945761334615385,"expectancy_ratio":-0.7856950515779362,"sortino":-3.226964043716403,"sharpe":-2.1838817050654202,"calmar":-6.998158671993685,"sqn":-6.0013,"profit_factor":0.07145130268062094,"backtest_start":"2024-04-01 00:52:00","backtest_start_ts":1711932720000,"backtest_end":"2024-12-31 00:00:00","backtest_end_ts":1735603200000,"backtest_days":273,"backtest_run_start_ts":1751396624,"backtest_run_end_ts":1751396633,"trades_per_day":0.1,"market_change":-0.05128459478226368,"pairlist":["SOL/USDT"],"stake_amount":"unlimited","stake_currency":"USDT","stake_currency_decimals":3,"starting_balance":1000,"dry_run_wallet":1000,"final_balance":984.54102053,"rejected_signals":0,"timedout_entry_orders":0,"timedout_exit_orders":0,"canceled_trade_entries":0,"canceled_entry_orders":0,"replaced_entry_orders":0,"max_open_trades":1,"max_open_trades_setting":3,"timeframe":"1m","timeframe_detail":"","timerange":"20240401-20241231","enable_protections":false,"strategy_name":"FixedRiskRewardLossV2","stoploss":-0.02,"trailing_stop":false,"trailing_stop_positive":null,"trailing_stop_positive_offset":0.0,"trailing_only_offset_is_reached":false,"use_custom_stoploss":false,"minimal_roi":{"0":0.05},"use_exit_signal":true,"exit_profit_only":false,"exit_profit_offset":0.0,"ignore_roi_if_entry_signal":false,"trading_mode":"spot","margin_mode":"","periodic_breakdown":{"day":[{"date":"10/04/2024","date_ts":1712707200000,"profit_abs":-1.67517629,"wins":0,"draws":0,"losses":1,"trades":1,"profit_factor":0.0},{"date":"11/04/2024","date_ts":1712793600000,"profit_abs":0.0,"wins":0,"draws":0,"losses":0,"trades":0,"profit_factor":0.0},{"date":"12/04/2024","date_ts":1712880000000,"profit_abs":-1.06842771,"wins":0,"draws":0,"losses":1,"trades":1,"profit_factor":0.0},{"date":"13/04/2024","date_ts":1712966400000,"profit_abs":0.0,"wins":0,"draws":0,"losses":0,"trades":0,"profit_factor":0.0},{"date":"14/04/2024","date_ts":1713052800000,"profit_abs":0.0,"wins":0,"draws":0,"losses":0,"trades":0,"profit_factor":0.0},{"date":"15/04/2024","date_ts":1713139200000,"profit_abs":0.0,"wins":0,"draws":0,"losses":0,"trades":0,"profit_factor":0.0},{"date":"16/04/2024","date_ts":1713225600000,"profit_abs":0.0,"wins":0,"draws":0,"losses":0,"trades":0,"profit_factor":0.0},{"date":"17/04/2024","date_ts":1713312000000,"profit_abs":0.0,"wins":0,"draws":0,"losses":0,"trades":0,"profit_factor":0.0},{"date":"18/04/2024","date_ts":1713398400000,"profit_abs":0.0,"wins":0,"draws":0,"losses":0,"trades":0,"profit_factor":0.0},{"date":"19/04/2024","date_ts":1713484800000,"profit_abs":0.0,"wins":0,"draws":0,"losses":0,"trades":0,"profit_factor":0.0},{"date":"20/04/2024","date_ts":1713571200000,"profit_abs":-0.93448344,"wins":0,"draws":0,"losses":1,"trades":1,"profit_factor":0.0},{"date":"21/04/2024","date_ts":1713657600000,"profit_abs":0.0,"wins":0,"draws":0,"losses":0,"trades":0,"profit_factor":0.0},{"date":"22/04/2024","date_ts":1713744000000,"profit_abs":0.40658888,"wins":1,"draws":0,"losses":1,"trades":2,"profit_factor":8.20484031},{"date":"23/04/2024","date_ts":1713830400000,"profit_abs":-0.67895331,"wins":0,"draws":0,"losses":1,"trades":1,"profit_factor":0.0},{"date":"24/04/2024","date_ts":1713916800000,"profit_abs":0.0,"wins":0,"draws":0,"losses":0,"trades":0,"profit_factor":0.0},{"date":"25/04/2024","date_ts":1714003200000,"profit_abs":0.0,"wins":0,"draws":0,"losses":0,"trades":0,"profit_factor":0.0},{"date":"26/04/2024","date_ts":1714089600000,"profit_abs":0.0,"wins":0,"draws":0,"losses":0,"trades":0,"profit_factor":0.0},{"date":"27/04/2024","date_ts":1714176000000,"profit_abs":0.0,"wins":0,"draws":0,"losses":0,"trades":0,"profit_factor":0.0},{"date":"28/04/2024","date_ts":1714262400000,"profit_abs":0.0,"wins":0,"draws":0,"losses":0,"trades":0,"profit_factor":0.0},{"date":"29/04/2024","date_ts":1714348800000,"profit_abs":0.0,"wins":0,"draws":0,"losses":0,"trades":0,"profit_factor":0.0},{"date":"30/04/2024","date_ts":1714435200000,"profit_abs":0.0,"wins":0,"draws":0,"losses":0,"trades":0,"profit_factor":0.0},{"date":"01/05/2024","date_ts":1714521600000,"profit_abs":0.0,"wins":0,"draws":0,"losses":0,"trades":0,"profit_factor":0.0},{"date":"02/05/2024","date_ts":1714608000000,"profit_abs":0.0,"wins":0,"draws":0,"losses":0,"trades":0,"profit_factor":0.0},{"date":"03/05/2024","date_ts":1714694400000,"profit_abs":0.0,"wins":0,"draws":0,"losses":0,"trades":0,"profit_factor":0.0},{"date":"04/05/2024","date_ts":1714780800000,"profit_abs":0.0,"wins":0,"draws":0,"losses":0,"trades":0,"profit_factor":0.0},{"date":"05/05/2024","date_ts":1714867200000,"profit_abs":-0.90559833,"wins":0,"draws":0,"losses":1,"trades":1,"profit_factor":0.0},{"date":"06/05/2024","date_ts":1714953600000,"profit_abs":0.0,"wins":0,"draws":0,"losses":0,"trades":0,"profit_factor":0.0},{"date":"07/05/2024","date_ts":1715040000000,"profit_abs":0.0,"wins":0,"draws":0,"losses":0,"trades":0,"profit_factor":0.0},{"date":"08/05/2024","date_ts":1715126400000,"profit_abs":0.0,"wins":0,"draws":0,"losses":0,"trades":0,"profit_factor":0.0},{"date":"09/05/2024","date_ts":1715212800000,"profit_abs":0.0,"wins":0,"draws":0,"losses":0,"trades":0,"profit_factor":0.0},{"date":"10/05/2024","date_ts":1715299200000,"profit_abs":0.0,"wins":0,"draws":0,"losses":0,"trades":0,"profit_factor":0.0},{"date":"11/05/2024","date_ts":1715385600000,"profit_abs":0.0,"wins":0,"draws":0,"losses":0,"trades":0,"profit_factor":0.0},{"date":"12/05/2024","date_ts":1715472000000,"profit_abs":0.0,"wins":0,"draws":0,"losses":0,"trades":0,"profit_factor":0.0},{"date":"13/05/2024","date_ts":1715558400000,"profit_abs":0.0,"wins":0,"draws":0,"losses":0,"trades":0,"profit_factor":0.0},{"date":"14/05/2024","date_ts":1715644800000,"profit_abs":0.0,"wins":0,"draws":0,"losses":0,"trades":0,"profit_factor":0.0},{"date":"15/05/2024","date_ts":1715731200000,"profit_abs":0.0,"wins":0,"draws":0,"losses":0,"trades":0,"profit_factor":0.0},{"date":"16/05/2024","date_ts":1715817600000,"profit_abs":0.0,"wins":0,"draws":0,"losses":0,"trades":0,"profit_factor":0.0},{"date":"17/05/2024","date_ts":1715904000000,"profit_abs":0.0,"wins":0,"draws":0,"losses":0,"trades":0,"profit_factor":0.0},{"date":"18/05/2024","date_ts":1715990400000,"profit_abs":0.0,"wins":0,"draws":0,"losses":0,"trades":0,"profit_factor":0.0},{"date":"19/05/2024","date_ts":1716076800000,"profit_abs":0.0,"wins":0,"draws":0,"losses":0,"trades":0,"profit_factor":0.0},{"date":"20/05/2024","date_ts":1716163200000,"profit_abs":0.0,"wins":0,"draws":0,"losses":0,"trades":0,"profit_factor":0.0},{"date":"21/05/2024","date_ts":1716249600000,"profit_abs":0.0,"wins":0,"draws":0,"losses":0,"trades":0,"profit_factor":0.0},{"date":"22/05/2024","date_ts":1716336000000,"profit_abs":0.0,"wins":0,"draws":0,"losses":0,"trades":0,"profit_factor":0.0},{"date":"23/05/2024","date_ts":1716422400000,"profit_abs":0.0,"wins":0,"draws":0,"losses":0,"trades":0,"profit_factor":0.0},{"date":"24/05/2024","date_ts":1716508800000,"profit_abs":0.0,"wins":0,"draws":0,"losses":0,"trades":0,"profit_factor":0.0},{"date":"25/05/2024","date_ts":1716595200000,"profit_abs":0.0,"wins":0,"draws":0,"losses":0,"trades":0,"profit_factor":0.0},{"date":"26/05/2024","date_ts":1716681600000,"profit_abs":0.0,"wins":0,"draws":0,"losses":0,"trades":0,"profit_factor":0.0},{"date":"27/05/2024","date_ts":1716768000000,"profit_abs":0.0,"wins":0,"draws":0,"losses":0,"trades":0,"profit_factor":0.0},{"date":"28/05/2024","date_ts":1716854400000,"profit_abs":0.0,"wins":0,"draws":0,"losses":0,"trades":0,"profit_factor":0.0},{"date":"29/05/2024","date_ts":1716940800000,"profit_abs":0.0,"wins":0,"draws":0,"losses":0,"trades":0,"profit_factor":0.0},{"date":"30/05/2024","date_ts":1717027200000,"profit_abs":0.0,"wins":0,"draws":0,"losses":0,"trades":0,"profit_factor":0.0},{"date":"31/05/2024","date_ts":1717113600000,"profit_abs":0.0,"wins":0,"draws":0,"losses":0,"trades":0,"profit_factor":0.0},{"date":"01/06/2024","date_ts":1717200000000,"profit_abs":0.0,"wins":0,"draws":0,"losses":0,"trades":0,"profit_factor":0.0},{"date":"02/06/2024","date_ts":1717286400000,"profit_abs":0.0,"wins":0,"draws":0,"losses":0,"trades":0,"profit_factor":0.0},{"date":"03/06/2024","date_ts":1717372800000,"profit_abs":0.0,"wins":0,"draws":0,"losses":0,"trades":0,"profit_factor":0.0},{"date":"04/06/2024","date_ts":1717459200000,"profit_abs":0.0,"wins":0,"draws":0,"losses":0,"trades":0,"profit_factor":0.0},{"date":"05/06/2024","date_ts":1717545600000,"profit_abs":0.0,"wins":0,"draws":0,"losses":0,"trades":0,"profit_factor":0.0},{"date":"06/06/2024","date_ts":1717632000000,"profit_abs":0.0,"wins":0,"draws":0,"losses":0,"trades":0,"profit_factor":0.0},{"date":"07/06/2024","date_ts":1717718400000,"profit_abs":0.0,"wins":0,"draws":0,"losses":0,"trades":0,"profit_factor":0.0},{"date":"08/06/2024","date_ts":1717804800000,"profit_abs":0.0,"wins":0,"draws":0,"losses":0,"trades":0,"profit_factor":0.0},{"date":"09/06/2024","date_ts":1717891200000,"profit_abs":0.0,"wins":0,"draws":0,"losses":0,"trades":0,"profit_factor":0.0},{"date":"10/06/2024","date_ts":1717977600000,"profit_abs":0.0,"wins":0,"draws":0,"losses":0,"trades":0,"profit_factor":0.0},{"date":"11/06/2024","date_ts":1718064000000,"profit_abs":0.0,"wins":0,"draws":0,"losses":0,"trades":0,"profit_factor":0.0},{"date":"12/06/2024","date_ts":1718150400000,"profit_abs":0.0,"wins":0,"draws":0,"losses":0,"trades":0,"profit_factor":0.0},{"date":"13/06/2024","date_ts":1718236800000,"profit_abs":0.0,"wins":0,"draws":0,"losses":0,"trades":0,"profit_factor":0.0},{"date":"14/06/2024","date_ts":1718323200000,"profit_abs":-0.9274588,"wins":0,"draws":0,"losses":1,"trades":1,"profit_factor":0.0},{"date":"15/06/2024","date_ts":1718409600000,"profit_abs":0.0,"wins":0,"draws":0,"losses":0,"trades":0,"profit_factor":0.0},{"date":"16/06/2024","date_ts":1718496000000,"profit_abs":0.0,"wins":0,"draws":0,"losses":0,"trades":0,"profit_factor":0.0},{"date":"17/06/2024","date_ts":1718582400000,"profit_abs":-0.15195456,"wins":0,"draws":0,"losses":1,"trades":1,"profit_factor":0.0},{"date":"18/06/2024","date_ts":1718668800000,"profit_abs":0.0,"wins":0,"draws":0,"losses":0,"trades":0,"profit_factor":0.0},{"date":"19/06/2024","date_ts":1718755200000,"profit_abs":0.0,"wins":0,"draws":0,"losses":0,"trades":0,"profit_factor":0.0},{"date":"20/06/2024","date_ts":1718841600000,"profit_abs":0.0,"wins":0,"draws":0,"losses":0,"trades":0,"profit_factor":0.0},{"date":"21/06/2024","date_ts":1718928000000,"profit_abs":0.0,"wins":0,"draws":0,"losses":0,"trades":0,"profit_factor":0.0},{"date":"22/06/2024","date_ts":1719014400000,"profit_abs":0.0,"wins":0,"draws":0,"losses":0,"trades":0,"profit_factor":0.0},{"date":"23/06/2024","date_ts":1719100800000,"profit_abs":0.0,"wins":0,"draws":0,"losses":0,"trades":0,"profit_factor":0.0},{"date":"24/06/2024","date_ts":1719187200000,"profit_abs":0.0,"wins":0,"draws":0,"losses":0,"trades":0,"profit_factor":0.0},{"date":"25/06/2024","date_ts":1719273600000,"profit_abs":0.1995981,"wins":1,"draws":0,"losses":0,"trades":1,"profit_factor":0.0},{"date":"26/06/2024","date_ts":1719360000000,"profit_abs":0.0,"wins":0,"draws":0,"losses":0,"trades":0,"profit_factor":0.0},{"date":"27/06/2024","date_ts":1719446400000,"profit_abs":0.0,"wins":0,"draws":0,"losses":0,"trades":0,"profit_factor":0.0},{"date":"28/06/2024","date_ts":1719532800000,"profit_abs":0.0,"wins":0,"draws":0,"losses":0,"trades":0,"profit_factor":0.0},{"date":"29/06/2024","date_ts":1719619200000,"profit_abs":0.0,"wins":0,"draws":0,"losses":0,"trades":0,"profit_factor":0.0},{"date":"30/06/2024","date_ts":1719705600000,"profit_abs":0.0,"wins":0,"draws":0,"losses":0,"trades":0,"profit_factor":0.0},{"date":"01/07/2024","date_ts":1719792000000,"profit_abs":0.0,"wins":0,"draws":0,"losses":0,"trades":0,"profit_factor":0.0},{"date":"02/07/2024","date_ts":1719878400000,"profit_abs":0.0,"wins":0,"draws":0,"losses":0,"trades":0,"profit_factor":0.0},{"date":"03/07/2024","date_ts":1719964800000,"profit_abs":0.0,"wins":0,"draws":0,"losses":0,"trades":0,"profit_factor":0.0},{"date":"04/07/2024","date_ts":1720051200000,"profit_abs":0.0,"wins":0,"draws":0,"losses":0,"trades":0,"profit_factor":0.0},{"date":"05/07/2024","date_ts":1720137600000,"profit_abs":0.0,"wins":0,"draws":0,"losses":0,"trades":0,"profit_factor":0.0},{"date":"06/07/2024","date_ts":1720224000000,"profit_abs":0.0,"wins":0,"draws":0,"losses":0,"trades":0,"profit_factor":0.0},{"date":"07/07/2024","date_ts":1720310400000,"profit_abs":0.0,"wins":0,"draws":0,"losses":0,"trades":0,"profit_factor":0.0},{"date":"08/07/2024","date_ts":1720396800000,"profit_abs":0.0,"wins":0,"draws":0,"losses":0,"trades":0,"profit_factor":0.0},{"date":"09/07/2024","date_ts":1720483200000,"profit_abs":0.0,"wins":0,"draws":0,"losses":0,"trades":0,"profit_factor":0.0},{"date":"10/07/2024","date_ts":1720569600000,"profit_abs":0.0,"wins":0,"draws":0,"losses":0,"trades":0,"profit_factor":0.0},{"date":"11/07/2024","date_ts":1720656000000,"profit_abs":0.0,"wins":0,"draws":0,"losses":0,"trades":0,"profit_factor":0.0},{"date":"12/07/2024","date_ts":1720742400000,"profit_abs":0.0,"wins":0,"draws":0,"losses":0,"trades":0,"profit_factor":0.0},{"date":"13/07/2024","date_ts":1720828800000,"profit_abs":0.0,"wins":0,"draws":0,"losses":0,"trades":0,"profit_factor":0.0},{"date":"14/07/2024","date_ts":1720915200000,"profit_abs":0.0,"wins":0,"draws":0,"losses":0,"trades":0,"profit_factor":0.0},{"date":"15/07/2024","date_ts":1721001600000,"profit_abs":0.0,"wins":0,"draws":0,"losses":0,"trades":0,"profit_factor":0.0},{"date":"16/07/2024","date_ts":1721088000000,"profit_abs":0.0,"wins":0,"draws":0,"losses":0,"trades":0,"profit_factor":0.0},{"date":"17/07/2024","date_ts":1721174400000,"profit_abs":0.0,"wins":0,"draws":0,"losses":0,"trades":0,"profit_factor":0.0},{"date":"18/07/2024","date_ts":1721260800000,"profit_abs":0.0,"wins":0,"draws":0,"losses":0,"trades":0,"profit_factor":0.0},{"date":"19/07/2024","date_ts":1721347200000,"profit_abs":-1.6980442,"wins":0,"draws":0,"losses":2,"trades":2,"profit_factor":0.0},{"date":"20/07/2024","date_ts":1721433600000,"profit_abs":0.0,"wins":0,"draws":0,"losses":0,"trades":0,"profit_factor":0.0},{"date":"21/07/2024","date_ts":1721520000000,"profit_abs":0.0,"wins":0,"draws":0,"losses":0,"trades":0,"profit_factor":0.0},{"date":"22/07/2024","date_ts":1721606400000,"profit_abs":0.0,"wins":0,"draws":0,"losses":0,"trades":0,"profit_factor":0.0},{"date":"23/07/2024","date_ts":1721692800000,"profit_abs":0.0,"wins":0,"draws":0,"losses":0,"trades":0,"profit_factor":0.0},{"date":"24/07/2024","date_ts":1721779200000,"profit_abs":0.0,"wins":0,"draws":0,"losses":0,"trades":0,"profit_factor":0.0},{"date":"25/07/2024","date_ts":1721865600000,"profit_abs":0.0,"wins":0,"draws":0,"losses":0,"trades":0,"profit_factor":0.0},{"date":"26/07/2024","date_ts":1721952000000,"profit_abs":0.0,"wins":0,"draws":0,"losses":0,"trades":0,"profit_factor":0.0},{"date":"27/07/2024","date_ts":1722038400000,"profit_abs":0.0,"wins":0,"draws":0,"losses":0,"trades":0,"profit_factor":0.0},{"date":"28/07/2024","date_ts":1722124800000,"profit_abs":0.0,"wins":0,"draws":0,"losses":0,"trades":0,"profit_factor":0.0},{"date":"29/07/2024","date_ts":1722211200000,"profit_abs":0.0,"wins":0,"draws":0,"losses":0,"trades":0,"profit_factor":0.0},{"date":"30/07/2024","date_ts":1722297600000,"profit_abs":0.0,"wins":0,"draws":0,"losses":0,"trades":0,"profit_factor":0.0},{"date":"31/07/2024","date_ts":1722384000000,"profit_abs":0.0,"wins":0,"draws":0,"losses":0,"trades":0,"profit_factor":0.0},{"date":"01/08/2024","date_ts":1722470400000,"profit_abs":0.0,"wins":0,"draws":0,"losses":0,"trades":0,"profit_factor":0.0},{"date":"02/08/2024","date_ts":1722556800000,"profit_abs":0.0,"wins":0,"draws":0,"losses":0,"trades":0,"profit_factor":0.0},{"date":"03/08/2024","date_ts":1722643200000,"profit_abs":0.0,"wins":0,"draws":0,"losses":0,"trades":0,"profit_factor":0.0},{"date":"04/08/2024","date_ts":1722729600000,"profit_abs":0.0,"wins":0,"draws":0,"losses":0,"trades":0,"profit_factor":0.0},{"date":"05/08/2024","date_ts":1722816000000,"profit_abs":0.0,"wins":0,"draws":0,"losses":0,"trades":0,"profit_factor":0.0},{"date":"06/08/2024","date_ts":1722902400000,"profit_abs":0.0,"wins":0,"draws":0,"losses":0,"trades":0,"profit_factor":0.0},{"date":"07/08/2024","date_ts":1722988800000,"profit_abs":0.0,"wins":0,"draws":0,"losses":0,"trades":0,"profit_factor":0.0},{"date":"08/08/2024","date_ts":1723075200000,"profit_abs":0.0,"wins":0,"draws":0,"losses":0,"trades":0,"profit_factor":0.0},{"date":"09/08/2024","date_ts":1723161600000,"profit_abs":0.0,"wins":0,"draws":0,"losses":0,"trades":0,"profit_factor":0.0},{"date":"10/08/2024","date_ts":1723248000000,"profit_abs":0.0,"wins":0,"draws":0,"losses":0,"trades":0,"profit_factor":0.0},{"date":"11/08/2024","date_ts":1723334400000,"profit_abs":0.0,"wins":0,"draws":0,"losses":0,"trades":0,"profit_factor":0.0},{"date":"12/08/2024","date_ts":1723420800000,"profit_abs":0.0,"wins":0,"draws":0,"losses":0,"trades":0,"profit_factor":0.0},{"date":"13/08/2024","date_ts":1723507200000,"profit_abs":0.0,"wins":0,"draws":0,"losses":0,"trades":0,"profit_factor":0.0},{"date":"14/08/2024","date_ts":1723593600000,"profit_abs":0.0,"wins":0,"draws":0,"losses":0,"trades":0,"profit_factor":0.0},{"date":"15/08/2024","date_ts":1723680000000,"profit_abs":0.0,"wins":0,"draws":0,"losses":0,"trades":0,"profit_factor":0.0},{"date":"16/08/2024","date_ts":1723766400000,"profit_abs":0.0,"wins":0,"draws":0,"losses":0,"trades":0,"profit_factor":0.0},{"date":"17/08/2024","date_ts":1723852800000,"profit_abs":0.0317817,"wins":1,"draws":0,"losses":0,"trades":1,"profit_factor":0.0},{"date":"18/08/2024","date_ts":1723939200000,"profit_abs":0.0,"wins":0,"draws":0,"losses":0,"trades":0,"profit_factor":0.0},{"date":"19/08/2024","date_ts":1724025600000,"profit_abs":0.0,"wins":0,"draws":0,"losses":0,"trades":0,"profit_factor":0.0},{"date":"20/08/2024","date_ts":1724112000000,"profit_abs":0.0,"wins":0,"draws":0,"losses":0,"trades":0,"profit_factor":0.0},{"date":"21/08/2024","date_ts":1724198400000,"profit_abs":0.0,"wins":0,"draws":0,"losses":0,"trades":0,"profit_factor":0.0},{"date":"22/08/2024","date_ts":1724284800000,"profit_abs":0.0,"wins":0,"draws":0,"losses":0,"trades":0,"profit_factor":0.0},{"date":"23/08/2024","date_ts":1724371200000,"profit_abs":0.0,"wins":0,"draws":0,"losses":0,"trades":0,"profit_factor":0.0},{"date":"24/08/2024","date_ts":1724457600000,"profit_abs":0.0,"wins":0,"draws":0,"losses":0,"trades":0,"profit_factor":0.0},{"date":"25/08/2024","date_ts":1724544000000,"profit_abs":0.0,"wins":0,"draws":0,"losses":0,"trades":0,"profit_factor":0.0},{"date":"26/08/2024","date_ts":1724630400000,"profit_abs":0.0,"wins":0,"draws":0,"losses":0,"trades":0,"profit_factor":0.0},{"date":"27/08/2024","date_ts":1724716800000,"profit_abs":0.0,"wins":0,"draws":0,"losses":0,"trades":0,"profit_factor":0.0},{"date":"28/08/2024","date_ts":1724803200000,"profit_abs":0.0,"wins":0,"draws":0,"losses":0,"trades":0,"profit_factor":0.0},{"date":"29/08/2024","date_ts":1724889600000,"profit_abs":0.0,"wins":0,"draws":0,"losses":0,"trades":0,"profit_factor":0.0},{"date":"30/08/2024","date_ts":1724976000000,"profit_abs":0.0,"wins":0,"draws":0,"losses":0,"trades":0,"profit_factor":0.0},{"date":"31/08/2024","date_ts":1725062400000,"profit_abs":-0.36452112,"wins":0,"draws":0,"losses":1,"trades":1,"profit_factor":0.0},{"date":"01/09/2024","date_ts":1725148800000,"profit_abs":0.0,"wins":0,"draws":0,"losses":0,"trades":0,"profit_factor":0.0},{"date":"02/09/2024","date_ts":1725235200000,"profit_abs":-0.57806099,"wins":0,"draws":0,"losses":1,"trades":1,"profit_factor":0.0},{"date":"03/09/2024","date_ts":1725321600000,"profit_abs":0.0,"wins":0,"draws":0,"losses":0,"trades":0,"profit_factor":0.0},{"date":"04/09/2024","date_ts":1725408000000,"profit_abs":0.0,"wins":0,"draws":0,"losses":0,"trades":0,"profit_factor":0.0},{"date":"05/09/2024","date_ts":1725494400000,"profit_abs":0.0,"wins":0,"draws":0,"losses":0,"trades":0,"profit_factor":0.0},{"date":"06/09/2024","date_ts":1725580800000,"profit_abs":0.0,"wins":0,"draws":0,"losses":0,"trades":0,"profit_factor":0.0},{"date":"07/09/2024","date_ts":1725667200000,"profit_abs":0.0,"wins":0,"draws":0,"losses":0,"trades":0,"profit_factor":0.0},{"date":"08/09/2024","date_ts":1725753600000,"profit_abs":0.0,"wins":0,"draws":0,"losses":0,"trades":0,"profit_factor":0.0},{"date":"09/09/2024","date_ts":1725840000000,"profit_abs":0.0,"wins":0,"draws":0,"losses":0,"trades":0,"profit_factor":0.0},{"date":"10/09/2024","date_ts":1725926400000,"profit_abs":-0.58101869,"wins":0,"draws":0,"losses":1,"trades":1,"profit_factor":0.0},{"date":"11/09/2024","date_ts":1726012800000,"profit_abs":0.0,"wins":0,"draws":0,"losses":0,"trades":0,"profit_factor":0.0},{"date":"12/09/2024","date_ts":1726099200000,"profit_abs":0.0,"wins":0,"draws":0,"losses":0,"trades":0,"profit_factor":0.0},{"date":"13/09/2024","date_ts":1726185600000,"profit_abs":0.0,"wins":0,"draws":0,"losses":0,"trades":0,"profit_factor":0.0},{"date":"14/09/2024","date_ts":1726272000000,"profit_abs":0.0,"wins":0,"draws":0,"losses":0,"trades":0,"profit_factor":0.0},{"date":"15/09/2024","date_ts":1726358400000,"profit_abs":0.0,"wins":0,"draws":0,"losses":0,"trades":0,"profit_factor":0.0},{"date":"16/09/2024","date_ts":1726444800000,"profit_abs":0.0,"wins":0,"draws":0,"losses":0,"trades":0,"profit_factor":0.0},{"date":"17/09/2024","date_ts":1726531200000,"profit_abs":0.0,"wins":0,"draws":0,"losses":0,"trades":0,"profit_factor":0.0},{"date":"18/09/2024","date_ts":1726617600000,"profit_abs":0.0,"wins":0,"draws":0,"losses":0,"trades":0,"profit_factor":0.0},{"date":"19/09/2024","date_ts":1726704000000,"profit_abs":0.0,"wins":0,"draws":0,"losses":0,"trades":0,"profit_factor":0.0},{"date":"20/09/2024","date_ts":1726790400000,"profit_abs":0.0,"wins":0,"draws":0,"losses":0,"trades":0,"profit_factor":0.0},{"date":"21/09/2024","date_ts":1726876800000,"profit_abs":0.0,"wins":0,"draws":0,"losses":0,"trades":0,"profit_factor":0.0},{"date":"22/09/2024","date_ts":1726963200000,"profit_abs":-0.519075,"wins":0,"draws":0,"losses":1,"trades":1,"profit_factor":0.0},{"date":"23/09/2024","date_ts":1727049600000,"profit_abs":0.0,"wins":0,"draws":0,"losses":0,"trades":0,"profit_factor":0.0},{"date":"24/09/2024","date_ts":1727136000000,"profit_abs":0.0,"wins":0,"draws":0,"losses":0,"trades":0,"profit_factor":0.0},{"date":"25/09/2024","date_ts":1727222400000,"profit_abs":0.0,"wins":0,"draws":0,"losses":0,"trades":0,"profit_factor":0.0},{"date":"26/09/2024","date_ts":1727308800000,"profit_abs":0.0,"wins":0,"draws":0,"losses":0,"trades":0,"profit_factor":0.0},{"date":"27/09/2024","date_ts":1727395200000,"profit_abs":0.0,"wins":0,"draws":0,"losses":0,"trades":0,"profit_factor":0.0},{"date":"28/09/2024","date_ts":1727481600000,"profit_abs":0.0,"wins":0,"draws":0,"losses":0,"trades":0,"profit_factor":0.0},{"date":"29/09/2024","date_ts":1727568000000,"profit_abs":0.0,"wins":0,"draws":0,"losses":0,"trades":0,"profit_factor":0.0},{"date":"30/09/2024","date_ts":1727654400000,"profit_abs":0.0,"wins":0,"draws":0,"losses":0,"trades":0,"profit_factor":0.0},{"date":"01/10/2024","date_ts":1727740800000,"profit_abs":-0.71635569,"wins":0,"draws":0,"losses":1,"trades":1,"profit_factor":0.0},{"date":"02/10/2024","date_ts":1727827200000,"profit_abs":0.0,"wins":0,"draws":0,"losses":0,"trades":0,"profit_factor":0.0},{"date":"03/10/2024","date_ts":1727913600000,"profit_abs":0.0,"wins":0,"draws":0,"losses":0,"trades":0,"profit_factor":0.0},{"date":"04/10/2024","date_ts":1728000000000,"profit_abs":0.0,"wins":0,"draws":0,"losses":0,"trades":0,"profit_factor":0.0},{"date":"05/10/2024","date_ts":1728086400000,"profit_abs":0.0,"wins":0,"draws":0,"losses":0,"trades":0,"profit_factor":0.0},{"date":"06/10/2024","date_ts":1728172800000,"profit_abs":0.0,"wins":0,"draws":0,"losses":0,"trades":0,"profit_factor":0.0},{"date":"07/10/2024","date_ts":1728259200000,"profit_abs":0.0,"wins":0,"draws":0,"losses":0,"trades":0,"profit_factor":0.0},{"date":"08/10/2024","date_ts":1728345600000,"profit_abs":0.0,"wins":0,"draws":0,"losses":0,"trades":0,"profit_factor":0.0},{"date":"09/10/2024","date_ts":1728432000000,"profit_abs":0.0,"wins":0,"draws":0,"losses":0,"trades":0,"profit_factor":0.0},{"date":"10/10/2024","date_ts":1728518400000,"profit_abs":-0.65309992,"wins":0,"draws":0,"losses":1,"trades":1,"profit_factor":0.0},{"date":"11/10/2024","date_ts":1728604800000,"profit_abs":0.0,"wins":0,"draws":0,"losses":0,"trades":0,"profit_factor":0.0},{"date":"12/10/2024","date_ts":1728691200000,"profit_abs":0.0,"wins":0,"draws":0,"losses":0,"trades":0,"profit_factor":0.0},{"date":"13/10/2024","date_ts":1728777600000,"profit_abs":0.0,"wins":0,"draws":0,"losses":0,"trades":0,"profit_factor":0.0},{"date":"14/10/2024","date_ts":1728864000000,"profit_abs":0.0,"wins":0,"draws":0,"losses":0,"trades":0,"profit_factor":0.0},{"date":"15/10/2024","date_ts":1728950400000,"profit_abs":0.0,"wins":0,"draws":0,"losses":0,"trades":0,"profit_factor":0.0},{"date":"16/10/2024","date_ts":1729036800000,"profit_abs":0.0,"wins":0,"draws":0,"losses":0,"trades":0,"profit_factor":0.0},{"date":"17/10/2024","date_ts":1729123200000,"profit_abs":0.0,"wins":0,"draws":0,"losses":0,"trades":0,"profit_factor":0.0},{"date":"18/10/2024","date_ts":1729209600000,"profit_abs":0.0,"wins":0,"draws":0,"losses":0,"trades":0,"profit_factor":0.0},{"date":"19/10/2024","date_ts":1729296000000,"profit_abs":0.0,"wins":0,"draws":0,"losses":0,"trades":0,"profit_factor":0.0},{"date":"20/10/2024","date_ts":1729382400000,"profit_abs":0.0,"wins":0,"draws":0,"losses":0,"trades":0,"profit_factor":0.0},{"date":"21/10/2024","date_ts":1729468800000,"profit_abs":0.0,"wins":0,"draws":0,"losses":0,"trades":0,"profit_factor":0.0},{"date":"22/10/2024","date_ts":1729555200000,"profit_abs":0.0,"wins":0,"draws":0,"losses":0,"trades":0,"profit_factor":0.0},{"date":"23/10/2024","date_ts":1729641600000,"profit_abs":0.0,"wins":0,"draws":0,"losses":0,"trades":0,"profit_factor":0.0},{"date":"24/10/2024","date_ts":1729728000000,"profit_abs":-0.8794878,"wins":0,"draws":0,"losses":1,"trades":1,"profit_factor":0.0},{"date":"25/10/2024","date_ts":1729814400000,"profit_abs":0.0,"wins":0,"draws":0,"losses":0,"trades":0,"profit_factor":0.0},{"date":"26/10/2024","date_ts":1729900800000,"profit_abs":0.0,"wins":0,"draws":0,"losses":0,"trades":0,"profit_factor":0.0},{"date":"27/10/2024","date_ts":1729987200000,"profit_abs":0.0,"wins":0,"draws":0,"losses":0,"trades":0,"profit_factor":0.0},{"date":"28/10/2024","date_ts":1730073600000,"profit_abs":0.0,"wins":0,"draws":0,"losses":0,"trades":0,"profit_factor":0.0},{"date":"29/10/2024","date_ts":1730160000000,"profit_abs":0.0,"wins":0,"draws":0,"losses":0,"trades":0,"profit_factor":0.0},{"date":"30/10/2024","date_ts":1730246400000,"profit_abs":0.0,"wins":0,"draws":0,"losses":0,"trades":0,"profit_factor":0.0},{"date":"31/10/2024","date_ts":1730332800000,"profit_abs":0.0,"wins":0,"draws":0,"losses":0,"trades":0,"profit_factor":0.0},{"date":"01/11/2024","date_ts":1730419200000,"profit_abs":0.4951584,"wins":1,"draws":0,"losses":0,"trades":1,"profit_factor":0.0},{"date":"02/11/2024","date_ts":1730505600000,"profit_abs":0.0,"wins":0,"draws":0,"losses":0,"trades":0,"profit_factor":0.0},{"date":"03/11/2024","date_ts":1730592000000,"profit_abs":-0.8776665,"wins":0,"draws":0,"losses":1,"trades":1,"profit_factor":0.0},{"date":"04/11/2024","date_ts":1730678400000,"profit_abs":0.0,"wins":0,"draws":0,"losses":0,"trades":0,"profit_factor":0.0},{"date":"05/11/2024","date_ts":1730764800000,"profit_abs":0.0,"wins":0,"draws":0,"losses":0,"trades":0,"profit_factor":0.0},{"date":"06/11/2024","date_ts":1730851200000,"profit_abs":0.0,"wins":0,"draws":0,"losses":0,"trades":0,"profit_factor":0.0},{"date":"07/11/2024","date_ts":1730937600000,"profit_abs":0.0,"wins":0,"draws":0,"losses":0,"trades":0,"profit_factor":0.0},{"date":"08/11/2024","date_ts":1731024000000,"profit_abs":0.0,"wins":0,"draws":0,"losses":0,"trades":0,"profit_factor":0.0},{"date":"09/11/2024","date_ts":1731110400000,"profit_abs":0.0,"wins":0,"draws":0,"losses":0,"trades":0,"profit_factor":0.0},{"date":"10/11/2024","date_ts":1731196800000,"profit_abs":0.0,"wins":0,"draws":0,"losses":0,"trades":0,"profit_factor":0.0},{"date":"11/11/2024","date_ts":1731283200000,"profit_abs":0.0,"wins":0,"draws":0,"losses":0,"trades":0,"profit_factor":0.0},{"date":"12/11/2024","date_ts":1731369600000,"profit_abs":0.0,"wins":0,"draws":0,"losses":0,"trades":0,"profit_factor":0.0},{"date":"13/11/2024","date_ts":1731456000000,"profit_abs":0.0,"wins":0,"draws":0,"losses":0,"trades":0,"profit_factor":0.0},{"date":"14/11/2024","date_ts":1731542400000,"profit_abs":0.0,"wins":0,"draws":0,"losses":0,"trades":0,"profit_factor":0.0},{"date":"15/11/2024","date_ts":1731628800000,"profit_abs":0.0,"wins":0,"draws":0,"losses":0,"trades":0,"profit_factor":0.0},{"date":"16/11/2024","date_ts":1731715200000,"profit_abs":-0.57604833,"wins":0,"draws":0,"losses":1,"trades":1,"profit_factor":0.0},{"date":"17/11/2024","date_ts":1731801600000,"profit_abs":0.0,"wins":0,"draws":0,"losses":0,"trades":0,"profit_factor":0.0},{"date":"18/11/2024","date_ts":1731888000000,"profit_abs":0.0,"wins":0,"draws":0,"losses":0,"trades":0,"profit_factor":0.0},{"date":"19/11/2024","date_ts":1731974400000,"profit_abs":0.0,"wins":0,"draws":0,"losses":0,"trades":0,"profit_factor":0.0},{"date":"20/11/2024","date_ts":1732060800000,"profit_abs":-0.80484525,"wins":0,"draws":0,"losses":1,"trades":1,"profit_factor":0.0},{"date":"21/11/2024","date_ts":1732147200000,"profit_abs":0.0,"wins":0,"draws":0,"losses":0,"trades":0,"profit_factor":0.0},{"date":"22/11/2024","date_ts":1732233600000,"profit_abs":0.0,"wins":0,"draws":0,"losses":0,"trades":0,"profit_factor":0.0},{"date":"23/11/2024","date_ts":1732320000000,"profit_abs":0.0,"wins":0,"draws":0,"losses":0,"trades":0,"profit_factor":0.0},{"date":"24/11/2024","date_ts":1732406400000,"profit_abs":0.0,"wins":0,"draws":0,"losses":0,"trades":0,"profit_factor":0.0},{"date":"25/11/2024","date_ts":1732492800000,"profit_abs":0.0,"wins":0,"draws":0,"losses":0,"trades":0,"profit_factor":0.0},{"date":"26/11/2024","date_ts":1732579200000,"profit_abs":0.0,"wins":0,"draws":0,"losses":0,"trades":0,"profit_factor":0.0},{"date":"27/11/2024","date_ts":1732665600000,"profit_abs":0.0,"wins":0,"draws":0,"losses":0,"trades":0,"profit_factor":0.0},{"date":"28/11/2024","date_ts":1732752000000,"profit_abs":0.0,"wins":0,"draws":0,"losses":0,"trades":0,"profit_factor":0.0},{"date":"29/11/2024","date_ts":1732838400000,"profit_abs":0.0,"wins":0,"draws":0,"losses":0,"trades":0,"profit_factor":0.0},{"date":"30/11/2024","date_ts":1732924800000,"profit_abs":0.0,"wins":0,"draws":0,"losses":0,"trades":0,"profit_factor":0.0},{"date":"01/12/2024","date_ts":1733011200000,"profit_abs":0.0,"wins":0,"draws":0,"losses":0,"trades":0,"profit_factor":0.0},{"date":"02/12/2024","date_ts":1733097600000,"profit_abs":-0.80900442,"wins":0,"draws":0,"losses":1,"trades":1,"profit_factor":0.0},{"date":"03/12/2024","date_ts":1733184000000,"profit_abs":0.0,"wins":0,"draws":0,"losses":0,"trades":0,"profit_factor":0.0},{"date":"04/12/2024","date_ts":1733270400000,"profit_abs":0.0,"wins":0,"draws":0,"losses":0,"trades":0,"profit_factor":0.0},{"date":"05/12/2024","date_ts":1733356800000,"profit_abs":0.0,"wins":0,"draws":0,"losses":0,"trades":0,"profit_factor":0.0},{"date":"06/12/2024","date_ts":1733443200000,"profit_abs":0.0,"wins":0,"draws":0,"losses":0,"trades":0,"profit_factor":0.0},{"date":"07/12/2024","date_ts":1733529600000,"profit_abs":0.0,"wins":0,"draws":0,"losses":0,"trades":0,"profit_factor":0.0},{"date":"08/12/2024","date_ts":1733616000000,"profit_abs":0.0,"wins":0,"draws":0,"losses":0,"trades":0,"profit_factor":0.0},{"date":"09/12/2024","date_ts":1733702400000,"profit_abs":0.0,"wins":0,"draws":0,"losses":0,"trades":0,"profit_factor":0.0},{"date":"10/12/2024","date_ts":1733788800000,"profit_abs":0.0,"wins":0,"draws":0,"losses":0,"trades":0,"profit_factor":0.0},{"date":"11/12/2024","date_ts":1733875200000,"profit_abs":0.0,"wins":0,"draws":0,"losses":0,"trades":0,"profit_factor":0.0},{"date":"12/12/2024","date_ts":1733961600000,"profit_abs":0.0,"wins":0,"draws":0,"losses":0,"trades":0,"profit_factor":0.0},{"date":"13/12/2024","date_ts":1734048000000,"profit_abs":0.0,"wins":0,"draws":0,"losses":0,"trades":0,"profit_factor":0.0},{"date":"14/12/2024","date_ts":1734134400000,"profit_abs":0.0,"wins":0,"draws":0,"losses":0,"trades":0,"profit_factor":0.0},{"date":"15/12/2024","date_ts":1734220800000,"profit_abs":0.0,"wins":0,"draws":0,"losses":0,"trades":0,"profit_factor":0.0},{"date":"16/12/2024","date_ts":1734307200000,"profit_abs":0.0,"wins":0,"draws":0,"losses":0,"trades":0,"profit_factor":0.0},{"date":"17/12/2024","date_ts":1734393600000,"profit_abs":0.0,"wins":0,"draws":0,"losses":0,"trades":0,"profit_factor":0.0},{"date":"18/12/2024","date_ts":1734480000000,"profit_abs":0.0,"wins":0,"draws":0,"losses":0,"trades":0,"profit_factor":0.0},{"date":"19/12/2024","date_ts":1734566400000,"profit_abs":0.0,"wins":0,"draws":0,"losses":0,"trades":0,"profit_factor":0.0},{"date":"20/12/2024","date_ts":1734652800000,"profit_abs":0.0,"wins":0,"draws":0,"losses":0,"trades":0,"profit_factor":0.0},{"date":"21/12/2024","date_ts":1734739200000,"profit_abs":0.0,"wins":0,"draws":0,"losses":0,"trades":0,"profit_factor":0.0},{"date":"22/12/2024","date_ts":1734825600000,"profit_abs":-1.1928262,"wins":0,"draws":0,"losses":1,"trades":1,"profit_factor":0.0}],"week":[{"date":"15/04/2024","date_ts":1713139200000,"profit_abs":-2.743604,"wins":0,"draws":0,"losses":2,"trades":2,"profit_factor":0.0},{"date":"22/04/2024","date_ts":1713744000000,"profit_abs":-0.52789456,"wins":1,"draws":0,"losses":2,"trades":3,"profit_factor":0.46726618},{"date":"29/04/2024","date_ts":1714348800000,"profit_abs":-0.67895331,"wins":0,"draws":0,"losses":1,"trades":1,"profit_factor":0.0},{"date":"06/05/2024","date_ts":1714953600000,"profit_abs":-0.90559833,"wins":0,"draws":0,"losses":1,"trades":1,"profit_factor":0.0},{"date":"13/05/2024","date_ts":1715558400000,"profit_abs":0.0,"wins":0,"draws":0,"losses":0,"trades":0,"profit_factor":0.0},{"date":"20/05/2024","date_ts":1716163200000,"profit_abs":0.0,"wins":0,"draws":0,"losses":0,"trades":0,"profit_factor":0.0},{"date":"27/05/2024","date_ts":1716768000000,"profit_abs":0.0,"wins":0,"draws":0,"losses":0,"trades":0,"profit_factor":0.0},{"date":"03/06/2024","date_ts":1717372800000,"profit_abs":0.0,"wins":0,"draws":0,"losses":0,"trades":0,"profit_factor":0.0},{"date":"10/06/2024","date_ts":1717977600000,"profit_abs":0.0,"wins":0,"draws":0,"losses":0,"trades":0,"profit_factor":0.0},{"date":"17/06/2024","date_ts":1718582400000,"profit_abs":-1.07941336,"wins":0,"draws":0,"losses":2,"trades":2,"profit_factor":0.0},{"date":"24/06/2024","date_ts":1719187200000,"profit_abs":0.0,"wins":0,"draws":0,"losses":0,"trades":0,"profit_factor":0.0},{"date":"01/07/2024","date_ts":1719792000000,"profit_abs":0.1995981,"wins":1,"draws":0,"losses":0,"trades":1,"profit_factor":0.0},{"date":"08/07/2024","date_ts":1720396800000,"profit_abs":0.0,"wins":0,"draws":0,"losses":0,"trades":0,"profit_factor":0.0},{"date":"15/07/2024","date_ts":1721001600000,"profit_abs":0.0,"wins":0,"draws":0,"losses":0,"trades":0,"profit_factor":0.0},{"date":"22/07/2024","date_ts":1721606400000,"profit_abs":-1.6980442,"wins":0,"draws":0,"losses":2,"trades":2,"profit_factor":0.0},{"date":"29/07/2024","date_ts":1722211200000,"profit_abs":0.0,"wins":0,"draws":0,"losses":0,"trades":0,"profit_factor":0.0},{"date":"05/08/2024","date_ts":1722816000000,"profit_abs":0.0,"wins":0,"draws":0,"losses":0,"trades":0,"profit_factor":0.0},{"date":"12/08/2024","date_ts":1723420800000,"profit_abs":0.0,"wins":0,"draws":0,"losses":0,"trades":0,"profit_factor":0.0},{"date":"19/08/2024","date_ts":1724025600000,"profit_abs":0.0317817,"wins":1,"draws":0,"losses":0,"trades":1,"profit_factor":0.0},{"date":"26/08/2024","date_ts":1724630400000,"profit_abs":0.0,"wins":0,"draws":0,"losses":0,"trades":0,"profit_factor":0.0},{"date":"02/09/2024","date_ts":1725235200000,"profit_abs":-0.94258211,"wins":0,"draws":0,"losses":2,"trades":2,"profit_factor":0.0},{"date":"09/09/2024","date_ts":1725840000000,"profit_abs":0.0,"wins":0,"draws":0,"losses":0,"trades":0,"profit_factor":0.0},{"date":"16/09/2024","date_ts":1726444800000,"profit_abs":-0.58101869,"wins":0,"draws":0,"losses":1,"trades":1,"profit_factor":0.0},{"date":"23/09/2024","date_ts":1727049600000,"profit_abs":-0.519075,"wins":0,"draws":0,"losses":1,"trades":1,"profit_factor":0.0},{"date":"30/09/2024","date_ts":1727654400000,"profit_abs":0.0,"wins":0,"draws":0,"losses":0,"trades":0,"profit_factor":0.0},{"date":"07/10/2024","date_ts":1728259200000,"profit_abs":-0.71635569,"wins":0,"draws":0,"losses":1,"trades":1,"profit_factor":0.0},{"date":"14/10/2024","date_ts":1728864000000,"profit_abs":-0.65309992,"wins":0,"draws":0,"losses":1,"trades":1,"profit_factor":0.0},{"date":"21/10/2024","date_ts":1729468800000,"profit_abs":0.0,"wins":0,"draws":0,"losses":0,"trades":0,"profit_factor":0.0},{"date":"28/10/2024","date_ts":1730073600000,"profit_abs":-0.8794878,"wins":0,"draws":0,"losses":1,"trades":1,"profit_factor":0.0},{"date":"04/11/2024","date_ts":1730678400000,"profit_abs":-0.3825081,"wins":1,"draws":0,"losses":1,"trades":2,"profit_factor":0.56417603},{"date":"11/11/2024","date_ts":1731283200000,"profit_abs":0.0,"wins":0,"draws":0,"losses":0,"trades":0,"profit_factor":0.0},{"date":"18/11/2024","date_ts":1731888000000,"profit_abs":-0.57604833,"wins":0,"draws":0,"losses":1,"trades":1,"profit_factor":0.0},{"date":"25/11/2024","date_ts":1732492800000,"profit_abs":-0.80484525,"wins":0,"draws":0,"losses":1,"trades":1,"profit_factor":0.0},{"date":"02/12/2024","date_ts":1733097600000,"profit_abs":-0.80900442,"wins":0,"draws":0,"losses":1,"trades":1,"profit_factor":0.0},{"date":"09/12/2024","date_ts":1733702400000,"profit_abs":0.0,"wins":0,"draws":0,"losses":0,"trades":0,"profit_factor":0.0},{"date":"16/12/2024","date_ts":1734307200000,"profit_abs":0.0,"wins":0,"draws":0,"losses":0,"trades":0,"profit_factor":0.0},{"date":"23/12/2024","date_ts":1734912000000,"profit_abs":-1.1928262,"wins":0,"draws":0,"losses":1,"trades":1,"profit_factor":0.0}],"month":[{"date":"30/04/2024","date_ts":1714435200000,"profit_abs":-3.95045187,"wins":1,"draws":0,"losses":5,"trades":6,"profit_factor":0.10491093},{"date":"31/05/2024","date_ts":1717113600000,"profit_abs":-0.90559833,"wins":0,"draws":0,"losses":1,"trades":1,"profit_factor":0.0},{"date":"30/06/2024","date_ts":1719705600000,"profit_abs":-0.87981526,"wins":1,"draws":0,"losses":2,"trades":3,"profit_factor":0.1849135},{"date":"31/07/2024","date_ts":1722384000000,"profit_abs":-1.6980442,"wins":0,"draws":0,"losses":2,"trades":2,"profit_factor":0.0},{"date":"31/08/2024","date_ts":1725062400000,"profit_abs":-0.33273942,"wins":1,"draws":0,"losses":1,"trades":2,"profit_factor":0.08718754},{"date":"30/09/2024","date_ts":1727654400000,"profit_abs":-1.67815468,"wins":0,"draws":0,"losses":3,"trades":3,"profit_factor":0.0},{"date":"31/10/2024","date_ts":1730332800000,"profit_abs":-2.24894341,"wins":0,"draws":0,"losses":3,"trades":3,"profit_factor":0.0},{"date":"30/11/2024","date_ts":1732924800000,"profit_abs":-1.76340168,"wins":1,"draws":0,"losses":3,"trades":4,"profit_factor":0.21923632},{"date":"31/12/2024","date_ts":1735603200000,"profit_abs":-2.00183062,"wins":0,"draws":0,"losses":2,"trades":2,"profit_factor":0.0}],"year":[{"date":"31/12/2024","date_ts":1735603200000,"profit_abs":-15.45897947,"wins":4,"draws":0,"losses":22,"trades":26,"profit_factor":0.0714513}]},"backtest_best_day":0.0015171565545039766,"backtest_worst_day":-0.005173670859610463,"backtest_best_day_abs":0.4951584,"backtest_worst_day_abs":-1.6980442,"winning_days":4,"draw_days":233,"losing_days":20,"daily_profit":[["2024-04-10",-1.67517629],["2024-04-11",0.0],["2024-04-12",-1.06842771],["2024-04-13",0.0],["2024-04-14",0.0],["2024-04-15",0.0],["2024-04-16",0.0],["2024-04-17",0.0],["2024-04-18",0.0],["2024-04-19",0.0],["2024-04-20",-0.93448344],["2024-04-21",0.0],["2024-04-22",0.40658888],["2024-04-23",-0.67895331],["2024-04-24",0.0],["2024-04-25",0.0],["2024-04-26",0.0],["2024-04-27",0.0],["2024-04-28",0.0],["2024-04-29",0.0],["2024-04-30",0.0],["2024-05-01",0.0],["2024-05-02",0.0],["2024-05-03",0.0],["2024-05-04",0.0],["2024-05-05",-0.90559833],["2024-05-06",0.0],["2024-05-07",0.0],["2024-05-08",0.0],["2024-05-09",0.0],["2024-05-10",0.0],["2024-05-11",0.0],["2024-05-12",0.0],["2024-05-13",0.0],["2024-05-14",0.0],["2024-05-15",0.0],["2024-05-16",0.0],["2024-05-17",0.0],["2024-05-18",0.0],["2024-05-19",0.0],["2024-05-20",0.0],["2024-05-21",0.0],["2024-05-22",0.0],["2024-05-23",0.0],["2024-05-24",0.0],["2024-05-25",0.0],["2024-05-26",0.0],["2024-05-27",0.0],["2024-05-28",0.0],["2024-05-29",0.0],["2024-05-30",0.0],["2024-05-31",0.0],["2024-06-01",0.0],["2024-06-02",0.0],["2024-06-03",0.0],["2024-06-04",0.0],["2024-06-05",0.0],["2024-06-06",0.0],["2024-06-07",0.0],["2024-06-08",0.0],["2024-06-09",0.0],["2024-06-10",0.0],["2024-06-11",0.0],["2024-06-12",0.0],["2024-06-13",0.0],["2024-06-14",-0.9274588],["2024-06-15",0.0],["2024-06-16",0.0],["2024-06-17",-0.15195456],["2024-06-18",0.0],["2024-06-19",0.0],["2024-06-20",0.0],["2024-06-21",0.0],["2024-06-22",0.0],["2024-06-23",0.0],["2024-06-24",0.0],["2024-06-25",0.1995981],["2024-06-26",0.0],["2024-06-27",0.0],["2024-06-28",0.0],["2024-06-29",0.0],["2024-06-30",0.0],["2024-07-01",0.0],["2024-07-02",0.0],["2024-07-03",0.0],["2024-07-04",0.0],["2024-07-05",0.0],["2024-07-06",0.0],["2024-07-07",0.0],["2024-07-08",0.0],["2024-07-09",0.0],["2024-07-10",0.0],["2024-07-11",0.0],["2024-07-12",0.0],["2024-07-13",0.0],["2024-07-14",0.0],["2024-07-15",0.0],["2024-07-16",0.0],["2024-07-17",0.0],["2024-07-18",0.0],["2024-07-19",-1.6980442],["2024-07-20",0.0],["2024-07-21",0.0],["2024-07-22",0.0],["2024-07-23",0.0],["2024-07-24",0.0],["2024-07-25",0.0],["2024-07-26",0.0],["2024-07-27",0.0],["2024-07-28",0.0],["2024-07-29",0.0],["2024-07-30",0.0],["2024-07-31",0.0],["2024-08-01",0.0],["2024-08-02",0.0],["2024-08-03",0.0],["2024-08-04",0.0],["2024-08-05",0.0],["2024-08-06",0.0],["2024-08-07",0.0],["2024-08-08",0.0],["2024-08-09",0.0],["2024-08-10",0.0],["2024-08-11",0.0],["2024-08-12",0.0],["2024-08-13",0.0],["2024-08-14",0.0],["2024-08-15",0.0],["2024-08-16",0.0],["2024-08-17",0.0317817],["2024-08-18",0.0],["2024-08-19",0.0],["2024-08-20",0.0],["2024-08-21",0.0],["2024-08-22",0.0],["2024-08-23",0.0],["2024-08-24",0.0],["2024-08-25",0.0],["2024-08-26",0.0],["2024-08-27",0.0],["2024-08-28",0.0],["2024-08-29",0.0],["2024-08-30",0.0],["2024-08-31",-0.36452112],["2024-09-01",0.0],["2024-09-02",-0.57806099],["2024-09-03",0.0],["2024-09-04",0.0],["2024-09-05",0.0],["2024-09-06",0.0],["2024-09-07",0.0],["2024-09-08",0.0],["2024-09-09",0.0],["2024-09-10",-0.58101869],["2024-09-11",0.0],["2024-09-12",0.0],["2024-09-13",0.0],["2024-09-14",0.0],["2024-09-15",0.0],["2024-09-16",0.0],["2024-09-17",0.0],["2024-09-18",0.0],["2024-09-19",0.0],["2024-09-20",0.0],["2024-09-21",0.0],["2024-09-22",-0.519075],["2024-09-23",0.0],["2024-09-24",0.0],["2024-09-25",0.0],["2024-09-26",0.0],["2024-09-27",0.0],["2024-09-28",0.0],["2024-09-29",0.0],["2024-09-30",0.0],["2024-10-01",-0.71635569],["2024-10-02",0.0],["2024-10-03",0.0],["2024-10-04",0.0],["2024-10-05",0.0],["2024-10-06",0.0],["2024-10-07",0.0],["2024-10-08",0.0],["2024-10-09",0.0],["2024-10-10",-0.65309992],["2024-10-11",0.0],["2024-10-12",0.0],["2024-10-13",0.0],["2024-10-14",0.0],["2024-10-15",0.0],["2024-10-16",0.0],["2024-10-17",0.0],["2024-10-18",0.0],["2024-10-19",0.0],["2024-10-20",0.0],["2024-10-21",0.0],["2024-10-22",0.0],["2024-10-23",0.0],["2024-10-24",-0.8794878],["2024-10-25",0.0],["2024-10-26",0.0],["2024-10-27",0.0],["2024-10-28",0.0],["2024-10-29",0.0],["2024-10-30",0.0],["2024-10-31",0.0],["2024-11-01",0.4951584],["2024-11-02",0.0],["2024-11-03",-0.8776665],["2024-11-04",0.0],["2024-11-05",0.0],["2024-11-06",0.0],["2024-11-07",0.0],["2024-11-08",0.0],["2024-11-09",0.0],["2024-11-10",0.0],["2024-11-11",0.0],["2024-11-12",0.0],["2024-11-13",0.0],["2024-11-14",0.0],["2024-11-15",0.0],["2024-11-16",-0.57604833],["2024-11-17",0.0],["2024-11-18",0.0],["2024-11-19",0.0],["2024-11-20",-0.80484525],["2024-11-21",0.0],["2024-11-22",0.0],["2024-11-23",0.0],["2024-11-24",0.0],["2024-11-25",0.0],["2024-11-26",0.0],["2024-11-27",0.0],["2024-11-28",0.0],["2024-11-29",0.0],["2024-11-30",0.0],["2024-12-01",0.0],["2024-12-02",-0.80900442],["2024-12-03",0.0],["2024-12-04",0.0],["2024-12-05",0.0],["2024-12-06",0.0],["2024-12-07",0.0],["2024-12-08",0.0],["2024-12-09",0.0],["2024-12-10",0.0],["2024-12-11",0.0],["2024-12-12",0.0],["2024-12-13",0.0],["2024-12-14",0.0],["2024-12-15",0.0],["2024-12-16",0.0],["2024-12-17",0.0],["2024-12-18",0.0],["2024-12-19",0.0],["2024-12-20",0.0],["2024-12-21",0.0],["2024-12-22",-1.1928262]],"wins":4,"losses":22,"draws":0,"winrate":0.15384615384615385,"holding_avg":"0:05:00","holding_avg_s":300.0,"winner_holding_min":"0d 00:06","winner_holding_min_s":360.0,"winner_holding_max":"0d 00:11","winner_holding_max_s":660.0,"winner_holding_avg":"0d 00:08","winner_holding_avg_s":480.0,"loser_holding_min":"0d 00:01","loser_holding_min_s":60.0,"loser_holding_max":"0d 00:17","loser_holding_max_s":1020.0,"loser_holding_avg":"0d 00:04","loser_holding_avg_s":240.0,"max_consecutive_wins":1,"max_consecutive_losses":7,"max_drawdown_account":0.015458979470000031,"max_relative_drawdown":0.015458979470000031,"max_drawdown_abs":15.458979470000004,"drawdown_start":"2024-04-10 13:01:00","drawdown_start_ts":1712754060000.0,"drawdown_end":"2024-12-22 05:28:00","drawdown_end_ts":1734845280000.0,"max_drawdown_low":-15.458979470000004,"max_drawdown_high":-1.67517629,"csum_min":984.54102053,"csum_max":998.32482371}},"strategy_comparison":[{"key":"FixedRiskRewardLossV2","trades":26,"profit_mean":-0.001813598593542993,"profit_mean_pct":-0.18,"profit_sum":-0.047153563432117816,"profit_sum_pct":-4.72,"profit_total_abs":-15.458979470000001,"profit_total":-0.01545897947,"profit_total_pct":-1.55,"duration_avg":"0:05:00","wins":4,"draws":0,"losses":22,"winrate":0.15384615384615385,"cagr":-0.020614576031349308,"expectancy":-0.5945761334615385,"expectancy_ratio":-0.7856950515779362,"sortino":-3.226964043716403,"sharpe":-2.1838817050654202,"calmar":-6.998158671993685,"sqn":-6.0013,"profit_factor":0.07145130268062094,"max_drawdown_account":0.015458979470000031,"max_drawdown_abs":"15.459"}]}