{"strategy":{"AlphaBreakoutV2025":{"trades":[{"pair":"BTC/USDT","stake_amount":9.1171152,"max_stake_amount":9.1171152,"amount":9e-05,"open_date":"2025-06-23 04:27:00+00:00","close_date":"2025-06-23 04:37:00+00:00","open_rate":101301.28,"close_rate":101212.49,"fee_open":0.001,"fee_close":0.001,"trade_duration":10,"profit_ratio":-0.0028727451914997027,"profit_abs":-0.02621734,"exit_reason":"exit_signal","initial_stop_loss_abs":99781.77,"initial_stop_loss_ratio":-0.015,"stop_loss_abs":99781.77,"stop_loss_ratio":-0.015,"min_rate":101181.12,"max_rate":101301.28,"is_open":false,"enter_tag":"","leverage":1.0,"is_short":false,"open_timestamp":1750652820000,"close_timestamp":1750653420000,"orders":[{"amount":9e-05,"safe_price":101301.28,"ft_order_side":"buy","order_filled_timestamp":1750652820000,"ft_is_entry":true,"ft_order_tag":"","cost":9.1262323152},{"amount":9e-05,"safe_price":101212.49,"ft_order_side":"sell","order_filled_timestamp":1750653420000,"ft_is_entry":false,"ft_order_tag":"exit_signal","cost":9.118233224099999}]},{"pair":"ETH/USDT","stake_amount":9.87008,"max_stake_amount":9.87008,"amount":0.0044,"open_date":"2025-06-23 05:21:00+00:00","close_date":"2025-06-23 05:27:00+00:00","open_rate":2243.2,"close_rate":2240.62,"fee_open":0.001,"fee_close":0.001,"trade_duration":6,"profit_ratio":-0.003145846866465139,"profit_abs":-0.03108081,"exit_reason":"exit_signal","initial_stop_loss_abs":2209.56,"initial_stop_loss_ratio":-0.015,"stop_loss_abs":2211.97,"stop_loss_ratio":-0.015,"min_rate":2240.08,"max_rate":2245.65,"is_open":false,"enter_tag":"","leverage":1.0,"is_short":false,"open_timestamp":1750656060000,"close_timestamp":1750656420000,"orders":[{"amount":0.0044,"safe_price":2243.2,"ft_order_side":"buy","order_filled_timestamp":1750656060000,"ft_is_entry":true,"ft_order_tag":"","cost":9.879950079999999},{"amount":0.0044,"safe_price":2240.62,"ft_order_side":"sell","order_filled_timestamp":1750656420000,"ft_is_entry":false,"ft_order_tag":"exit_signal","cost":9.868586727999999}]},{"pair":"BTC/USDT","stake_amount":9.12528,"max_stake_amount":9.12528,"amount":9e-05,"open_date":"2025-06-23 05:12:00+00:00","close_date":"2025-06-23 05:43:00+00:00","open_rate":101392.0,"close_rate":101484.6,"fee_open":0.001,"fee_close":0.001,"trade_duration":31,"profit_ratio":-0.0010865392650937862,"profit_abs":-0.00992489,"exit_reason":"exit_signal","initial_stop_loss_abs":99871.12,"initial_stop_loss_ratio":-0.015,"stop_loss_abs":100015.01,"stop_loss_ratio":-0.015,"min_rate":101391.99,"max_rate":101538.08,"is_open":false,"enter_tag":"","leverage":1.0,"is_short":false,"open_timestamp":1750655520000,"close_timestamp":1750657380000,"orders":[{"amount":9e-05,"safe_price":101392.0,"ft_order_side":"buy","order_filled_timestamp":1750655520000,"ft_is_entry":true,"ft_order_tag":"","cost":9.13440528},{"amount":9e-05,"safe_price":101484.6,"ft_order_side":"sell","order_filled_timestamp":1750657380000,"ft_is_entry":false,"ft_order_tag":"exit_signal","cost":9.142747614000001}]},{"pair":"ETH/USDT","stake_amount":9.907348,"max_stake_amount":9.907348,"amount":0.0044,"open_date":"2025-06-23 06:03:00+00:00","close_date":"2025-06-23 06:18:00+00:00","open_rate":2251.67,"close_rate":2250.37,"fee_open":0.001,"fee_close":0.001,"trade_duration":15,"profit_ratio":-0.002574198112701454,"profit_abs":-0.02552898,"exit_reason":"exit_signal","initial_stop_loss_abs":2217.9,"initial_stop_loss_ratio":-0.015,"stop_loss_abs":2221.25,"stop_loss_ratio":-0.015,"min_rate":2247.79,"max_rate":2255.07,"is_open":false,"enter_tag":"","leverage":1.0,"is_short":false,"open_timestamp":1750658580000,"close_timestamp":1750659480000,"orders":[{"amount":0.0044,"safe_price":2251.67,"ft_order_side":"buy","order_filled_timestamp":1750658580000,"ft_is_entry":true,"ft_order_tag":"","cost":9.917255348},{"amount":0.0044,"safe_price":2250.37,"ft_order_side":"sell","order_filled_timestamp":1750659480000,"ft_is_entry":false,"ft_order_tag":"exit_signal","cost":9.911529628}]},{"pair":"BTC/USDT","stake_amount":9.1801764,"max_stake_amount":9.1801764,"amount":9e-05,"open_date":"2025-06-23 06:17:00+00:00","close_date":"2025-06-23 06:20:00+00:00","open_rate":102001.96,"close_rate":101844.14,"fee_open":0.001,"fee_close":0.001,"trade_duration":3,"profit_ratio":-0.0035421359188078966,"profit_abs":-0.03254995,"exit_reason":"exit_signal","initial_stop_loss_abs":100471.94,"initial_stop_loss_ratio":-0.015,"stop_loss_abs":100477.88,"stop_loss_ratio":-0.015,"min_rate":101844.14,"max_rate":102007.99,"is_open":false,"enter_tag":"","leverage":1.0,"is_short":false,"open_timestamp":1750659420000,"close_timestamp":1750659600000,"orders":[{"amount":9e-05,"safe_price":102001.96,"ft_order_side":"buy","order_filled_timestamp":1750659420000,"ft_is_entry":true,"ft_order_tag":"","cost":9.1893565764},{"amount":9e-05,"safe_price":101844.14,"ft_order_side":"sell","order_filled_timestamp":1750659600000,"ft_is_entry":false,"ft_order_tag":"exit_signal","cost":9.175138572599998}]},{"pair":"ETH/USDT","stake_amount":9.783059,"max_stake_amount":9.783059,"amount":0.0043,"open_date":"2025-06-23 13:42:00+00:00","close_date":"2025-06-23 14:12:00+00:00","open_rate":2275.13,"close_rate":2293.16,"fee_open":0.001,"fee_close":0.001,"trade_duration":30,"profit_ratio":0.005910985764015374,"profit_abs":0.05788535,"exit_reason":"exit_signal","initial_stop_loss_abs":2241.01,"initial_stop_loss_ratio":-0.015,"stop_loss_abs":2278.83,"stop_loss_ratio":-0.015,"min_rate":2272.23,"max_rate":2313.53,"is_open":false,"enter_tag":"","leverage":1.0,"is_short":false,"open_timestamp":1750686120000,"close_timestamp":1750687920000,"orders":[{"amount":0.0043,"safe_price":2275.13,"ft_order_side":"buy","order_filled_timestamp":1750686120000,"ft_is_entry":true,"ft_order_tag":"","cost":9.792842058999998},{"amount":0.0043,"safe_price":2293.16,"ft_order_side":"sell","order_filled_timestamp":1750687920000,"ft_is_entry":false,"ft_order_tag":"exit_signal","cost":9.870448587999999}]},{"pair":"BTC/USDT","stake_amount":9.2402154,"max_stake_amount":9.2402154,"amount":9e-05,"open_date":"2025-06-23 18:03:00+00:00","close_date":"2025-06-23 18:28:00+00:00","open_rate":102669.06,"close_rate":102782.11,"fee_open":0.001,"fee_close":0.001,"trade_duration":25,"profit_ratio":-0.0008990918326213691,"profit_abs":-0.00831611,"exit_reason":"exit_signal","initial_stop_loss_abs":101129.03,"initial_stop_loss_ratio":-0.015,"stop_loss_abs":101638.12,"stop_loss_ratio":-0.015,"min_rate":102628.9,"max_rate":103185.9,"is_open":false,"enter_tag":"","leverage":1.0,"is_short":false,"open_timestamp":1750701780000,"close_timestamp":1750703280000,"orders":[{"amount":9e-05,"safe_price":102669.06,"ft_order_side":"buy","order_filled_timestamp":1750701780000,"ft_is_entry":true,"ft_order_tag":"","cost":9.249455615399999},{"amount":9e-05,"safe_price":102782.11,"ft_order_side":"sell","order_filled_timestamp":1750703280000,"ft_is_entry":false,"ft_order_tag":"exit_signal","cost":9.259640289899998}]},{"pair":"ETH/USDT","stake_amount":9.862179,"max_stake_amount":9.862179,"amount":0.0043,"open_date":"2025-06-23 18:06:00+00:00","close_date":"2025-06-23 18:28:00+00:00","open_rate":2293.53,"close_rate":2289.36,"fee_open":0.001,"fee_close":0.001,"trade_duration":22,"profit_ratio":-0.003812527654368286,"profit_abs":-0.03763743,"exit_reason":"exit_signal","initial_stop_loss_abs":2259.13,"initial_stop_loss_ratio":-0.015,"stop_loss_abs":2269.31,"stop_loss_ratio":-0.015,"min_rate":2284.98,"max_rate":2303.86,"is_open":false,"enter_tag":"","leverage":1.0,"is_short":false,"open_timestamp":1750701960000,"close_timestamp":1750703280000,"orders":[{"amount":0.0043,"safe_price":2293.53,"ft_order_side":"buy","order_filled_timestamp":1750701960000,"ft_is_entry":true,"ft_order_tag":"","cost":9.872041179},{"amount":0.0043,"safe_price":2289.36,"ft_order_side":"sell","order_filled_timestamp":1750703280000,"ft_is_entry":false,"ft_order_tag":"exit_signal","cost":9.854092247999999}]},{"pair":"BTC/USDT","stake_amount":9.2895228,"max_stake_amount":9.2895228,"amount":9e-05,"open_date":"2025-06-23 18:37:00+00:00","close_date":"2025-06-23 18:48:00+00:00","open_rate":103216.92,"close_rate":102924.48,"fee_open":0.001,"fee_close":0.001,"trade_duration":11,"profit_ratio":-0.004825597984161522,"profit_abs":-0.04487233,"exit_reason":"exit_signal","initial_stop_loss_abs":101668.67,"initial_stop_loss_ratio":-0.015,"stop_loss_abs":101743.75,"stop_loss_ratio":-0.015,"min_rate":102923.98,"max_rate":103293.14,"is_open":false,"enter_tag":"","leverage":1.0,"is_short":false,"open_timestamp":1750703820000,"close_timestamp":1750704480000,"orders":[{"amount":9e-05,"safe_price":103216.92,"ft_order_side":"buy","order_filled_timestamp":1750703820000,"ft_is_entry":true,"ft_order_tag":"","cost":9.2988123228},{"amount":9e-05,"safe_price":102924.48,"ft_order_side":"sell","order_filled_timestamp":1750704480000,"ft_is_entry":false,"ft_order_tag":"exit_signal","cost":9.2724664032}]},{"pair":"BTC/USDT","stake_amount":9.2996154,"max_stake_amount":9.2996154,"amount":9e-05,"open_date":"2025-06-23 20:13:00+00:00","close_date":"2025-06-23 20:26:00+00:00","open_rate":103329.06,"close_rate":103812.2,"fee_open":0.001,"fee_close":0.001,"trade_duration":13,"profit_ratio":0.002668397977520116,"profit_abs":0.02483989,"exit_reason":"exit_signal","initial_stop_loss_abs":101779.13,"initial_stop_loss_ratio":-0.015,"stop_loss_abs":102266.65,"stop_loss_ratio":-0.015,"min_rate":103301.42,"max_rate":103824.01,"is_open":false,"enter_tag":"","leverage":1.0,"is_short":false,"open_timestamp":1750709580000,"close_timestamp":1750710360000,"orders":[{"amount":9e-05,"safe_price":103329.06,"ft_order_side":"buy","order_filled_timestamp":1750709580000,"ft_is_entry":true,"ft_order_tag":"","cost":9.3089150154},{"amount":9e-05,"safe_price":103812.2,"ft_order_side":"sell","order_filled_timestamp":1750710360000,"ft_is_entry":false,"ft_order_tag":"exit_signal","cost":9.352441097999998}]},{"pair":"ETH/USDT","stake_amount":9.883501,"max_stake_amount":9.883501,"amount":0.0041,"open_date":"2025-06-24 05:16:00+00:00","close_date":"2025-06-24 05:19:00+00:00","open_rate":2410.61,"close_rate":2403.35,"fee_open":0.001,"fee_close":0.001,"trade_duration":3,"profit_ratio":-0.005003670886843257,"profit_abs":-0.04950324,"exit_reason":"exit_signal","initial_stop_loss_abs":2374.46,"initial_stop_loss_ratio":-0.015,"stop_loss_abs":2376.01,"stop_loss_ratio":-0.015,"min_rate":2402.96,"max_rate":2412.19,"is_open":false,"enter_tag":"","leverage":1.0,"is_short":false,"open_timestamp":1750742160000,"close_timestamp":1750742340000,"orders":[{"amount":0.0041,"safe_price":2410.61,"ft_order_side":"buy","order_filled_timestamp":1750742160000,"ft_is_entry":true,"ft_order_tag":"","cost":9.893384501},{"amount":0.0041,"safe_price":2403.35,"ft_order_side":"sell","order_filled_timestamp":1750742340000,"ft_is_entry":false,"ft_order_tag":"exit_signal","cost":9.863588734999999}]},{"pair":"ETH/USDT","stake_amount":9.912283,"max_stake_amount":9.912283,"amount":0.0041,"open_date":"2025-06-24 05:37:00+00:00","close_date":"2025-06-24 06:00:00+00:00","open_rate":2417.63,"close_rate":2420.02,"fee_open":0.001,"fee_close":0.001,"trade_duration":23,"profit_ratio":-0.00101140621745209,"profit_abs":-0.01003537,"exit_reason":"exit_signal","initial_stop_loss_abs":2381.37,"initial_stop_loss_ratio":-0.015,"stop_loss_abs":2388.08,"stop_loss_ratio":-0.015,"min_rate":2416.61,"max_rate":2424.44,"is_open":false,"enter_tag":"","leverage":1.0,"is_short":false,"open_timestamp":1750743420000,"close_timestamp":1750744800000,"orders":[{"amount":0.0041,"safe_price":2417.63,"ft_order_side":"buy","order_filled_timestamp":1750743420000,"ft_is_entry":true,"ft_order_tag":"","cost":9.922195282999999},{"amount":0.0041,"safe_price":2420.02,"ft_order_side":"sell","order_filled_timestamp":1750744800000,"ft_is_entry":false,"ft_order_tag":"exit_signal","cost":9.932004082}]},{"pair":"BTC/USDT","stake_amount":9.504,"max_stake_amount":9.504,"amount":9e-05,"open_date":"2025-06-24 06:36:00+00:00","close_date":"2025-06-24 06:53:00+00:00","open_rate":105600.0,"close_rate":105671.49,"fee_open":0.001,"fee_close":0.001,"trade_duration":17,"profit_ratio":-0.001322365555320101,"profit_abs":-0.01258033,"exit_reason":"exit_signal","initial_stop_loss_abs":104016.0,"initial_stop_loss_ratio":-0.015,"stop_loss_abs":104223.84,"stop_loss_ratio":-0.015,"min_rate":105567.27,"max_rate":105811.0,"is_open":false,"enter_tag":"","leverage":1.0,"is_short":false,"open_timestamp":1750746960000,"close_timestamp":1750747980000,"orders":[{"amount":9e-05,"safe_price":105600.0,"ft_order_side":"buy","order_filled_timestamp":1750746960000,"ft_is_entry":true,"ft_order_tag":"","cost":9.513504000000001},{"amount":9e-05,"safe_price":105671.49,"ft_order_side":"sell","order_filled_timestamp":1750747980000,"ft_is_entry":false,"ft_order_tag":"exit_signal","cost":9.5199445341}]},{"pair":"ETH/USDT","stake_amount":9.954021,"max_stake_amount":9.954021,"amount":0.0041,"open_date":"2025-06-24 06:43:00+00:00","close_date":"2025-06-24 06:55:00+00:00","open_rate":2427.81,"close_rate":2426.5,"fee_open":0.001,"fee_close":0.001,"trade_duration":12,"profit_ratio":-0.0025365047530461894,"profit_abs":-0.02527367,"exit_reason":"exit_signal","initial_stop_loss_abs":2391.4,"initial_stop_loss_ratio":-0.015,"stop_loss_abs":2398.3,"stop_loss_ratio":-0.015,"min_rate":2423.81,"max_rate":2434.82,"is_open":false,"enter_tag":"","leverage":1.0,"is_short":false,"open_timestamp":1750747380000,"close_timestamp":1750748100000,"orders":[{"amount":0.0041,"safe_price":2427.81,"ft_order_side":"buy","order_filled_timestamp":1750747380000,"ft_is_entry":true,"ft_order_tag":"","cost":9.963975021},{"amount":0.0041,"safe_price":2426.5,"ft_order_side":"sell","order_filled_timestamp":1750748100000,"ft_is_entry":false,"ft_order_tag":"exit_signal","cost":9.958598649999999}]},{"pair":"BTC/USDT","stake_amount":9.5375898,"max_stake_amount":9.5375898,"amount":9e-05,"open_date":"2025-06-24 16:54:00+00:00","close_date":"2025-06-24 17:12:00+00:00","open_rate":105973.22,"close_rate":105943.94,"fee_open":0.001,"fee_close":0.001,"trade_duration":18,"profit_ratio":-0.002273745715720962,"profit_abs":-0.02170774,"exit_reason":"exit_signal","initial_stop_loss_abs":104383.63,"initial_stop_loss_ratio":-0.015,"stop_loss_abs":104695.65,"stop_loss_ratio":-0.015,"min_rate":105935.88,"max_rate":106290.0,"is_open":false,"enter_tag":"","leverage":1.0,"is_short":false,"open_timestamp":1750784040000,"close_timestamp":1750785120000,"orders":[{"amount":9e-05,"safe_price":105973.22,"ft_order_side":"buy","order_filled_timestamp":1750784040000,"ft_is_entry":true,"ft_order_tag":"","cost":9.5471273898},{"amount":9e-05,"safe_price":105943.94,"ft_order_side":"sell","order_filled_timestamp":1750785120000,"ft_is_entry":false,"ft_order_tag":"exit_signal","cost":9.5444895546}]},{"pair":"BTC/USDT","stake_amount":9.545697,"max_stake_amount":9.545697,"amount":9e-05,"open_date":"2025-06-24 20:56:00+00:00","close_date":"2025-06-24 21:02:00+00:00","open_rate":106063.3,"close_rate":105980.89,"fee_open":0.001,"fee_close":0.001,"trade_duration":6,"profit_ratio":-0.0027734387121658684,"profit_abs":-0.02650088,"exit_reason":"exit_signal","initial_stop_loss_abs":104472.36,"initial_stop_loss_ratio":-0.015,"stop_loss_abs":104506.53,"stop_loss_ratio":-0.015,"min_rate":105903.29,"max_rate":106098.0,"is_open":false,"enter_tag":"","leverage":1.0,"is_short":false,"open_timestamp":1750798560000,"close_timestamp":1750798920000,"orders":[{"amount":9e-05,"safe_price":106063.3,"ft_order_side":"buy","order_filled_timestamp":1750798560000,"ft_is_entry":true,"ft_order_tag":"","cost":9.555242696999999},{"amount":9e-05,"safe_price":105980.89,"ft_order_side":"sell","order_filled_timestamp":1750798920000,"ft_is_entry":false,"ft_order_tag":"exit_signal","cost":9.547818380099999}]},{"pair":"BTC/USDT","stake_amount":9.5540328,"max_stake_amount":9.5540328,"amount":9e-05,"open_date":"2025-06-25 00:09:00+00:00","close_date":"2025-06-25 00:22:00+00:00","open_rate":106155.92,"close_rate":106166.11,"fee_open":0.001,"fee_close":0.001,"trade_duration":13,"profit_ratio":-0.001902202627324693,"profit_abs":-0.01819188,"exit_reason":"exit_signal","initial_stop_loss_abs":104563.59,"initial_stop_loss_ratio":-0.015,"stop_loss_abs":104853.25,"stop_loss_ratio":-0.015,"min_rate":106127.45,"max_rate":106450.0,"is_open":false,"enter_tag":"","leverage":1.0,"is_short":false,"open_timestamp":1750810140000,"close_timestamp":1750810920000,"orders":[{"amount":9e-05,"safe_price":106155.92,"ft_order_side":"buy","order_filled_timestamp":1750810140000,"ft_is_entry":true,"ft_order_tag":"","cost":9.563586832799999},{"amount":9e-05,"safe_price":106166.11,"ft_order_side":"sell","order_filled_timestamp":1750810920000,"ft_is_entry":false,"ft_order_tag":"exit_signal","cost":9.564504849899999}]},{"pair":"ETH/USDT","stake_amount":9.81816,"max_stake_amount":9.81816,"amount":0.004,"open_date":"2025-06-25 00:14:00+00:00","close_date":"2025-06-25 00:25:00+00:00","open_rate":2454.54,"close_rate":2450.5,"fee_open":0.001,"fee_close":0.001,"trade_duration":11,"profit_ratio":-0.0036406430109527225,"profit_abs":-0.03578016,"exit_reason":"exit_signal","initial_stop_loss_abs":2417.73,"initial_stop_loss_ratio":-0.015,"stop_loss_abs":2420.65,"stop_loss_ratio":-0.015,"min_rate":2449.82,"max_rate":2457.51,"is_open":false,"enter_tag":"","leverage":1.0,"is_short":false,"open_timestamp":1750810440000,"close_timestamp":1750811100000,"orders":[{"amount":0.004,"safe_price":2454.54,"ft_order_side":"buy","order_filled_timestamp":1750810440000,"ft_is_entry":true,"ft_order_tag":"","cost":9.827978159999999},{"amount":0.004,"safe_price":2450.5,"ft_order_side":"sell","order_filled_timestamp":1750811100000,"ft_is_entry":false,"ft_order_tag":"exit_signal","cost":9.811801999999998}]},{"pair":"ETH/USDT","stake_amount":9.85128,"max_stake_amount":9.85128,"amount":0.004,"open_date":"2025-06-25 01:03:00+00:00","close_date":"2025-06-25 01:15:00+00:00","open_rate":2462.82,"close_rate":2455.64,"fee_open":0.001,"fee_close":0.001,"trade_duration":12,"profit_ratio":-0.004907534300669,"profit_abs":-0.04839384,"exit_reason":"exit_signal","initial_stop_loss_abs":2425.88,"initial_stop_loss_ratio":-0.015,"stop_loss_abs":2425.88,"stop_loss_ratio":-0.015,"min_rate":2454.16,"max_rate":2462.82,"is_open":false,"enter_tag":"","leverage":1.0,"is_short":false,"open_timestamp":1750813380000,"close_timestamp":1750814100000,"orders":[{"amount":0.004,"safe_price":2462.82,"ft_order_side":"buy","order_filled_timestamp":1750813380000,"ft_is_entry":true,"ft_order_tag":"","cost":9.86113128},{"amount":0.004,"safe_price":2455.64,"ft_order_side":"sell","order_filled_timestamp":1750814100000,"ft_is_entry":false,"ft_order_tag":"exit_signal","cost":9.832382559999997}]},{"pair":"BTC/USDT","stake_amount":9.5823189,"max_stake_amount":9.5823189,"amount":9e-05,"open_date":"2025-06-25 00:56:00+00:00","close_date":"2025-06-25 01:20:00+00:00","open_rate":106470.21,"close_rate":106133.35,"fee_open":0.001,"fee_close":0.001,"trade_duration":24,"profit_ratio":-0.005155570191085759,"profit_abs":-0.04945172,"exit_reason":"exit_signal","initial_stop_loss_abs":104873.16,"initial_stop_loss_ratio":-0.015,"stop_loss_abs":105016.77,"stop_loss_ratio":-0.015,"min_rate":106097.75,"max_rate":106616.01,"is_open":false,"enter_tag":"","leverage":1.0,"is_short":false,"open_timestamp":1750812960000,"close_timestamp":1750814400000,"orders":[{"amount":9e-05,"safe_price":106470.21,"ft_order_side":"buy","order_filled_timestamp":1750812960000,"ft_is_entry":true,"ft_order_tag":"","cost":9.5919012189},{"amount":9e-05,"safe_price":106133.35,"ft_order_side":"sell","order_filled_timestamp":1750814400000,"ft_is_entry":false,"ft_order_tag":"exit_signal","cost":9.5615535015}]},{"pair":"ETH/USDT","stake_amount":9.78428,"max_stake_amount":9.78428,"amount":0.004,"open_date":"2025-06-25 07:04:00+00:00","close_date":"2025-06-25 07:06:00+00:00","open_rate":2446.07,"close_rate":2442.9,"fee_open":0.001,"fee_close":0.001,"trade_duration":2,"profit_ratio":-0.003291369045415332,"profit_abs":-0.03223588,"exit_reason":"exit_signal","initial_stop_loss_abs":2409.38,"initial_stop_loss_ratio":-0.015,"stop_loss_abs":2409.38,"stop_loss_ratio":-0.015,"min_rate":2442.21,"max_rate":2446.07,"is_open":false,"enter_tag":"","leverage":1.0,"is_short":false,"open_timestamp":1750835040000,"close_timestamp":1750835160000,"orders":[{"amount":0.004,"safe_price":2446.07,"ft_order_side":"buy","order_filled_timestamp":1750835040000,"ft_is_entry":true,"ft_order_tag":"","cost":9.794064279999999},{"amount":0.004,"safe_price":2442.9,"ft_order_side":"sell","order_filled_timestamp":1750835160000,"ft_is_entry":false,"ft_order_tag":"exit_signal","cost":9.7813716}]},{"pair":"BTC/USDT","stake_amount":9.5972184,"max_stake_amount":9.5972184,"amount":9e-05,"open_date":"2025-06-25 09:00:00+00:00","close_date":"2025-06-25 09:10:00+00:00","open_rate":106635.76,"close_rate":106832.53,"fee_open":0.001,"fee_close":0.001,"trade_duration":10,"profit_ratio":-0.00015643581179195122,"profit_abs":-0.00150285,"exit_reason":"exit_signal","initial_stop_loss_abs":105036.23,"initial_stop_loss_ratio":-0.015,"stop_loss_abs":105285.18,"stop_loss_ratio":-0.015,"min_rate":106590.89,"max_rate":106888.5,"is_open":false,"enter_tag":"","leverage":1.0,"is_short":false,"open_timestamp":1750842000000,"close_timestamp":1750842600000,"orders":[{"amount":9e-05,"safe_price":106635.76,"ft_order_side":"buy","order_filled_timestamp":1750842000000,"ft_is_entry":true,"ft_order_tag":"","cost":9.6068156184},{"amount":9e-05,"safe_price":106832.53,"ft_order_side":"sell","order_filled_timestamp":1750842600000,"ft_is_entry":false,"ft_order_tag":"exit_signal","cost":9.6245426277}]},{"pair":"BTC/USDT","stake_amount":9.648234,"max_stake_amount":9.648234,"amount":9e-05,"open_date":"2025-06-25 11:55:00+00:00","close_date":"2025-06-25 12:01:00+00:00","open_rate":107202.6,"close_rate":107156.26,"fee_open":0.001,"fee_close":0.001,"trade_duration":6,"profit_ratio":-0.002429404234957458,"profit_abs":-0.0234629,"exit_reason":"exit_signal","initial_stop_loss_abs":105594.57,"initial_stop_loss_ratio":-0.015,"stop_loss_abs":105628.88,"stop_loss_ratio":-0.015,"min_rate":107132.38,"max_rate":107237.44,"is_open":false,"enter_tag":"","leverage":1.0,"is_short":false,"open_timestamp":1750852500000,"close_timestamp":1750852860000,"orders":[{"amount":9e-05,"safe_price":107202.6,"ft_order_side":"buy","order_filled_timestamp":1750852500000,"ft_is_entry":true,"ft_order_tag":"","cost":9.657882233999999},{"amount":9e-05,"safe_price":107156.26,"ft_order_side":"sell","order_filled_timestamp":1750852860000,"ft_is_entry":false,"ft_order_tag":"exit_signal","cost":9.6537074634}]},{"pair":"BTC/USDT","stake_amount":9.6647301,"max_stake_amount":9.6647301,"amount":9e-05,"open_date":"2025-06-25 13:13:00+00:00","close_date":"2025-06-25 13:18:00+00:00","open_rate":107385.89,"close_rate":107708.97,"fee_open":0.001,"fee_close":0.001,"trade_duration":5,"profit_ratio":0.0010045754975559068,"profit_abs":0.00971866,"exit_reason":"exit_signal","initial_stop_loss_abs":105775.11,"initial_stop_loss_ratio":-0.015,"stop_loss_abs":106124.76,"stop_loss_ratio":-0.015,"min_rate":107385.89,"max_rate":107740.87,"is_open":false,"enter_tag":"","leverage":1.0,"is_short":false,"open_timestamp":1750857180000,"close_timestamp":1750857480000,"orders":[{"amount":9e-05,"safe_price":107385.89,"ft_order_side":"buy","order_filled_timestamp":1750857180000,"ft_is_entry":true,"ft_order_tag":"","cost":9.674394830099999},{"amount":9e-05,"safe_price":107708.97,"ft_order_side":"sell","order_filled_timestamp":1750857480000,"ft_is_entry":false,"ft_order_tag":"exit_signal","cost":9.703501107300001}]},{"pair":"BTC/USDT","stake_amount":9.726246,"max_stake_amount":9.726246,"amount":9e-05,"open_date":"2025-06-25 13:46:00+00:00","close_date":"2025-06-25 13:51:00+00:00","open_rate":108069.4,"close_rate":107845.81,"fee_open":0.001,"fee_close":0.001,"trade_duration":5,"profit_ratio":-0.004062816635108144,"profit_abs":-0.03955547,"exit_reason":"exit_signal","initial_stop_loss_abs":106448.36,"initial_stop_loss_ratio":-0.015,"stop_loss_abs":106508.29,"stop_loss_ratio":-0.015,"min_rate":107738.34,"max_rate":108130.24,"is_open":false,"enter_tag":"","leverage":1.0,"is_short":false,"open_timestamp":1750859160000,"close_timestamp":1750859460000,"orders":[{"amount":9e-05,"safe_price":108069.4,"ft_order_side":"buy","order_filled_timestamp":1750859160000,"ft_is_entry":true,"ft_order_tag":"","cost":9.735972246},{"amount":9e-05,"safe_price":107845.81,"ft_order_side":"sell","order_filled_timestamp":1750859460000,"ft_is_entry":false,"ft_order_tag":"exit_signal","cost":9.7158290229}]},{"pair":"ETH/USDT","stake_amount":9.8582,"max_stake_amount":9.8582,"amount":0.004,"open_date":"2025-06-26 02:01:00+00:00","close_date":"2025-06-26 02:21:00+00:00","open_rate":2464.55,"close_rate":2466.53,"fee_open":0.001,"fee_close":0.001,"trade_duration":20,"profit_ratio":-0.001196215077045249,"profit_abs":-0.01180432,"exit_reason":"exit_signal","initial_stop_loss_abs":2427.59,"initial_stop_loss_ratio":-0.015,"stop_loss_abs":2437.38,"stop_loss_ratio":-0.015,"min_rate":2462.03,"max_rate":2474.49,"is_open":false,"enter_tag":"","leverage":1.0,"is_short":false,"open_timestamp":1750903260000,"close_timestamp":1750904460000,"orders":[{"amount":0.004,"safe_price":2464.55,"ft_order_side":"buy","order_filled_timestamp":1750903260000,"ft_is_entry":true,"ft_order_tag":"","cost":9.868058199999998},{"amount":0.004,"safe_price":2466.53,"ft_order_side":"sell","order_filled_timestamp":1750904460000,"ft_is_entry":false,"ft_order_tag":"exit_signal","cost":9.875986119999999}]},{"pair":"BTC/USDT","stake_amount":9.7038036,"max_stake_amount":9.7038036,"amount":9e-05,"open_date":"2025-06-26 02:06:00+00:00","close_date":"2025-06-26 02:21:00+00:00","open_rate":107820.04,"close_rate":107766.68,"fee_open":0.001,"fee_close":0.001,"trade_duration":15,"profit_ratio":-0.002491911417190985,"profit_abs":-0.0242052,"exit_reason":"exit_signal","initial_stop_loss_abs":106202.74,"initial_stop_loss_ratio":-0.015,"stop_loss_abs":106330.75,"stop_loss_ratio":-0.015,"min_rate":107723.52,"max_rate":107950.0,"is_open":false,"enter_tag":"","leverage":1.0,"is_short":false,"open_timestamp":1750903560000,"close_timestamp":1750904460000,"orders":[{"amount":9e-05,"safe_price":107820.04,"ft_order_side":"buy","order_filled_timestamp":1750903560000,"ft_is_entry":true,"ft_order_tag":"","cost":9.7135074036},{"amount":9e-05,"safe_price":107766.68,"ft_order_side":"sell","order_filled_timestamp":1750904460000,"ft_is_entry":false,"ft_order_tag":"exit_signal","cost":9.7087002012}]},{"pair":"BTC/USDT","stake_amount":9.7241229,"max_stake_amount":9.7241229,"amount":9e-05,"open_date":"2025-06-26 07:26:00+00:00","close_date":"2025-06-26 07:38:00+00:00","open_rate":108045.81,"close_rate":107909.71,"fee_open":0.001,"fee_close":0.001,"trade_duration":12,"profit_ratio":-0.0032551364250390804,"profit_abs":-0.031685,"exit_reason":"exit_signal","initial_stop_loss_abs":106425.13,"initial_stop_loss_ratio":-0.015,"stop_loss_abs":106438.18,"stop_loss_ratio":-0.015,"min_rate":107909.7,"max_rate":108059.06,"is_open":false,"enter_tag":"","leverage":1.0,"is_short":false,"open_timestamp":1750922760000,"close_timestamp":1750923480000,"orders":[{"amount":9e-05,"safe_price":108045.81,"ft_order_side":"buy","order_filled_timestamp":1750922760000,"ft_is_entry":true,"ft_order_tag":"","cost":9.733847022900001},{"amount":9e-05,"safe_price":107909.71,"ft_order_side":"sell","order_filled_timestamp":1750923480000,"ft_is_entry":false,"ft_order_tag":"exit_signal","cost":9.7215857739}]},{"pair":"ETH/USDT","stake_amount":9.9962,"max_stake_amount":9.9962,"amount":0.004,"open_date":"2025-06-26 07:47:00+00:00","close_date":"2025-06-26 07:49:00+00:00","open_rate":2499.05,"close_rate":2494.15,"fee_open":0.001,"fee_close":0.001,"trade_duration":2,"profit_ratio":-0.0039548295085399185,"profit_abs":-0.0395728,"exit_reason":"exit_signal","initial_stop_loss_abs":2461.57,"initial_stop_loss_ratio":-0.015,"stop_loss_abs":2461.62,"stop_loss_ratio":-0.015,"min_rate":2493.2,"max_rate":2499.1,"is_open":false,"enter_tag":"","leverage":1.0,"is_short":false,"open_timestamp":1750924020000,"close_timestamp":1750924140000,"orders":[{"amount":0.004,"safe_price":2499.05,"ft_order_side":"buy","order_filled_timestamp":1750924020000,"ft_is_entry":true,"ft_order_tag":"","cost":10.006196200000002},{"amount":0.004,"safe_price":2494.15,"ft_order_side":"sell","order_filled_timestamp":1750924140000,"ft_is_entry":false,"ft_order_tag":"exit_signal","cost":9.9865766}]},{"pair":"ETH/USDT","stake_amount":9.997481,"max_stake_amount":9.997481,"amount":0.0041,"open_date":"2025-06-26 19:45:00+00:00","close_date":"2025-06-26 19:56:00+00:00","open_rate":2438.41,"close_rate":2437.92,"fee_open":0.001,"fee_close":0.001,"trade_duration":11,"profit_ratio":-0.002198550817948044,"profit_abs":-0.02200195,"exit_reason":"exit_signal","initial_stop_loss_abs":2401.84,"initial_stop_loss_ratio":-0.015,"stop_loss_abs":2406.27,"stop_loss_ratio":-0.015,"min_rate":2436.9,"max_rate":2442.91,"is_open":false,"enter_tag":"","leverage":1.0,"is_short":false,"open_timestamp":1750967100000,"close_timestamp":1750967760000,"orders":[{"amount":0.0041,"safe_price":2438.41,"ft_order_side":"buy","order_filled_timestamp":1750967100000,"ft_is_entry":true,"ft_order_tag":"","cost":10.007478481},{"amount":0.0041,"safe_price":2437.92,"ft_order_side":"sell","order_filled_timestamp":1750967760000,"ft_is_entry":false,"ft_order_tag":"exit_signal","cost":10.005467472}]},{"pair":"ETH/USDT","stake_amount":9.801,"max_stake_amount":9.801,"amount":0.004,"open_date":"2025-06-26 20:34:00+00:00","close_date":"2025-06-26 20:47:00+00:00","open_rate":2450.25,"close_rate":2449.83,"fee_open":0.001,"fee_close":0.001,"trade_duration":13,"profit_ratio":-0.002169070598822665,"profit_abs":-0.02128032,"exit_reason":"exit_signal","initial_stop_loss_abs":2413.5,"initial_stop_loss_ratio":-0.015,"stop_loss_abs":2420.47,"stop_loss_ratio":-0.015,"min_rate":2448.46,"max_rate":2457.32,"is_open":false,"enter_tag":"","leverage":1.0,"is_short":false,"open_timestamp":1750970040000,"close_timestamp":1750970820000,"orders":[{"amount":0.004,"safe_price":2450.25,"ft_order_side":"buy","order_filled_timestamp":1750970040000,"ft_is_entry":true,"ft_order_tag":"","cost":9.810801},{"amount":0.004,"safe_price":2449.83,"ft_order_side":"sell","order_filled_timestamp":1750970820000,"ft_is_entry":false,"ft_order_tag":"exit_signal","cost":9.809119319999999}]},{"pair":"BTC/USDT","stake_amount":9.7158231,"max_stake_amount":9.7158231,"amount":9e-05,"open_date":"2025-06-26 20:45:00+00:00","close_date":"2025-06-26 20:47:00+00:00","open_rate":107953.59,"close_rate":107772.09,"fee_open":0.001,"fee_close":0.001,"trade_duration":2,"profit_ratio":-0.0036759207158264754,"profit_abs":-0.03575031,"exit_reason":"exit_signal","initial_stop_loss_abs":106334.29,"initial_stop_loss_ratio":-0.015,"stop_loss_abs":106380.0,"stop_loss_ratio":-0.015,"min_rate":107730.18,"max_rate":108000.0,"is_open":false,"enter_tag":"","leverage":1.0,"is_short":false,"open_timestamp":1750970700000,"close_timestamp":1750970820000,"orders":[{"amount":9e-05,"safe_price":107953.59,"ft_order_side":"buy","order_filled_timestamp":1750970700000,"ft_is_entry":true,"ft_order_tag":"","cost":9.725538923099998},{"amount":9e-05,"safe_price":107772.09,"ft_order_side":"sell","order_filled_timestamp":1750970820000,"ft_is_entry":false,"ft_order_tag":"exit_signal","cost":9.709187588099999}]},{"pair":"ETH/USDT","stake_amount":9.994037,"max_stake_amount":9.994037,"amount":0.0041,"open_date":"2025-06-27 02:48:00+00:00","close_date":"2025-06-27 03:11:00+00:00","open_rate":2437.57,"close_rate":2438.7,"fee_open":0.001,"fee_close":0.001,"trade_duration":23,"profit_ratio":-0.00153535209389015,"profit_abs":-0.01535971,"exit_reason":"exit_signal","initial_stop_loss_abs":2401.01,"initial_stop_loss_ratio":-0.015,"stop_loss_abs":2406.0,"stop_loss_ratio":-0.015,"min_rate":2436.21,"max_rate":2442.63,"is_open":false,"enter_tag":"","leverage":1.0,"is_short":false,"open_timestamp":1750992480000,"close_timestamp":1750993860000,"orders":[{"amount":0.0041,"safe_price":2437.57,"ft_order_side":"buy","order_filled_timestamp":1750992480000,"ft_is_entry":true,"ft_order_tag":"","cost":10.004031037},{"amount":0.0041,"safe_price":2438.7,"ft_order_side":"sell","order_filled_timestamp":1750993860000,"ft_is_entry":false,"ft_order_tag":"exit_signal","cost":10.008668669999999}]},{"pair":"ETH/USDT","stake_amount":9.77736,"max_stake_amount":9.77736,"amount":0.004,"open_date":"2025-06-27 03:27:00+00:00","close_date":"2025-06-27 04:03:00+00:00","open_rate":2444.34,"close_rate":2445.64,"fee_open":0.001,"fee_close":0.001,"trade_duration":36,"profit_ratio":-0.0014672237112650476,"profit_abs":-0.01435992,"exit_reason":"exit_signal","initial_stop_loss_abs":2407.68,"initial_stop_loss_ratio":-0.015,"stop_loss_abs":2412.11,"stop_loss_ratio":-0.015,"min_rate":2440.65,"max_rate":2448.84,"is_open":false,"enter_tag":"","leverage":1.0,"is_short":false,"open_timestamp":1750994820000,"close_timestamp":1750996980000,"orders":[{"amount":0.004,"safe_price":2444.34,"ft_order_side":"buy","order_filled_timestamp":1750994820000,"ft_is_entry":true,"ft_order_tag":"","cost":9.787137360000001},{"amount":0.004,"safe_price":2445.64,"ft_order_side":"sell","order_filled_timestamp":1750996980000,"ft_is_entry":false,"ft_order_tag":"exit_signal","cost":9.79234256}]},{"pair":"ETH/USDT","stake_amount":9.78984,"max_stake_amount":9.78984,"amount":0.004,"open_date":"2025-06-27 06:47:00+00:00","close_date":"2025-06-27 07:04:00+00:00","open_rate":2447.46,"close_rate":2447.52,"fee_open":0.001,"fee_close":0.001,"trade_duration":17,"profit_ratio":-0.001973535767755081,"profit_abs":-0.01933992,"exit_reason":"exit_signal","initial_stop_loss_abs":2410.75,"initial_stop_loss_ratio":-0.015,"stop_loss_abs":2413.79,"stop_loss_ratio":-0.015,"min_rate":2445.75,"max_rate":2450.54,"is_open":false,"enter_tag":"","leverage":1.0,"is_short":false,"open_timestamp":1751006820000,"close_timestamp":1751007840000,"orders":[{"amount":0.004,"safe_price":2447.46,"ft_order_side":"buy","order_filled_timestamp":1751006820000,"ft_is_entry":true,"ft_order_tag":"","cost":9.799629839999998},{"amount":0.004,"safe_price":2447.52,"ft_order_side":"sell","order_filled_timestamp":1751007840000,"ft_is_entry":false,"ft_order_tag":"exit_signal","cost":9.799870079999998}]},{"pair":"ETH/USDT","stake_amount":9.82008,"max_stake_amount":9.82008,"amount":0.004,"open_date":"2025-06-27 07:19:00+00:00","close_date":"2025-06-27 07:25:00+00:00","open_rate":2455.02,"close_rate":2450.34,"fee_open":0.001,"fee_close":0.001,"trade_duration":6,"profit_ratio":-0.003900491326255678,"profit_abs":-0.03834144,"exit_reason":"exit_signal","initial_stop_loss_abs":2418.2,"initial_stop_loss_ratio":-0.015,"stop_loss_abs":2422.64,"stop_loss_ratio":-0.015,"min_rate":2447.87,"max_rate":2459.53,"is_open":false,"enter_tag":"","leverage":1.0,"is_short":false,"open_timestamp":1751008740000,"close_timestamp":1751009100000,"orders":[{"amount":0.004,"safe_price":2455.02,"ft_order_side":"buy","order_filled_timestamp":1751008740000,"ft_is_entry":true,"ft_order_tag":"","cost":9.82990008},{"amount":0.004,"safe_price":2450.34,"ft_order_side":"sell","order_filled_timestamp":1751009100000,"ft_is_entry":false,"ft_order_tag":"exit_signal","cost":9.81116136}]},{"pair":"ETH/USDT","stake_amount":9.76416,"max_stake_amount":9.76416,"amount":0.004,"open_date":"2025-06-27 15:54:00+00:00","close_date":"2025-06-27 16:02:00+00:00","open_rate":2441.04,"close_rate":2434.89,"fee_open":0.001,"fee_close":0.001,"trade_duration":8,"profit_ratio":-0.004512386148901732,"profit_abs":-0.04410372,"exit_reason":"exit_signal","initial_stop_loss_abs":2404.43,"initial_stop_loss_ratio":-0.015,"stop_loss_abs":2406.0,"stop_loss_ratio":-0.015,"min_rate":2434.88,"max_rate":2442.63,"is_open":false,"enter_tag":"","leverage":1.0,"is_short":false,"open_timestamp":1751039640000,"close_timestamp":1751040120000,"orders":[{"amount":0.004,"safe_price":2441.04,"ft_order_side":"buy","order_filled_timestamp":1751039640000,"ft_is_entry":true,"ft_order_tag":"","cost":9.77392416},{"amount":0.004,"safe_price":2434.89,"ft_order_side":"sell","order_filled_timestamp":1751040120000,"ft_is_entry":false,"ft_order_tag":"exit_signal","cost":9.749299559999997}]},{"pair":"BTC/USDT","stake_amount":9.6568047,"max_stake_amount":9.6568047,"amount":9e-05,"open_date":"2025-06-27 15:54:00+00:00","close_date":"2025-06-27 16:11:00+00:00","open_rate":107297.83,"close_rate":107263.57,"fee_open":0.001,"fee_close":0.001,"trade_duration":17,"profit_ratio":-0.002316662616316393,"profit_abs":-0.02239393,"exit_reason":"exit_signal","initial_stop_loss_abs":105688.37,"initial_stop_loss_ratio":-0.015,"stop_loss_abs":105796.04,"stop_loss_ratio":-0.015,"min_rate":107202.89,"max_rate":107407.14,"is_open":false,"enter_tag":"","leverage":1.0,"is_short":false,"open_timestamp":1751039640000,"close_timestamp":1751040660000,"orders":[{"amount":9e-05,"safe_price":107297.83,"ft_order_side":"buy","order_filled_timestamp":1751039640000,"ft_is_entry":true,"ft_order_tag":"","cost":9.666461504699999},{"amount":9e-05,"safe_price":107263.57,"ft_order_side":"sell","order_filled_timestamp":1751040660000,"ft_is_entry":false,"ft_order_tag":"exit_signal","cost":9.6633750213}]},{"pair":"BTC/USDT","stake_amount":9.649548,"max_stake_amount":9.649548,"amount":9e-05,"open_date":"2025-06-28 03:32:00+00:00","close_date":"2025-06-28 03:54:00+00:00","open_rate":107217.2,"close_rate":107258.44,"fee_open":0.001,"fee_close":0.001,"trade_duration":22,"profit_ratio":-0.0016141309795686145,"profit_abs":-0.01559121,"exit_reason":"exit_signal","initial_stop_loss_abs":105608.95,"initial_stop_loss_ratio":-0.015,"stop_loss_abs":105669.26,"stop_loss_ratio":-0.015,"min_rate":107201.27,"max_rate":107278.43,"is_open":false,"enter_tag":"","leverage":1.0,"is_short":false,"open_timestamp":1751081520000,"close_timestamp":1751082840000,"orders":[{"amount":9e-05,"safe_price":107217.2,"ft_order_side":"buy","order_filled_timestamp":1751081520000,"ft_is_entry":true,"ft_order_tag":"","cost":9.659197548},{"amount":9e-05,"safe_price":107258.44,"ft_order_side":"sell","order_filled_timestamp":1751082840000,"ft_is_entry":false,"ft_order_tag":"exit_signal","cost":9.662912859599999}]},{"pair":"ETH/USDT","stake_amount":9.959146,"max_stake_amount":9.959146,"amount":0.0041,"open_date":"2025-06-28 07:47:00+00:00","close_date":"2025-06-28 07:52:00+00:00","open_rate":2429.06,"close_rate":2428.29,"fee_open":0.001,"fee_close":0.001,"trade_duration":5,"profit_ratio":-0.0023143631912897872,"profit_abs":-0.02307213,"exit_reason":"exit_signal","initial_stop_loss_abs":2392.63,"initial_stop_loss_ratio":-0.015,"stop_loss_abs":2393.2,"stop_loss_ratio":-0.015,"min_rate":2428.05,"max_rate":2429.64,"is_open":false,"enter_tag":"","leverage":1.0,"is_short":false,"open_timestamp":1751096820000,"close_timestamp":1751097120000,"orders":[{"amount":0.0041,"safe_price":2429.06,"ft_order_side":"buy","order_filled_timestamp":1751096820000,"ft_is_entry":true,"ft_order_tag":"","cost":9.969105145999999},{"amount":0.0041,"safe_price":2428.29,"ft_order_side":"sell","order_filled_timestamp":1751097120000,"ft_is_entry":false,"ft_order_tag":"exit_signal","cost":9.965944988999999}]},{"pair":"ETH/USDT","stake_amount":9.7736,"max_stake_amount":9.7736,"amount":0.004,"open_date":"2025-06-28 17:49:00+00:00","close_date":"2025-06-28 17:51:00+00:00","open_rate":2443.4,"close_rate":2446.98,"fee_open":0.001,"fee_close":0.001,"trade_duration":2,"profit_ratio":-0.0005357579311905252,"profit_abs":-0.00524152,"exit_reason":"exit_signal","initial_stop_loss_abs":2406.75,"initial_stop_loss_ratio":-0.015,"stop_loss_abs":2411.09,"stop_loss_ratio":-0.015,"min_rate":2443.39,"max_rate":2447.8,"is_open":false,"enter_tag":"","leverage":1.0,"is_short":false,"open_timestamp":1751132940000,"close_timestamp":1751133060000,"orders":[{"amount":0.004,"safe_price":2443.4,"ft_order_side":"buy","order_filled_timestamp":1751132940000,"ft_is_entry":true,"ft_order_tag":"","cost":9.7833736},{"amount":0.004,"safe_price":2446.98,"ft_order_side":"sell","order_filled_timestamp":1751133060000,"ft_is_entry":false,"ft_order_tag":"exit_signal","cost":9.797707919999999}]},{"pair":"ETH/USDT","stake_amount":9.75736,"max_stake_amount":9.75736,"amount":0.004,"open_date":"2025-06-28 22:24:00+00:00","close_date":"2025-06-28 22:34:00+00:00","open_rate":2439.34,"close_rate":2437.25,"fee_open":0.001,"fee_close":0.001,"trade_duration":10,"profit_ratio":-0.002853079263091807,"profit_abs":-0.02786636,"exit_reason":"exit_signal","initial_stop_loss_abs":2402.75,"initial_stop_loss_ratio":-0.015,"stop_loss_abs":2403.34,"stop_loss_ratio":-0.015,"min_rate":2436.18,"max_rate":2439.93,"is_open":false,"enter_tag":"","leverage":1.0,"is_short":false,"open_timestamp":1751149440000,"close_timestamp":1751150040000,"orders":[{"amount":0.004,"safe_price":2439.34,"ft_order_side":"buy","order_filled_timestamp":1751149440000,"ft_is_entry":true,"ft_order_tag":"","cost":9.767117359999999},{"amount":0.004,"safe_price":2437.25,"ft_order_side":"sell","order_filled_timestamp":1751150040000,"ft_is_entry":false,"ft_order_tag":"exit_signal","cost":9.758749}]},{"pair":"BTC/USDT","stake_amount":9.6640524,"max_stake_amount":9.6640524,"amount":9e-05,"open_date":"2025-06-28 22:56:00+00:00","close_date":"2025-06-28 23:03:00+00:00","open_rate":107378.36,"close_rate":107358.39,"fee_open":0.001,"fee_close":0.001,"trade_duration":7,"profit_ratio":-0.0021836085545756654,"profit_abs":-0.02112361,"exit_reason":"exit_signal","initial_stop_loss_abs":105767.69,"initial_stop_loss_ratio":-0.015,"stop_loss_abs":105767.7,"stop_loss_ratio":-0.015,"min_rate":107342.47,"max_rate":107378.37,"is_open":false,"enter_tag":"","leverage":1.0,"is_short":false,"open_timestamp":1751151360000,"close_timestamp":1751151780000,"orders":[{"amount":9e-05,"safe_price":107378.36,"ft_order_side":"buy","order_filled_timestamp":1751151360000,"ft_is_entry":true,"ft_order_tag":"","cost":9.6737164524},{"amount":9e-05,"safe_price":107358.39,"ft_order_side":"sell","order_filled_timestamp":1751151780000,"ft_is_entry":false,"ft_order_tag":"exit_signal","cost":9.6719173551}]},{"pair":"BTC/USDT","stake_amount":9.6748191,"max_stake_amount":9.6748191,"amount":9e-05,"open_date":"2025-06-29 00:50:00+00:00","close_date":"2025-06-29 01:02:00+00:00","open_rate":107497.99,"close_rate":107459.59,"fee_open":0.001,"fee_close":0.001,"trade_duration":12,"profit_ratio":-0.0023545040340238093,"profit_abs":-0.02280218,"exit_reason":"exit_signal","initial_stop_loss_abs":105885.53,"initial_stop_loss_ratio":-0.015,"stop_loss_abs":105887.5,"stop_loss_ratio":-0.015,"min_rate":107444.56,"max_rate":107500.0,"is_open":false,"enter_tag":"","leverage":1.0,"is_short":false,"open_timestamp":1751158200000,"close_timestamp":1751158920000,"orders":[{"amount":9e-05,"safe_price":107497.99,"ft_order_side":"buy","order_filled_timestamp":1751158200000,"ft_is_entry":true,"ft_order_tag":"","cost":9.6844939191},{"amount":9e-05,"safe_price":107459.59,"ft_order_side":"sell","order_filled_timestamp":1751158920000,"ft_is_entry":false,"ft_order_tag":"exit_signal","cost":9.6810344631}]},{"pair":"ETH/USDT","stake_amount":9.76032,"max_stake_amount":9.76032,"amount":0.004,"open_date":"2025-06-29 07:27:00+00:00","close_date":"2025-06-29 07:37:00+00:00","open_rate":2440.08,"close_rate":2437.82,"fee_open":0.001,"fee_close":0.001,"trade_duration":10,"profit_ratio":-0.0029223505912794787,"profit_abs":-0.0285516,"exit_reason":"exit_signal","initial_stop_loss_abs":2403.48,"initial_stop_loss_ratio":-0.015,"stop_loss_abs":2403.48,"stop_loss_ratio":-0.015,"min_rate":2437.82,"max_rate":2440.08,"is_open":false,"enter_tag":"","leverage":1.0,"is_short":false,"open_timestamp":1751182020000,"close_timestamp":1751182620000,"orders":[{"amount":0.004,"safe_price":2440.08,"ft_order_side":"buy","order_filled_timestamp":1751182020000,"ft_is_entry":true,"ft_order_tag":"","cost":9.770080319999998},{"amount":0.004,"safe_price":2437.82,"ft_order_side":"sell","order_filled_timestamp":1751182620000,"ft_is_entry":false,"ft_order_tag":"exit_signal","cost":9.761031280000001}]},{"pair":"ETH/USDT","stake_amount":9.78572,"max_stake_amount":9.78572,"amount":0.004,"open_date":"2025-06-29 08:45:00+00:00","close_date":"2025-06-29 08:54:00+00:00","open_rate":2446.43,"close_rate":2443.83,"fee_open":0.001,"fee_close":0.001,"trade_duration":9,"profit_ratio":-0.0030586516772510243,"profit_abs":-0.02996104,"exit_reason":"exit_signal","initial_stop_loss_abs":2409.74,"initial_stop_loss_ratio":-0.015,"stop_loss_abs":2410.88,"stop_loss_ratio":-0.015,"min_rate":2442.46,"max_rate":2447.59,"is_open":false,"enter_tag":"","leverage":1.0,"is_short":false,"open_timestamp":1751186700000,"close_timestamp":1751187240000,"orders":[{"amount":0.004,"safe_price":2446.43,"ft_order_side":"buy","order_filled_timestamp":1751186700000,"ft_is_entry":true,"ft_order_tag":"","cost":9.795505719999998},{"amount":0.004,"safe_price":2443.83,"ft_order_side":"sell","order_filled_timestamp":1751187240000,"ft_is_entry":false,"ft_order_tag":"exit_signal","cost":9.78509532}]},{"pair":"BTC/USDT","stake_amount":9.6975882,"max_stake_amount":9.6975882,"amount":9e-05,"open_date":"2025-06-29 09:01:00+00:00","close_date":"2025-06-29 09:03:00+00:00","open_rate":107750.98,"close_rate":107656.53,"fee_open":0.001,"fee_close":0.001,"trade_duration":2,"profit_ratio":-0.0028728092083061107,"profit_abs":-0.02788718,"exit_reason":"exit_signal","initial_stop_loss_abs":106134.72,"initial_stop_loss_ratio":-0.015,"stop_loss_abs":106134.72,"stop_loss_ratio":-0.015,"min_rate":107646.83,"max_rate":107750.98,"is_open":false,"enter_tag":"","leverage":1.0,"is_short":false,"open_timestamp":1751187660000,"close_timestamp":1751187780000,"orders":[{"amount":9e-05,"safe_price":107750.98,"ft_order_side":"buy","order_filled_timestamp":1751187660000,"ft_is_entry":true,"ft_order_tag":"","cost":9.707285788199998},{"amount":9e-05,"safe_price":107656.53,"ft_order_side":"sell","order_filled_timestamp":1751187780000,"ft_is_entry":false,"ft_order_tag":"exit_signal","cost":9.698776787699998}]},{"pair":"ETH/USDT","stake_amount":9.79496,"max_stake_amount":9.79496,"amount":0.004,"open_date":"2025-06-29 09:30:00+00:00","close_date":"2025-06-29 09:57:00+00:00","open_rate":2448.74,"close_rate":2452.04,"fee_open":0.001,"fee_close":0.001,"trade_duration":27,"profit_ratio":-0.0006530627258021755,"profit_abs":-0.00640312,"exit_reason":"exit_signal","initial_stop_loss_abs":2412.01,"initial_stop_loss_ratio":-0.015,"stop_loss_abs":2421.1,"stop_loss_ratio":-0.015,"min_rate":2446.67,"max_rate":2457.96,"is_open":false,"enter_tag":"","leverage":1.0,"is_short":false,"open_timestamp":1751189400000,"close_timestamp":1751191020000,"orders":[{"amount":0.004,"safe_price":2448.74,"ft_order_side":"buy","order_filled_timestamp":1751189400000,"ft_is_entry":true,"ft_order_tag":"","cost":9.804754959999999},{"amount":0.004,"safe_price":2452.04,"ft_order_side":"sell","order_filled_timestamp":1751191020000,"ft_is_entry":false,"ft_order_tag":"exit_signal","cost":9.81796816}]},{"pair":"BTC/USDT","stake_amount":9.7188084,"max_stake_amount":9.7188084,"amount":9e-05,"open_date":"2025-06-29 10:03:00+00:00","close_date":"2025-06-29 10:29:00+00:00","open_rate":107986.76,"close_rate":108139.64,"fee_open":0.001,"fee_close":0.001,"trade_duration":26,"profit_ratio":-0.0005851019253032611,"profit_abs":-0.00569218,"exit_reason":"exit_signal","initial_stop_loss_abs":106366.96,"initial_stop_loss_ratio":-0.015,"stop_loss_abs":106673.43,"stop_loss_ratio":-0.015,"min_rate":107986.75,"max_rate":108297.89,"is_open":false,"enter_tag":"","leverage":1.0,"is_short":false,"open_timestamp":1751191380000,"close_timestamp":1751192940000,"orders":[{"amount":9e-05,"safe_price":107986.76,"ft_order_side":"buy","order_filled_timestamp":1751191380000,"ft_is_entry":true,"ft_order_tag":"","cost":9.7285272084},{"amount":9e-05,"safe_price":108139.64,"ft_order_side":"sell","order_filled_timestamp":1751192940000,"ft_is_entry":false,"ft_order_tag":"exit_signal","cost":9.7423001676}]},{"pair":"ETH/USDT","stake_amount":9.84112,"max_stake_amount":9.84112,"amount":0.004,"open_date":"2025-06-29 11:46:00+00:00","close_date":"2025-06-29 12:02:00+00:00","open_rate":2460.28,"close_rate":2460.0,"fee_open":0.001,"fee_close":0.001,"trade_duration":16,"profit_ratio":-0.0021115827934564016,"profit_abs":-0.02080112,"exit_reason":"exit_signal","initial_stop_loss_abs":2423.38,"initial_stop_loss_ratio":-0.015,"stop_loss_abs":2426.93,"stop_loss_ratio":-0.015,"min_rate":2457.96,"max_rate":2463.88,"is_open":false,"enter_tag":"","leverage":1.0,"is_short":false,"open_timestamp":1751197560000,"close_timestamp":1751198520000,"orders":[{"amount":0.004,"safe_price":2460.28,"ft_order_side":"buy","order_filled_timestamp":1751197560000,"ft_is_entry":true,"ft_order_tag":"","cost":9.850961120000001},{"amount":0.004,"safe_price":2460.0,"ft_order_side":"sell","order_filled_timestamp":1751198520000,"ft_is_entry":false,"ft_order_tag":"exit_signal","cost":9.849839999999999}]},{"pair":"ETH/USDT","stake_amount":9.81152,"max_stake_amount":9.81152,"amount":0.004,"open_date":"2025-06-29 22:20:00+00:00","close_date":"2025-06-29 22:24:00+00:00","open_rate":2452.88,"close_rate":2462.64,"fee_open":0.001,"fee_close":0.001,"trade_duration":4,"profit_ratio":0.0019730440786505494,"profit_abs":0.01937792,"exit_reason":"exit_signal","initial_stop_loss_abs":2416.09,"initial_stop_loss_ratio":-0.015,"stop_loss_abs":2434.92,"stop_loss_ratio":-0.015,"min_rate":2452.88,"max_rate":2472.0,"is_open":false,"enter_tag":"","leverage":1.0,"is_short":false,"open_timestamp":1751235600000,"close_timestamp":1751235840000,"orders":[{"amount":0.004,"safe_price":2452.88,"ft_order_side":"buy","order_filled_timestamp":1751235600000,"ft_is_entry":true,"ft_order_tag":"","cost":9.82133152},{"amount":0.004,"safe_price":2462.64,"ft_order_side":"sell","order_filled_timestamp":1751235840000,"ft_is_entry":false,"ft_order_tag":"exit_signal","cost":9.860410559999998}]},{"pair":"BTC/USDT","stake_amount":9.6985323,"max_stake_amount":9.6985323,"amount":9e-05,"open_date":"2025-06-29 22:04:00+00:00","close_date":"2025-06-29 22:31:00+00:00","open_rate":107761.47,"close_rate":108060.45,"fee_open":0.001,"fee_close":0.001,"trade_duration":27,"profit_ratio":0.0007709159505251374,"profit_abs":0.00748423,"exit_reason":"exit_signal","initial_stop_loss_abs":106145.05,"initial_stop_loss_ratio":-0.015,"stop_loss_abs":106453.32,"stop_loss_ratio":-0.015,"min_rate":107669.0,"max_rate":108074.43,"is_open":false,"enter_tag":"","leverage":1.0,"is_short":false,"open_timestamp":1751234640000,"close_timestamp":1751236260000,"orders":[{"amount":9e-05,"safe_price":107761.47,"ft_order_side":"buy","order_filled_timestamp":1751234640000,"ft_is_entry":true,"ft_order_tag":"","cost":9.708230832299998},{"amount":9e-05,"safe_price":108060.45,"ft_order_side":"sell","order_filled_timestamp":1751236260000,"ft_is_entry":false,"ft_order_tag":"exit_signal","cost":9.735165940499998}]},{"pair":"ETH/USDT","stake_amount":9.792471,"max_stake_amount":9.792471,"amount":0.0039,"open_date":"2025-06-29 23:01:00+00:00","close_date":"2025-06-29 23:15:00+00:00","open_rate":2510.89,"close_rate":2506.96,"fee_open":0.001,"fee_close":0.001,"trade_duration":14,"profit_ratio":-0.003560056317935305,"profit_abs":-0.03489661,"exit_reason":"exit_signal","initial_stop_loss_abs":2473.23,"initial_stop_loss_ratio":-0.015,"stop_loss_abs":2487.13,"stop_loss_ratio":-0.015,"min_rate":2503.44,"max_rate":2525.0,"is_open":false,"enter_tag":"","leverage":1.0,"is_short":false,"open_timestamp":1751238060000,"close_timestamp":1751238900000,"orders":[{"amount":0.0039,"safe_price":2510.89,"ft_order_side":"buy","order_filled_timestamp":1751238060000,"ft_is_entry":true,"ft_order_tag":"","cost":9.802263470999998},{"amount":0.0039,"safe_price":2506.96,"ft_order_side":"sell","order_filled_timestamp":1751238900000,"ft_is_entry":false,"ft_order_tag":"exit_signal","cost":9.786921143999999}]},{"pair":"BTC/USDT","stake_amount":9.788229,"max_stake_amount":9.788229,"amount":9e-05,"open_date":"2025-06-30 01:42:00+00:00","close_date":"2025-06-30 01:49:00+00:00","open_rate":108758.1,"close_rate":108673.92,"fee_open":0.001,"fee_close":0.001,"trade_duration":7,"profit_ratio":-0.00277046665315677,"profit_abs":-0.02714508,"exit_reason":"exit_signal","initial_stop_loss_abs":107126.73,"initial_stop_loss_ratio":-0.015,"stop_loss_abs":107138.45,"stop_loss_ratio":-0.015,"min_rate":108648.51,"max_rate":108770.0,"is_open":false,"enter_tag":"","leverage":1.0,"is_short":false,"open_timestamp":1751247720000,"close_timestamp":1751248140000,"orders":[{"amount":9e-05,"safe_price":108758.1,"ft_order_side":"buy","order_filled_timestamp":1751247720000,"ft_is_entry":true,"ft_order_tag":"","cost":9.798017229000001},{"amount":9e-05,"safe_price":108673.92,"ft_order_side":"sell","order_filled_timestamp":1751248140000,"ft_is_entry":false,"ft_order_tag":"exit_signal","cost":9.790433452799999}]}],"locks":[],"best_pair":{"key":"BTC/USDT","trades":26,"profit_mean":-0.0020376327992063545,"profit_mean_pct":-0.2,"profit_sum":-0.05297845277936522,"profit_sum_pct":-5.3,"profit_total_abs":-0.5070674900000001,"profit_total":-0.00050706749,"profit_total_pct":-0.05,"duration_avg":"0:13:00","wins":3,"draws":0,"losses":23,"winrate":0.11538461538461539},"worst_pair":{"key":"ETH/USDT","trades":28,"profit_mean":-0.0022484368052488432,"profit_mean_pct":-0.22,"profit_sum":-0.06295623054696761,"profit_sum_pct":-6.3,"profit_total_abs":-0.6211637099999999,"profit_total":-0.00062116371,"profit_total_pct":-0.06,"duration_avg":"0:13:00","wins":2,"draws":0,"losses":26,"winrate":0.07142857142857142},"results_per_pair":[{"key":"BTC/USDT","trades":26,"profit_mean":-0.0020376327992063545,"profit_mean_pct":-0.2,"profit_sum":-0.05297845277936522,"profit_sum_pct":-5.3,"profit_total_abs":-0.5070674900000001,"profit_total":-0.00050706749,"profit_total_pct":-0.05,"duration_avg":"0:13:00","wins":3,"draws":0,"losses":23,"winrate":0.11538461538461539},{"key":"ETH/USDT","trades":28,"profit_mean":-0.0022484368052488432,"profit_mean_pct":-0.22,"profit_sum":-0.06295623054696761,"profit_sum_pct":-6.3,"profit_total_abs":-0.6211637099999999,"profit_total":-0.00062116371,"profit_total_pct":-0.06,"duration_avg":"0:13:00","wins":2,"draws":0,"losses":26,"winrate":0.07142857142857142},{"key":"TOTAL","trades":54,"profit_mean":-0.0021469385801172742,"profit_mean_pct":-0.21,"profit_sum":-0.11593468332633282,"profit_sum_pct":-11.59,"profit_total_abs":-1.1282312,"profit_total":-0.0011282312,"profit_total_pct":-0.11,"duration_avg":"0:13:00","wins":5,"draws":0,"losses":49,"winrate":0.09259259259259259}],"results_per_enter_tag":[{"key":"","trades":54,"profit_mean":-0.0021469385801172742,"profit_mean_pct":-0.21,"profit_sum":-0.11593468332633282,"profit_sum_pct":-11.59,"profit_total_abs":-1.1282312,"profit_total":-0.0011282312,"profit_total_pct":-0.11,"duration_avg":"0:13:00","wins":5,"draws":0,"losses":49,"winrate":0.09259259259259259},{"key":"TOTAL","trades":54,"profit_mean":-0.0021469385801172742,"profit_mean_pct":-0.21,"profit_sum":-0.11593468332633282,"profit_sum_pct":-11.59,"profit_total_abs":-1.1282312,"profit_total":-0.0011282312,"profit_total_pct":-0.11,"duration_avg":"0:13:00","wins":5,"draws":0,"losses":49,"winrate":0.09259259259259259}],"exit_reason_summary":[{"key":"exit_signal","trades":54,"profit_mean":-0.0021469385801172742,"profit_mean_pct":-0.21,"profit_sum":-0.11593468332633282,"profit_sum_pct":-11.59,"profit_total_abs":-1.1282312,"profit_total":-0.0011282312,"profit_total_pct":-0.11,"duration_avg":"0:13:00","wins":5,"draws":0,"losses":49,"winrate":0.09259259259259259},{"key":"TOTAL","trades":54,"profit_mean":-0.0021469385801172742,"profit_mean_pct":-0.21,"profit_sum":-0.11593468332633282,"profit_sum_pct":-11.59,"profit_total_abs":-1.1282312,"profit_total":-0.0011282312,"profit_total_pct":-0.11,"duration_avg":"0:13:00","wins":5,"draws":0,"losses":49,"winrate":0.09259259259259259}],"mix_tag_stats":[{"key":["","exit_signal"],"trades":54,"profit_mean":-0.0021469385801172742,"profit_mean_pct":-0.21,"profit_sum":-0.11593468332633282,"profit_sum_pct":-11.59,"profit_total_abs":-1.1282312,"profit_total":-0.0011282312,"profit_total_pct":-0.11,"duration_avg":"0:13:00","wins":5,"draws":0,"losses":49,"winrate":0.09259259259259259},{"key":"TOTAL","trades":54,"profit_mean":-0.0021469385801172742,"profit_mean_pct":-0.21,"profit_sum":-0.11593468332633282,"profit_sum_pct":-11.59,"profit_total_abs":-1.1282312,"profit_total":-0.0011282312,"profit_total_pct":-0.11,"duration_avg":"0:13:00","wins":5,"draws":0,"losses":49,"winrate":0.09259259259259259}],"left_open_trades":[{"key":"TOTAL","trades":0,"profit_mean":0.0,"profit_mean_pct":0.0,"profit_sum":0.0,"profit_sum_pct":0.0,"profit_total_abs":0.0,"profit_total":0.0,"profit_total_pct":0.0,"duration_avg":"0:00","wins":0,"draws":0,"losses":0,"winrate":0.0}],"total_trades":54,"trade_count_long":54,"trade_count_short":0,"total_volume":1048.9774075781002,"avg_stake_amount":9.703794257407408,"profit_mean":-0.0021469385801172742,"profit_median":-0.002391954134490634,"profit_total":-0.0011282312,"profit_total_long":-0.0011282312,"profit_total_short":0.0,"profit_total_abs":-1.1282312,"profit_total_long_abs":-1.1282312,"profit_total_short_abs":0.0,"cagr":-0.05716351464666003,"expectancy":-0.02089317037037037,"expectancy_ratio":-0.8206290819357484,"sortino":-257.31729641853707,"sharpe":-161.2143348019751,"calmar":-279.4139306853081,"sqn":-7.9634,"profit_factor":0.09563325664223654,"backtest_start":"2025-06-23 00:00:00","backtest_start_ts":1750636800000,"backtest_end":"2025-06-30 14:11:00","backtest_end_ts":1751292660000,"backtest_days":7,"backtest_run_start_ts":1751304157,"backtest_run_end_ts":1751304157,"trades_per_day":7.71,"market_change":0.08535653626498181,"pairlist":["BTC/USDT","ETH/USDT"],"stake_amount":10,"stake_currency":"USDT","stake_currency_decimals":3,"starting_balance":1000,"dry_run_wallet":1000,"final_balance":998.8717688,"rejected_signals":0,"timedout_entry_orders":0,"timedout_exit_orders":0,"canceled_trade_entries":0,"canceled_entry_orders":0,"replaced_entry_orders":0,"max_open_trades":2,"max_open_trades_setting":2,"timeframe":"1m","timeframe_detail":"","timerange":"","enable_protections":false,"strategy_name":"AlphaBreakoutV2025","stoploss":-0.015,"trailing_stop":true,"trailing_stop_positive":0.01,"trailing_stop_positive_offset":0.02,"trailing_only_offset_is_reached":false,"use_custom_stoploss":false,"minimal_roi":{"0":0.03,"10":0.02,"20":0.015,"30":0.01},"use_exit_signal":true,"exit_profit_only":false,"exit_profit_offset":0.0,"ignore_roi_if_entry_signal":false,"trading_mode":"spot","margin_mode":"","periodic_breakdown":{"day":[{"date":"23/06/2025","date_ts":1750636800000,"profit_abs":-0.1334026,"wins":2,"draws":0,"losses":8,"trades":10,"profit_factor":0.38276068},{"date":"24/06/2025","date_ts":1750723200000,"profit_abs":-0.14560123,"wins":0,"draws":0,"losses":6,"trades":6,"profit_factor":0.0},{"date":"25/06/2025","date_ts":1750809600000,"profit_abs":-0.23885604,"wins":1,"draws":0,"losses":8,"trades":9,"profit_factor":0.03909754},{"date":"26/06/2025","date_ts":1750896000000,"profit_abs":-0.1862999,"wins":0,"draws":0,"losses":7,"trades":7,"profit_factor":0.0},{"date":"27/06/2025","date_ts":1750982400000,"profit_abs":-0.15389864,"wins":0,"draws":0,"losses":6,"trades":6,"profit_factor":0.0},{"date":"28/06/2025","date_ts":1751068800000,"profit_abs":-0.09289483,"wins":0,"draws":0,"losses":5,"trades":5,"profit_factor":0.0},{"date":"29/06/2025","date_ts":1751155200000,"profit_abs":-0.15013288,"wins":2,"draws":0,"losses":8,"trades":10,"profit_factor":0.15176782},{"date":"30/06/2025","date_ts":1751241600000,"profit_abs":-0.02714508,"wins":0,"draws":0,"losses":1,"trades":1,"profit_factor":0.0}],"week":[{"date":"23/06/2025","date_ts":1750636800000,"profit_abs":-0.1334026,"wins":2,"draws":0,"losses":8,"trades":10,"profit_factor":0.38276068},{"date":"30/06/2025","date_ts":1751241600000,"profit_abs":-0.9948286,"wins":3,"draws":0,"losses":41,"trades":44,"profit_factor":0.03546682}],"month":[{"date":"30/06/2025","date_ts":1751241600000,"profit_abs":-1.1282312,"wins":5,"draws":0,"losses":49,"trades":54,"profit_factor":0.09563326}],"year":[{"date":"31/12/2025","date_ts":1767139200000,"profit_abs":-1.1282312,"wins":5,"draws":0,"losses":49,"trades":54,"profit_factor":0.09563326}]},"backtest_best_day":-0.00277046665315677,"backtest_worst_day":-0.024541400359749152,"backtest_best_day_abs":-0.02714508,"backtest_worst_day_abs":-0.23885604,"winning_days":0,"draw_days":0,"losing_days":8,"daily_profit":[["2025-06-23",-0.1334026],["2025-06-24",-0.14560123],["2025-06-25",-0.23885604],["2025-06-26",-0.1862999],["2025-06-27",-0.15389864],["2025-06-28",-0.09289483],["2025-06-29",-0.15013288],["2025-06-30",-0.02714508]],"wins":5,"losses":49,"draws":0,"winrate":0.09259259259259259,"holding_avg":"0:13:00","holding_avg_s":780.0,"winner_holding_avg":"0:16:00","winner_holding_avg_s":960.0,"loser_holding_avg":"0:13:00","loser_holding_avg_s":780.0,"max_consecutive_wins":2,"max_consecutive_losses":26,"max_drawdown_account":0.001102042752629483,"max_relative_drawdown":0.001102042752629483,"max_drawdown_abs":1.10201386,"drawdown_start":"2025-06-23 04:37:00","drawdown_start_ts":1750653420000.0,"drawdown_end":"2025-06-30 01:49:00","drawdown_end_ts":1751248140000.0,"max_drawdown_low":-1.1282312,"max_drawdown_high":-0.02621734,"csum_min":998.8717688,"csum_max":999.97378266}},"strategy_comparison":[{"key":"AlphaBreakoutV2025","trades":54,"profit_mean":-0.0021469385801172742,"profit_mean_pct":-0.21,"profit_sum":-0.11593468332633282,"profit_sum_pct":-11.59,"profit_total_abs":-1.1282312,"profit_total":-0.0011282312,"profit_total_pct":-0.11,"duration_avg":"0:13:00","wins":5,"draws":0,"losses":49,"winrate":0.09259259259259259,"max_drawdown_account":0.001102042752629483,"max_drawdown_abs":"1.102"}]}