{"strategy":{"BbandRsi":{"trades":[{"pair":"BTC/USDT","stake_amount":9.1042155,"max_stake_amount":9.1042155,"amount":9e-05,"open_date":"2025-06-23 11:46:00+00:00","close_date":"2025-06-23 11:47:00+00:00","open_rate":101157.95,"close_rate":101181.8,"fee_open":0.001,"fee_close":0.001,"trade_duration":1,"profit_ratio":-0.0017627034386468521,"profit_abs":-0.01606408,"exit_reason":"exit_signal","initial_stop_loss_abs":79206.68,"initial_stop_loss_ratio":-0.217,"stop_loss_abs":79206.68,"stop_loss_ratio":-0.217,"min_rate":101102.76,"max_rate":101246.24,"is_open":false,"enter_tag":"","leverage":1.0,"is_short":false,"open_timestamp":1750679160000,"close_timestamp":1750679220000,"orders":[{"amount":9e-05,"safe_price":101157.95,"ft_order_side":"buy","order_filled_timestamp":1750679160000,"ft_is_entry":true,"ft_order_tag":"","cost":9.1133197155},{"amount":9e-05,"safe_price":101181.8,"ft_order_side":"sell","order_filled_timestamp":1750679220000,"ft_is_entry":false,"ft_order_tag":"exit_signal","cost":9.115468362}]},{"pair":"ETH/USDT","stake_amount":9.819869,"max_stake_amount":9.819869,"amount":0.0041,"open_date":"2025-06-24 07:54:00+00:00","close_date":"2025-06-24 07:56:00+00:00","open_rate":2395.09,"close_rate":2394.84,"fee_open":0.001,"fee_close":0.001,"trade_duration":2,"profit_ratio":-0.0021021733521156883,"profit_abs":-0.02066371,"exit_reason":"exit_signal","initial_stop_loss_abs":1875.36,"initial_stop_loss_ratio":-0.217,"stop_loss_abs":1875.36,"stop_loss_ratio":-0.217,"min_rate":2393.93,"max_rate":2399.17,"is_open":false,"enter_tag":"","leverage":1.0,"is_short":false,"open_timestamp":1750751640000,"close_timestamp":1750751760000,"orders":[{"amount":0.0041,"safe_price":2395.09,"ft_order_side":"buy","order_filled_timestamp":1750751640000,"ft_is_entry":true,"ft_order_tag":"","cost":9.829688869},{"amount":0.0041,"safe_price":2394.84,"ft_order_side":"sell","order_filled_timestamp":1750751760000,"ft_is_entry":false,"ft_order_tag":"exit_signal","cost":9.828662844000002}]},{"pair":"ETH/USDT","stake_amount":9.945739,"max_stake_amount":9.945739,"amount":0.0041,"open_date":"2025-06-25 08:48:00+00:00","close_date":"2025-06-25 08:49:00+00:00","open_rate":2425.79,"close_rate":2426.8,"fee_open":0.001,"fee_close":0.001,"trade_duration":1,"profit_ratio":-0.0015824747782825508,"profit_abs":-0.01575462,"exit_reason":"exit_signal","initial_stop_loss_abs":1899.4,"initial_stop_loss_ratio":-0.217,"stop_loss_abs":1899.4,"stop_loss_ratio":-0.217,"min_rate":2424.64,"max_rate":2428.75,"is_open":false,"enter_tag":"","leverage":1.0,"is_short":false,"open_timestamp":1750841280000,"close_timestamp":1750841340000,"orders":[{"amount":0.0041,"safe_price":2425.79,"ft_order_side":"buy","order_filled_timestamp":1750841280000,"ft_is_entry":true,"ft_order_tag":"","cost":9.955684739},{"amount":0.0041,"safe_price":2426.8,"ft_order_side":"sell","order_filled_timestamp":1750841340000,"ft_is_entry":false,"ft_order_tag":"exit_signal","cost":9.959829880000001}]},{"pair":"BTC/USDT","stake_amount":9.7567749,"max_stake_amount":9.7567749,"amount":9e-05,"open_date":"2025-06-30 04:42:00+00:00","close_date":"2025-06-30 04:45:00+00:00","open_rate":108408.61,"close_rate":108368.0,"fee_open":0.001,"fee_close":0.001,"trade_duration":3,"profit_ratio":-0.0023718542847235673,"profit_abs":-0.02316479,"exit_reason":"exit_signal","initial_stop_loss_abs":84883.95,"initial_stop_loss_ratio":-0.217,"stop_loss_abs":84883.95,"stop_loss_ratio":-0.217,"min_rate":108368.0,"max_rate":108408.61,"is_open":false,"enter_tag":"","leverage":1.0,"is_short":false,"open_timestamp":1751258520000,"close_timestamp":1751258700000,"orders":[{"amount":9e-05,"safe_price":108408.61,"ft_order_side":"buy","order_filled_timestamp":1751258520000,"ft_is_entry":true,"ft_order_tag":"","cost":9.7665316749},{"amount":9e-05,"safe_price":108368.0,"ft_order_side":"sell","order_filled_timestamp":1751258700000,"ft_is_entry":false,"ft_order_tag":"exit_signal","cost":9.76287312}]}],"locks":[],"best_pair":{"key":"ETH/USDT","trades":2,"profit_mean":-0.0018423240651991195,"profit_mean_pct":-0.18,"profit_sum":-0.003684648130398239,"profit_sum_pct":-0.37,"profit_total_abs":-0.03641833,"profit_total":-3.641833e-05,"profit_total_pct":-0.0,"duration_avg":"0:02:00","wins":0,"draws":0,"losses":2,"winrate":0.0},"worst_pair":{"key":"BTC/USDT","trades":2,"profit_mean":-0.00206727886168521,"profit_mean_pct":-0.21,"profit_sum":-0.00413455772337042,"profit_sum_pct":-0.41,"profit_total_abs":-0.03922887,"profit_total":-3.922887e-05,"profit_total_pct":-0.0,"duration_avg":"0:02:00","wins":0,"draws":0,"losses":2,"winrate":0.0},"results_per_pair":[{"key":"ETH/USDT","trades":2,"profit_mean":-0.0018423240651991195,"profit_mean_pct":-0.18,"profit_sum":-0.003684648130398239,"profit_sum_pct":-0.37,"profit_total_abs":-0.03641833,"profit_total":-3.641833e-05,"profit_total_pct":-0.0,"duration_avg":"0:02:00","wins":0,"draws":0,"losses":2,"winrate":0.0},{"key":"BTC/USDT","trades":2,"profit_mean":-0.00206727886168521,"profit_mean_pct":-0.21,"profit_sum":-0.00413455772337042,"profit_sum_pct":-0.41,"profit_total_abs":-0.03922887,"profit_total":-3.922887e-05,"profit_total_pct":-0.0,"duration_avg":"0:02:00","wins":0,"draws":0,"losses":2,"winrate":0.0},{"key":"TOTAL","trades":4,"profit_mean":-0.001954801463442165,"profit_mean_pct":-0.2,"profit_sum":-0.00781920585376866,"profit_sum_pct":-0.78,"profit_total_abs":-0.0756472,"profit_total":-7.56472e-05,"profit_total_pct":-0.01,"duration_avg":"0:02:00","wins":0,"draws":0,"losses":4,"winrate":0.0}],"results_per_enter_tag":[{"key":"","trades":4,"profit_mean":-0.001954801463442165,"profit_mean_pct":-0.2,"profit_sum":-0.00781920585376866,"profit_sum_pct":-0.78,"profit_total_abs":-0.0756472,"profit_total":-7.56472e-05,"profit_total_pct":-0.01,"duration_avg":"0:02:00","wins":0,"draws":0,"losses":4,"winrate":0.0},{"key":"TOTAL","trades":4,"profit_mean":-0.001954801463442165,"profit_mean_pct":-0.2,"profit_sum":-0.00781920585376866,"profit_sum_pct":-0.78,"profit_total_abs":-0.0756472,"profit_total":-7.56472e-05,"profit_total_pct":-0.01,"duration_avg":"0:02:00","wins":0,"draws":0,"losses":4,"winrate":0.0}],"exit_reason_summary":[{"key":"exit_signal","trades":4,"profit_mean":-0.001954801463442165,"profit_mean_pct":-0.2,"profit_sum":-0.00781920585376866,"profit_sum_pct":-0.78,"profit_total_abs":-0.0756472,"profit_total":-7.56472e-05,"profit_total_pct":-0.01,"duration_avg":"0:02:00","wins":0,"draws":0,"losses":4,"winrate":0.0},{"key":"TOTAL","trades":4,"profit_mean":-0.001954801463442165,"profit_mean_pct":-0.2,"profit_sum":-0.00781920585376866,"profit_sum_pct":-0.78,"profit_total_abs":-0.0756472,"profit_total":-7.56472e-05,"profit_total_pct":-0.01,"duration_avg":"0:02:00","wins":0,"draws":0,"losses":4,"winrate":0.0}],"mix_tag_stats":[{"key":["","exit_signal"],"trades":4,"profit_mean":-0.001954801463442165,"profit_mean_pct":-0.2,"profit_sum":-0.00781920585376866,"profit_sum_pct":-0.78,"profit_total_abs":-0.0756472,"profit_total":-7.56472e-05,"profit_total_pct":-0.01,"duration_avg":"0:02:00","wins":0,"draws":0,"losses":4,"winrate":0.0},{"key":"TOTAL","trades":4,"profit_mean":-0.001954801463442165,"profit_mean_pct":-0.2,"profit_sum":-0.00781920585376866,"profit_sum_pct":-0.78,"profit_total_abs":-0.0756472,"profit_total":-7.56472e-05,"profit_total_pct":-0.01,"duration_avg":"0:02:00","wins":0,"draws":0,"losses":4,"winrate":0.0}],"left_open_trades":[{"key":"TOTAL","trades":0,"profit_mean":0.0,"profit_mean_pct":0.0,"profit_sum":0.0,"profit_sum_pct":0.0,"profit_total_abs":0.0,"profit_total":0.0,"profit_total_pct":0.0,"duration_avg":"0:00","wins":0,"draws":0,"losses":0,"winrate":0.0}],"total_trades":4,"trade_count_long":4,"trade_count_short":0,"total_volume":77.3320592044,"avg_stake_amount":9.6566496,"profit_mean":-0.001954801463442165,"profit_median":-0.0019324383953812701,"profit_total":-7.56472e-05,"profit_total_long":-7.56472e-05,"profit_total_short":0.0,"profit_total_abs":-0.0756472,"profit_total_long_abs":-0.0756472,"profit_total_short_abs":0.0,"cagr":-0.003936840588300128,"expectancy":-0.0189118,"expectancy_ratio":-1.0,"sortino":-65.92311147512106,"sharpe":-65.92311147512106,"calmar":-346.50621813529654,"sqn":-10.459,"profit_factor":0.0,"backtest_start":"2025-06-23 00:52:00","backtest_start_ts":1750639920000,"backtest_end":"2025-06-30 19:40:00","backtest_end_ts":1751312400000,"backtest_days":7,"backtest_run_start_ts":1751316841,"backtest_run_end_ts":1751316841,"trades_per_day":0.57,"market_change":0.09671840477060001,"pairlist":["BTC/USDT","ETH/USDT"],"stake_amount":10,"stake_currency":"USDT","stake_currency_decimals":3,"starting_balance":1000,"dry_run_wallet":1000,"final_balance":999.9243528,"rejected_signals":0,"timedout_entry_orders":0,"timedout_exit_orders":0,"canceled_trade_entries":0,"canceled_entry_orders":0,"replaced_entry_orders":0,"max_open_trades":-1,"max_open_trades_setting":-1,"timeframe":"1m","timeframe_detail":"","timerange":"20230101-","enable_protections":false,"strategy_name":"BbandRsi","stoploss":-0.217,"trailing_stop":true,"trailing_stop_positive":0.005,"trailing_stop_positive_offset":0.01,"trailing_only_offset_is_reached":true,"use_custom_stoploss":false,"minimal_roi":{"0":0.03,"10":0.02,"30":0.015,"60":0},"use_exit_signal":true,"exit_profit_only":false,"exit_profit_offset":0.0,"ignore_roi_if_entry_signal":false,"trading_mode":"spot","margin_mode":"","periodic_breakdown":{"day":[{"date":"23/06/2025","date_ts":1750636800000,"profit_abs":-0.01606408,"wins":0,"draws":0,"losses":1,"trades":1,"profit_factor":0.0},{"date":"24/06/2025","date_ts":1750723200000,"profit_abs":-0.02066371,"wins":0,"draws":0,"losses":1,"trades":1,"profit_factor":0.0},{"date":"25/06/2025","date_ts":1750809600000,"profit_abs":-0.01575462,"wins":0,"draws":0,"losses":1,"trades":1,"profit_factor":0.0},{"date":"26/06/2025","date_ts":1750896000000,"profit_abs":0.0,"wins":0,"draws":0,"losses":0,"trades":0,"profit_factor":0.0},{"date":"27/06/2025","date_ts":1750982400000,"profit_abs":0.0,"wins":0,"draws":0,"losses":0,"trades":0,"profit_factor":0.0},{"date":"28/06/2025","date_ts":1751068800000,"profit_abs":0.0,"wins":0,"draws":0,"losses":0,"trades":0,"profit_factor":0.0},{"date":"29/06/2025","date_ts":1751155200000,"profit_abs":0.0,"wins":0,"draws":0,"losses":0,"trades":0,"profit_factor":0.0},{"date":"30/06/2025","date_ts":1751241600000,"profit_abs":-0.02316479,"wins":0,"draws":0,"losses":1,"trades":1,"profit_factor":0.0}],"week":[{"date":"23/06/2025","date_ts":1750636800000,"profit_abs":-0.01606408,"wins":0,"draws":0,"losses":1,"trades":1,"profit_factor":0.0},{"date":"30/06/2025","date_ts":1751241600000,"profit_abs":-0.05958312,"wins":0,"draws":0,"losses":3,"trades":3,"profit_factor":0.0}],"month":[{"date":"30/06/2025","date_ts":1751241600000,"profit_abs":-0.0756472,"wins":0,"draws":0,"losses":4,"trades":4,"profit_factor":0.0}],"year":[{"date":"31/12/2025","date_ts":1767139200000,"profit_abs":-0.0756472,"wins":0,"draws":0,"losses":4,"trades":4,"profit_factor":0.0}]},"backtest_best_day":0.0,"backtest_worst_day":-0.0023718542847235673,"backtest_best_day_abs":0.0,"backtest_worst_day_abs":-0.02316479,"winning_days":0,"draw_days":4,"losing_days":4,"daily_profit":[["2025-06-23",-0.01606408],["2025-06-24",-0.02066371],["2025-06-25",-0.01575462],["2025-06-26",0.0],["2025-06-27",0.0],["2025-06-28",0.0],["2025-06-29",0.0],["2025-06-30",-0.02316479]],"wins":0,"losses":4,"draws":0,"winrate":0.0,"holding_avg":"0:02:00","holding_avg_s":120.0,"winner_holding_avg":"0:00:00","winner_holding_avg_s":0.0,"loser_holding_avg":"0:02:00","loser_holding_avg_s":120.0,"max_consecutive_wins":0,"max_consecutive_losses":4,"max_drawdown_account":5.9584077163452546e-05,"max_relative_drawdown":5.9584077163452546e-05,"max_drawdown_abs":0.059583119999999996,"drawdown_start":"2025-06-23 11:47:00","drawdown_start_ts":1750679220000.0,"drawdown_end":"2025-06-30 04:45:00","drawdown_end_ts":1751258700000.0,"max_drawdown_low":-0.0756472,"max_drawdown_high":-0.01606408,"csum_min":999.9243528,"csum_max":999.98393592}},"strategy_comparison":[{"key":"BbandRsi","trades":4,"profit_mean":-0.001954801463442165,"profit_mean_pct":-0.2,"profit_sum":-0.00781920585376866,"profit_sum_pct":-0.78,"profit_total_abs":-0.0756472,"profit_total":-7.56472e-05,"profit_total_pct":-0.01,"duration_avg":"0:02:00","wins":0,"draws":0,"losses":4,"winrate":0.0,"max_drawdown_account":5.9584077163452546e-05,"max_drawdown_abs":"0.06"}]}