{"strategy":{"ichiV1":{"trades":[{"pair":"BTC/USDT","stake_amount":9.1209042,"max_stake_amount":9.1209042,"amount":9e-05,"open_date":"2025-06-23 03:07:00+00:00","close_date":"2025-06-23 03:13:00+00:00","open_rate":101343.38,"close_rate":101205.06,"fee_open":0.001,"fee_close":0.001,"trade_duration":6,"profit_ratio":-0.003360139720304538,"profit_abs":-0.03067816,"exit_reason":"exit_signal","initial_stop_loss_abs":79351.87,"initial_stop_loss_ratio":-0.217,"stop_loss_abs":79351.87,"stop_loss_ratio":-0.217,"min_rate":101157.35,"max_rate":101370.68,"is_open":false,"enter_tag":"","leverage":1.0,"is_short":false,"open_timestamp":1750648020000,"close_timestamp":1750648380000,"orders":[{"amount":9e-05,"safe_price":101343.38,"ft_order_side":"buy","order_filled_timestamp":1750648020000,"ft_is_entry":true,"ft_order_tag":"","cost":9.130025104200001},{"amount":9e-05,"safe_price":101205.06,"ft_order_side":"sell","order_filled_timestamp":1750648380000,"ft_is_entry":false,"ft_order_tag":"exit_signal","cost":9.1175638554}]},{"pair":"BTC/USDT","stake_amount":9.1116,"max_stake_amount":9.1116,"amount":9e-05,"open_date":"2025-06-23 04:56:00+00:00","close_date":"2025-06-23 04:57:00+00:00","open_rate":101240.0,"close_rate":101157.75,"fee_open":0.001,"fee_close":0.001,"trade_duration":1,"profit_ratio":-0.0028088049621040534,"profit_abs":-0.0256183,"exit_reason":"exit_signal","initial_stop_loss_abs":79270.92,"initial_stop_loss_ratio":-0.217,"stop_loss_abs":79270.92,"stop_loss_ratio":-0.217,"min_rate":101138.43,"max_rate":101240.0,"is_open":false,"enter_tag":"","leverage":1.0,"is_short":false,"open_timestamp":1750654560000,"close_timestamp":1750654620000,"orders":[{"amount":9e-05,"safe_price":101240.0,"ft_order_side":"buy","order_filled_timestamp":1750654560000,"ft_is_entry":true,"ft_order_tag":"","cost":9.1207116},{"amount":9e-05,"safe_price":101157.75,"ft_order_side":"sell","order_filled_timestamp":1750654620000,"ft_is_entry":false,"ft_order_tag":"exit_signal","cost":9.113301697499999}]},{"pair":"ETH/USDT","stake_amount":9.868848,"max_stake_amount":9.868848,"amount":0.0044,"open_date":"2025-06-23 05:47:00+00:00","close_date":"2025-06-23 06:06:00+00:00","open_rate":2242.92,"close_rate":2253.12,"fee_open":0.001,"fee_close":0.001,"trade_duration":19,"profit_ratio":0.0025405546475482906,"profit_abs":0.02509742,"exit_reason":"roi","initial_stop_loss_abs":1756.21,"initial_stop_loss_ratio":-0.217,"stop_loss_abs":1756.21,"stop_loss_ratio":-0.217,"min_rate":2242.92,"max_rate":2255.07,"is_open":false,"enter_tag":"","leverage":1.0,"is_short":false,"open_timestamp":1750657620000,"close_timestamp":1750658760000,"orders":[{"amount":0.0044,"safe_price":2242.92,"ft_order_side":"buy","order_filled_timestamp":1750657620000,"ft_is_entry":true,"ft_order_tag":"","cost":9.878716848},{"amount":0.0044,"safe_price":2253.12,"ft_order_side":"sell","order_filled_timestamp":1750658760000,"ft_is_entry":false,"ft_order_tag":"roi","cost":9.923641728}]},{"pair":"ETH/USDT","stake_amount":9.789337,"max_stake_amount":9.789337,"amount":0.0043,"open_date":"2025-06-23 17:59:00+00:00","close_date":"2025-06-23 18:09:00+00:00","open_rate":2276.59,"close_rate":2299.3786886886887,"fee_open":0.001,"fee_close":0.001,"trade_duration":10,"profit_ratio":0.007992008400207648,"profit_abs":0.0783147,"exit_reason":"roi","initial_stop_loss_abs":1782.57,"initial_stop_loss_ratio":-0.217,"stop_loss_abs":1782.57,"stop_loss_ratio":-0.217,"min_rate":2272.93,"max_rate":2303.86,"is_open":false,"enter_tag":"","leverage":1.0,"is_short":false,"open_timestamp":1750701540000,"close_timestamp":1750702140000,"orders":[{"amount":0.0043,"safe_price":2276.59,"ft_order_side":"buy","order_filled_timestamp":1750701540000,"ft_is_entry":true,"ft_order_tag":"","cost":9.799126337},{"amount":0.0043,"safe_price":2299.3786886886887,"ft_order_side":"sell","order_filled_timestamp":1750702140000,"ft_is_entry":false,"ft_order_tag":"roi","cost":9.897215689722723}]},{"pair":"ETH/USDT","stake_amount":9.892107,"max_stake_amount":9.892107,"amount":0.0043,"open_date":"2025-06-23 18:34:00+00:00","close_date":"2025-06-23 18:54:00+00:00","open_rate":2300.49,"close_rate":2300.76,"fee_open":0.001,"fee_close":0.001,"trade_duration":20,"profit_ratio":-0.001880869690932805,"profit_abs":-0.01862437,"exit_reason":"exit_signal","initial_stop_loss_abs":1801.29,"initial_stop_loss_ratio":-0.217,"stop_loss_abs":1801.29,"stop_loss_ratio":-0.217,"min_rate":2298.07,"max_rate":2312.88,"is_open":false,"enter_tag":"","leverage":1.0,"is_short":false,"open_timestamp":1750703640000,"close_timestamp":1750704840000,"orders":[{"amount":0.0043,"safe_price":2300.49,"ft_order_side":"buy","order_filled_timestamp":1750703640000,"ft_is_entry":true,"ft_order_tag":"","cost":9.901999106999998},{"amount":0.0043,"safe_price":2300.76,"ft_order_side":"sell","order_filled_timestamp":1750704840000,"ft_is_entry":false,"ft_order_tag":"exit_signal","cost":9.903161268}]},{"pair":"BTC/USDT","stake_amount":9.2798352,"max_stake_amount":9.2798352,"amount":9e-05,"open_date":"2025-06-23 19:02:00+00:00","close_date":"2025-06-23 19:16:00+00:00","open_rate":103109.28,"close_rate":102990.05,"fee_open":0.001,"fee_close":0.001,"trade_duration":14,"profit_ratio":-0.003152037614891007,"profit_abs":-0.02927964,"exit_reason":"exit_signal","initial_stop_loss_abs":80734.57,"initial_stop_loss_ratio":-0.217,"stop_loss_abs":80734.57,"stop_loss_ratio":-0.217,"min_rate":102888.0,"max_rate":103170.67,"is_open":false,"enter_tag":"","leverage":1.0,"is_short":false,"open_timestamp":1750705320000,"close_timestamp":1750706160000,"orders":[{"amount":9e-05,"safe_price":103109.28,"ft_order_side":"buy","order_filled_timestamp":1750705320000,"ft_is_entry":true,"ft_order_tag":"","cost":9.2891150352},{"amount":9e-05,"safe_price":102990.05,"ft_order_side":"sell","order_filled_timestamp":1750706160000,"ft_is_entry":false,"ft_order_tag":"exit_signal","cost":9.2783736045}]},{"pair":"BTC/USDT","stake_amount":9.4454073,"max_stake_amount":9.4454073,"amount":9e-05,"open_date":"2025-06-24 05:03:00+00:00","close_date":"2025-06-24 05:28:00+00:00","open_rate":104948.97,"close_rate":105159.07804804803,"fee_open":0.001,"fee_close":0.001,"trade_duration":25,"profit_ratio":0.0,"profit_abs":0.0,"exit_reason":"roi","initial_stop_loss_abs":82175.05,"initial_stop_loss_ratio":-0.217,"stop_loss_abs":82175.05,"stop_loss_ratio":-0.217,"min_rate":104900.98,"max_rate":105213.24,"is_open":false,"enter_tag":"","leverage":1.0,"is_short":false,"open_timestamp":1750741380000,"close_timestamp":1750742880000,"orders":[{"amount":9e-05,"safe_price":104948.97,"ft_order_side":"buy","order_filled_timestamp":1750741380000,"ft_is_entry":true,"ft_order_tag":"","cost":9.4548527073},{"amount":9e-05,"safe_price":105159.07804804803,"ft_order_side":"sell","order_filled_timestamp":1750742880000,"ft_is_entry":false,"ft_order_tag":"roi","cost":9.473781341348646}]},{"pair":"BTC/USDT","stake_amount":9.4695606,"max_stake_amount":9.4695606,"amount":9e-05,"open_date":"2025-06-24 09:08:00+00:00","close_date":"2025-06-24 09:28:00+00:00","open_rate":105217.34,"close_rate":105427.98532532531,"fee_open":0.001,"fee_close":0.001,"trade_duration":20,"profit_ratio":0.0,"profit_abs":0.0,"exit_reason":"roi","initial_stop_loss_abs":82385.18,"initial_stop_loss_ratio":-0.217,"stop_loss_abs":82385.18,"stop_loss_ratio":-0.217,"min_rate":105010.75,"max_rate":105571.4,"is_open":false,"enter_tag":"","leverage":1.0,"is_short":false,"open_timestamp":1750756080000,"close_timestamp":1750757280000,"orders":[{"amount":9e-05,"safe_price":105217.34,"ft_order_side":"buy","order_filled_timestamp":1750756080000,"ft_is_entry":true,"ft_order_tag":"","cost":9.479030160599999},{"amount":9e-05,"safe_price":105427.98532532531,"ft_order_side":"sell","order_filled_timestamp":1750757280000,"ft_is_entry":false,"ft_order_tag":"roi","cost":9.498007197958557}]},{"pair":"BTC/USDT","stake_amount":9.4740219,"max_stake_amount":9.4740219,"amount":9e-05,"open_date":"2025-06-24 13:16:00+00:00","close_date":"2025-06-24 13:21:00+00:00","open_rate":105266.91,"close_rate":105062.0,"fee_open":0.001,"fee_close":0.001,"trade_duration":5,"profit_ratio":-0.00394068814999951,"profit_abs":-0.0373715,"exit_reason":"exit_signal","initial_stop_loss_abs":82424.0,"initial_stop_loss_ratio":-0.217,"stop_loss_abs":82424.0,"stop_loss_ratio":-0.217,"min_rate":105000.0,"max_rate":105390.27,"is_open":false,"enter_tag":"","leverage":1.0,"is_short":false,"open_timestamp":1750770960000,"close_timestamp":1750771260000,"orders":[{"amount":9e-05,"safe_price":105266.91,"ft_order_side":"buy","order_filled_timestamp":1750770960000,"ft_is_entry":true,"ft_order_tag":"","cost":9.4834959219},{"amount":9e-05,"safe_price":105062.0,"ft_order_side":"sell","order_filled_timestamp":1750771260000,"ft_is_entry":false,"ft_order_tag":"exit_signal","cost":9.46503558}]},{"pair":"ETH/USDT","stake_amount":9.964394,"max_stake_amount":9.964394,"amount":0.0041,"open_date":"2025-06-24 13:38:00+00:00","close_date":"2025-06-24 13:51:00+00:00","open_rate":2430.34,"close_rate":2416.7,"fee_open":0.001,"fee_close":0.001,"trade_duration":13,"profit_ratio":-0.007599171496143053,"profit_abs":-0.07579686,"exit_reason":"exit_signal","initial_stop_loss_abs":1902.96,"initial_stop_loss_ratio":-0.217,"stop_loss_abs":1902.96,"stop_loss_ratio":-0.217,"min_rate":2414.81,"max_rate":2430.38,"is_open":false,"enter_tag":"","leverage":1.0,"is_short":false,"open_timestamp":1750772280000,"close_timestamp":1750773060000,"orders":[{"amount":0.0041,"safe_price":2430.34,"ft_order_side":"buy","order_filled_timestamp":1750772280000,"ft_is_entry":true,"ft_order_tag":"","cost":9.974358394000001},{"amount":0.0041,"safe_price":2416.7,"ft_order_side":"sell","order_filled_timestamp":1750773060000,"ft_is_entry":false,"ft_order_tag":"exit_signal","cost":9.918378469999999}]},{"pair":"ETH/USDT","stake_amount":9.934423,"max_stake_amount":9.934423,"amount":0.0041,"open_date":"2025-06-24 13:58:00+00:00","close_date":"2025-06-24 14:17:00+00:00","open_rate":2423.03,"close_rate":2432.28,"fee_open":0.001,"fee_close":0.001,"trade_duration":19,"profit_ratio":0.0018119049058238983,"profit_abs":0.01801823,"exit_reason":"roi","initial_stop_loss_abs":1897.24,"initial_stop_loss_ratio":-0.217,"stop_loss_abs":1897.24,"stop_loss_ratio":-0.217,"min_rate":2420.31,"max_rate":2438.16,"is_open":false,"enter_tag":"","leverage":1.0,"is_short":false,"open_timestamp":1750773480000,"close_timestamp":1750774620000,"orders":[{"amount":0.0041,"safe_price":2423.03,"ft_order_side":"buy","order_filled_timestamp":1750773480000,"ft_is_entry":true,"ft_order_tag":"","cost":9.944357423000001},{"amount":0.0041,"safe_price":2432.28,"ft_order_side":"sell","order_filled_timestamp":1750774620000,"ft_is_entry":false,"ft_order_tag":"roi","cost":9.982320348}]},{"pair":"BTC/USDT","stake_amount":9.514935,"max_stake_amount":9.514935,"amount":9e-05,"open_date":"2025-06-24 15:24:00+00:00","close_date":"2025-06-24 15:31:00+00:00","open_rate":105721.5,"close_rate":105573.5,"fee_open":0.001,"fee_close":0.001,"trade_duration":7,"profit_ratio":-0.003395109452060971,"profit_abs":-0.03233655,"exit_reason":"exit_signal","initial_stop_loss_abs":82779.94,"initial_stop_loss_ratio":-0.217,"stop_loss_abs":82779.94,"stop_loss_ratio":-0.217,"min_rate":105573.5,"max_rate":105729.3,"is_open":false,"enter_tag":"","leverage":1.0,"is_short":false,"open_timestamp":1750778640000,"close_timestamp":1750779060000,"orders":[{"amount":9e-05,"safe_price":105721.5,"ft_order_side":"buy","order_filled_timestamp":1750778640000,"ft_is_entry":true,"ft_order_tag":"","cost":9.524449935},{"amount":9e-05,"safe_price":105573.5,"ft_order_side":"sell","order_filled_timestamp":1750779060000,"ft_is_entry":false,"ft_order_tag":"exit_signal","cost":9.511116615}]},{"pair":"ETH/USDT","stake_amount":9.77236,"max_stake_amount":9.77236,"amount":0.004,"open_date":"2025-06-24 16:17:00+00:00","close_date":"2025-06-24 16:34:00+00:00","open_rate":2443.09,"close_rate":2442.85,"fee_open":0.001,"fee_close":0.001,"trade_duration":17,"profit_ratio":-0.0020960419717731154,"profit_abs":-0.02050376,"exit_reason":"exit_signal","initial_stop_loss_abs":1912.94,"initial_stop_loss_ratio":-0.217,"stop_loss_abs":1912.94,"stop_loss_ratio":-0.217,"min_rate":2440.2,"max_rate":2450.55,"is_open":false,"enter_tag":"","leverage":1.0,"is_short":false,"open_timestamp":1750781820000,"close_timestamp":1750782840000,"orders":[{"amount":0.004,"safe_price":2443.09,"ft_order_side":"buy","order_filled_timestamp":1750781820000,"ft_is_entry":true,"ft_order_tag":"","cost":9.78213236},{"amount":0.004,"safe_price":2442.85,"ft_order_side":"sell","order_filled_timestamp":1750782840000,"ft_is_entry":false,"ft_order_tag":"exit_signal","cost":9.781171399999998}]},{"pair":"ETH/USDT","stake_amount":9.79436,"max_stake_amount":9.79436,"amount":0.004,"open_date":"2025-06-24 16:43:00+00:00","close_date":"2025-06-24 16:53:00+00:00","open_rate":2448.59,"close_rate":2473.1004104104104,"fee_open":0.001,"fee_close":0.001,"trade_duration":10,"profit_ratio":0.007992007992007992,"profit_abs":0.07835488,"exit_reason":"roi","initial_stop_loss_abs":1917.25,"initial_stop_loss_ratio":-0.217,"stop_loss_abs":1917.25,"stop_loss_ratio":-0.217,"min_rate":2448.39,"max_rate":2475.47,"is_open":false,"enter_tag":"","leverage":1.0,"is_short":false,"open_timestamp":1750783380000,"close_timestamp":1750783980000,"orders":[{"amount":0.004,"safe_price":2448.59,"ft_order_side":"buy","order_filled_timestamp":1750783380000,"ft_is_entry":true,"ft_order_tag":"","cost":9.80415436},{"amount":0.004,"safe_price":2473.1004104104104,"ft_order_side":"sell","order_filled_timestamp":1750783980000,"ft_is_entry":false,"ft_order_tag":"roi","cost":9.902294043283282}]},{"pair":"BTC/USDT","stake_amount":9.5039991,"max_stake_amount":9.5039991,"amount":9e-05,"open_date":"2025-06-24 20:20:00+00:00","close_date":"2025-06-24 20:39:00+00:00","open_rate":105599.99,"close_rate":105813.15,"fee_open":0.001,"fee_close":0.001,"trade_duration":19,"profit_ratio":1.652598400003395e-05,"profit_abs":0.00015722,"exit_reason":"roi","initial_stop_loss_abs":82684.8,"initial_stop_loss_ratio":-0.217,"stop_loss_abs":82684.8,"stop_loss_ratio":-0.217,"min_rate":105599.99,"max_rate":105852.95,"is_open":false,"enter_tag":"","leverage":1.0,"is_short":false,"open_timestamp":1750796400000,"close_timestamp":1750797540000,"orders":[{"amount":9e-05,"safe_price":105599.99,"ft_order_side":"buy","order_filled_timestamp":1750796400000,"ft_is_entry":true,"ft_order_tag":"","cost":9.513503099100001},{"amount":9e-05,"safe_price":105813.15,"ft_order_side":"sell","order_filled_timestamp":1750797540000,"ft_is_entry":false,"ft_order_tag":"roi","cost":9.532706683499999}]},{"pair":"BTC/USDT","stake_amount":9.5425191,"max_stake_amount":9.5425191,"amount":9e-05,"open_date":"2025-06-24 21:46:00+00:00","close_date":"2025-06-24 21:54:00+00:00","open_rate":106027.99,"close_rate":105939.99,"fee_open":0.001,"fee_close":0.001,"trade_duration":8,"profit_ratio":-0.002826313425995642,"profit_abs":-0.02699712,"exit_reason":"exit_signal","initial_stop_loss_abs":83019.92,"initial_stop_loss_ratio":-0.217,"stop_loss_abs":83019.92,"stop_loss_ratio":-0.217,"min_rate":105939.99,"max_rate":106119.11,"is_open":false,"enter_tag":"","leverage":1.0,"is_short":false,"open_timestamp":1750801560000,"close_timestamp":1750802040000,"orders":[{"amount":9e-05,"safe_price":106027.99,"ft_order_side":"buy","order_filled_timestamp":1750801560000,"ft_is_entry":true,"ft_order_tag":"","cost":9.5520616191},{"amount":9e-05,"safe_price":105939.99,"ft_order_side":"sell","order_filled_timestamp":1750802040000,"ft_is_entry":false,"ft_order_tag":"exit_signal","cost":9.5441336991}]},{"pair":"ETH/USDT","stake_amount":9.8576,"max_stake_amount":9.8576,"amount":0.004,"open_date":"2025-06-25 02:09:00+00:00","close_date":"2025-06-25 02:19:00+00:00","open_rate":2464.4,"close_rate":2460.08,"fee_open":0.001,"fee_close":0.001,"trade_duration":10,"profit_ratio":-0.003747461757525059,"profit_abs":-0.03697792,"exit_reason":"exit_signal","initial_stop_loss_abs":1929.63,"initial_stop_loss_ratio":-0.217,"stop_loss_abs":1929.63,"stop_loss_ratio":-0.217,"min_rate":2458.79,"max_rate":2468.69,"is_open":false,"enter_tag":"","leverage":1.0,"is_short":false,"open_timestamp":1750817340000,"close_timestamp":1750817940000,"orders":[{"amount":0.004,"safe_price":2464.4,"ft_order_side":"buy","order_filled_timestamp":1750817340000,"ft_is_entry":true,"ft_order_tag":"","cost":9.867457599999998},{"amount":0.004,"safe_price":2460.08,"ft_order_side":"sell","order_filled_timestamp":1750817940000,"ft_is_entry":false,"ft_order_tag":"exit_signal","cost":9.850160319999999}]},{"pair":"ETH/USDT","stake_amount":9.7984,"max_stake_amount":9.7984,"amount":0.004,"open_date":"2025-06-25 07:27:00+00:00","close_date":"2025-06-25 07:52:00+00:00","open_rate":2449.6,"close_rate":2444.8,"fee_open":0.001,"fee_close":0.001,"trade_duration":25,"profit_ratio":-0.0039535904983324975,"profit_abs":-0.0387776,"exit_reason":"exit_signal","initial_stop_loss_abs":1918.04,"initial_stop_loss_ratio":-0.217,"stop_loss_abs":1918.04,"stop_loss_ratio":-0.217,"min_rate":2443.52,"max_rate":2450.66,"is_open":false,"enter_tag":"","leverage":1.0,"is_short":false,"open_timestamp":1750836420000,"close_timestamp":1750837920000,"orders":[{"amount":0.004,"safe_price":2449.6,"ft_order_side":"buy","order_filled_timestamp":1750836420000,"ft_is_entry":true,"ft_order_tag":"","cost":9.808198399999998},{"amount":0.004,"safe_price":2444.8,"ft_order_side":"sell","order_filled_timestamp":1750837920000,"ft_is_entry":false,"ft_order_tag":"exit_signal","cost":9.7889792}]},{"pair":"ETH/USDT","stake_amount":9.958654,"max_stake_amount":9.958654,"amount":0.0041,"open_date":"2025-06-25 12:57:00+00:00","close_date":"2025-06-25 13:08:00+00:00","open_rate":2428.94,"close_rate":2425.79,"fee_open":0.001,"fee_close":0.001,"trade_duration":11,"profit_ratio":-0.0032922725698275486,"profit_abs":-0.03281939,"exit_reason":"exit_signal","initial_stop_loss_abs":1901.87,"initial_stop_loss_ratio":-0.217,"stop_loss_abs":1901.87,"stop_loss_ratio":-0.217,"min_rate":2424.09,"max_rate":2429.48,"is_open":false,"enter_tag":"","leverage":1.0,"is_short":false,"open_timestamp":1750856220000,"close_timestamp":1750856880000,"orders":[{"amount":0.0041,"safe_price":2428.94,"ft_order_side":"buy","order_filled_timestamp":1750856220000,"ft_is_entry":true,"ft_order_tag":"","cost":9.968612654},{"amount":0.0041,"safe_price":2425.79,"ft_order_side":"sell","order_filled_timestamp":1750856880000,"ft_is_entry":false,"ft_order_tag":"exit_signal","cost":9.955684739}]},{"pair":"BTC/USDT","stake_amount":9.6709311,"max_stake_amount":9.6709311,"amount":9e-05,"open_date":"2025-06-25 18:43:00+00:00","close_date":"2025-06-25 18:49:00+00:00","open_rate":107454.79,"close_rate":107335.35,"fee_open":0.001,"fee_close":0.001,"trade_duration":6,"profit_ratio":-0.003107318109283122,"profit_abs":-0.03008071,"exit_reason":"exit_signal","initial_stop_loss_abs":84137.11,"initial_stop_loss_ratio":-0.217,"stop_loss_abs":84137.11,"stop_loss_ratio":-0.217,"min_rate":107334.28,"max_rate":107523.9,"is_open":false,"enter_tag":"","leverage":1.0,"is_short":false,"open_timestamp":1750876980000,"close_timestamp":1750877340000,"orders":[{"amount":9e-05,"safe_price":107454.79,"ft_order_side":"buy","order_filled_timestamp":1750876980000,"ft_is_entry":true,"ft_order_tag":"","cost":9.6806020311},{"amount":9e-05,"safe_price":107335.35,"ft_order_side":"sell","order_filled_timestamp":1750877340000,"ft_is_entry":false,"ft_order_tag":"exit_signal","cost":9.669841681500001}]},{"pair":"ETH/USDT","stake_amount":9.981819,"max_stake_amount":9.981819,"amount":0.0041,"open_date":"2025-06-25 19:46:00+00:00","close_date":"2025-06-25 19:55:00+00:00","open_rate":2434.59,"close_rate":2429.09,"fee_open":0.001,"fee_close":0.001,"trade_duration":9,"profit_ratio":-0.004252595780252212,"profit_abs":-0.04249109,"exit_reason":"exit_signal","initial_stop_loss_abs":1906.29,"initial_stop_loss_ratio":-0.217,"stop_loss_abs":1906.29,"stop_loss_ratio":-0.217,"min_rate":2428.62,"max_rate":2435.99,"is_open":false,"enter_tag":"","leverage":1.0,"is_short":false,"open_timestamp":1750880760000,"close_timestamp":1750881300000,"orders":[{"amount":0.0041,"safe_price":2434.59,"ft_order_side":"buy","order_filled_timestamp":1750880760000,"ft_is_entry":true,"ft_order_tag":"","cost":9.991800819},{"amount":0.0041,"safe_price":2429.09,"ft_order_side":"sell","order_filled_timestamp":1750881300000,"ft_is_entry":false,"ft_order_tag":"exit_signal","cost":9.969228269}]},{"pair":"BTC/USDT","stake_amount":9.7008453,"max_stake_amount":9.7008453,"amount":9e-05,"open_date":"2025-06-25 19:49:00+00:00","close_date":"2025-06-25 19:55:00+00:00","open_rate":107787.17,"close_rate":107637.94,"fee_open":0.001,"fee_close":0.001,"trade_duration":6,"profit_ratio":-0.0033797233964934816,"profit_abs":-0.03281896,"exit_reason":"exit_signal","initial_stop_loss_abs":84397.36,"initial_stop_loss_ratio":-0.217,"stop_loss_abs":84397.36,"stop_loss_ratio":-0.217,"min_rate":107621.31,"max_rate":107815.21,"is_open":false,"enter_tag":"","leverage":1.0,"is_short":false,"open_timestamp":1750880940000,"close_timestamp":1750881300000,"orders":[{"amount":9e-05,"safe_price":107787.17,"ft_order_side":"buy","order_filled_timestamp":1750880940000,"ft_is_entry":true,"ft_order_tag":"","cost":9.7105461453},{"amount":9e-05,"safe_price":107637.94,"ft_order_side":"sell","order_filled_timestamp":1750881300000,"ft_is_entry":false,"ft_order_tag":"exit_signal","cost":9.697102014599999}]},{"pair":"ETH/USDT","stake_amount":9.944386,"max_stake_amount":9.944386,"amount":0.0041,"open_date":"2025-06-26 00:38:00+00:00","close_date":"2025-06-26 00:52:00+00:00","open_rate":2425.46,"close_rate":2422.36,"fee_open":0.001,"fee_close":0.001,"trade_duration":14,"profit_ratio":-0.0032735562048281804,"profit_abs":-0.03258606,"exit_reason":"exit_signal","initial_stop_loss_abs":1899.14,"initial_stop_loss_ratio":-0.217,"stop_loss_abs":1899.14,"stop_loss_ratio":-0.217,"min_rate":2421.64,"max_rate":2428.48,"is_open":false,"enter_tag":"","leverage":1.0,"is_short":false,"open_timestamp":1750898280000,"close_timestamp":1750899120000,"orders":[{"amount":0.0041,"safe_price":2425.46,"ft_order_side":"buy","order_filled_timestamp":1750898280000,"ft_is_entry":true,"ft_order_tag":"","cost":9.954330386},{"amount":0.0041,"safe_price":2422.36,"ft_order_side":"sell","order_filled_timestamp":1750899120000,"ft_is_entry":false,"ft_order_tag":"exit_signal","cost":9.941607676}]},{"pair":"ETH/USDT","stake_amount":9.76588,"max_stake_amount":9.76588,"amount":0.004,"open_date":"2025-06-26 01:30:00+00:00","close_date":"2025-06-26 01:36:00+00:00","open_rate":2441.47,"close_rate":2468.6,"fee_open":0.001,"fee_close":0.001,"trade_duration":6,"profit_ratio":0.009091953727767397,"profit_abs":0.08887972,"exit_reason":"roi","initial_stop_loss_abs":1911.68,"initial_stop_loss_ratio":-0.217,"stop_loss_abs":1911.68,"stop_loss_ratio":-0.217,"min_rate":2436.98,"max_rate":2474.87,"is_open":false,"enter_tag":"","leverage":1.0,"is_short":false,"open_timestamp":1750901400000,"close_timestamp":1750901760000,"orders":[{"amount":0.004,"safe_price":2441.47,"ft_order_side":"buy","order_filled_timestamp":1750901400000,"ft_is_entry":true,"ft_order_tag":"","cost":9.775645879999999},{"amount":0.004,"safe_price":2468.6,"ft_order_side":"sell","order_filled_timestamp":1750901760000,"ft_is_entry":false,"ft_order_tag":"roi","cost":9.884274399999999}]},{"pair":"ETH/USDT","stake_amount":9.750429,"max_stake_amount":9.750429,"amount":0.0039,"open_date":"2025-06-26 02:55:00+00:00","close_date":"2025-06-26 03:15:00+00:00","open_rate":2500.11,"close_rate":2500.61,"fee_open":0.001,"fee_close":0.001,"trade_duration":20,"profit_ratio":-0.0017984105853470368,"profit_abs":-0.01755281,"exit_reason":"exit_signal","initial_stop_loss_abs":1957.59,"initial_stop_loss_ratio":-0.217,"stop_loss_abs":1957.59,"stop_loss_ratio":-0.217,"min_rate":2490.18,"max_rate":2520.92,"is_open":false,"enter_tag":"","leverage":1.0,"is_short":false,"open_timestamp":1750906500000,"close_timestamp":1750907700000,"orders":[{"amount":0.0039,"safe_price":2500.11,"ft_order_side":"buy","order_filled_timestamp":1750906500000,"ft_is_entry":true,"ft_order_tag":"","cost":9.760179428999999},{"amount":0.0039,"safe_price":2500.61,"ft_order_side":"sell","order_filled_timestamp":1750907700000,"ft_is_entry":false,"ft_order_tag":"exit_signal","cost":9.762131378999998}]},{"pair":"BTC/USDT","stake_amount":9.7004511,"max_stake_amount":9.7004511,"amount":9e-05,"open_date":"2025-06-26 06:59:00+00:00","close_date":"2025-06-26 07:21:00+00:00","open_rate":107782.79,"close_rate":107998.57136136133,"fee_open":0.001,"fee_close":0.001,"trade_duration":22,"profit_ratio":0.0,"profit_abs":0.0,"exit_reason":"roi","initial_stop_loss_abs":84393.93,"initial_stop_loss_ratio":-0.217,"stop_loss_abs":84393.93,"stop_loss_ratio":-0.217,"min_rate":107751.3,"max_rate":108014.7,"is_open":false,"enter_tag":"","leverage":1.0,"is_short":false,"open_timestamp":1750921140000,"close_timestamp":1750922460000,"orders":[{"amount":9e-05,"safe_price":107782.79,"ft_order_side":"buy","order_filled_timestamp":1750921140000,"ft_is_entry":true,"ft_order_tag":"","cost":9.7101515511},{"amount":9e-05,"safe_price":107998.57136136133,"ft_order_side":"sell","order_filled_timestamp":1750922460000,"ft_is_entry":false,"ft_order_tag":"roi","cost":9.729591293945044}]},{"pair":"BTC/USDT","stake_amount":9.65898,"max_stake_amount":9.65898,"amount":9e-05,"open_date":"2025-06-26 17:49:00+00:00","close_date":"2025-06-26 17:56:00+00:00","open_rate":107322.0,"close_rate":107290.41,"fee_open":0.001,"fee_close":0.001,"trade_duration":7,"profit_ratio":-0.002291762061427181,"profit_abs":-0.02215822,"exit_reason":"exit_signal","initial_stop_loss_abs":84033.13,"initial_stop_loss_ratio":-0.217,"stop_loss_abs":84033.13,"stop_loss_ratio":-0.217,"min_rate":107282.71,"max_rate":107339.0,"is_open":false,"enter_tag":"","leverage":1.0,"is_short":false,"open_timestamp":1750960140000,"close_timestamp":1750960560000,"orders":[{"amount":9e-05,"safe_price":107322.0,"ft_order_side":"buy","order_filled_timestamp":1750960140000,"ft_is_entry":true,"ft_order_tag":"","cost":9.66863898},{"amount":9e-05,"safe_price":107290.41,"ft_order_side":"sell","order_filled_timestamp":1750960560000,"ft_is_entry":false,"ft_order_tag":"exit_signal","cost":9.6657930369}]},{"pair":"BTC/USDT","stake_amount":9.6679395,"max_stake_amount":9.6679395,"amount":9e-05,"open_date":"2025-06-26 19:16:00+00:00","close_date":"2025-06-26 19:52:00+00:00","open_rate":107421.55,"close_rate":107529.35,"fee_open":0.001,"fee_close":0.001,"trade_duration":36,"profit_ratio":-0.0009964838995885374,"profit_abs":-0.00964358,"exit_reason":"exit_signal","initial_stop_loss_abs":84111.08,"initial_stop_loss_ratio":-0.217,"stop_loss_abs":84111.08,"stop_loss_ratio":-0.217,"min_rate":107421.55,"max_rate":107611.98,"is_open":false,"enter_tag":"","leverage":1.0,"is_short":false,"open_timestamp":1750965360000,"close_timestamp":1750967520000,"orders":[{"amount":9e-05,"safe_price":107421.55,"ft_order_side":"buy","order_filled_timestamp":1750965360000,"ft_is_entry":true,"ft_order_tag":"","cost":9.6776074395},{"amount":9e-05,"safe_price":107529.35,"ft_order_side":"sell","order_filled_timestamp":1750967520000,"ft_is_entry":false,"ft_order_tag":"exit_signal","cost":9.687319141500002}]},{"pair":"BTC/USDT","stake_amount":9.68292,"max_stake_amount":9.68292,"amount":9e-05,"open_date":"2025-06-26 20:07:00+00:00","close_date":"2025-06-26 20:15:00+00:00","open_rate":107588.0,"close_rate":107537.51,"fee_open":0.001,"fee_close":0.001,"trade_duration":8,"profit_ratio":-0.0024663550335558364,"profit_abs":-0.0239054,"exit_reason":"exit_signal","initial_stop_loss_abs":84241.41,"initial_stop_loss_ratio":-0.217,"stop_loss_abs":84241.41,"stop_loss_ratio":-0.217,"min_rate":107528.0,"max_rate":107633.16,"is_open":false,"enter_tag":"","leverage":1.0,"is_short":false,"open_timestamp":1750968420000,"close_timestamp":1750968900000,"orders":[{"amount":9e-05,"safe_price":107588.0,"ft_order_side":"buy","order_filled_timestamp":1750968420000,"ft_is_entry":true,"ft_order_tag":"","cost":9.69260292},{"amount":9e-05,"safe_price":107537.51,"ft_order_side":"sell","order_filled_timestamp":1750968900000,"ft_is_entry":false,"ft_order_tag":"exit_signal","cost":9.688054275899999}]},{"pair":"ETH/USDT","stake_amount":9.76304,"max_stake_amount":9.76304,"amount":0.004,"open_date":"2025-06-26 20:07:00+00:00","close_date":"2025-06-26 20:31:00+00:00","open_rate":2440.76,"close_rate":2445.6464064064066,"fee_open":0.001,"fee_close":0.001,"trade_duration":24,"profit_ratio":0.0,"profit_abs":0.0,"exit_reason":"roi","initial_stop_loss_abs":1911.12,"initial_stop_loss_ratio":-0.217,"stop_loss_abs":1911.12,"stop_loss_ratio":-0.217,"min_rate":2437.85,"max_rate":2445.96,"is_open":false,"enter_tag":"","leverage":1.0,"is_short":false,"open_timestamp":1750968420000,"close_timestamp":1750969860000,"orders":[{"amount":0.004,"safe_price":2440.76,"ft_order_side":"buy","order_filled_timestamp":1750968420000,"ft_is_entry":true,"ft_order_tag":"","cost":9.772803040000001},{"amount":0.004,"safe_price":2445.6464064064066,"ft_order_side":"sell","order_filled_timestamp":1750969860000,"ft_is_entry":false,"ft_order_tag":"roi","cost":9.792368211251251}]},{"pair":"BTC/USDT","stake_amount":9.6842286,"max_stake_amount":9.6842286,"amount":9e-05,"open_date":"2025-06-26 20:30:00+00:00","close_date":"2025-06-26 20:50:00+00:00","open_rate":107602.54,"close_rate":107713.19,"fee_open":0.001,"fee_close":0.001,"trade_duration":20,"profit_ratio":-0.000971735579487404,"profit_abs":-0.00941992,"exit_reason":"exit_signal","initial_stop_loss_abs":84252.79,"initial_stop_loss_ratio":-0.217,"stop_loss_abs":84252.79,"stop_loss_ratio":-0.217,"min_rate":107602.54,"max_rate":108000.0,"is_open":false,"enter_tag":"","leverage":1.0,"is_short":false,"open_timestamp":1750969800000,"close_timestamp":1750971000000,"orders":[{"amount":9e-05,"safe_price":107602.54,"ft_order_side":"buy","order_filled_timestamp":1750969800000,"ft_is_entry":true,"ft_order_tag":"","cost":9.6939128286},{"amount":9e-05,"safe_price":107713.19,"ft_order_side":"sell","order_filled_timestamp":1750971000000,"ft_is_entry":false,"ft_order_tag":"exit_signal","cost":9.7038812871}]},{"pair":"BTC/USDT","stake_amount":9.6556545,"max_stake_amount":9.6556545,"amount":9e-05,"open_date":"2025-06-27 03:21:00+00:00","close_date":"2025-06-27 03:40:00+00:00","open_rate":107285.05,"close_rate":107499.83488488488,"fee_open":0.001,"fee_close":0.001,"trade_duration":19,"profit_ratio":0.0,"profit_abs":0.0,"exit_reason":"roi","initial_stop_loss_abs":84004.2,"initial_stop_loss_ratio":-0.217,"stop_loss_abs":84004.2,"stop_loss_ratio":-0.217,"min_rate":107283.26,"max_rate":107515.28,"is_open":false,"enter_tag":"","leverage":1.0,"is_short":false,"open_timestamp":1750994460000,"close_timestamp":1750995600000,"orders":[{"amount":9e-05,"safe_price":107285.05,"ft_order_side":"buy","order_filled_timestamp":1750994460000,"ft_is_entry":true,"ft_order_tag":"","cost":9.6653101545},{"amount":9e-05,"safe_price":107499.83488488488,"ft_order_side":"sell","order_filled_timestamp":1750995600000,"ft_is_entry":false,"ft_order_tag":"roi","cost":9.684660124779278}]},{"pair":"BTC/USDT","stake_amount":9.6658191,"max_stake_amount":9.6658191,"amount":9e-05,"open_date":"2025-06-27 07:11:00+00:00","close_date":"2025-06-27 07:27:00+00:00","open_rate":107397.99,"close_rate":107393.85,"fee_open":0.001,"fee_close":0.001,"trade_duration":16,"profit_ratio":-0.002036473640830482,"profit_abs":-0.01970387,"exit_reason":"exit_signal","initial_stop_loss_abs":84092.63,"initial_stop_loss_ratio":-0.217,"stop_loss_abs":84092.63,"stop_loss_ratio":-0.217,"min_rate":107371.66,"max_rate":107735.34,"is_open":false,"enter_tag":"","leverage":1.0,"is_short":false,"open_timestamp":1751008260000,"close_timestamp":1751009220000,"orders":[{"amount":9e-05,"safe_price":107397.99,"ft_order_side":"buy","order_filled_timestamp":1751008260000,"ft_is_entry":true,"ft_order_tag":"","cost":9.675484919099999},{"amount":9e-05,"safe_price":107393.85,"ft_order_side":"sell","order_filled_timestamp":1751009220000,"ft_is_entry":false,"ft_order_tag":"exit_signal","cost":9.675111946500001}]},{"pair":"BTC/USDT","stake_amount":9.6535908,"max_stake_amount":9.6535908,"amount":9e-05,"open_date":"2025-06-27 16:26:00+00:00","close_date":"2025-06-27 16:45:00+00:00","open_rate":107262.12,"close_rate":107476.85897897895,"fee_open":0.001,"fee_close":0.001,"trade_duration":19,"profit_ratio":0.0,"profit_abs":0.0,"exit_reason":"roi","initial_stop_loss_abs":83986.24,"initial_stop_loss_ratio":-0.217,"stop_loss_abs":83986.24,"stop_loss_ratio":-0.217,"min_rate":107222.64,"max_rate":107709.22,"is_open":false,"enter_tag":"","leverage":1.0,"is_short":false,"open_timestamp":1751041560000,"close_timestamp":1751042700000,"orders":[{"amount":9e-05,"safe_price":107262.12,"ft_order_side":"buy","order_filled_timestamp":1751041560000,"ft_is_entry":true,"ft_order_tag":"","cost":9.6632443908},{"amount":9e-05,"safe_price":107476.85897897895,"ft_order_side":"sell","order_filled_timestamp":1751042700000,"ft_is_entry":false,"ft_order_tag":"roi","cost":9.682590225416213}]},{"pair":"BTC/USDT","stake_amount":9.61308,"max_stake_amount":9.61308,"amount":9e-05,"open_date":"2025-06-27 19:43:00+00:00","close_date":"2025-06-27 20:00:00+00:00","open_rate":106812.0,"close_rate":106801.02,"fee_open":0.001,"fee_close":0.001,"trade_duration":17,"profit_ratio":-0.002100593859946742,"profit_abs":-0.02021337,"exit_reason":"exit_signal","initial_stop_loss_abs":83633.8,"initial_stop_loss_ratio":-0.217,"stop_loss_abs":83633.8,"stop_loss_ratio":-0.217,"min_rate":106789.01,"max_rate":107020.66,"is_open":false,"enter_tag":"","leverage":1.0,"is_short":false,"open_timestamp":1751053380000,"close_timestamp":1751054400000,"orders":[{"amount":9e-05,"safe_price":106812.0,"ft_order_side":"buy","order_filled_timestamp":1751053380000,"ft_is_entry":true,"ft_order_tag":"","cost":9.62269308},{"amount":9e-05,"safe_price":106801.02,"ft_order_side":"sell","order_filled_timestamp":1751054400000,"ft_is_entry":false,"ft_order_tag":"exit_signal","cost":9.621703891800001}]},{"pair":"BTC/USDT","stake_amount":9.6443856,"max_stake_amount":9.6443856,"amount":9e-05,"open_date":"2025-06-27 21:28:00+00:00","close_date":"2025-06-27 21:41:00+00:00","open_rate":107159.84,"close_rate":107097.36,"fee_open":0.001,"fee_close":0.001,"trade_duration":13,"profit_ratio":-0.0025798915102967818,"profit_abs":-0.02490635,"exit_reason":"exit_signal","initial_stop_loss_abs":83906.16,"initial_stop_loss_ratio":-0.217,"stop_loss_abs":83906.16,"stop_loss_ratio":-0.217,"min_rate":107092.5,"max_rate":107277.99,"is_open":false,"enter_tag":"","leverage":1.0,"is_short":false,"open_timestamp":1751059680000,"close_timestamp":1751060460000,"orders":[{"amount":9e-05,"safe_price":107159.84,"ft_order_side":"buy","order_filled_timestamp":1751059680000,"ft_is_entry":true,"ft_order_tag":"","cost":9.6540299856},{"amount":9e-05,"safe_price":107097.36,"ft_order_side":"sell","order_filled_timestamp":1751060460000,"ft_is_entry":false,"ft_order_tag":"exit_signal","cost":9.648401162399999}]},{"pair":"BTC/USDT","stake_amount":9.6456114,"max_stake_amount":9.6456114,"amount":9e-05,"open_date":"2025-06-27 21:51:00+00:00","close_date":"2025-06-27 21:53:00+00:00","open_rate":107173.46,"close_rate":107150.31,"fee_open":0.001,"fee_close":0.001,"trade_duration":2,"profit_ratio":-0.0022135754620270843,"profit_abs":-0.02137264,"exit_reason":"exit_signal","initial_stop_loss_abs":83916.82,"initial_stop_loss_ratio":-0.217,"stop_loss_abs":83916.82,"stop_loss_ratio":-0.217,"min_rate":107122.67,"max_rate":107173.47,"is_open":false,"enter_tag":"","leverage":1.0,"is_short":false,"open_timestamp":1751061060000,"close_timestamp":1751061180000,"orders":[{"amount":9e-05,"safe_price":107173.46,"ft_order_side":"buy","order_filled_timestamp":1751061060000,"ft_is_entry":true,"ft_order_tag":"","cost":9.6552570114},{"amount":9e-05,"safe_price":107150.31,"ft_order_side":"sell","order_filled_timestamp":1751061180000,"ft_is_entry":false,"ft_order_tag":"exit_signal","cost":9.6531714279}]},{"pair":"BTC/USDT","stake_amount":9.6566778,"max_stake_amount":9.6566778,"amount":9e-05,"open_date":"2025-06-28 05:39:00+00:00","close_date":"2025-06-28 05:46:00+00:00","open_rate":107296.42,"close_rate":107272.66,"fee_open":0.001,"fee_close":0.001,"trade_duration":7,"profit_ratio":-0.0022190024615082226,"profit_abs":-0.02144962,"exit_reason":"exit_signal","initial_stop_loss_abs":84013.1,"initial_stop_loss_ratio":-0.217,"stop_loss_abs":84013.1,"stop_loss_ratio":-0.217,"min_rate":107259.42,"max_rate":107296.42,"is_open":false,"enter_tag":"","leverage":1.0,"is_short":false,"open_timestamp":1751089140000,"close_timestamp":1751089560000,"orders":[{"amount":9e-05,"safe_price":107296.42,"ft_order_side":"buy","order_filled_timestamp":1751089140000,"ft_is_entry":true,"ft_order_tag":"","cost":9.6663344778},{"amount":9e-05,"safe_price":107272.66,"ft_order_side":"sell","order_filled_timestamp":1751089560000,"ft_is_entry":false,"ft_order_tag":"exit_signal","cost":9.6641939394}]},{"pair":"BTC/USDT","stake_amount":9.6684831,"max_stake_amount":9.6684831,"amount":9e-05,"open_date":"2025-06-28 07:24:00+00:00","close_date":"2025-06-28 08:05:00+00:00","open_rate":107427.59,"close_rate":107449.23,"fee_open":0.001,"fee_close":0.001,"trade_duration":41,"profit_ratio":-0.0017969660684348783,"profit_abs":-0.01739131,"exit_reason":"exit_signal","initial_stop_loss_abs":84115.81,"initial_stop_loss_ratio":-0.217,"stop_loss_abs":84115.81,"stop_loss_ratio":-0.217,"min_rate":107419.49,"max_rate":107496.12,"is_open":false,"enter_tag":"","leverage":1.0,"is_short":false,"open_timestamp":1751095440000,"close_timestamp":1751097900000,"orders":[{"amount":9e-05,"safe_price":107427.59,"ft_order_side":"buy","order_filled_timestamp":1751095440000,"ft_is_entry":true,"ft_order_tag":"","cost":9.678151583099998},{"amount":9e-05,"safe_price":107449.23,"ft_order_side":"sell","order_filled_timestamp":1751097900000,"ft_is_entry":false,"ft_order_tag":"exit_signal","cost":9.680101130699999}]},{"pair":"ETH/USDT","stake_amount":9.968371,"max_stake_amount":9.968371,"amount":0.0041,"open_date":"2025-06-28 15:46:00+00:00","close_date":"2025-06-28 16:05:00+00:00","open_rate":2431.31,"close_rate":2436.42,"fee_open":0.001,"fee_close":0.001,"trade_duration":19,"profit_ratio":9.954662424960731e-05,"profit_abs":0.00099331,"exit_reason":"roi","initial_stop_loss_abs":1903.72,"initial_stop_loss_ratio":-0.217,"stop_loss_abs":1903.72,"stop_loss_ratio":-0.217,"min_rate":2428.71,"max_rate":2443.0,"is_open":false,"enter_tag":"","leverage":1.0,"is_short":false,"open_timestamp":1751125560000,"close_timestamp":1751126700000,"orders":[{"amount":0.0041,"safe_price":2431.31,"ft_order_side":"buy","order_filled_timestamp":1751125560000,"ft_is_entry":true,"ft_order_tag":"","cost":9.978339371},{"amount":0.0041,"safe_price":2436.42,"ft_order_side":"sell","order_filled_timestamp":1751126700000,"ft_is_entry":false,"ft_order_tag":"roi","cost":9.999311322}]},{"pair":"BTC/USDT","stake_amount":9.655425,"max_stake_amount":9.655425,"amount":9e-05,"open_date":"2025-06-28 21:53:00+00:00","close_date":"2025-06-28 22:12:00+00:00","open_rate":107282.5,"close_rate":107275.0,"fee_open":0.001,"fee_close":0.001,"trade_duration":19,"profit_ratio":-0.0020677706880023196,"profit_abs":-0.01998517,"exit_reason":"exit_signal","initial_stop_loss_abs":84002.2,"initial_stop_loss_ratio":-0.217,"stop_loss_abs":84002.2,"stop_loss_ratio":-0.217,"min_rate":107275.0,"max_rate":107373.53,"is_open":false,"enter_tag":"","leverage":1.0,"is_short":false,"open_timestamp":1751147580000,"close_timestamp":1751148720000,"orders":[{"amount":9e-05,"safe_price":107282.5,"ft_order_side":"buy","order_filled_timestamp":1751147580000,"ft_is_entry":true,"ft_order_tag":"","cost":9.665080425},{"amount":9e-05,"safe_price":107275.0,"ft_order_side":"sell","order_filled_timestamp":1751148720000,"ft_is_entry":false,"ft_order_tag":"exit_signal","cost":9.66440475}]},{"pair":"BTC/USDT","stake_amount":9.6575238,"max_stake_amount":9.6575238,"amount":9e-05,"open_date":"2025-06-28 22:24:00+00:00","close_date":"2025-06-28 23:04:00+00:00","open_rate":107305.82,"close_rate":107342.47,"fee_open":0.001,"fee_close":0.001,"trade_duration":40,"profit_ratio":-0.0016571376354098297,"profit_abs":-0.01601985,"exit_reason":"exit_signal","initial_stop_loss_abs":84020.46,"initial_stop_loss_ratio":-0.217,"stop_loss_abs":84020.46,"stop_loss_ratio":-0.217,"min_rate":107290.0,"max_rate":107378.37,"is_open":false,"enter_tag":"","leverage":1.0,"is_short":false,"open_timestamp":1751149440000,"close_timestamp":1751151840000,"orders":[{"amount":9e-05,"safe_price":107305.82,"ft_order_side":"buy","order_filled_timestamp":1751149440000,"ft_is_entry":true,"ft_order_tag":"","cost":9.667181323800001},{"amount":9e-05,"safe_price":107342.47,"ft_order_side":"sell","order_filled_timestamp":1751151840000,"ft_is_entry":false,"ft_order_tag":"exit_signal","cost":9.6704831223}]},{"pair":"ETH/USDT","stake_amount":9.76656,"max_stake_amount":9.76656,"amount":0.004,"open_date":"2025-06-29 00:48:00+00:00","close_date":"2025-06-29 00:59:00+00:00","open_rate":2441.64,"close_rate":2438.66,"fee_open":0.001,"fee_close":0.001,"trade_duration":11,"profit_ratio":-0.0032160545995509387,"profit_abs":-0.0314412,"exit_reason":"exit_signal","initial_stop_loss_abs":1911.81,"initial_stop_loss_ratio":-0.217,"stop_loss_abs":1911.81,"stop_loss_ratio":-0.217,"min_rate":2438.57,"max_rate":2442.77,"is_open":false,"enter_tag":"","leverage":1.0,"is_short":false,"open_timestamp":1751158080000,"close_timestamp":1751158740000,"orders":[{"amount":0.004,"safe_price":2441.64,"ft_order_side":"buy","order_filled_timestamp":1751158080000,"ft_is_entry":true,"ft_order_tag":"","cost":9.77632656},{"amount":0.004,"safe_price":2438.66,"ft_order_side":"sell","order_filled_timestamp":1751158740000,"ft_is_entry":false,"ft_order_tag":"exit_signal","cost":9.764394639999999}]},{"pair":"BTC/USDT","stake_amount":9.6530454,"max_stake_amount":9.6530454,"amount":9e-05,"open_date":"2025-06-29 04:52:00+00:00","close_date":"2025-06-29 05:05:00+00:00","open_rate":107256.06,"close_rate":107240.01,"fee_open":0.001,"fee_close":0.001,"trade_duration":13,"profit_ratio":-0.0021473452904739866,"profit_abs":-0.02074915,"exit_reason":"exit_signal","initial_stop_loss_abs":83981.5,"initial_stop_loss_ratio":-0.217,"stop_loss_abs":83981.5,"stop_loss_ratio":-0.217,"min_rate":107240.0,"max_rate":107272.77,"is_open":false,"enter_tag":"","leverage":1.0,"is_short":false,"open_timestamp":1751172720000,"close_timestamp":1751173500000,"orders":[{"amount":9e-05,"safe_price":107256.06,"ft_order_side":"buy","order_filled_timestamp":1751172720000,"ft_is_entry":true,"ft_order_tag":"","cost":9.662698445399998},{"amount":9e-05,"safe_price":107240.01,"ft_order_side":"sell","order_filled_timestamp":1751173500000,"ft_is_entry":false,"ft_order_tag":"exit_signal","cost":9.661252500899998}]},{"pair":"BTC/USDT","stake_amount":9.6647319,"max_stake_amount":9.6647319,"amount":9e-05,"open_date":"2025-06-29 06:59:00+00:00","close_date":"2025-06-29 07:06:00+00:00","open_rate":107385.91,"close_rate":107347.64,"fee_open":0.001,"fee_close":0.001,"trade_duration":7,"profit_ratio":-0.0023536682303181558,"profit_abs":-0.02277032,"exit_reason":"exit_signal","initial_stop_loss_abs":84083.17,"initial_stop_loss_ratio":-0.217,"stop_loss_abs":84083.17,"stop_loss_ratio":-0.217,"min_rate":107347.64,"max_rate":107385.92,"is_open":false,"enter_tag":"","leverage":1.0,"is_short":false,"open_timestamp":1751180340000,"close_timestamp":1751180760000,"orders":[{"amount":9e-05,"safe_price":107385.91,"ft_order_side":"buy","order_filled_timestamp":1751180340000,"ft_is_entry":true,"ft_order_tag":"","cost":9.6743966319},{"amount":9e-05,"safe_price":107347.64,"ft_order_side":"sell","order_filled_timestamp":1751180760000,"ft_is_entry":false,"ft_order_tag":"exit_signal","cost":9.6709488876}]},{"pair":"BTC/USDT","stake_amount":9.7331391,"max_stake_amount":9.7331391,"amount":9e-05,"open_date":"2025-06-29 11:21:00+00:00","close_date":"2025-06-29 11:54:00+00:00","open_rate":108145.99,"close_rate":108362.49848848849,"fee_open":0.001,"fee_close":0.001,"trade_duration":33,"profit_ratio":0.0,"profit_abs":0.0,"exit_reason":"roi","initial_stop_loss_abs":84678.32,"initial_stop_loss_ratio":-0.217,"stop_loss_abs":84678.32,"stop_loss_ratio":-0.217,"min_rate":108120.0,"max_rate":108484.0,"is_open":false,"enter_tag":"","leverage":1.0,"is_short":false,"open_timestamp":1751196060000,"close_timestamp":1751198040000,"orders":[{"amount":9e-05,"safe_price":108145.99,"ft_order_side":"buy","order_filled_timestamp":1751196060000,"ft_is_entry":true,"ft_order_tag":"","cost":9.7428722391},{"amount":9e-05,"safe_price":108362.49848848849,"ft_order_side":"sell","order_filled_timestamp":1751198040000,"ft_is_entry":false,"ft_order_tag":"roi","cost":9.762377488827926}]},{"pair":"BTC/USDT","stake_amount":9.6771564,"max_stake_amount":9.6771564,"amount":9e-05,"open_date":"2025-06-29 18:23:00+00:00","close_date":"2025-06-29 18:41:00+00:00","open_rate":107523.96,"close_rate":107576.92,"fee_open":0.001,"fee_close":0.001,"trade_duration":18,"profit_ratio":-0.0015064447959218577,"profit_abs":-0.01459268,"exit_reason":"exit_signal","initial_stop_loss_abs":84191.27,"initial_stop_loss_ratio":-0.217,"stop_loss_abs":84191.27,"stop_loss_ratio":-0.217,"min_rate":107523.95,"max_rate":107632.5,"is_open":false,"enter_tag":"","leverage":1.0,"is_short":false,"open_timestamp":1751221380000,"close_timestamp":1751222460000,"orders":[{"amount":9e-05,"safe_price":107523.96,"ft_order_side":"buy","order_filled_timestamp":1751221380000,"ft_is_entry":true,"ft_order_tag":"","cost":9.6868335564},{"amount":9e-05,"safe_price":107576.92,"ft_order_side":"sell","order_filled_timestamp":1751222460000,"ft_is_entry":false,"ft_order_tag":"exit_signal","cost":9.6916047228}]},{"pair":"BTC/USDT","stake_amount":9.6890868,"max_stake_amount":9.6890868,"amount":9e-05,"open_date":"2025-06-29 22:02:00+00:00","close_date":"2025-06-29 22:21:00+00:00","open_rate":107656.52,"close_rate":107920.01,"fee_open":0.001,"fee_close":0.001,"trade_duration":19,"profit_ratio":0.0004446138409970791,"profit_abs":0.00431221,"exit_reason":"roi","initial_stop_loss_abs":84295.06,"initial_stop_loss_ratio":-0.217,"stop_loss_abs":84295.06,"stop_loss_ratio":-0.217,"min_rate":107641.41,"max_rate":107944.17,"is_open":false,"enter_tag":"","leverage":1.0,"is_short":false,"open_timestamp":1751234520000,"close_timestamp":1751235660000,"orders":[{"amount":9e-05,"safe_price":107656.52,"ft_order_side":"buy","order_filled_timestamp":1751234520000,"ft_is_entry":true,"ft_order_tag":"","cost":9.698775886799998},{"amount":9e-05,"safe_price":107920.01,"ft_order_side":"sell","order_filled_timestamp":1751235660000,"ft_is_entry":false,"ft_order_tag":"roi","cost":9.722513700899999}]},{"pair":"ETH/USDT","stake_amount":9.76412,"max_stake_amount":9.76412,"amount":0.004,"open_date":"2025-06-29 22:03:00+00:00","close_date":"2025-06-29 22:22:00+00:00","open_rate":2441.03,"close_rate":2454.59,"fee_open":0.001,"fee_close":0.001,"trade_duration":19,"profit_ratio":0.003545931133875567,"profit_abs":0.03465752,"exit_reason":"roi","initial_stop_loss_abs":1911.33,"initial_stop_loss_ratio":-0.217,"stop_loss_abs":1911.33,"stop_loss_ratio":-0.217,"min_rate":2441.03,"max_rate":2460.56,"is_open":false,"enter_tag":"","leverage":1.0,"is_short":false,"open_timestamp":1751234580000,"close_timestamp":1751235720000,"orders":[{"amount":0.004,"safe_price":2441.03,"ft_order_side":"buy","order_filled_timestamp":1751234580000,"ft_is_entry":true,"ft_order_tag":"","cost":9.773884119999998},{"amount":0.004,"safe_price":2454.59,"ft_order_side":"sell","order_filled_timestamp":1751235720000,"ft_is_entry":false,"ft_order_tag":"roi","cost":9.828178359999999}]},{"pair":"ETH/USDT","stake_amount":9.777261,"max_stake_amount":9.777261,"amount":0.0039,"open_date":"2025-06-29 23:26:00+00:00","close_date":"2025-06-29 23:33:00+00:00","open_rate":2506.99,"close_rate":2502.69,"fee_open":0.001,"fee_close":0.001,"trade_duration":7,"profit_ratio":-0.0037097791008625547,"profit_abs":-0.03630775,"exit_reason":"exit_signal","initial_stop_loss_abs":1962.98,"initial_stop_loss_ratio":-0.217,"stop_loss_abs":1962.98,"stop_loss_ratio":-0.217,"min_rate":2499.95,"max_rate":2510.14,"is_open":false,"enter_tag":"","leverage":1.0,"is_short":false,"open_timestamp":1751239560000,"close_timestamp":1751239980000,"orders":[{"amount":0.0039,"safe_price":2506.99,"ft_order_side":"buy","order_filled_timestamp":1751239560000,"ft_is_entry":true,"ft_order_tag":"","cost":9.787038260999998},{"amount":0.0039,"safe_price":2502.69,"ft_order_side":"sell","order_filled_timestamp":1751239980000,"ft_is_entry":false,"ft_order_tag":"exit_signal","cost":9.770251491}]},{"pair":"BTC/USDT","stake_amount":9.7338357,"max_stake_amount":9.7338357,"amount":9e-05,"open_date":"2025-06-29 23:22:00+00:00","close_date":"2025-06-29 23:41:00+00:00","open_rate":108153.73,"close_rate":108394.78,"fee_open":0.001,"fee_close":0.001,"trade_duration":19,"profit_ratio":0.0002263164430571879,"profit_abs":0.00220513,"exit_reason":"roi","initial_stop_loss_abs":84684.38,"initial_stop_loss_ratio":-0.217,"stop_loss_abs":84684.38,"stop_loss_ratio":-0.217,"min_rate":108153.73,"max_rate":108436.47,"is_open":false,"enter_tag":"","leverage":1.0,"is_short":false,"open_timestamp":1751239320000,"close_timestamp":1751240460000,"orders":[{"amount":9e-05,"safe_price":108153.73,"ft_order_side":"buy","order_filled_timestamp":1751239320000,"ft_is_entry":true,"ft_order_tag":"","cost":9.743569535699999},{"amount":9e-05,"safe_price":108394.78,"ft_order_side":"sell","order_filled_timestamp":1751240460000,"ft_is_entry":false,"ft_order_tag":"roi","cost":9.7652857302}]},{"pair":"BTC/USDT","stake_amount":9.7567569,"max_stake_amount":9.7567569,"amount":9e-05,"open_date":"2025-06-30 00:08:00+00:00","close_date":"2025-06-30 00:27:00+00:00","open_rate":108408.41,"close_rate":108625.44385385385,"fee_open":0.001,"fee_close":0.001,"trade_duration":19,"profit_ratio":0.0,"profit_abs":0.0,"exit_reason":"roi","initial_stop_loss_abs":84883.79,"initial_stop_loss_ratio":-0.217,"stop_loss_abs":84883.79,"stop_loss_ratio":-0.217,"min_rate":108336.5,"max_rate":108688.0,"is_open":false,"enter_tag":"","leverage":1.0,"is_short":false,"open_timestamp":1751242080000,"close_timestamp":1751243220000,"orders":[{"amount":9e-05,"safe_price":108408.41,"ft_order_side":"buy","order_filled_timestamp":1751242080000,"ft_is_entry":true,"ft_order_tag":"","cost":9.766513656899999},{"amount":9e-05,"safe_price":108625.44385385385,"ft_order_side":"sell","order_filled_timestamp":1751243220000,"ft_is_entry":false,"ft_order_tag":"roi","cost":9.786066236793692}]},{"pair":"ETH/USDT","stake_amount":9.822618,"max_stake_amount":9.822618,"amount":0.0039,"open_date":"2025-06-30 00:25:00+00:00","close_date":"2025-06-30 00:52:00+00:00","open_rate":2518.62,"close_rate":2516.37,"fee_open":0.001,"fee_close":0.001,"trade_duration":27,"profit_ratio":-0.002889563344830973,"profit_abs":-0.02841146,"exit_reason":"exit_signal","initial_stop_loss_abs":1972.08,"initial_stop_loss_ratio":-0.217,"stop_loss_abs":1972.08,"stop_loss_ratio":-0.217,"min_rate":2508.73,"max_rate":2524.3,"is_open":false,"enter_tag":"","leverage":1.0,"is_short":false,"open_timestamp":1751243100000,"close_timestamp":1751244720000,"orders":[{"amount":0.0039,"safe_price":2518.62,"ft_order_side":"buy","order_filled_timestamp":1751243100000,"ft_is_entry":true,"ft_order_tag":"","cost":9.832440617999998},{"amount":0.0039,"safe_price":2516.37,"ft_order_side":"sell","order_filled_timestamp":1751244720000,"ft_is_entry":false,"ft_order_tag":"exit_signal","cost":9.823656842999997}]},{"pair":"BTC/USDT","stake_amount":9.7681248,"max_stake_amount":9.7681248,"amount":9e-05,"open_date":"2025-06-30 04:09:00+00:00","close_date":"2025-06-30 04:11:00+00:00","open_rate":108534.72,"close_rate":108502.77,"fee_open":0.001,"fee_close":0.001,"trade_duration":2,"profit_ratio":-0.002291789260972947,"profit_abs":-0.02240887,"exit_reason":"exit_signal","initial_stop_loss_abs":84982.69,"initial_stop_loss_ratio":-0.217,"stop_loss_abs":84982.69,"stop_loss_ratio":-0.217,"min_rate":108498.31,"max_rate":108534.72,"is_open":false,"enter_tag":"","leverage":1.0,"is_short":false,"open_timestamp":1751256540000,"close_timestamp":1751256660000,"orders":[{"amount":9e-05,"safe_price":108534.72,"ft_order_side":"buy","order_filled_timestamp":1751256540000,"ft_is_entry":true,"ft_order_tag":"","cost":9.7778929248},{"amount":9e-05,"safe_price":108502.77,"ft_order_side":"sell","order_filled_timestamp":1751256660000,"ft_is_entry":false,"ft_order_tag":"exit_signal","cost":9.7750145493}]}],"locks":[],"best_pair":{"key":"ETH/USDT","trades":20,"profit_mean":-0.00043177300843627863,"profit_mean_pct":-0.04,"profit_sum":-0.008635460168725573,"profit_sum_pct":-0.86,"profit_total_abs":-0.08797449000000002,"profit_total":-8.797449000000002e-05,"profit_total_pct":-0.01,"duration_avg":"0:16:00","wins":7,"draws":1,"losses":12,"winrate":0.35},"worst_pair":{"key":"BTC/USDT","trades":34,"profit_mean":-0.001675872765920008,"profit_mean_pct":-0.17,"profit_sum":-0.05697967404128027,"profit_sum_pct":-5.7,"profit_total_abs":-0.5451967,"profit_total":-0.0005451967,"profit_total_pct":-0.05,"duration_avg":"0:16:00","wins":3,"draws":7,"losses":24,"winrate":0.08823529411764706},"results_per_pair":[{"key":"ETH/USDT","trades":20,"profit_mean":-0.00043177300843627863,"profit_mean_pct":-0.04,"profit_sum":-0.008635460168725573,"profit_sum_pct":-0.86,"profit_total_abs":-0.08797449000000002,"profit_total":-8.797449000000002e-05,"profit_total_pct":-0.01,"duration_avg":"0:16:00","wins":7,"draws":1,"losses":12,"winrate":0.35},{"key":"BTC/USDT","trades":34,"profit_mean":-0.001675872765920008,"profit_mean_pct":-0.17,"profit_sum":-0.05697967404128027,"profit_sum_pct":-5.7,"profit_total_abs":-0.5451967,"profit_total":-0.0005451967,"profit_total_pct":-0.05,"duration_avg":"0:16:00","wins":3,"draws":7,"losses":24,"winrate":0.08823529411764706},{"key":"TOTAL","trades":54,"profit_mean":-0.0012150950779630711,"profit_mean_pct":-0.12,"profit_sum":-0.06561513421000584,"profit_sum_pct":-6.56,"profit_total_abs":-0.6331711900000001,"profit_total":-0.0006331711900000001,"profit_total_pct":-0.06,"duration_avg":"0:16:00","wins":10,"draws":8,"losses":36,"winrate":0.18518518518518517}],"results_per_enter_tag":[{"key":"","trades":54,"profit_mean":-0.0012150950779630711,"profit_mean_pct":-0.12,"profit_sum":-0.06561513421000584,"profit_sum_pct":-6.56,"profit_total_abs":-0.6331711900000001,"profit_total":-0.0006331711900000001,"profit_total_pct":-0.06,"duration_avg":"0:16:00","wins":10,"draws":8,"losses":36,"winrate":0.18518518518518517},{"key":"TOTAL","trades":54,"profit_mean":-0.0012150950779630711,"profit_mean_pct":-0.12,"profit_sum":-0.06561513421000584,"profit_sum_pct":-6.56,"profit_total_abs":-0.6331711900000001,"profit_total":-0.0006331711900000001,"profit_total_pct":-0.06,"duration_avg":"0:16:00","wins":10,"draws":8,"losses":36,"winrate":0.18518518518518517}],"exit_reason_summary":[{"key":"roi","trades":18,"profit_mean":0.0018756313166408169,"profit_mean_pct":0.19,"profit_sum":0.033761363699534704,"profit_sum_pct":3.38,"profit_total_abs":0.33099034,"profit_total":0.00033099033999999997,"profit_total_pct":0.03,"duration_avg":"0:19:00","wins":10,"draws":8,"losses":0,"winrate":0.5555555555555556},{"key":"exit_signal","trades":36,"profit_mean":-0.0027604582752650147,"profit_mean_pct":-0.28,"profit_sum":-0.09937649790954053,"profit_sum_pct":-9.94,"profit_total_abs":-0.9641615299999999,"profit_total":-0.0009641615299999999,"profit_total_pct":-0.1,"duration_avg":"0:14:00","wins":0,"draws":0,"losses":36,"winrate":0.0},{"key":"TOTAL","trades":54,"profit_mean":-0.0012150950779630711,"profit_mean_pct":-0.12,"profit_sum":-0.06561513421000584,"profit_sum_pct":-6.56,"profit_total_abs":-0.6331711900000001,"profit_total":-0.0006331711900000001,"profit_total_pct":-0.06,"duration_avg":"0:16:00","wins":10,"draws":8,"losses":36,"winrate":0.18518518518518517}],"mix_tag_stats":[{"key":["","roi"],"trades":18,"profit_mean":0.0018756313166408169,"profit_mean_pct":0.19,"profit_sum":0.033761363699534704,"profit_sum_pct":3.38,"profit_total_abs":0.33099034,"profit_total":0.00033099033999999997,"profit_total_pct":0.03,"duration_avg":"0:19:00","wins":10,"draws":8,"losses":0,"winrate":0.5555555555555556},{"key":["","exit_signal"],"trades":36,"profit_mean":-0.0027604582752650147,"profit_mean_pct":-0.28,"profit_sum":-0.09937649790954053,"profit_sum_pct":-9.94,"profit_total_abs":-0.9641615299999999,"profit_total":-0.0009641615299999999,"profit_total_pct":-0.1,"duration_avg":"0:14:00","wins":0,"draws":0,"losses":36,"winrate":0.0},{"key":"TOTAL","trades":54,"profit_mean":-0.0012150950779630711,"profit_mean_pct":-0.12,"profit_sum":-0.06561513421000584,"profit_sum_pct":-6.56,"profit_total_abs":-0.6331711900000001,"profit_total":-0.0006331711900000001,"profit_total_pct":-0.06,"duration_avg":"0:16:00","wins":10,"draws":8,"losses":36,"winrate":0.18518518518518517}],"left_open_trades":[{"key":"TOTAL","trades":0,"profit_mean":0.0,"profit_mean_pct":0.0,"profit_sum":0.0,"profit_sum_pct":0.0,"profit_total_abs":0.0,"profit_total":0.0,"profit_total_pct":0.0,"duration_avg":"0:00","wins":0,"draws":0,"losses":0,"winrate":0.0}],"total_trades":54,"trade_count_long":54,"trade_count_short":0,"total_volume":1048.1734276146265,"avg_stake_amount":9.691780983333333,"profit_mean":-0.0012150950779630711,"profit_median":-0.0020819063298877175,"profit_total":-0.0006331711900000001,"profit_total_long":-0.0006331711900000001,"profit_total_short":0.0,"profit_total_abs":-0.6331711900000001,"profit_total_long_abs":-0.6331711900000001,"profit_total_short_abs":0.0,"cagr":-0.03248641371699901,"expectancy":-0.011725392407407406,"expectancy_ratio":-0.5859525134256829,"sortino":-150.6614258234686,"sharpe":-59.541935158645536,"calmar":-254.03755457240948,"sqn":-2.9412,"profit_factor":0.343293452083698,"backtest_start":"2025-06-23 02:10:00","backtest_start_ts":1750644600000,"backtest_end":"2025-06-30 18:12:00","backtest_end_ts":1751307120000,"backtest_days":7,"backtest_run_start_ts":1751308545,"backtest_run_end_ts":1751308546,"trades_per_day":7.71,"market_change":0.09074322622410264,"pairlist":["BTC/USDT","ETH/USDT"],"stake_amount":10,"stake_currency":"USDT","stake_currency_decimals":3,"starting_balance":1000,"dry_run_wallet":1000,"final_balance":999.36682881,"rejected_signals":0,"timedout_entry_orders":0,"timedout_exit_orders":0,"canceled_trade_entries":0,"canceled_entry_orders":0,"replaced_entry_orders":0,"max_open_trades":-1,"max_open_trades_setting":-1,"timeframe":"1m","timeframe_detail":"","timerange":"","enable_protections":false,"strategy_name":"ichiV1","stoploss":-0.217,"trailing_stop":false,"trailing_stop_positive":null,"trailing_stop_positive_offset":0.0,"trailing_only_offset_is_reached":false,"use_custom_stoploss":false,"minimal_roi":{"0":0.061,"3":0.023,"6":0.008,"19":0.0},"use_exit_signal":true,"exit_profit_only":false,"exit_profit_offset":0.0,"ignore_roi_if_entry_signal":false,"trading_mode":"spot","margin_mode":"","periodic_breakdown":{"day":[{"date":"23/06/2025","date_ts":1750636800000,"profit_abs":-0.00078835,"wins":2,"draws":0,"losses":4,"trades":6,"profit_factor":0.9924343},{"date":"24/06/2025","date_ts":1750723200000,"profit_abs":-0.09647546,"wins":3,"draws":2,"losses":5,"trades":10,"profit_factor":0.50014215},{"date":"25/06/2025","date_ts":1750809600000,"profit_abs":-0.21396567,"wins":0,"draws":0,"losses":6,"trades":6,"profit_factor":0.0},{"date":"26/06/2025","date_ts":1750896000000,"profit_abs":-0.02638627,"wins":1,"draws":2,"losses":6,"trades":9,"profit_factor":0.77108365},{"date":"27/06/2025","date_ts":1750982400000,"profit_abs":-0.08619623,"wins":0,"draws":2,"losses":4,"trades":6,"profit_factor":0.0},{"date":"28/06/2025","date_ts":1751068800000,"profit_abs":-0.07385264,"wins":1,"draws":0,"losses":4,"trades":5,"profit_factor":0.01327139},{"date":"29/06/2025","date_ts":1751155200000,"profit_abs":-0.08468624,"wins":3,"draws":1,"losses":5,"trades":9,"profit_factor":0.32714524},{"date":"30/06/2025","date_ts":1751241600000,"profit_abs":-0.05082033,"wins":0,"draws":1,"losses":2,"trades":3,"profit_factor":0.0}],"week":[{"date":"23/06/2025","date_ts":1750636800000,"profit_abs":-0.00078835,"wins":2,"draws":0,"losses":4,"trades":6,"profit_factor":0.9924343},{"date":"30/06/2025","date_ts":1751241600000,"profit_abs":-0.63238284,"wins":8,"draws":8,"losses":32,"trades":48,"profit_factor":0.26463782}],"month":[{"date":"30/06/2025","date_ts":1751241600000,"profit_abs":-0.63317119,"wins":10,"draws":8,"losses":36,"trades":54,"profit_factor":0.34329345}],"year":[{"date":"31/12/2025","date_ts":1767139200000,"profit_abs":-0.63317119,"wins":10,"draws":8,"losses":36,"trades":54,"profit_factor":0.34329345}]},"backtest_best_day":-0.0006692889404764646,"backtest_worst_day":-0.02173296211171392,"backtest_best_day_abs":-0.00078835,"backtest_worst_day_abs":-0.21396567,"winning_days":0,"draw_days":0,"losing_days":8,"daily_profit":[["2025-06-23",-0.00078835],["2025-06-24",-0.09647546],["2025-06-25",-0.21396567],["2025-06-26",-0.02638627],["2025-06-27",-0.08619623],["2025-06-28",-0.07385264],["2025-06-29",-0.08468624],["2025-06-30",-0.05082033]],"wins":10,"losses":36,"draws":8,"winrate":0.18518518518518517,"holding_avg":"0:16:00","holding_avg_s":960.0,"winner_holding_avg":"0:16:00","winner_holding_avg_s":960.0,"loser_holding_avg":"0:14:00","loser_holding_avg_s":840.0,"max_consecutive_wins":2,"max_consecutive_losses":15,"max_drawdown_account":0.0006802547993461765,"max_relative_drawdown":0.0006802547993461765,"max_drawdown_abs":0.6802868500000001,"drawdown_start":"2025-06-23 18:09:00","drawdown_start_ts":1750702140000.0,"drawdown_end":"2025-06-30 04:11:00","drawdown_end_ts":1751256660000.0,"max_drawdown_low":-0.6331711900000001,"max_drawdown_high":0.047115660000000004,"csum_min":999.36682881,"csum_max":1000.04711566}},"strategy_comparison":[{"key":"ichiV1","trades":54,"profit_mean":-0.0012150950779630711,"profit_mean_pct":-0.12,"profit_sum":-0.06561513421000584,"profit_sum_pct":-6.56,"profit_total_abs":-0.6331711900000001,"profit_total":-0.0006331711900000001,"profit_total_pct":-0.06,"duration_avg":"0:16:00","wins":10,"draws":8,"losses":36,"winrate":0.18518518518518517,"max_drawdown_account":0.0006802547993461765,"max_drawdown_abs":"0.68"}]}