{"strategy":{"FixedRiskRewardLossV2":{"trades":[{"pair":"BTC/USDT","stake_amount":329.65118,"max_stake_amount":329.65118,"amount":0.00575,"open_date":"2024-05-01 09:05:00+00:00","close_date":"2024-05-01 10:10:00+00:00","open_rate":57330.64,"close_rate":56892.22,"fee_open":0.001,"fee_close":0.001,"trade_duration":65,"profit_ratio":-0.009629942529196826,"profit_abs":-3.17769644,"exit_reason":"trailing_stop_loss","initial_stop_loss_abs":5733.07,"initial_stop_loss_ratio":-0.9,"stop_loss_abs":56892.22,"stop_loss_ratio":-0.0132017908723423,"min_rate":56888.0,"max_rate":57653.34,"is_open":false,"enter_tag":"","leverage":1.0,"is_short":false,"open_timestamp":1714554300000,"close_timestamp":1714558200000,"orders":[{"amount":0.00575,"safe_price":57330.64,"ft_order_side":"buy","order_filled_timestamp":1714554300000,"ft_is_entry":true,"ft_order_tag":"","cost":329.98083118},{"amount":0.00575,"safe_price":56892.22,"ft_order_side":"sell","order_filled_timestamp":1714558200000,"ft_is_entry":false,"ft_order_tag":"trailing_stop_loss","cost":327.45739526499995}],"funding_fees":0.0},{"pair":"BTC/USDT","stake_amount":328.920748,"max_stake_amount":328.920748,"amount":0.0052,"open_date":"2024-05-05 03:05:00+00:00","close_date":"2024-05-05 15:30:00+00:00","open_rate":63253.99,"close_rate":64250.09,"fee_open":0.001,"fee_close":0.001,"trade_duration":745,"profit_ratio":0.013718157400659303,"profit_abs":4.51669878,"exit_reason":"trailing_stop_loss","initial_stop_loss_abs":6325.4,"initial_stop_loss_ratio":-0.9,"stop_loss_abs":64250.09,"stop_loss_ratio":-0.003241397811006075,"min_rate":63001.0,"max_rate":64459.02,"is_open":false,"enter_tag":"","leverage":1.0,"is_short":false,"open_timestamp":1714878300000,"close_timestamp":1714923000000,"orders":[{"amount":0.0052,"safe_price":63253.99,"ft_order_side":"buy","order_filled_timestamp":1714878300000,"ft_is_entry":true,"ft_order_tag":"","cost":329.2496687479999},{"amount":0.0052,"safe_price":64250.09,"ft_order_side":"sell","order_filled_timestamp":1714923000000,"ft_is_entry":false,"ft_order_tag":"trailing_stop_loss","cost":334.43456846799995}],"funding_fees":0.0},{"pair":"BTC/USDT","stake_amount":330.1894652,"max_stake_amount":330.1894652,"amount":0.00518,"open_date":"2024-05-05 21:40:00+00:00","close_date":"2024-05-06 01:30:00+00:00","open_rate":63743.14,"close_rate":64242.09,"fee_open":0.001,"fee_close":0.001,"trade_duration":230,"profit_ratio":0.005813867595700119,"profit_abs":1.92159751,"exit_reason":"trailing_stop_loss","initial_stop_loss_abs":6374.32,"initial_stop_loss_ratio":-0.9,"stop_loss_abs":64242.09,"stop_loss_ratio":-0.002639223829302928,"min_rate":63680.82,"max_rate":64465.0,"is_open":false,"enter_tag":"","leverage":1.0,"is_short":false,"open_timestamp":1714945200000,"close_timestamp":1714959000000,"orders":[{"amount":0.00518,"safe_price":63743.14,"ft_order_side":"buy","order_filled_timestamp":1714945200000,"ft_is_entry":true,"ft_order_tag":"","cost":330.51965466519994},{"amount":0.00518,"safe_price":64242.09,"ft_order_side":"sell","order_filled_timestamp":1714959000000,"ft_is_entry":false,"ft_order_tag":"trailing_stop_loss","cost":333.10680022619994}],"funding_fees":0.0},{"pair":"BTC/USDT","stake_amount":330.5482421,"max_stake_amount":330.5482421,"amount":0.00529,"open_date":"2024-05-08 00:35:00+00:00","close_date":"2024-05-08 03:20:00+00:00","open_rate":62485.49,"close_rate":62610.47,"fee_open":0.001,"fee_close":0.001,"trade_duration":165,"profit_ratio":-1.85394173910563e-06,"profit_abs":-0.00061343,"exit_reason":"trailing_stop_loss","initial_stop_loss_abs":6248.55,"initial_stop_loss_ratio":-0.9,"stop_loss_abs":62610.47,"stop_loss_ratio":-0.002919064250970438,"min_rate":62360.97,"max_rate":62849.03,"is_open":false,"enter_tag":"","leverage":1.0,"is_short":false,"open_timestamp":1715128500000,"close_timestamp":1715138400000,"orders":[{"amount":0.00529,"safe_price":62485.49,"ft_order_side":"buy","order_filled_timestamp":1715128500000,"ft_is_entry":true,"ft_order_tag":"","cost":330.8787903421},{"amount":0.00529,"safe_price":62610.47,"ft_order_side":"sell","order_filled_timestamp":1715138400000,"ft_is_entry":false,"ft_order_tag":"trailing_stop_loss","cost":331.5405956863}],"funding_fees":0.0},{"pair":"ETH/USDT","stake_amount":331.004392,"max_stake_amount":331.004392,"amount":0.1097,"open_date":"2024-05-08 00:35:00+00:00","close_date":"2024-05-08 04:30:00+00:00","open_rate":3017.36,"close_rate":3023.4,"fee_open":0.001,"fee_close":0.001,"trade_duration":235,"profit_ratio":-2.5161815160057843e-07,"profit_abs":-8.337e-05,"exit_reason":"trailing_stop_loss","initial_stop_loss_abs":301.74,"initial_stop_loss_ratio":-0.9,"stop_loss_abs":3023.4,"stop_loss_ratio":-0.004479841949292296,"min_rate":3008.02,"max_rate":3038.15,"is_open":false,"enter_tag":"","leverage":1.0,"is_short":false,"open_timestamp":1715128500000,"close_timestamp":1715142600000,"orders":[{"amount":0.1097,"safe_price":3017.36,"ft_order_side":"buy","order_filled_timestamp":1715128500000,"ft_is_entry":true,"ft_order_tag":"","cost":331.335396392},{"amount":0.1097,"safe_price":3023.4,"ft_order_side":"sell","order_filled_timestamp":1715142600000,"ft_is_entry":false,"ft_order_tag":"trailing_stop_loss","cost":331.99864698}],"funding_fees":0.0},{"pair":"BTC/USDT","stake_amount":330.8967531,"max_stake_amount":330.8967531,"amount":0.00541,"open_date":"2024-05-10 16:20:00+00:00","close_date":"2024-05-10 17:15:00+00:00","open_rate":61163.91,"close_rate":60565.6,"fee_open":0.001,"fee_close":0.001,"trade_duration":55,"profit_ratio":-0.011760533130998039,"profit_abs":-3.89541375,"exit_reason":"trailing_stop_loss","initial_stop_loss_abs":6116.4,"initial_stop_loss_ratio":-0.9,"stop_loss_abs":60565.6,"stop_loss_ratio":-0.01056372207288836,"min_rate":60337.14,"max_rate":61212.22,"is_open":false,"enter_tag":"","leverage":1.0,"is_short":false,"open_timestamp":1715358000000,"close_timestamp":1715361300000,"orders":[{"amount":0.00541,"safe_price":61163.91,"ft_order_side":"buy","order_filled_timestamp":1715358000000,"ft_is_entry":true,"ft_order_tag":"","cost":331.2276498531},{"amount":0.00541,"safe_price":60565.6,"ft_order_side":"sell","order_filled_timestamp":1715361300000,"ft_is_entry":false,"ft_order_tag":"trailing_stop_loss","cost":327.98755589599995}],"funding_fees":0.0},{"pair":"ETH/USDT","stake_amount":329.64932,"max_stake_amount":329.64932,"amount":0.1144,"open_date":"2024-05-13 04:50:00+00:00","close_date":"2024-05-13 05:45:00+00:00","open_rate":2881.55,"close_rate":2871.65,"fee_open":0.001,"fee_close":0.001,"trade_duration":55,"profit_ratio":-0.005426788512280695,"profit_abs":-1.79072608,"exit_reason":"trailing_stop_loss","initial_stop_loss_abs":288.16,"initial_stop_loss_ratio":-0.9,"stop_loss_abs":2871.65,"stop_loss_ratio":-0.004521010550656013,"min_rate":2870.37,"max_rate":2894.25,"is_open":false,"enter_tag":"","leverage":1.0,"is_short":false,"open_timestamp":1715575800000,"close_timestamp":1715579100000,"orders":[{"amount":0.1144,"safe_price":2881.55,"ft_order_side":"buy","order_filled_timestamp":1715575800000,"ft_is_entry":true,"ft_order_tag":"","cost":329.97896932000003},{"amount":0.1144,"safe_price":2871.65,"ft_order_side":"sell","order_filled_timestamp":1715579100000,"ft_is_entry":false,"ft_order_tag":"trailing_stop_loss","cost":328.84527676}],"funding_fees":0.0},{"pair":"BTC/USDT","stake_amount":328.9014531,"max_stake_amount":328.9014531,"amount":0.00531,"open_date":"2024-05-14 07:50:00+00:00","close_date":"2024-05-14 08:35:00+00:00","open_rate":61940.01,"close_rate":61752.62,"fee_open":0.001,"fee_close":0.001,"trade_duration":45,"profit_ratio":-0.005017303985357708,"profit_abs":-1.65184877,"exit_reason":"trailing_stop_loss","initial_stop_loss_abs":6194.01,"initial_stop_loss_ratio":-0.9,"stop_loss_abs":61752.62,"stop_loss_ratio":-0.004982323683345391,"min_rate":61709.13,"max_rate":62061.83,"is_open":false,"enter_tag":"","leverage":1.0,"is_short":false,"open_timestamp":1715673000000,"close_timestamp":1715675700000,"orders":[{"amount":0.00531,"safe_price":61940.01,"ft_order_side":"buy","order_filled_timestamp":1715673000000,"ft_is_entry":true,"ft_order_tag":"","cost":329.2303545530999},{"amount":0.00531,"safe_price":61752.62,"ft_order_side":"sell","order_filled_timestamp":1715675700000,"ft_is_entry":false,"ft_order_tag":"trailing_stop_loss","cost":328.23431861219996}],"funding_fees":0.0},{"pair":"ETH/USDT","stake_amount":328.43382,"max_stake_amount":328.43382,"amount":0.1111,"open_date":"2024-05-16 15:50:00+00:00","close_date":"2024-05-16 17:20:00+00:00","open_rate":2956.2,"close_rate":2941.87,"fee_open":0.001,"fee_close":0.001,"trade_duration":90,"profit_ratio":-0.006835756093917144,"profit_abs":-2.24733858,"exit_reason":"trailing_stop_loss","initial_stop_loss_abs":295.62,"initial_stop_loss_ratio":-0.9,"stop_loss_abs":2941.87,"stop_loss_ratio":-0.006696768361191707,"min_rate":2937.22,"max_rate":2961.7,"is_open":false,"enter_tag":"","leverage":1.0,"is_short":false,"open_timestamp":1715874600000,"close_timestamp":1715880000000,"orders":[{"amount":0.1111,"safe_price":2956.2,"ft_order_side":"buy","order_filled_timestamp":1715874600000,"ft_is_entry":true,"ft_order_tag":"","cost":328.76225381999996},{"amount":0.1111,"safe_price":2941.87,"ft_order_side":"sell","order_filled_timestamp":1715880000000,"ft_is_entry":false,"ft_order_tag":"trailing_stop_loss","cost":327.1685987569999}],"funding_fees":0.0},{"pair":"ETH/USDT","stake_amount":327.843936,"max_stake_amount":327.843936,"amount":0.1064,"open_date":"2024-05-17 19:20:00+00:00","close_date":"2024-05-18 01:20:00+00:00","open_rate":3081.24,"close_rate":3087.41,"fee_open":0.001,"fee_close":0.001,"trade_duration":360,"profit_ratio":4.3769759858087934e-07,"profit_abs":0.00014364,"exit_reason":"trailing_stop_loss","initial_stop_loss_abs":308.13,"initial_stop_loss_ratio":-0.9,"stop_loss_abs":3087.41,"stop_loss_ratio":-0.0036683974609282854,"min_rate":3080.0,"max_rate":3099.0,"is_open":false,"enter_tag":"","leverage":1.0,"is_short":false,"open_timestamp":1715973600000,"close_timestamp":1715995200000,"orders":[{"amount":0.1064,"safe_price":3081.24,"ft_order_side":"buy","order_filled_timestamp":1715973600000,"ft_is_entry":true,"ft_order_tag":"","cost":328.17177993599995},{"amount":0.1064,"safe_price":3087.41,"ft_order_side":"sell","order_filled_timestamp":1715995200000,"ft_is_entry":false,"ft_order_tag":"trailing_stop_loss","cost":328.8289244239999}],"funding_fees":0.0},{"pair":"BTC/USDT","stake_amount":327.3325016,"max_stake_amount":327.3325016,"amount":0.00494,"open_date":"2024-05-19 20:35:00+00:00","close_date":"2024-05-20 06:55:00+00:00","open_rate":66261.64,"close_rate":66394.17,"fee_open":0.001,"fee_close":0.001,"trade_duration":620,"profit_ratio":-1.8967842112966667e-06,"profit_abs":-0.0006215,"exit_reason":"trailing_stop_loss","initial_stop_loss_abs":6626.17,"initial_stop_loss_ratio":-0.9,"stop_loss_abs":66394.17,"stop_loss_ratio":-0.004432713978064107,"min_rate":66000.0,"max_rate":67295.99,"is_open":false,"enter_tag":"","leverage":1.0,"is_short":false,"open_timestamp":1716150900000,"close_timestamp":1716188100000,"orders":[{"amount":0.00494,"safe_price":66261.64,"ft_order_side":"buy","order_filled_timestamp":1716150900000,"ft_is_entry":true,"ft_order_tag":"","cost":327.6598341016},{"amount":0.00494,"safe_price":66394.17,"ft_order_side":"sell","order_filled_timestamp":1716188100000,"ft_is_entry":false,"ft_order_tag":"trailing_stop_loss","cost":328.31518699979995}],"funding_fees":0.0},{"pair":"BTC/USDT","stake_amount":327.6974597,"max_stake_amount":327.6974597,"amount":0.00481,"open_date":"2024-05-23 15:15:00+00:00","close_date":"2024-05-23 17:55:00+00:00","open_rate":68128.37,"close_rate":67627.97,"fee_open":0.001,"fee_close":0.001,"trade_duration":160,"profit_ratio":-0.009328284533098398,"profit_abs":-3.059912,"exit_reason":"trailing_stop_loss","initial_stop_loss_abs":6812.84,"initial_stop_loss_ratio":-0.9,"stop_loss_abs":67627.97,"stop_loss_ratio":-0.008096598948034162,"min_rate":67618.98,"max_rate":68313.79,"is_open":false,"enter_tag":"","leverage":1.0,"is_short":false,"open_timestamp":1716477300000,"close_timestamp":1716486900000,"orders":[{"amount":0.00481,"safe_price":68128.37,"ft_order_side":"buy","order_filled_timestamp":1716477300000,"ft_is_entry":true,"ft_order_tag":"","cost":328.0251571596999},{"amount":0.00481,"safe_price":67627.97,"ft_order_side":"sell","order_filled_timestamp":1716486900000,"ft_is_entry":false,"ft_order_tag":"trailing_stop_loss","cost":325.6158262357}],"funding_fees":0.0},{"pair":"BTC/USDT","stake_amount":326.502,"max_stake_amount":326.502,"amount":0.00485,"open_date":"2024-05-23 19:25:00+00:00","close_date":"2024-05-23 19:45:00+00:00","open_rate":67320.0,"close_rate":67454.64,"fee_open":0.001,"fee_close":0.001,"trade_duration":20,"profit_ratio":-1.997989759167332e-06,"profit_abs":-0.000653,"exit_reason":"trailing_stop_loss","initial_stop_loss_abs":6732.0,"initial_stop_loss_ratio":-0.9,"stop_loss_abs":67454.64,"stop_loss_ratio":-0.003477027625942042,"min_rate":67294.37,"max_rate":67690.0,"is_open":false,"enter_tag":"","leverage":1.0,"is_short":false,"open_timestamp":1716492300000,"close_timestamp":1716493500000,"orders":[{"amount":0.00485,"safe_price":67320.0,"ft_order_side":"buy","order_filled_timestamp":1716492300000,"ft_is_entry":true,"ft_order_tag":"","cost":326.82850199999996},{"amount":0.00485,"safe_price":67454.64,"ft_order_side":"sell","order_filled_timestamp":1716493500000,"ft_is_entry":false,"ft_order_tag":"trailing_stop_loss","cost":327.482159004}],"funding_fees":0.0},{"pair":"ETH/USDT","stake_amount":326.874933,"max_stake_amount":326.874933,"amount":0.0891,"open_date":"2024-05-24 08:40:00+00:00","close_date":"2024-05-24 14:00:00+00:00","open_rate":3668.63,"close_rate":3675.97,"fee_open":0.001,"fee_close":0.001,"trade_duration":320,"profit_ratio":-1.252621440539001e-06,"profit_abs":-0.00040986,"exit_reason":"trailing_stop_loss","initial_stop_loss_abs":366.87,"initial_stop_loss_ratio":-0.9,"stop_loss_abs":3675.97,"stop_loss_ratio":-0.010048458505687918,"min_rate":3645.04,"max_rate":3726.0,"is_open":false,"enter_tag":"","leverage":1.0,"is_short":false,"open_timestamp":1716540000000,"close_timestamp":1716559200000,"orders":[{"amount":0.0891,"safe_price":3668.63,"ft_order_side":"buy","order_filled_timestamp":1716540000000,"ft_is_entry":true,"ft_order_tag":"","cost":327.20180793299994},{"amount":0.0891,"safe_price":3675.97,"ft_order_side":"sell","order_filled_timestamp":1716559200000,"ft_is_entry":false,"ft_order_tag":"trailing_stop_loss","cost":327.8564559269999}],"funding_fees":0.0},{"pair":"BTC/USDT","stake_amount":326.340231,"max_stake_amount":326.340231,"amount":0.00474,"open_date":"2024-05-26 17:35:00+00:00","close_date":"2024-05-26 17:55:00+00:00","open_rate":68848.15,"close_rate":68745.52,"fee_open":0.001,"fee_close":0.001,"trade_duration":20,"profit_ratio":-0.003485695508141861,"profit_abs":-1.1386602,"exit_reason":"trailing_stop_loss","initial_stop_loss_abs":6884.82,"initial_stop_loss_ratio":-0.9,"stop_loss_abs":68745.52,"stop_loss_ratio":-0.002015558394495187,"min_rate":68731.36,"max_rate":68884.36,"is_open":false,"enter_tag":"","leverage":1.0,"is_short":false,"open_timestamp":1716744900000,"close_timestamp":1716746100000,"orders":[{"amount":0.00474,"safe_price":68848.15,"ft_order_side":"buy","order_filled_timestamp":1716744900000,"ft_is_entry":true,"ft_order_tag":"","cost":326.666571231},{"amount":0.00474,"safe_price":68745.52,"ft_order_side":"sell","order_filled_timestamp":1716746100000,"ft_is_entry":false,"ft_order_tag":"trailing_stop_loss","cost":326.17961856479997}],"funding_fees":0.0},{"pair":"BTC/USDT","stake_amount":326.2923144,"max_stake_amount":326.2923144,"amount":0.00481,"open_date":"2024-05-28 05:35:00+00:00","close_date":"2024-05-28 08:00:00+00:00","open_rate":67836.24,"close_rate":67627.77,"fee_open":0.001,"fee_close":0.001,"trade_duration":145,"profit_ratio":-0.005064998000700442,"profit_abs":-1.65432259,"exit_reason":"trailing_stop_loss","initial_stop_loss_abs":6783.63,"initial_stop_loss_ratio":-0.9,"stop_loss_abs":67627.77,"stop_loss_ratio":-0.00434736881524056,"min_rate":67582.13,"max_rate":68093.49,"is_open":false,"enter_tag":"","leverage":1.0,"is_short":false,"open_timestamp":1716874500000,"close_timestamp":1716883200000,"orders":[{"amount":0.00481,"safe_price":67836.24,"ft_order_side":"buy","order_filled_timestamp":1716874500000,"ft_is_entry":true,"ft_order_tag":"","cost":326.61860671439996},{"amount":0.00481,"safe_price":67627.77,"ft_order_side":"sell","order_filled_timestamp":1716883200000,"ft_is_entry":false,"ft_order_tag":"trailing_stop_loss","cost":325.6148632737}],"funding_fees":0.0},{"pair":"BTC/USDT","stake_amount":325.72848,"max_stake_amount":325.72848,"amount":0.0048,"open_date":"2024-05-29 09:45:00+00:00","close_date":"2024-05-29 12:30:00+00:00","open_rate":67860.1,"close_rate":67710.43,"fee_open":0.001,"fee_close":0.001,"trade_duration":165,"profit_ratio":-0.004199162299982959,"profit_abs":-1.36915454,"exit_reason":"trailing_stop_loss","initial_stop_loss_abs":6786.01,"initial_stop_loss_ratio":-0.9,"stop_loss_abs":67710.43,"stop_loss_ratio":-0.0034378013817820685,"min_rate":67669.93,"max_rate":68024.0,"is_open":false,"enter_tag":"","leverage":1.0,"is_short":false,"open_timestamp":1716975900000,"close_timestamp":1716985800000,"orders":[{"amount":0.0048,"safe_price":67860.1,"ft_order_side":"buy","order_filled_timestamp":1716975900000,"ft_is_entry":true,"ft_order_tag":"","cost":326.05420847999994},{"amount":0.0048,"safe_price":67710.43,"ft_order_side":"sell","order_filled_timestamp":1716985800000,"ft_is_entry":false,"ft_order_tag":"trailing_stop_loss","cost":325.3350740639999}],"funding_fees":0.0},{"pair":"ETH/USDT","stake_amount":325.422251,"max_stake_amount":325.422251,"amount":0.0869,"open_date":"2024-05-30 21:30:00+00:00","close_date":"2024-05-31 01:15:00+00:00","open_rate":3744.79,"close_rate":3752.28,"fee_open":0.001,"fee_close":0.001,"trade_duration":225,"profit_ratio":-1.886061054154019e-06,"profit_abs":-0.00061438,"exit_reason":"trailing_stop_loss","initial_stop_loss_abs":374.48,"initial_stop_loss_ratio":-0.9,"stop_loss_abs":3752.28,"stop_loss_ratio":-0.003735823808196481,"min_rate":3743.95,"max_rate":3766.35,"is_open":false,"enter_tag":"","leverage":1.0,"is_short":false,"open_timestamp":1717104600000,"close_timestamp":1717118100000,"orders":[{"amount":0.0869,"safe_price":3744.79,"ft_order_side":"buy","order_filled_timestamp":1717104600000,"ft_is_entry":true,"ft_order_tag":"","cost":325.747673251},{"amount":0.0869,"safe_price":3752.28,"ft_order_side":"sell","order_filled_timestamp":1717118100000,"ft_is_entry":false,"ft_order_tag":"trailing_stop_loss","cost":326.399205132}],"funding_fees":0.0},{"pair":"BTC/USDT","stake_amount":325.1470475,"max_stake_amount":325.1470475,"amount":0.00475,"open_date":"2024-05-30 21:35:00+00:00","close_date":"2024-05-31 07:40:00+00:00","open_rate":68452.01,"close_rate":68211.32,"fee_open":0.001,"fee_close":0.001,"trade_duration":605,"profit_ratio":-0.005507162670199803,"profit_abs":-1.79242832,"exit_reason":"trailing_stop_loss","initial_stop_loss_abs":6845.21,"initial_stop_loss_ratio":-0.9,"stop_loss_abs":68211.32,"stop_loss_ratio":-0.0043197172257627425,"min_rate":68170.0,"max_rate":68729.73,"is_open":false,"enter_tag":"","leverage":1.0,"is_short":false,"open_timestamp":1717104900000,"close_timestamp":1717141200000,"orders":[{"amount":0.00475,"safe_price":68452.01,"ft_order_side":"buy","order_filled_timestamp":1717104900000,"ft_is_entry":true,"ft_order_tag":"","cost":325.47219454749995},{"amount":0.00475,"safe_price":68211.32,"ft_order_side":"sell","order_filled_timestamp":1717141200000,"ft_is_entry":false,"ft_order_tag":"trailing_stop_loss","cost":324.32777377}],"funding_fees":0.0},{"pair":"ETH/USDT","stake_amount":324.616572,"max_stake_amount":324.616572,"amount":0.0882,"open_date":"2024-06-07 19:25:00+00:00","close_date":"2024-06-09 13:20:00+00:00","open_rate":3680.46,"close_rate":3687.83,"fee_open":0.001,"fee_close":0.001,"trade_duration":2515,"profit_ratio":4.6414552941964613e-07,"profit_abs":0.00015082,"exit_reason":"trailing_stop_loss","initial_stop_loss_abs":368.05,"initial_stop_loss_ratio":-0.9,"stop_loss_abs":3687.83,"stop_loss_ratio":-0.0066475636363638735,"min_rate":3660.08,"max_rate":3712.5,"is_open":false,"enter_tag":"","leverage":1.0,"is_short":false,"open_timestamp":1717788300000,"close_timestamp":1717939200000,"orders":[{"amount":0.0882,"safe_price":3680.46,"ft_order_side":"buy","order_filled_timestamp":1717788300000,"ft_is_entry":true,"ft_order_tag":"","cost":324.941188572},{"amount":0.0882,"safe_price":3687.83,"ft_order_side":"sell","order_filled_timestamp":1717939200000,"ft_is_entry":false,"ft_order_tag":"trailing_stop_loss","cost":325.5918726059999}],"funding_fees":0.0},{"pair":"BTC/USDT","stake_amount":324.5412933,"max_stake_amount":324.5412933,"amount":0.00469,"open_date":"2024-06-07 19:30:00+00:00","close_date":"2024-06-09 13:30:00+00:00","open_rate":69198.57,"close_rate":69336.97,"fee_open":0.001,"fee_close":0.001,"trade_duration":2520,"profit_ratio":-1.956746238938326e-06,"profit_abs":-0.00063568,"exit_reason":"trailing_stop_loss","initial_stop_loss_abs":6919.86,"initial_stop_loss_ratio":-0.9,"stop_loss_abs":69336.97,"stop_loss_ratio":-0.006064117832568883,"min_rate":68978.52,"max_rate":69777.0,"is_open":false,"enter_tag":"","leverage":1.0,"is_short":false,"open_timestamp":1717788600000,"close_timestamp":1717939800000,"orders":[{"amount":0.00469,"safe_price":69198.57,"ft_order_side":"buy","order_filled_timestamp":1717788600000,"ft_is_entry":true,"ft_order_tag":"","cost":324.86583459329995},{"amount":0.00469,"safe_price":69336.97,"ft_order_side":"sell","order_filled_timestamp":1717939800000,"ft_is_entry":false,"ft_order_tag":"trailing_stop_loss","cost":325.51557968929995}],"funding_fees":0.0},{"pair":"ETH/USDT","stake_amount":324.8091,"max_stake_amount":324.8091,"amount":0.09,"open_date":"2024-06-11 03:30:00+00:00","close_date":"2024-06-11 04:05:00+00:00","open_rate":3608.99,"close_rate":3578.55,"fee_open":0.001,"fee_close":0.001,"trade_duration":35,"profit_ratio":-0.010415642617449771,"profit_abs":-3.3864786,"exit_reason":"trailing_stop_loss","initial_stop_loss_abs":360.9,"initial_stop_loss_ratio":-0.9,"stop_loss_abs":3578.55,"stop_loss_ratio":-0.008494781657050976,"min_rate":3569.8,"max_rate":3609.2,"is_open":false,"enter_tag":"","leverage":1.0,"is_short":false,"open_timestamp":1718076600000,"close_timestamp":1718078700000,"orders":[{"amount":0.09,"safe_price":3608.99,"ft_order_side":"buy","order_filled_timestamp":1718076600000,"ft_is_entry":true,"ft_order_tag":"","cost":325.1339090999999},{"amount":0.09,"safe_price":3578.55,"ft_order_side":"sell","order_filled_timestamp":1718078700000,"ft_is_entry":false,"ft_order_tag":"trailing_stop_loss","cost":322.39156949999995}],"funding_fees":0.0},{"pair":"ETH/USDT","stake_amount":323.748531,"max_stake_amount":323.748531,"amount":0.0909,"open_date":"2024-06-11 06:00:00+00:00","close_date":"2024-06-11 06:30:00+00:00","open_rate":3561.59,"close_rate":3549.06,"fee_open":0.001,"fee_close":0.001,"trade_duration":30,"profit_ratio":-0.005509064467296466,"profit_abs":-1.78533508,"exit_reason":"trailing_stop_loss","initial_stop_loss_abs":356.16,"initial_stop_loss_ratio":-0.9,"stop_loss_abs":3549.06,"stop_loss_ratio":-0.005037637507993242,"min_rate":3549.0,"max_rate":3570.01,"is_open":false,"enter_tag":"","leverage":1.0,"is_short":false,"open_timestamp":1718085600000,"close_timestamp":1718087400000,"orders":[{"amount":0.0909,"safe_price":3561.59,"ft_order_side":"buy","order_filled_timestamp":1718085600000,"ft_is_entry":true,"ft_order_tag":"","cost":324.072279531},{"amount":0.0909,"safe_price":3549.06,"ft_order_side":"sell","order_filled_timestamp":1718087400000,"ft_is_entry":false,"ft_order_tag":"trailing_stop_loss","cost":322.93216355399994}],"funding_fees":0.0},{"pair":"ETH/USDT","stake_amount":322.976266,"max_stake_amount":322.976266,"amount":0.0934,"open_date":"2024-06-13 17:35:00+00:00","close_date":"2024-06-13 21:20:00+00:00","open_rate":3457.99,"close_rate":3464.91,"fee_open":0.001,"fee_close":0.001,"trade_duration":225,"profit_ratio":-8.377996746962533e-07,"profit_abs":-0.00027086,"exit_reason":"trailing_stop_loss","initial_stop_loss_abs":345.8,"initial_stop_loss_ratio":-0.9,"stop_loss_abs":3464.91,"stop_loss_ratio":-0.004148493679836163,"min_rate":3456.02,"max_rate":3491.55,"is_open":false,"enter_tag":"","leverage":1.0,"is_short":false,"open_timestamp":1718300100000,"close_timestamp":1718313600000,"orders":[{"amount":0.0934,"safe_price":3457.99,"ft_order_side":"buy","order_filled_timestamp":1718300100000,"ft_is_entry":true,"ft_order_tag":"","cost":323.2992422659999},{"amount":0.0934,"safe_price":3464.91,"ft_order_side":"sell","order_filled_timestamp":1718313600000,"ft_is_entry":false,"ft_order_tag":"trailing_stop_loss","cost":323.94621659399996}],"funding_fees":0.0},{"pair":"BTC/USDT","stake_amount":322.7684328,"max_stake_amount":322.7684328,"amount":0.00492,"open_date":"2024-06-14 17:35:00+00:00","close_date":"2024-06-14 18:00:00+00:00","open_rate":65603.34,"close_rate":65325.92,"fee_open":0.001,"fee_close":0.001,"trade_duration":25,"profit_ratio":-0.006218301062777564,"profit_abs":-2.00907836,"exit_reason":"trailing_stop_loss","initial_stop_loss_abs":6560.34,"initial_stop_loss_ratio":-0.9,"stop_loss_abs":65325.92,"stop_loss_ratio":-0.005888199307761632,"min_rate":65325.3,"max_rate":65753.23,"is_open":false,"enter_tag":"","leverage":1.0,"is_short":false,"open_timestamp":1718386500000,"close_timestamp":1718388000000,"orders":[{"amount":0.00492,"safe_price":65603.34,"ft_order_side":"buy","order_filled_timestamp":1718386500000,"ft_is_entry":true,"ft_order_tag":"","cost":323.09120123279996},{"amount":0.00492,"safe_price":65325.92,"ft_order_side":"sell","order_filled_timestamp":1718388000000,"ft_is_entry":false,"ft_order_tag":"trailing_stop_loss","cost":321.72492992639997}],"funding_fees":0.0},{"pair":"ETH/USDT","stake_amount":323.025488,"max_stake_amount":323.025488,"amount":0.0947,"open_date":"2024-06-14 17:40:00+00:00","close_date":"2024-06-14 18:05:00+00:00","open_rate":3411.04,"close_rate":3377.14,"fee_open":0.001,"fee_close":0.001,"trade_duration":25,"profit_ratio":-0.01191646316364772,"profit_abs":-3.85317065,"exit_reason":"trailing_stop_loss","initial_stop_loss_abs":341.11,"initial_stop_loss_ratio":-0.9,"stop_loss_abs":3377.14,"stop_loss_ratio":-0.01032596772047445,"min_rate":3366.08,"max_rate":3412.37,"is_open":false,"enter_tag":"","leverage":1.0,"is_short":false,"open_timestamp":1718386800000,"close_timestamp":1718388300000,"orders":[{"amount":0.0947,"safe_price":3411.04,"ft_order_side":"buy","order_filled_timestamp":1718386800000,"ft_is_entry":true,"ft_order_tag":"","cost":323.348513488},{"amount":0.0947,"safe_price":3377.14,"ft_order_side":"sell","order_filled_timestamp":1718388300000,"ft_is_entry":false,"ft_order_tag":"trailing_stop_loss","cost":320.134973158}],"funding_fees":0.0},{"pair":"ETH/USDT","stake_amount":321.06568,"max_stake_amount":321.06568,"amount":0.0949,"open_date":"2024-06-14 19:25:00+00:00","close_date":"2024-06-14 19:25:00+00:00","open_rate":3383.2,"close_rate":3382.91,"fee_open":0.001,"fee_close":0.001,"trade_duration":0,"profit_ratio":-0.0020835484008003727,"profit_abs":-0.66962484,"exit_reason":"trailing_stop_loss","initial_stop_loss_abs":338.32,"initial_stop_loss_ratio":-0.9,"stop_loss_abs":3385.3,"stop_loss_ratio":-0.00664269111115845,"min_rate":3382.91,"max_rate":3407.93,"is_open":false,"enter_tag":"","leverage":1.0,"is_short":false,"open_timestamp":1718393100000,"close_timestamp":1718393100000,"orders":[{"amount":0.0949,"safe_price":3383.2,"ft_order_side":"buy","order_filled_timestamp":1718393100000,"ft_is_entry":true,"ft_order_tag":"","cost":321.38674567999993},{"amount":0.0949,"safe_price":3382.91,"ft_order_side":"sell","order_filled_timestamp":1718393100000,"ft_is_entry":false,"ft_order_tag":"trailing_stop_loss","cost":321.35919715899996}],"funding_fees":0.0},{"pair":"BTC/USDT","stake_amount":321.2588941,"max_stake_amount":321.2588941,"amount":0.00491,"open_date":"2024-06-14 18:05:00+00:00","close_date":"2024-06-17 10:25:00+00:00","open_rate":65429.51,"close_rate":65560.37,"fee_open":0.001,"fee_close":0.001,"trade_duration":3860,"profit_ratio":-1.9830514851819852e-06,"profit_abs":-0.00063771,"exit_reason":"trailing_stop_loss","initial_stop_loss_abs":6542.96,"initial_stop_loss_ratio":-0.9,"stop_loss_abs":65560.37,"stop_loss_ratio":-0.010835648763536598,"min_rate":65078.0,"max_rate":66998.7,"is_open":false,"enter_tag":"","leverage":1.0,"is_short":false,"open_timestamp":1718388300000,"close_timestamp":1718619900000,"orders":[{"amount":0.00491,"safe_price":65429.51,"ft_order_side":"buy","order_filled_timestamp":1718388300000,"ft_is_entry":true,"ft_order_tag":"","cost":321.5801529941},{"amount":0.00491,"safe_price":65560.37,"ft_order_side":"sell","order_filled_timestamp":1718619900000,"ft_is_entry":false,"ft_order_tag":"trailing_stop_loss","cost":322.22331811669994}],"funding_fees":0.0},{"pair":"ETH/USDT","stake_amount":320.9453,"max_stake_amount":320.9453,"amount":0.0911,"open_date":"2024-06-20 15:10:00+00:00","close_date":"2024-06-20 15:55:00+00:00","open_rate":3523.0,"close_rate":3508.47,"fee_open":0.001,"fee_close":0.001,"trade_duration":45,"profit_ratio":-0.00611408745467727,"profit_abs":-1.96424992,"exit_reason":"trailing_stop_loss","initial_stop_loss_abs":352.3,"initial_stop_loss_ratio":-0.9,"stop_loss_abs":3508.47,"stop_loss_ratio":-0.0065522092567363854,"min_rate":3506.6,"max_rate":3532.23,"is_open":false,"enter_tag":"","leverage":1.0,"is_short":false,"open_timestamp":1718896200000,"close_timestamp":1718898900000,"orders":[{"amount":0.0911,"safe_price":3523.0,"ft_order_side":"buy","order_filled_timestamp":1718896200000,"ft_is_entry":true,"ft_order_tag":"","cost":321.2662452999999},{"amount":0.0911,"safe_price":3508.47,"ft_order_side":"sell","order_filled_timestamp":1718898900000,"ft_is_entry":false,"ft_order_tag":"trailing_stop_loss","cost":319.9412386169999}],"funding_fees":0.0},{"pair":"ETH/USDT","stake_amount":320.227215,"max_stake_amount":320.227215,"amount":0.0935,"open_date":"2024-06-23 22:50:00+00:00","close_date":"2024-06-24 00:05:00+00:00","open_rate":3424.89,"close_rate":3412.51,"fee_open":0.001,"fee_close":0.001,"trade_duration":75,"profit_ratio":-0.005605494424113416,"profit_abs":-1.7968269,"exit_reason":"trailing_stop_loss","initial_stop_loss_abs":342.49,"initial_stop_loss_ratio":-0.9,"stop_loss_abs":3412.51,"stop_loss_ratio":-0.004313635403491722,"min_rate":3410.0,"max_rate":3429.46,"is_open":false,"enter_tag":"","leverage":1.0,"is_short":false,"open_timestamp":1719183000000,"close_timestamp":1719187500000,"orders":[{"amount":0.0935,"safe_price":3424.89,"ft_order_side":"buy","order_filled_timestamp":1719183000000,"ft_is_entry":true,"ft_order_tag":"","cost":320.547442215},{"amount":0.0935,"safe_price":3412.51,"ft_order_side":"sell","order_filled_timestamp":1719187500000,"ft_is_entry":false,"ft_order_tag":"trailing_stop_loss","cost":319.388754685}],"funding_fees":0.0},{"pair":"ETH/USDT","stake_amount":319.506436,"max_stake_amount":319.506436,"amount":0.0947,"open_date":"2024-06-24 07:00:00+00:00","close_date":"2024-06-24 09:30:00+00:00","open_rate":3373.88,"close_rate":3349.31,"fee_open":0.001,"fee_close":0.001,"trade_duration":150,"profit_ratio":-0.009265868389000419,"profit_abs":-2.96346509,"exit_reason":"trailing_stop_loss","initial_stop_loss_abs":337.39,"initial_stop_loss_ratio":-0.9,"stop_loss_abs":3349.31,"stop_loss_ratio":-0.007284755443375146,"min_rate":3240.0,"max_rate":3394.36,"is_open":false,"enter_tag":"","leverage":1.0,"is_short":false,"open_timestamp":1719212400000,"close_timestamp":1719221400000,"orders":[{"amount":0.0947,"safe_price":3373.88,"ft_order_side":"buy","order_filled_timestamp":1719212400000,"ft_is_entry":true,"ft_order_tag":"","cost":319.825942436},{"amount":0.0947,"safe_price":3349.31,"ft_order_side":"sell","order_filled_timestamp":1719221400000,"ft_is_entry":false,"ft_order_tag":"trailing_stop_loss","cost":317.49683665699996}],"funding_fees":0.0},{"pair":"ETH/USDT","stake_amount":318.576,"max_stake_amount":318.576,"amount":0.096,"open_date":"2024-06-24 11:00:00+00:00","close_date":"2024-06-24 13:10:00+00:00","open_rate":3318.5,"close_rate":3304.98,"fee_open":0.001,"fee_close":0.001,"trade_duration":130,"profit_ratio":-0.006063991756322629,"profit_abs":-1.93377408,"exit_reason":"trailing_stop_loss","initial_stop_loss_abs":331.85,"initial_stop_loss_ratio":-0.9,"stop_loss_abs":3304.98,"stop_loss_ratio":-0.008205562961981494,"min_rate":3302.79,"max_rate":3337.07,"is_open":false,"enter_tag":"","leverage":1.0,"is_short":false,"open_timestamp":1719226800000,"close_timestamp":1719234600000,"orders":[{"amount":0.096,"safe_price":3318.5,"ft_order_side":"buy","order_filled_timestamp":1719226800000,"ft_is_entry":true,"ft_order_tag":"","cost":318.894576},{"amount":0.096,"safe_price":3304.98,"ft_order_side":"sell","order_filled_timestamp":1719234600000,"ft_is_entry":false,"ft_order_tag":"trailing_stop_loss","cost":317.5953580799999}],"funding_fees":0.0},{"pair":"BTC/USDT","stake_amount":318.0049939,"max_stake_amount":318.0049939,"amount":0.00517,"open_date":"2024-06-27 20:55:00+00:00","close_date":"2024-06-28 01:15:00+00:00","open_rate":61509.67,"close_rate":61632.69,"fee_open":0.001,"fee_close":0.001,"trade_duration":260,"profit_ratio":-1.987289646673791e-06,"profit_abs":-0.0006326,"exit_reason":"trailing_stop_loss","initial_stop_loss_abs":6150.97,"initial_stop_loss_ratio":-0.9,"stop_loss_abs":61632.69,"stop_loss_ratio":-0.002839117547081771,"min_rate":61472.01,"max_rate":61808.17,"is_open":false,"enter_tag":"","leverage":1.0,"is_short":false,"open_timestamp":1719521700000,"close_timestamp":1719537300000,"orders":[{"amount":0.00517,"safe_price":61509.67,"ft_order_side":"buy","order_filled_timestamp":1719521700000,"ft_is_entry":true,"ft_order_tag":"","cost":318.3229988939},{"amount":0.00517,"safe_price":61632.69,"ft_order_side":"sell","order_filled_timestamp":1719537300000,"ft_is_entry":false,"ft_order_tag":"trailing_stop_loss","cost":318.9596483073}],"funding_fees":0.0},{"pair":"BTC/USDT","stake_amount":317.6545727,"max_stake_amount":317.6545727,"amount":0.00527,"open_date":"2024-06-28 21:15:00+00:00","close_date":"2024-06-29 02:50:00+00:00","open_rate":60276.01,"close_rate":60776.07,"fee_open":0.001,"fee_close":0.001,"trade_duration":335,"profit_ratio":0.006281591814265621,"profit_abs":1.99737174,"exit_reason":"trailing_stop_loss","initial_stop_loss_abs":6027.61,"initial_stop_loss_ratio":-0.9,"stop_loss_abs":60776.07,"stop_loss_ratio":-0.003278584897754011,"min_rate":60270.05,"max_rate":61009.29,"is_open":false,"enter_tag":"","leverage":1.0,"is_short":false,"open_timestamp":1719609300000,"close_timestamp":1719629400000,"orders":[{"amount":0.00527,"safe_price":60276.01,"ft_order_side":"buy","order_filled_timestamp":1719609300000,"ft_is_entry":true,"ft_order_tag":"","cost":317.97222727269997},{"amount":0.00527,"safe_price":60776.07,"ft_order_side":"sell","order_filled_timestamp":1719629400000,"ft_is_entry":false,"ft_order_tag":"trailing_stop_loss","cost":320.6101787889}],"funding_fees":0.0}],"locks":[],"best_pair":{"key":"BTC/USDT","trades":18,"profit_mean":-0.0019116357062727177,"profit_mean_pct":-0.19,"profit_sum":-0.03440944271290892,"profit_sum_pct":-3.44,"profit_total_abs":-11.316640859999998,"profit_total":-0.011316640859999998,"profit_total_pct":-1.13,"duration_avg":"9:18:00","wins":3,"draws":0,"losses":15,"winrate":0.16666666666666666,"cagr":-0.06689299705188945,"expectancy":-0.62870227,"expectancy_ratio":-0.47743957946984095,"sortino":-2.818914876641301,"sharpe":-1.8081340618743482,"calmar":-21.81137727272178,"sqn":-1.3007,"profit_factor":0.4270725046361909,"max_drawdown_account":0.01652074491161919,"max_drawdown_abs":16.57461245},"worst_pair":{"key":"ETH/USDT","trades":16,"profit_mean":-0.0043275019710436805,"profit_mean_pct":-0.43,"profit_sum":-0.06924003153669889,"profit_sum_pct":-6.92,"profit_total_abs":-22.39207383,"profit_total":-0.02239207383,"profit_total_pct":-2.24,"duration_avg":"4:42:00","wins":2,"draws":0,"losses":14,"winrate":0.125,"cagr":-0.12869806777629056,"expectancy":-1.399504614375,"expectancy_ratio":-0.8749884937360505,"sortino":-5.68762967085516,"sharpe":-5.542423951376571,"calmar":-31.841621957571387,"sqn":-4.2134,"profit_factor":1.3150015942328893e-05,"max_drawdown_account":0.02239207382999996,"max_drawdown_abs":22.39207383},"results_per_pair":[{"key":"BTC/USDT","trades":18,"profit_mean":-0.0019116357062727177,"profit_mean_pct":-0.19,"profit_sum":-0.03440944271290892,"profit_sum_pct":-3.44,"profit_total_abs":-11.316640859999998,"profit_total":-0.011316640859999998,"profit_total_pct":-1.13,"duration_avg":"9:18:00","wins":3,"draws":0,"losses":15,"winrate":0.16666666666666666,"cagr":-0.06689299705188945,"expectancy":-0.62870227,"expectancy_ratio":-0.47743957946984095,"sortino":-2.818914876641301,"sharpe":-1.8081340618743482,"calmar":-21.81137727272178,"sqn":-1.3007,"profit_factor":0.4270725046361909,"max_drawdown_account":0.01652074491161919,"max_drawdown_abs":16.57461245},{"key":"ETH/USDT","trades":16,"profit_mean":-0.0043275019710436805,"profit_mean_pct":-0.43,"profit_sum":-0.06924003153669889,"profit_sum_pct":-6.92,"profit_total_abs":-22.39207383,"profit_total":-0.02239207383,"profit_total_pct":-2.24,"duration_avg":"4:42:00","wins":2,"draws":0,"losses":14,"winrate":0.125,"cagr":-0.12869806777629056,"expectancy":-1.399504614375,"expectancy_ratio":-0.8749884937360505,"sortino":-5.68762967085516,"sharpe":-5.542423951376571,"calmar":-31.841621957571387,"sqn":-4.2134,"profit_factor":1.3150015942328893e-05,"max_drawdown_account":0.02239207382999996,"max_drawdown_abs":22.39207383},{"key":"TOTAL","trades":34,"profit_mean":-0.003048513948517877,"profit_mean_pct":-0.3,"profit_sum":-0.10364947424960783,"profit_sum_pct":-10.36,"profit_total_abs":-33.70871469,"profit_total":-0.03370871469,"profit_total_pct":-3.37,"duration_avg":"7:08:00","wins":5,"draws":0,"losses":29,"winrate":0.14705882352941177,"cagr":-0.18827787815240915,"expectancy":-0.9914327849999999,"expectancy_ratio":-0.6822107247898013,"sortino":-8.423093227632478,"sharpe":-6.1667725414524455,"calmar":-27.63488470198348,"sqn":-3.2722,"profit_factor":0.20016673645333635,"max_drawdown_account":0.038840044436934916,"max_drawdown_abs":38.966686280000005}],"results_per_enter_tag":[{"key":"","trades":34,"profit_mean":-0.003048513948517877,"profit_mean_pct":-0.3,"profit_sum":-0.10364947424960783,"profit_sum_pct":-10.36,"profit_total_abs":-33.70871469,"profit_total":-0.03370871469,"profit_total_pct":-3.37,"duration_avg":"7:08:00","wins":5,"draws":0,"losses":29,"winrate":0.14705882352941177,"cagr":-0.18827787815240915,"expectancy":-0.9914327849999999,"expectancy_ratio":-0.6822107247898013,"sortino":-8.423093227632478,"sharpe":-6.1667725414524455,"calmar":-27.63488470198348,"sqn":-3.2722,"profit_factor":0.20016673645333635,"max_drawdown_account":0.038840044436934916,"max_drawdown_abs":38.966686280000005},{"key":"TOTAL","trades":34,"profit_mean":-0.003048513948517877,"profit_mean_pct":-0.3,"profit_sum":-0.10364947424960783,"profit_sum_pct":-10.36,"profit_total_abs":-33.70871469,"profit_total":-0.03370871469,"profit_total_pct":-3.37,"duration_avg":"7:08:00","wins":5,"draws":0,"losses":29,"winrate":0.14705882352941177,"cagr":-0.18827787815240915,"expectancy":-0.9914327849999999,"expectancy_ratio":-0.6822107247898013,"sortino":-8.423093227632478,"sharpe":-6.1667725414524455,"calmar":-27.63488470198348,"sqn":-3.2722,"profit_factor":0.20016673645333635,"max_drawdown_account":0.038840044436934916,"max_drawdown_abs":38.966686280000005}],"exit_reason_summary":[{"key":"trailing_stop_loss","trades":34,"profit_mean":-0.003048513948517877,"profit_mean_pct":-0.3,"profit_sum":-0.10364947424960783,"profit_sum_pct":-10.36,"profit_total_abs":-33.70871469,"profit_total":-0.03370871469,"profit_total_pct":-3.37,"duration_avg":"7:08:00","wins":5,"draws":0,"losses":29,"winrate":0.14705882352941177,"cagr":-0.18827787815240915,"expectancy":-0.9914327849999999,"expectancy_ratio":-0.6822107247898013,"sortino":-8.423093227632478,"sharpe":-6.1667725414524455,"calmar":-27.63488470198348,"sqn":-3.2722,"profit_factor":0.20016673645333635,"max_drawdown_account":0.038840044436934916,"max_drawdown_abs":38.966686280000005},{"key":"TOTAL","trades":34,"profit_mean":-0.003048513948517877,"profit_mean_pct":-0.3,"profit_sum":-0.10364947424960783,"profit_sum_pct":-10.36,"profit_total_abs":-33.70871469,"profit_total":-0.03370871469,"profit_total_pct":-3.37,"duration_avg":"7:08:00","wins":5,"draws":0,"losses":29,"winrate":0.14705882352941177,"cagr":-0.18827787815240915,"expectancy":-0.9914327849999999,"expectancy_ratio":-0.6822107247898013,"sortino":-8.423093227632478,"sharpe":-6.1667725414524455,"calmar":-27.63488470198348,"sqn":-3.2722,"profit_factor":0.20016673645333635,"max_drawdown_account":0.038840044436934916,"max_drawdown_abs":38.966686280000005}],"mix_tag_stats":[{"key":["","trailing_stop_loss"],"trades":34,"profit_mean":-0.003048513948517877,"profit_mean_pct":-0.3,"profit_sum":-0.10364947424960783,"profit_sum_pct":-10.36,"profit_total_abs":-33.70871469,"profit_total":-0.03370871469,"profit_total_pct":-3.37,"duration_avg":"7:08:00","wins":5,"draws":0,"losses":29,"winrate":0.14705882352941177,"cagr":-0.18827787815240915,"expectancy":-0.9914327849999999,"expectancy_ratio":-0.6822107247898013,"sortino":-8.423093227632478,"sharpe":-6.1667725414524455,"calmar":-27.63488470198348,"sqn":-3.2722,"profit_factor":0.20016673645333635,"max_drawdown_account":0.038840044436934916,"max_drawdown_abs":38.966686280000005},{"key":"TOTAL","trades":34,"profit_mean":-0.003048513948517877,"profit_mean_pct":-0.3,"profit_sum":-0.10364947424960783,"profit_sum_pct":-10.36,"profit_total_abs":-33.70871469,"profit_total":-0.03370871469,"profit_total_pct":-3.37,"duration_avg":"7:08:00","wins":5,"draws":0,"losses":29,"winrate":0.14705882352941177,"cagr":-0.18827787815240915,"expectancy":-0.9914327849999999,"expectancy_ratio":-0.6822107247898013,"sortino":-8.423093227632478,"sharpe":-6.1667725414524455,"calmar":-27.63488470198348,"sqn":-3.2722,"profit_factor":0.20016673645333635,"max_drawdown_account":0.038840044436934916,"max_drawdown_abs":38.966686280000005}],"left_open_trades":[{"key":"TOTAL","trades":0,"profit_mean":0.0,"profit_mean_pct":0.0,"profit_sum":0.0,"profit_sum_pct":0.0,"profit_total_abs":0.0,"profit_total":0.0,"profit_total_pct":0.0,"duration_avg":"0:00","wins":0,"draws":0,"losses":0,"winrate":0.0,"cagr":0.0,"expectancy":0.0,"expectancy_ratio":100.0,"sortino":0,"sharpe":0,"calmar":0,"sqn":0.0,"profit_factor":0.0,"max_drawdown_account":0.0,"max_drawdown_abs":0.0}],"total_trades":34,"trade_count_long":34,"trade_count_short":0,"total_volume":22124.699083286792,"avg_stake_amount":325.2088618382353,"profit_mean":-0.003048513948517877,"profit_median":-0.00384242890406241,"profit_total":-0.03370871469,"profit_total_long":-0.03370871469,"profit_total_short":0.0,"profit_total_abs":-33.70871469,"profit_total_long_abs":-33.70871469,"profit_total_short_abs":0.0,"cagr":-0.18827787815240915,"expectancy":-0.9914327849999999,"expectancy_ratio":-0.6822107247898013,"sortino":-8.423093227632478,"sharpe":-6.1667725414524455,"calmar":-27.63488470198348,"sqn":-3.2722,"profit_factor":0.20016673645333635,"backtest_start":"2024-05-01 00:00:00","backtest_start_ts":1714521600000,"backtest_end":"2024-06-30 23:55:00","backtest_end_ts":1719791700000,"backtest_days":60,"backtest_run_start_ts":1751436829,"backtest_run_end_ts":1751436831,"trades_per_day":0.57,"market_change":0.08764507460002735,"pairlist":["BTC/USDT","ETH/USDT"],"stake_amount":"unlimited","stake_currency":"USDT","stake_currency_decimals":3,"starting_balance":1000,"dry_run_wallet":1000,"final_balance":966.29128531,"rejected_signals":0,"timedout_entry_orders":0,"timedout_exit_orders":0,"canceled_trade_entries":0,"canceled_entry_orders":0,"replaced_entry_orders":0,"max_open_trades":2,"max_open_trades_setting":3,"timeframe":"5m","timeframe_detail":"","timerange":"20240501-20240701","enable_protections":false,"strategy_name":"FixedRiskRewardLossV2","stoploss":-0.9,"trailing_stop":false,"trailing_stop_positive":null,"trailing_stop_positive_offset":0.0,"trailing_only_offset_is_reached":false,"use_custom_stoploss":true,"minimal_roi":{},"use_exit_signal":true,"exit_profit_only":false,"exit_profit_offset":0.0,"ignore_roi_if_entry_signal":false,"trading_mode":"spot","margin_mode":"","periodic_breakdown":{"day":[{"date":"01/05/2024","date_ts":1714521600000,"profit_abs":-3.17769644,"wins":0,"draws":0,"losses":1,"trades":1,"profit_factor":0.0},{"date":"02/05/2024","date_ts":1714608000000,"profit_abs":0.0,"wins":0,"draws":0,"losses":0,"trades":0,"profit_factor":0.0},{"date":"03/05/2024","date_ts":1714694400000,"profit_abs":0.0,"wins":0,"draws":0,"losses":0,"trades":0,"profit_factor":0.0},{"date":"04/05/2024","date_ts":1714780800000,"profit_abs":0.0,"wins":0,"draws":0,"losses":0,"trades":0,"profit_factor":0.0},{"date":"05/05/2024","date_ts":1714867200000,"profit_abs":4.51669878,"wins":1,"draws":0,"losses":0,"trades":1,"profit_factor":0.0},{"date":"06/05/2024","date_ts":1714953600000,"profit_abs":1.92159751,"wins":1,"draws":0,"losses":0,"trades":1,"profit_factor":0.0},{"date":"07/05/2024","date_ts":1715040000000,"profit_abs":0.0,"wins":0,"draws":0,"losses":0,"trades":0,"profit_factor":0.0},{"date":"08/05/2024","date_ts":1715126400000,"profit_abs":-0.0006968,"wins":0,"draws":0,"losses":2,"trades":2,"profit_factor":0.0},{"date":"09/05/2024","date_ts":1715212800000,"profit_abs":0.0,"wins":0,"draws":0,"losses":0,"trades":0,"profit_factor":0.0},{"date":"10/05/2024","date_ts":1715299200000,"profit_abs":-3.89541375,"wins":0,"draws":0,"losses":1,"trades":1,"profit_factor":0.0},{"date":"11/05/2024","date_ts":1715385600000,"profit_abs":0.0,"wins":0,"draws":0,"losses":0,"trades":0,"profit_factor":0.0},{"date":"12/05/2024","date_ts":1715472000000,"profit_abs":0.0,"wins":0,"draws":0,"losses":0,"trades":0,"profit_factor":0.0},{"date":"13/05/2024","date_ts":1715558400000,"profit_abs":-1.79072608,"wins":0,"draws":0,"losses":1,"trades":1,"profit_factor":0.0},{"date":"14/05/2024","date_ts":1715644800000,"profit_abs":-1.65184877,"wins":0,"draws":0,"losses":1,"trades":1,"profit_factor":0.0},{"date":"15/05/2024","date_ts":1715731200000,"profit_abs":0.0,"wins":0,"draws":0,"losses":0,"trades":0,"profit_factor":0.0},{"date":"16/05/2024","date_ts":1715817600000,"profit_abs":-2.24733858,"wins":0,"draws":0,"losses":1,"trades":1,"profit_factor":0.0},{"date":"17/05/2024","date_ts":1715904000000,"profit_abs":0.0,"wins":0,"draws":0,"losses":0,"trades":0,"profit_factor":0.0},{"date":"18/05/2024","date_ts":1715990400000,"profit_abs":0.00014364,"wins":1,"draws":0,"losses":0,"trades":1,"profit_factor":0.0},{"date":"19/05/2024","date_ts":1716076800000,"profit_abs":0.0,"wins":0,"draws":0,"losses":0,"trades":0,"profit_factor":0.0},{"date":"20/05/2024","date_ts":1716163200000,"profit_abs":-0.0006215,"wins":0,"draws":0,"losses":1,"trades":1,"profit_factor":0.0},{"date":"21/05/2024","date_ts":1716249600000,"profit_abs":0.0,"wins":0,"draws":0,"losses":0,"trades":0,"profit_factor":0.0},{"date":"22/05/2024","date_ts":1716336000000,"profit_abs":0.0,"wins":0,"draws":0,"losses":0,"trades":0,"profit_factor":0.0},{"date":"23/05/2024","date_ts":1716422400000,"profit_abs":-3.060565,"wins":0,"draws":0,"losses":2,"trades":2,"profit_factor":0.0},{"date":"24/05/2024","date_ts":1716508800000,"profit_abs":-0.00040986,"wins":0,"draws":0,"losses":1,"trades":1,"profit_factor":0.0},{"date":"25/05/2024","date_ts":1716595200000,"profit_abs":0.0,"wins":0,"draws":0,"losses":0,"trades":0,"profit_factor":0.0},{"date":"26/05/2024","date_ts":1716681600000,"profit_abs":-1.1386602,"wins":0,"draws":0,"losses":1,"trades":1,"profit_factor":0.0},{"date":"27/05/2024","date_ts":1716768000000,"profit_abs":0.0,"wins":0,"draws":0,"losses":0,"trades":0,"profit_factor":0.0},{"date":"28/05/2024","date_ts":1716854400000,"profit_abs":-1.65432259,"wins":0,"draws":0,"losses":1,"trades":1,"profit_factor":0.0},{"date":"29/05/2024","date_ts":1716940800000,"profit_abs":-1.36915454,"wins":0,"draws":0,"losses":1,"trades":1,"profit_factor":0.0},{"date":"30/05/2024","date_ts":1717027200000,"profit_abs":0.0,"wins":0,"draws":0,"losses":0,"trades":0,"profit_factor":0.0},{"date":"31/05/2024","date_ts":1717113600000,"profit_abs":-1.7930427,"wins":0,"draws":0,"losses":2,"trades":2,"profit_factor":0.0},{"date":"01/06/2024","date_ts":1717200000000,"profit_abs":0.0,"wins":0,"draws":0,"losses":0,"trades":0,"profit_factor":0.0},{"date":"02/06/2024","date_ts":1717286400000,"profit_abs":0.0,"wins":0,"draws":0,"losses":0,"trades":0,"profit_factor":0.0},{"date":"03/06/2024","date_ts":1717372800000,"profit_abs":0.0,"wins":0,"draws":0,"losses":0,"trades":0,"profit_factor":0.0},{"date":"04/06/2024","date_ts":1717459200000,"profit_abs":0.0,"wins":0,"draws":0,"losses":0,"trades":0,"profit_factor":0.0},{"date":"05/06/2024","date_ts":1717545600000,"profit_abs":0.0,"wins":0,"draws":0,"losses":0,"trades":0,"profit_factor":0.0},{"date":"06/06/2024","date_ts":1717632000000,"profit_abs":0.0,"wins":0,"draws":0,"losses":0,"trades":0,"profit_factor":0.0},{"date":"07/06/2024","date_ts":1717718400000,"profit_abs":0.0,"wins":0,"draws":0,"losses":0,"trades":0,"profit_factor":0.0},{"date":"08/06/2024","date_ts":1717804800000,"profit_abs":0.0,"wins":0,"draws":0,"losses":0,"trades":0,"profit_factor":0.0},{"date":"09/06/2024","date_ts":1717891200000,"profit_abs":-0.00048486,"wins":1,"draws":0,"losses":1,"trades":2,"profit_factor":0.23725774},{"date":"10/06/2024","date_ts":1717977600000,"profit_abs":0.0,"wins":0,"draws":0,"losses":0,"trades":0,"profit_factor":0.0},{"date":"11/06/2024","date_ts":1718064000000,"profit_abs":-5.17181368,"wins":0,"draws":0,"losses":2,"trades":2,"profit_factor":0.0},{"date":"12/06/2024","date_ts":1718150400000,"profit_abs":0.0,"wins":0,"draws":0,"losses":0,"trades":0,"profit_factor":0.0},{"date":"13/06/2024","date_ts":1718236800000,"profit_abs":-0.00027086,"wins":0,"draws":0,"losses":1,"trades":1,"profit_factor":0.0},{"date":"14/06/2024","date_ts":1718323200000,"profit_abs":-6.53187385,"wins":0,"draws":0,"losses":3,"trades":3,"profit_factor":0.0},{"date":"15/06/2024","date_ts":1718409600000,"profit_abs":0.0,"wins":0,"draws":0,"losses":0,"trades":0,"profit_factor":0.0},{"date":"16/06/2024","date_ts":1718496000000,"profit_abs":0.0,"wins":0,"draws":0,"losses":0,"trades":0,"profit_factor":0.0},{"date":"17/06/2024","date_ts":1718582400000,"profit_abs":-0.00063771,"wins":0,"draws":0,"losses":1,"trades":1,"profit_factor":0.0},{"date":"18/06/2024","date_ts":1718668800000,"profit_abs":0.0,"wins":0,"draws":0,"losses":0,"trades":0,"profit_factor":0.0},{"date":"19/06/2024","date_ts":1718755200000,"profit_abs":0.0,"wins":0,"draws":0,"losses":0,"trades":0,"profit_factor":0.0},{"date":"20/06/2024","date_ts":1718841600000,"profit_abs":-1.96424992,"wins":0,"draws":0,"losses":1,"trades":1,"profit_factor":0.0},{"date":"21/06/2024","date_ts":1718928000000,"profit_abs":0.0,"wins":0,"draws":0,"losses":0,"trades":0,"profit_factor":0.0},{"date":"22/06/2024","date_ts":1719014400000,"profit_abs":0.0,"wins":0,"draws":0,"losses":0,"trades":0,"profit_factor":0.0},{"date":"23/06/2024","date_ts":1719100800000,"profit_abs":0.0,"wins":0,"draws":0,"losses":0,"trades":0,"profit_factor":0.0},{"date":"24/06/2024","date_ts":1719187200000,"profit_abs":-6.69406607,"wins":0,"draws":0,"losses":3,"trades":3,"profit_factor":0.0},{"date":"25/06/2024","date_ts":1719273600000,"profit_abs":0.0,"wins":0,"draws":0,"losses":0,"trades":0,"profit_factor":0.0},{"date":"26/06/2024","date_ts":1719360000000,"profit_abs":0.0,"wins":0,"draws":0,"losses":0,"trades":0,"profit_factor":0.0},{"date":"27/06/2024","date_ts":1719446400000,"profit_abs":0.0,"wins":0,"draws":0,"losses":0,"trades":0,"profit_factor":0.0},{"date":"28/06/2024","date_ts":1719532800000,"profit_abs":-0.0006326,"wins":0,"draws":0,"losses":1,"trades":1,"profit_factor":0.0},{"date":"29/06/2024","date_ts":1719619200000,"profit_abs":1.99737174,"wins":1,"draws":0,"losses":0,"trades":1,"profit_factor":0.0}],"week":[{"date":"06/05/2024","date_ts":1714953600000,"profit_abs":3.26059985,"wins":2,"draws":0,"losses":1,"trades":3,"profit_factor":2.02608915},{"date":"13/05/2024","date_ts":1715558400000,"profit_abs":-5.68683663,"wins":0,"draws":0,"losses":4,"trades":4,"profit_factor":0.0},{"date":"20/05/2024","date_ts":1716163200000,"profit_abs":-3.89966521,"wins":1,"draws":0,"losses":3,"trades":4,"profit_factor":3.683e-05},{"date":"27/05/2024","date_ts":1716768000000,"profit_abs":-4.19963506,"wins":0,"draws":0,"losses":4,"trades":4,"profit_factor":0.0},{"date":"03/06/2024","date_ts":1717372800000,"profit_abs":-4.81651983,"wins":0,"draws":0,"losses":4,"trades":4,"profit_factor":0.0},{"date":"10/06/2024","date_ts":1717977600000,"profit_abs":-0.00048486,"wins":1,"draws":0,"losses":1,"trades":2,"profit_factor":0.23725774},{"date":"17/06/2024","date_ts":1718582400000,"profit_abs":-11.7045961,"wins":0,"draws":0,"losses":7,"trades":7,"profit_factor":0.0},{"date":"24/06/2024","date_ts":1719187200000,"profit_abs":-8.65831599,"wins":0,"draws":0,"losses":4,"trades":4,"profit_factor":0.0},{"date":"01/07/2024","date_ts":1719792000000,"profit_abs":1.99673914,"wins":1,"draws":0,"losses":1,"trades":2,"profit_factor":3157.40079039}],"month":[{"date":"31/05/2024","date_ts":1717113600000,"profit_abs":-15.34205688,"wins":3,"draws":0,"losses":16,"trades":19,"profit_factor":0.29560574},{"date":"30/06/2024","date_ts":1719705600000,"profit_abs":-18.36665781,"wins":2,"draws":0,"losses":13,"trades":15,"profit_factor":0.09809001}],"year":[{"date":"31/12/2024","date_ts":1735603200000,"profit_abs":-33.70871469,"wins":5,"draws":0,"losses":29,"trades":34,"profit_factor":0.20016674}]},"backtest_best_day":0.013718157400659303,"backtest_worst_day":-0.020935354569436466,"backtest_best_day_abs":4.51669878,"backtest_worst_day_abs":-6.69406607,"winning_days":4,"draw_days":35,"losing_days":21,"daily_profit":[["2024-05-01",-3.17769644],["2024-05-02",0.0],["2024-05-03",0.0],["2024-05-04",0.0],["2024-05-05",4.51669878],["2024-05-06",1.92159751],["2024-05-07",0.0],["2024-05-08",-0.0006968],["2024-05-09",0.0],["2024-05-10",-3.89541375],["2024-05-11",0.0],["2024-05-12",0.0],["2024-05-13",-1.79072608],["2024-05-14",-1.65184877],["2024-05-15",0.0],["2024-05-16",-2.24733858],["2024-05-17",0.0],["2024-05-18",0.00014364],["2024-05-19",0.0],["2024-05-20",-0.0006215],["2024-05-21",0.0],["2024-05-22",0.0],["2024-05-23",-3.060565],["2024-05-24",-0.00040986],["2024-05-25",0.0],["2024-05-26",-1.1386602],["2024-05-27",0.0],["2024-05-28",-1.65432259],["2024-05-29",-1.36915454],["2024-05-30",0.0],["2024-05-31",-1.7930427],["2024-06-01",0.0],["2024-06-02",0.0],["2024-06-03",0.0],["2024-06-04",0.0],["2024-06-05",0.0],["2024-06-06",0.0],["2024-06-07",0.0],["2024-06-08",0.0],["2024-06-09",-0.00048486],["2024-06-10",0.0],["2024-06-11",-5.17181368],["2024-06-12",0.0],["2024-06-13",-0.00027086],["2024-06-14",-6.53187385],["2024-06-15",0.0],["2024-06-16",0.0],["2024-06-17",-0.00063771],["2024-06-18",0.0],["2024-06-19",0.0],["2024-06-20",-1.96424992],["2024-06-21",0.0],["2024-06-22",0.0],["2024-06-23",0.0],["2024-06-24",-6.69406607],["2024-06-25",0.0],["2024-06-26",0.0],["2024-06-27",0.0],["2024-06-28",-0.0006326],["2024-06-29",1.99737174]],"wins":5,"losses":29,"draws":0,"winrate":0.14705882352941177,"holding_avg":"7:08:00","holding_avg_s":25680.0,"winner_holding_min":"0d 03:50","winner_holding_min_s":13800.0,"winner_holding_max":"1d 17:55","winner_holding_max_s":150900.0,"winner_holding_avg":"0d 13:57","winner_holding_avg_s":50220.0,"loser_holding_min":"0d 00:20","loser_holding_min_s":1200.0,"loser_holding_max":"2d 16:20","loser_holding_max_s":231600.0,"loser_holding_avg":"0d 05:58","loser_holding_avg_s":21480.0,"max_consecutive_wins":2,"max_consecutive_losses":13,"max_drawdown_account":0.038840044436934916,"max_relative_drawdown":0.038840044436934916,"max_drawdown_abs":38.966686280000005,"drawdown_start":"2024-05-06 01:30:00","drawdown_start_ts":1714959000000.0,"drawdown_end":"2024-06-28 01:15:00","drawdown_end_ts":1719537300000.0,"max_drawdown_low":-35.706086430000006,"max_drawdown_high":3.2605998499999993,"csum_min":964.29391357,"csum_max":1003.26059985}},"strategy_comparison":[{"key":"FixedRiskRewardLossV2","trades":34,"profit_mean":-0.003048513948517877,"profit_mean_pct":-0.3,"profit_sum":-0.10364947424960783,"profit_sum_pct":-10.36,"profit_total_abs":-33.70871469,"profit_total":-0.03370871469,"profit_total_pct":-3.37,"duration_avg":"7:08:00","wins":5,"draws":0,"losses":29,"winrate":0.14705882352941177,"cagr":-0.18827787815240915,"expectancy":-0.9914327849999999,"expectancy_ratio":-0.6822107247898013,"sortino":-8.423093227632478,"sharpe":-6.1667725414524455,"calmar":-27.63488470198348,"sqn":-3.2722,"profit_factor":0.20016673645333635,"max_drawdown_account":0.038840044436934916,"max_drawdown_abs":"38.967"}]}