{"max_open_trades":3,"stake_currency":"USDT","stake_amount":"unlimited","pair_whitelist":["BTC/USDT","ETH/USDT"],"dry_run":true,"exchange":{"name":"binance","key":"REDACTED","secret":"REDACTED","pair_whitelist":["BTC/USDT","ETH/USDT"]},"strategy":"FixedRiskRewardLossV2","bot_name":"ft_685c5fd7ed51d8473f4425f3","logfile":"freqtrade_685c5fd7ed51d8473f4425f3.log","log_level":"debug","exit_pricing":{"price_type":"ohlcv"},"db_url":"sqlite:///C:/Users/HP1/Music/botmoon-backend/data/ft_user_data/685c5fd7ed51d8473f4425f3/tradesv3.sqlite","user_data_dir":"C:\\Users\\HP1\\Music\\botmoon-backend\\data\\ft_user_data\\685c5fd7ed51d8473f4425f3","strategy_path":"C:\\Users\\HP1\\Music\\botmoon-backend\\user_data\\strategies","data_dir":"C:\\Users\\HP1\\Music\\botmoon-backend\\data\\ft_user_data\\685c5fd7ed51d8473f4425f3\\data","entry_pricing":{"price_type":"ohlcv","data_key":"open"},"pairlists":[{"method":"StaticPairList"}],"api_server":{"enabled":true,"listen_ip_address":"127.0.0.1","listen_port":8080,"username":"freqtrader","password":"REDACTED","jwt_secret_key":"your_very_secret_jwt_key_here"},"config_files":["data\\ft_user_data\\685c5fd7ed51d8473f4425f3\\config.json"],"internals":{}}