{"max_open_trades":3,"stake_currency":"USDT","stake_amount":"unlimited","pair_whitelist":["BTC/USDT","ETH/USDT"],"dry_run":true,"exchange":{"name":"binance","key":"REDACTED","secret":"REDACTED","pair_whitelist":["BTC/USDT","ETH/USDT"]},"strategy":"UltimateScalp10xStrategy","bot_name":"ft_685c5fd7ed51d8473f4425f3","logfile":"freqtrade_685c5fd7ed51d8473f4425f3.log","db_url":"sqlite:///C:/Users/HP1/Music/botmoon-backend/data/ft_user_data/685c5fd7ed51d8473f4425f3/tradesv3.sqlite","user_data_dir":"C:\\Users\\HP1\\Music\\botmoon-backend\\data\\ft_user_data\\685c5fd7ed51d8473f4425f3","strategy_path":"C:\\Users\\HP1\\Music\\botmoon-backend\\user_data\\strategies","exit_pricing":{"price_type":"ohlcv","data_key":"close"},"entry_pricing":{"price_type":"ohlcv","data_key":"open"},"pairlists":[{"method":"StaticPairList"}],"config_files":["C:\\Users\\HP1\\Music\\botmoon-backend\\data\\ft_user_data\\685c5fd7ed51d8473f4425f3\\config.json"],"internals":{}}