{"strategy":{"UltimateScalp10xStrategy":{"trades":[{"pair":"ETH/USDT","stake_amount":9.902904,"max_stake_amount":9.902904,"amount":0.0044,"open_date":"2025-06-23 00:50:00+00:00","close_date":"2025-06-23 07:05:00+00:00","open_rate":2250.66,"close_rate":2266.4303903903897,"fee_open":0.001,"fee_close":0.001,"trade_duration":375,"profit_ratio":0.004995004995004995,"profit_abs":0.04951452,"exit_reason":"roi","initial_stop_loss_abs":2205.65,"initial_stop_loss_ratio":-0.02,"stop_loss_abs":2205.65,"stop_loss_ratio":-0.02,"min_rate":2225.0,"max_rate":2275.67,"is_open":false,"enter_tag":"","leverage":1.0,"is_short":false,"open_timestamp":1750639800000,"close_timestamp":1750662300000,"orders":[{"amount":0.0044,"safe_price":2250.66,"ft_order_side":"buy","order_filled_timestamp":1750639800000,"ft_is_entry":true,"ft_order_tag":"","cost":9.912806903999998},{"amount":0.0044,"safe_price":2266.4303903903897,"ft_order_side":"sell","order_filled_timestamp":1750662300000,"ft_is_entry":false,"ft_order_tag":"roi","cost":9.982266011435431}]},{"pair":"ETH/USDT","stake_amount":9.968772,"max_stake_amount":9.968772,"amount":0.0044,"open_date":"2025-06-23 07:06:00+00:00","close_date":"2025-06-23 13:43:00+00:00","open_rate":2265.63,"close_rate":2281.505285285285,"fee_open":0.001,"fee_close":0.001,"trade_duration":397,"profit_ratio":0.004995004995004995,"profit_abs":0.04984386,"exit_reason":"roi","initial_stop_loss_abs":2220.32,"initial_stop_loss_ratio":-0.02,"stop_loss_abs":2220.32,"stop_loss_ratio":-0.02,"min_rate":2232.45,"max_rate":2284.09,"is_open":false,"enter_tag":"","leverage":1.0,"is_short":false,"open_timestamp":1750662360000,"close_timestamp":1750686180000,"orders":[{"amount":0.0044,"safe_price":2265.63,"ft_order_side":"buy","order_filled_timestamp":1750662360000,"ft_is_entry":true,"ft_order_tag":"","cost":9.978740772},{"amount":0.0044,"safe_price":2281.505285285285,"ft_order_side":"sell","order_filled_timestamp":1750686180000,"ft_is_entry":false,"ft_order_tag":"roi","cost":10.048661878510508}]},{"pair":"BTC/USDT","stake_amount":9.1300986,"max_stake_amount":9.1300986,"amount":9e-05,"open_date":"2025-06-23 00:50:00+00:00","close_date":"2025-06-23 13:44:00+00:00","open_rate":101445.54,"close_rate":102156.3696096096,"fee_open":0.001,"fee_close":0.001,"trade_duration":774,"profit_ratio":0.004995004666749723,"profit_abs":0.04565049,"exit_reason":"roi","initial_stop_loss_abs":99416.63,"initial_stop_loss_ratio":-0.02,"stop_loss_abs":99416.63,"stop_loss_ratio":-0.02,"min_rate":100564.19,"max_rate":102345.67,"is_open":false,"enter_tag":"","leverage":1.0,"is_short":false,"open_timestamp":1750639800000,"close_timestamp":1750686240000,"orders":[{"amount":9e-05,"safe_price":101445.54,"ft_order_side":"buy","order_filled_timestamp":1750639800000,"ft_is_entry":true,"ft_order_tag":"","cost":9.139228698599998},{"amount":9e-05,"safe_price":102156.3696096096,"ft_order_side":"sell","order_filled_timestamp":1750686240000,"ft_is_entry":false,"ft_order_tag":"roi","cost":9.203267338129727}]},{"pair":"ETH/USDT","stake_amount":9.81604,"max_stake_amount":9.81604,"amount":0.0043,"open_date":"2025-06-23 13:44:00+00:00","close_date":"2025-06-23 14:00:00+00:00","open_rate":2282.8,"close_rate":2310.221021021021,"fee_open":0.001,"fee_close":0.001,"trade_duration":16,"profit_ratio":0.00999000999000999,"profit_abs":0.0981604,"exit_reason":"roi","initial_stop_loss_abs":2237.15,"initial_stop_loss_ratio":-0.02,"stop_loss_abs":2237.15,"stop_loss_ratio":-0.02,"min_rate":2276.87,"max_rate":2313.53,"is_open":false,"enter_tag":"","leverage":1.0,"is_short":false,"open_timestamp":1750686240000,"close_timestamp":1750687200000,"orders":[{"amount":0.0043,"safe_price":2282.8,"ft_order_side":"buy","order_filled_timestamp":1750686240000,"ft_is_entry":true,"ft_order_tag":"","cost":9.82585604},{"amount":0.0043,"safe_price":2310.221021021021,"ft_order_side":"sell","order_filled_timestamp":1750687200000,"ft_is_entry":false,"ft_order_tag":"roi","cost":9.943884340780778}]},{"pair":"ETH/USDT","stake_amount":9.898428,"max_stake_amount":9.898428,"amount":0.0043,"open_date":"2025-06-23 14:01:00+00:00","close_date":"2025-06-23 15:47:00+00:00","open_rate":2301.96,"close_rate":2255.93,"fee_open":0.001,"fee_close":0.001,"trade_duration":106,"profit_ratio":-0.021954053651814145,"profit_abs":-0.21752793,"exit_reason":"stop_loss","initial_stop_loss_abs":2255.93,"initial_stop_loss_ratio":-0.02,"stop_loss_abs":2255.93,"stop_loss_ratio":-0.02,"min_rate":2254.26,"max_rate":2310.67,"is_open":false,"enter_tag":"","leverage":1.0,"is_short":false,"open_timestamp":1750687260000,"close_timestamp":1750693620000,"orders":[{"amount":0.0043,"safe_price":2301.96,"ft_order_side":"buy","order_filled_timestamp":1750687260000,"ft_is_entry":true,"ft_order_tag":"","cost":9.908326428},{"amount":0.0043,"safe_price":2255.93,"ft_order_side":"sell","order_filled_timestamp":1750693620000,"ft_is_entry":false,"ft_order_tag":"stop_loss","cost":9.710199498999998}]},{"pair":"BTC/USDT","stake_amount":9.18,"max_stake_amount":9.18,"amount":9e-05,"open_date":"2025-06-23 13:45:00+00:00","close_date":"2025-06-23 16:35:00+00:00","open_rate":102000.0,"close_rate":99960.0,"fee_open":0.001,"fee_close":0.001,"trade_duration":170,"profit_ratio":-0.021958041958041956,"profit_abs":-0.2017764,"exit_reason":"stop_loss","initial_stop_loss_abs":99960.0,"initial_stop_loss_ratio":-0.02,"stop_loss_abs":99960.0,"stop_loss_ratio":-0.02,"min_rate":99873.72,"max_rate":102613.09,"is_open":false,"enter_tag":"","leverage":1.0,"is_short":false,"open_timestamp":1750686300000,"close_timestamp":1750696500000,"orders":[{"amount":9e-05,"safe_price":102000.0,"ft_order_side":"buy","order_filled_timestamp":1750686300000,"ft_is_entry":true,"ft_order_tag":"","cost":9.189179999999999},{"amount":9e-05,"safe_price":99960.0,"ft_order_side":"sell","order_filled_timestamp":1750696500000,"ft_is_entry":false,"ft_order_tag":"stop_loss","cost":9.0053964}]},{"pair":"ETH/USDT","stake_amount":9.830436,"max_stake_amount":9.830436,"amount":0.0044,"open_date":"2025-06-23 16:19:00+00:00","close_date":"2025-06-23 16:37:00+00:00","open_rate":2234.19,"close_rate":2189.51,"fee_open":0.001,"fee_close":0.001,"trade_duration":18,"profit_ratio":-0.02195634451619842,"profit_abs":-0.21605628,"exit_reason":"stop_loss","initial_stop_loss_abs":2189.51,"initial_stop_loss_ratio":-0.02,"stop_loss_abs":2189.51,"stop_loss_ratio":-0.02,"min_rate":2188.0,"max_rate":2236.29,"is_open":false,"enter_tag":"","leverage":1.0,"is_short":false,"open_timestamp":1750695540000,"close_timestamp":1750696620000,"orders":[{"amount":0.0044,"safe_price":2234.19,"ft_order_side":"buy","order_filled_timestamp":1750695540000,"ft_is_entry":true,"ft_order_tag":"","cost":9.840266436},{"amount":0.0044,"safe_price":2189.51,"ft_order_side":"sell","order_filled_timestamp":1750696620000,"ft_is_entry":false,"ft_order_tag":"stop_loss","cost":9.643477844000001}]},{"pair":"ETH/USDT","stake_amount":9.922455,"max_stake_amount":9.922455,"amount":0.0045,"open_date":"2025-06-23 16:38:00+00:00","close_date":"2025-06-23 17:04:00+00:00","open_rate":2204.99,"close_rate":2231.4763663663657,"fee_open":0.001,"fee_close":0.001,"trade_duration":26,"profit_ratio":0.00999000999000999,"profit_abs":0.09922455,"exit_reason":"roi","initial_stop_loss_abs":2160.9,"initial_stop_loss_ratio":-0.02,"stop_loss_abs":2160.9,"stop_loss_ratio":-0.02,"min_rate":2202.05,"max_rate":2235.77,"is_open":false,"enter_tag":"","leverage":1.0,"is_short":false,"open_timestamp":1750696680000,"close_timestamp":1750698240000,"orders":[{"amount":0.0045,"safe_price":2204.99,"ft_order_side":"buy","order_filled_timestamp":1750696680000,"ft_is_entry":true,"ft_order_tag":"","cost":9.932377454999996},{"amount":0.0045,"safe_price":2231.4763663663657,"ft_order_side":"sell","order_filled_timestamp":1750698240000,"ft_is_entry":false,"ft_order_tag":"roi","cost":10.051685292297293}]},{"pair":"BTC/USDT","stake_amount":9.0260181,"max_stake_amount":9.0260181,"amount":9e-05,"open_date":"2025-06-23 16:40:00+00:00","close_date":"2025-06-23 17:10:00+00:00","open_rate":100289.09,"close_rate":101269.53,"fee_open":0.001,"fee_close":0.001,"trade_duration":30,"profit_ratio":0.007758602955747531,"profit_abs":0.07009932,"exit_reason":"roi","initial_stop_loss_abs":98283.31,"initial_stop_loss_ratio":-0.02,"stop_loss_abs":98283.31,"stop_loss_ratio":-0.02,"min_rate":100169.9,"max_rate":101635.18,"is_open":false,"enter_tag":"","leverage":1.0,"is_short":false,"open_timestamp":1750696800000,"close_timestamp":1750698600000,"orders":[{"amount":9e-05,"safe_price":100289.09,"ft_order_side":"buy","order_filled_timestamp":1750696800000,"ft_is_entry":true,"ft_order_tag":"","cost":9.035044118099998},{"amount":9e-05,"safe_price":101269.53,"ft_order_side":"sell","order_filled_timestamp":1750698600000,"ft_is_entry":false,"ft_order_tag":"roi","cost":9.1233719577}]},{"pair":"ETH/USDT","stake_amount":9.80892,"max_stake_amount":9.80892,"amount":0.0044,"open_date":"2025-06-23 17:05:00+00:00","close_date":"2025-06-23 17:21:00+00:00","open_rate":2229.3,"close_rate":2256.0783783783786,"fee_open":0.001,"fee_close":0.001,"trade_duration":16,"profit_ratio":0.00999000999000999,"profit_abs":0.0980892,"exit_reason":"roi","initial_stop_loss_abs":2184.72,"initial_stop_loss_ratio":-0.02,"stop_loss_abs":2184.72,"stop_loss_ratio":-0.02,"min_rate":2229.3,"max_rate":2265.26,"is_open":false,"enter_tag":"","leverage":1.0,"is_short":false,"open_timestamp":1750698300000,"close_timestamp":1750699260000,"orders":[{"amount":0.0044,"safe_price":2229.3,"ft_order_side":"buy","order_filled_timestamp":1750698300000,"ft_is_entry":true,"ft_order_tag":"","cost":9.81872892},{"amount":0.0044,"safe_price":2256.0783783783786,"ft_order_side":"sell","order_filled_timestamp":1750699260000,"ft_is_entry":false,"ft_order_tag":"roi","cost":9.93667160972973}]},{"pair":"BTC/USDT","stake_amount":9.1274724,"max_stake_amount":9.1274724,"amount":9e-05,"open_date":"2025-06-23 17:11:00+00:00","close_date":"2025-06-23 17:37:00+00:00","open_rate":101416.36,"close_rate":102634.57453453452,"fee_open":0.001,"fee_close":0.001,"trade_duration":26,"profit_ratio":0.009990009552210365,"profit_abs":0.09127472,"exit_reason":"roi","initial_stop_loss_abs":99388.04,"initial_stop_loss_ratio":-0.02,"stop_loss_abs":99388.04,"stop_loss_ratio":-0.02,"min_rate":101149.35,"max_rate":102690.0,"is_open":false,"enter_tag":"","leverage":1.0,"is_short":false,"open_timestamp":1750698660000,"close_timestamp":1750700220000,"orders":[{"amount":9e-05,"safe_price":101416.36,"ft_order_side":"buy","order_filled_timestamp":1750698660000,"ft_is_entry":true,"ft_order_tag":"","cost":9.1365998724},{"amount":9e-05,"safe_price":102634.57453453452,"ft_order_side":"sell","order_filled_timestamp":1750700220000,"ft_is_entry":false,"ft_order_tag":"roi","cost":9.246348819816214}]},{"pair":"ETH/USDT","stake_amount":9.929788,"max_stake_amount":9.929788,"amount":0.0044,"open_date":"2025-06-23 17:22:00+00:00","close_date":"2025-06-23 17:39:00+00:00","open_rate":2256.77,"close_rate":2283.8783483483485,"fee_open":0.001,"fee_close":0.001,"trade_duration":17,"profit_ratio":0.009990009990009992,"profit_abs":0.09929788,"exit_reason":"roi","initial_stop_loss_abs":2211.64,"initial_stop_loss_ratio":-0.02,"stop_loss_abs":2211.64,"stop_loss_ratio":-0.02,"min_rate":2254.2,"max_rate":2287.09,"is_open":false,"enter_tag":"","leverage":1.0,"is_short":false,"open_timestamp":1750699320000,"close_timestamp":1750700340000,"orders":[{"amount":0.0044,"safe_price":2256.77,"ft_order_side":"buy","order_filled_timestamp":1750699320000,"ft_is_entry":true,"ft_order_tag":"","cost":9.939717788},{"amount":0.0044,"safe_price":2283.8783483483485,"ft_order_side":"sell","order_filled_timestamp":1750700340000,"ft_is_entry":false,"ft_order_tag":"roi","cost":10.059113797465466}]},{"pair":"ETH/USDT","stake_amount":9.805333,"max_stake_amount":9.805333,"amount":0.0043,"open_date":"2025-06-23 17:40:00+00:00","close_date":"2025-06-23 18:10:00+00:00","open_rate":2280.31,"close_rate":2296.2881481481477,"fee_open":0.001,"fee_close":0.001,"trade_duration":30,"profit_ratio":0.004995004485587824,"profit_abs":0.04902666,"exit_reason":"roi","initial_stop_loss_abs":2234.71,"initial_stop_loss_ratio":-0.02,"stop_loss_abs":2234.71,"stop_loss_ratio":-0.02,"min_rate":2262.74,"max_rate":2303.86,"is_open":false,"enter_tag":"","leverage":1.0,"is_short":false,"open_timestamp":1750700400000,"close_timestamp":1750702200000,"orders":[{"amount":0.0043,"safe_price":2280.31,"ft_order_side":"buy","order_filled_timestamp":1750700400000,"ft_is_entry":true,"ft_order_tag":"","cost":9.815138332999998},{"amount":0.0043,"safe_price":2296.2881481481477,"ft_order_side":"sell","order_filled_timestamp":1750702200000,"ft_is_entry":false,"ft_order_tag":"roi","cost":9.883913076074071}]},{"pair":"ETH/USDT","stake_amount":9.866221,"max_stake_amount":9.866221,"amount":0.0043,"open_date":"2025-06-23 18:11:00+00:00","close_date":"2025-06-23 19:01:00+00:00","open_rate":2294.47,"close_rate":2310.547367367367,"fee_open":0.001,"fee_close":0.001,"trade_duration":50,"profit_ratio":0.004995004488731621,"profit_abs":0.0493311,"exit_reason":"roi","initial_stop_loss_abs":2248.59,"initial_stop_loss_ratio":-0.02,"stop_loss_abs":2248.59,"stop_loss_ratio":-0.02,"min_rate":2282.6,"max_rate":2312.88,"is_open":false,"enter_tag":"","leverage":1.0,"is_short":false,"open_timestamp":1750702260000,"close_timestamp":1750705260000,"orders":[{"amount":0.0043,"safe_price":2294.47,"ft_order_side":"buy","order_filled_timestamp":1750702260000,"ft_is_entry":true,"ft_order_tag":"","cost":9.876087220999999},{"amount":0.0043,"safe_price":2310.547367367367,"ft_order_side":"sell","order_filled_timestamp":1750705260000,"ft_is_entry":false,"ft_order_tag":"roi","cost":9.945289033359355}]},{"pair":"ETH/USDT","stake_amount":9.922508,"max_stake_amount":9.922508,"amount":0.0043,"open_date":"2025-06-23 19:02:00+00:00","close_date":"2025-06-23 19:37:00+00:00","open_rate":2307.56,"close_rate":2323.729089089089,"fee_open":0.001,"fee_close":0.001,"trade_duration":35,"profit_ratio":0.004995004995004995,"profit_abs":0.04961254,"exit_reason":"roi","initial_stop_loss_abs":2261.41,"initial_stop_loss_ratio":-0.02,"stop_loss_abs":2261.41,"stop_loss_ratio":-0.02,"min_rate":2295.5,"max_rate":2325.16,"is_open":false,"enter_tag":"","leverage":1.0,"is_short":false,"open_timestamp":1750705320000,"close_timestamp":1750707420000,"orders":[{"amount":0.0043,"safe_price":2307.56,"ft_order_side":"buy","order_filled_timestamp":1750705320000,"ft_is_entry":true,"ft_order_tag":"","cost":9.932430508},{"amount":0.0043,"safe_price":2323.729089089089,"ft_order_side":"sell","order_filled_timestamp":1750707420000,"ft_is_entry":false,"ft_order_tag":"roi","cost":10.002027118166165}]},{"pair":"ETH/USDT","stake_amount":9.972388,"max_stake_amount":9.972388,"amount":0.0043,"open_date":"2025-06-23 19:38:00+00:00","close_date":"2025-06-23 20:11:00+00:00","open_rate":2319.16,"close_rate":2335.41037037037,"fee_open":0.001,"fee_close":0.001,"trade_duration":33,"profit_ratio":0.004995004995004995,"profit_abs":0.04986194,"exit_reason":"roi","initial_stop_loss_abs":2272.78,"initial_stop_loss_ratio":-0.02,"stop_loss_abs":2272.78,"stop_loss_ratio":-0.02,"min_rate":2299.97,"max_rate":2337.0,"is_open":false,"enter_tag":"","leverage":1.0,"is_short":false,"open_timestamp":1750707480000,"close_timestamp":1750709460000,"orders":[{"amount":0.0043,"safe_price":2319.16,"ft_order_side":"buy","order_filled_timestamp":1750707480000,"ft_is_entry":true,"ft_order_tag":"","cost":9.982360387999998},{"amount":0.0043,"safe_price":2335.41037037037,"ft_order_side":"sell","order_filled_timestamp":1750709460000,"ft_is_entry":false,"ft_order_tag":"roi","cost":10.052306857185183}]},{"pair":"BTC/USDT","stake_amount":9.236826,"max_stake_amount":9.236826,"amount":9e-05,"open_date":"2025-06-23 17:38:00+00:00","close_date":"2025-06-23 20:12:00+00:00","open_rate":102631.4,"close_rate":103350.53893893892,"fee_open":0.001,"fee_close":0.001,"trade_duration":154,"profit_ratio":0.004995004995004995,"profit_abs":0.04618413,"exit_reason":"roi","initial_stop_loss_abs":100578.78,"initial_stop_loss_ratio":-0.02,"stop_loss_abs":100578.78,"stop_loss_ratio":-0.02,"min_rate":102012.0,"max_rate":103357.28,"is_open":false,"enter_tag":"","leverage":1.0,"is_short":false,"open_timestamp":1750700280000,"close_timestamp":1750709520000,"orders":[{"amount":9e-05,"safe_price":102631.4,"ft_order_side":"buy","order_filled_timestamp":1750700280000,"ft_is_entry":true,"ft_order_tag":"","cost":9.246062826},{"amount":9e-05,"safe_price":103350.53893893892,"ft_order_side":"sell","order_filled_timestamp":1750709520000,"ft_is_entry":false,"ft_order_tag":"roi","cost":9.310850053009005}]},{"pair":"ETH/USDT","stake_amount":9.788058,"max_stake_amount":9.788058,"amount":0.0042,"open_date":"2025-06-23 20:12:00+00:00","close_date":"2025-06-23 20:27:00+00:00","open_rate":2330.49,"close_rate":2364.34,"fee_open":0.001,"fee_close":0.001,"trade_duration":15,"profit_ratio":0.012497819344693363,"profit_abs":0.12245171,"exit_reason":"roi","initial_stop_loss_abs":2283.89,"initial_stop_loss_ratio":-0.02,"stop_loss_abs":2283.89,"stop_loss_ratio":-0.02,"min_rate":2330.17,"max_rate":2379.79,"is_open":false,"enter_tag":"","leverage":1.0,"is_short":false,"open_timestamp":1750709520000,"close_timestamp":1750710420000,"orders":[{"amount":0.0042,"safe_price":2330.49,"ft_order_side":"buy","order_filled_timestamp":1750709520000,"ft_is_entry":true,"ft_order_tag":"","cost":9.797846057999996},{"amount":0.0042,"safe_price":2364.34,"ft_order_side":"sell","order_filled_timestamp":1750710420000,"ft_is_entry":false,"ft_order_tag":"roi","cost":9.940158227999998}]},{"pair":"BTC/USDT","stake_amount":9.2996154,"max_stake_amount":9.2996154,"amount":9e-05,"open_date":"2025-06-23 20:13:00+00:00","close_date":"2025-06-23 21:15:00+00:00","open_rate":103329.06,"close_rate":104053.08744744744,"fee_open":0.001,"fee_close":0.001,"trade_duration":62,"profit_ratio":0.004995005317276709,"profit_abs":0.04649808,"exit_reason":"roi","initial_stop_loss_abs":101262.48,"initial_stop_loss_ratio":-0.02,"stop_loss_abs":101262.48,"stop_loss_ratio":-0.02,"min_rate":103301.42,"max_rate":104170.0,"is_open":false,"enter_tag":"","leverage":1.0,"is_short":false,"open_timestamp":1750709580000,"close_timestamp":1750713300000,"orders":[{"amount":9e-05,"safe_price":103329.06,"ft_order_side":"buy","order_filled_timestamp":1750709580000,"ft_is_entry":true,"ft_order_tag":"","cost":9.3089150154},{"amount":9e-05,"safe_price":104053.08744744744,"ft_order_side":"sell","order_filled_timestamp":1750713300000,"ft_is_entry":false,"ft_order_tag":"roi","cost":9.37414264814054}]},{"pair":"ETH/USDT","stake_amount":9.93636,"max_stake_amount":9.93636,"amount":0.0042,"open_date":"2025-06-23 20:28:00+00:00","close_date":"2025-06-23 22:08:00+00:00","open_rate":2365.8,"close_rate":2382.377177177177,"fee_open":0.001,"fee_close":0.001,"trade_duration":100,"profit_ratio":0.004995004995004995,"profit_abs":0.0496818,"exit_reason":"roi","initial_stop_loss_abs":2318.49,"initial_stop_loss_ratio":-0.02,"stop_loss_abs":2318.49,"stop_loss_ratio":-0.02,"min_rate":2333.89,"max_rate":2386.67,"is_open":false,"enter_tag":"","leverage":1.0,"is_short":false,"open_timestamp":1750710480000,"close_timestamp":1750716480000,"orders":[{"amount":0.0042,"safe_price":2365.8,"ft_order_side":"buy","order_filled_timestamp":1750710480000,"ft_is_entry":true,"ft_order_tag":"","cost":9.94629636},{"amount":0.0042,"safe_price":2382.377177177177,"ft_order_side":"sell","order_filled_timestamp":1750716480000,"ft_is_entry":false,"ft_order_tag":"roi","cost":10.015990128288287}]},{"pair":"BTC/USDT","stake_amount":9.3752991,"max_stake_amount":9.3752991,"amount":9e-05,"open_date":"2025-06-23 21:16:00+00:00","close_date":"2025-06-23 22:09:00+00:00","open_rate":104169.99,"close_rate":104899.90984984985,"fee_open":0.001,"fee_close":0.001,"trade_duration":53,"profit_ratio":0.004995005474510177,"profit_abs":0.0468765,"exit_reason":"roi","initial_stop_loss_abs":102086.6,"initial_stop_loss_ratio":-0.02,"stop_loss_abs":102086.6,"stop_loss_ratio":-0.02,"min_rate":103624.19,"max_rate":105125.0,"is_open":false,"enter_tag":"","leverage":1.0,"is_short":false,"open_timestamp":1750713360000,"close_timestamp":1750716540000,"orders":[{"amount":9e-05,"safe_price":104169.99,"ft_order_side":"buy","order_filled_timestamp":1750713360000,"ft_is_entry":true,"ft_order_tag":"","cost":9.3846743991},{"amount":9e-05,"safe_price":104899.90984984985,"ft_order_side":"sell","order_filled_timestamp":1750716540000,"ft_is_entry":false,"ft_order_tag":"roi","cost":9.450432878372972}]},{"pair":"ETH/USDT","stake_amount":9.76497,"max_stake_amount":9.76497,"amount":0.0041,"open_date":"2025-06-23 22:09:00+00:00","close_date":"2025-06-23 22:24:00+00:00","open_rate":2381.7,"close_rate":2415.48,"fee_open":0.001,"fee_close":0.001,"trade_duration":15,"profit_ratio":0.012156806334361411,"profit_abs":0.11882956,"exit_reason":"roi","initial_stop_loss_abs":2334.07,"initial_stop_loss_ratio":-0.02,"stop_loss_abs":2334.07,"stop_loss_ratio":-0.02,"min_rate":2381.32,"max_rate":2438.68,"is_open":false,"enter_tag":"","leverage":1.0,"is_short":false,"open_timestamp":1750716540000,"close_timestamp":1750717440000,"orders":[{"amount":0.0041,"safe_price":2381.7,"ft_order_side":"buy","order_filled_timestamp":1750716540000,"ft_is_entry":true,"ft_order_tag":"","cost":9.774734969999999},{"amount":0.0041,"safe_price":2415.48,"ft_order_side":"sell","order_filled_timestamp":1750717440000,"ft_is_entry":false,"ft_order_tag":"roi","cost":9.913371468}]},{"pair":"BTC/USDT","stake_amount":9.4549824,"max_stake_amount":9.4549824,"amount":9e-05,"open_date":"2025-06-23 22:10:00+00:00","close_date":"2025-06-24 06:48:00+00:00","open_rate":105055.36,"close_rate":105791.48364364363,"fee_open":0.001,"fee_close":0.001,"trade_duration":518,"profit_ratio":0.004995004783687627,"profit_abs":0.04727491,"exit_reason":"roi","initial_stop_loss_abs":102954.26,"initial_stop_loss_ratio":-0.02,"stop_loss_abs":102954.26,"stop_loss_ratio":-0.02,"min_rate":104704.91,"max_rate":106074.2,"is_open":false,"enter_tag":"","leverage":1.0,"is_short":false,"open_timestamp":1750716600000,"close_timestamp":1750747680000,"orders":[{"amount":9e-05,"safe_price":105055.36,"ft_order_side":"buy","order_filled_timestamp":1750716600000,"ft_is_entry":true,"ft_order_tag":"","cost":9.4644373824},{"amount":9e-05,"safe_price":105791.48364364363,"ft_order_side":"sell","order_filled_timestamp":1750747680000,"ft_is_entry":false,"ft_order_tag":"roi","cost":9.530754761455855}]},{"pair":"ETH/USDT","stake_amount":9.954349,"max_stake_amount":9.954349,"amount":0.0041,"open_date":"2025-06-23 22:25:00+00:00","close_date":"2025-06-24 08:17:00+00:00","open_rate":2427.89,"close_rate":2379.34,"fee_open":0.001,"fee_close":0.001,"trade_duration":592,"profit_ratio":-0.021954835409738388,"profit_abs":-0.21876464,"exit_reason":"stop_loss","initial_stop_loss_abs":2379.34,"initial_stop_loss_ratio":-0.02,"stop_loss_abs":2379.34,"stop_loss_ratio":-0.02,"min_rate":2377.37,"max_rate":2434.82,"is_open":false,"enter_tag":"","leverage":1.0,"is_short":false,"open_timestamp":1750717500000,"close_timestamp":1750753020000,"orders":[{"amount":0.0041,"safe_price":2427.89,"ft_order_side":"buy","order_filled_timestamp":1750717500000,"ft_is_entry":true,"ft_order_tag":"","cost":9.964303349},{"amount":0.0041,"safe_price":2379.34,"ft_order_side":"sell","order_filled_timestamp":1750753020000,"ft_is_entry":false,"ft_order_tag":"stop_loss","cost":9.765049294}]},{"pair":"ETH/USDT","stake_amount":9.77604,"max_stake_amount":9.77604,"amount":0.0041,"open_date":"2025-06-24 08:20:00+00:00","close_date":"2025-06-24 08:50:00+00:00","open_rate":2384.4,"close_rate":2401.71,"fee_open":0.001,"fee_close":0.001,"trade_duration":30,"profit_ratio":0.005247181204930969,"profit_abs":0.05134795,"exit_reason":"roi","initial_stop_loss_abs":2336.72,"initial_stop_loss_ratio":-0.02,"stop_loss_abs":2336.72,"stop_loss_ratio":-0.02,"min_rate":2383.0,"max_rate":2412.43,"is_open":false,"enter_tag":"","leverage":1.0,"is_short":false,"open_timestamp":1750753200000,"close_timestamp":1750755000000,"orders":[{"amount":0.0041,"safe_price":2384.4,"ft_order_side":"buy","order_filled_timestamp":1750753200000,"ft_is_entry":true,"ft_order_tag":"","cost":9.78581604},{"amount":0.0041,"safe_price":2401.71,"ft_order_side":"sell","order_filled_timestamp":1750755000000,"ft_is_entry":false,"ft_order_tag":"roi","cost":9.856858011}]},{"pair":"ETH/USDT","stake_amount":9.850865,"max_stake_amount":9.850865,"amount":0.0041,"open_date":"2025-06-24 08:51:00+00:00","close_date":"2025-06-24 09:24:00+00:00","open_rate":2402.65,"close_rate":2419.485385385385,"fee_open":0.001,"fee_close":0.001,"trade_duration":33,"profit_ratio":0.004995004487942417,"profit_abs":0.04925432,"exit_reason":"roi","initial_stop_loss_abs":2354.6,"initial_stop_loss_ratio":-0.02,"stop_loss_abs":2354.6,"stop_loss_ratio":-0.02,"min_rate":2398.99,"max_rate":2419.83,"is_open":false,"enter_tag":"","leverage":1.0,"is_short":false,"open_timestamp":1750755060000,"close_timestamp":1750757040000,"orders":[{"amount":0.0041,"safe_price":2402.65,"ft_order_side":"buy","order_filled_timestamp":1750755060000,"ft_is_entry":true,"ft_order_tag":"","cost":9.860715865},{"amount":0.0041,"safe_price":2419.485385385385,"ft_order_side":"sell","order_filled_timestamp":1750757040000,"ft_is_entry":false,"ft_order_tag":"roi","cost":9.929809970160159}]},{"pair":"ETH/USDT","stake_amount":9.915686,"max_stake_amount":9.915686,"amount":0.0041,"open_date":"2025-06-24 09:25:00+00:00","close_date":"2025-06-24 14:16:00+00:00","open_rate":2418.46,"close_rate":2435.406166166166,"fee_open":0.001,"fee_close":0.001,"trade_duration":291,"profit_ratio":0.004995004995004995,"profit_abs":0.04957843,"exit_reason":"roi","initial_stop_loss_abs":2370.1,"initial_stop_loss_ratio":-0.02,"stop_loss_abs":2370.1,"stop_loss_ratio":-0.02,"min_rate":2397.72,"max_rate":2449.14,"is_open":false,"enter_tag":"","leverage":1.0,"is_short":false,"open_timestamp":1750757100000,"close_timestamp":1750774560000,"orders":[{"amount":0.0041,"safe_price":2418.46,"ft_order_side":"buy","order_filled_timestamp":1750757100000,"ft_is_entry":true,"ft_order_tag":"","cost":9.925601686},{"amount":0.0041,"safe_price":2435.406166166166,"ft_order_side":"sell","order_filled_timestamp":1750774560000,"ft_is_entry":false,"ft_order_tag":"roi","cost":9.995150446562562}]},{"pair":"ETH/USDT","stake_amount":9.972348,"max_stake_amount":9.972348,"amount":0.0041,"open_date":"2025-06-24 14:17:00+00:00","close_date":"2025-06-24 15:52:00+00:00","open_rate":2432.28,"close_rate":2449.3230030030027,"fee_open":0.001,"fee_close":0.001,"trade_duration":95,"profit_ratio":0.004995004995004995,"profit_abs":0.04986174,"exit_reason":"roi","initial_stop_loss_abs":2383.64,"initial_stop_loss_ratio":-0.02,"stop_loss_abs":2383.64,"stop_loss_ratio":-0.02,"min_rate":2425.01,"max_rate":2454.73,"is_open":false,"enter_tag":"","leverage":1.0,"is_short":false,"open_timestamp":1750774620000,"close_timestamp":1750780320000,"orders":[{"amount":0.0041,"safe_price":2432.28,"ft_order_side":"buy","order_filled_timestamp":1750774620000,"ft_is_entry":true,"ft_order_tag":"","cost":9.982320348},{"amount":0.0041,"safe_price":2449.3230030030027,"ft_order_side":"sell","order_filled_timestamp":1750780320000,"ft_is_entry":false,"ft_order_tag":"roi","cost":10.052266536624623}]},{"pair":"ETH/USDT","stake_amount":9.76328,"max_stake_amount":9.76328,"amount":0.004,"open_date":"2025-06-24 15:53:00+00:00","close_date":"2025-06-24 16:43:00+00:00","open_rate":2440.82,"close_rate":2457.922842842843,"fee_open":0.001,"fee_close":0.001,"trade_duration":50,"profit_ratio":0.004995004995004996,"profit_abs":0.0488164,"exit_reason":"roi","initial_stop_loss_abs":2392.01,"initial_stop_loss_ratio":-0.02,"stop_loss_abs":2392.01,"stop_loss_ratio":-0.02,"min_rate":2434.09,"max_rate":2475.0,"is_open":false,"enter_tag":"","leverage":1.0,"is_short":false,"open_timestamp":1750780380000,"close_timestamp":1750783380000,"orders":[{"amount":0.004,"safe_price":2440.82,"ft_order_side":"buy","order_filled_timestamp":1750780380000,"ft_is_entry":true,"ft_order_tag":"","cost":9.773043280000001},{"amount":0.004,"safe_price":2457.922842842843,"ft_order_side":"sell","order_filled_timestamp":1750783380000,"ft_is_entry":false,"ft_order_tag":"roi","cost":9.841523062742743}]},{"pair":"BTC/USDT","stake_amount":9.5220306,"max_stake_amount":9.5220306,"amount":9e-05,"open_date":"2025-06-24 06:49:00+00:00","close_date":"2025-06-25 01:18:00+00:00","open_rate":105800.34,"close_rate":106541.6837237237,"fee_open":0.001,"fee_close":0.001,"trade_duration":1109,"profit_ratio":0.00499500468026089,"profit_abs":0.04761015,"exit_reason":"roi","initial_stop_loss_abs":103684.34,"initial_stop_loss_ratio":-0.02,"stop_loss_abs":103684.34,"stop_loss_ratio":-0.02,"min_rate":104622.02,"max_rate":106616.01,"is_open":false,"enter_tag":"","leverage":1.0,"is_short":false,"open_timestamp":1750747740000,"close_timestamp":1750814280000,"orders":[{"amount":9e-05,"safe_price":105800.34,"ft_order_side":"buy","order_filled_timestamp":1750747740000,"ft_is_entry":true,"ft_order_tag":"","cost":9.5315526306},{"amount":9e-05,"safe_price":106541.6837237237,"ft_order_side":"sell","order_filled_timestamp":1750814280000,"ft_is_entry":false,"ft_order_tag":"roi","cost":9.598340286670268}]},{"pair":"ETH/USDT","stake_amount":9.85344,"max_stake_amount":9.85344,"amount":0.004,"open_date":"2025-06-24 16:44:00+00:00","close_date":"2025-06-25 09:40:00+00:00","open_rate":2463.36,"close_rate":2414.1,"fee_open":0.001,"fee_close":0.001,"trade_duration":1016,"profit_ratio":-0.021955124960775778,"profit_abs":-0.21654984,"exit_reason":"stop_loss","initial_stop_loss_abs":2414.1,"initial_stop_loss_ratio":-0.02,"stop_loss_abs":2414.1,"stop_loss_ratio":-0.02,"min_rate":2412.11,"max_rate":2482.04,"is_open":false,"enter_tag":"","leverage":1.0,"is_short":false,"open_timestamp":1750783440000,"close_timestamp":1750844400000,"orders":[{"amount":0.004,"safe_price":2463.36,"ft_order_side":"buy","order_filled_timestamp":1750783440000,"ft_is_entry":true,"ft_order_tag":"","cost":9.86329344},{"amount":0.004,"safe_price":2414.1,"ft_order_side":"sell","order_filled_timestamp":1750844400000,"ft_is_entry":false,"ft_order_tag":"stop_loss","cost":9.666056399999999}]},{"pair":"BTC/USDT","stake_amount":9.5796243,"max_stake_amount":9.5796243,"amount":9e-05,"open_date":"2025-06-25 01:19:00+00:00","close_date":"2025-06-25 11:44:00+00:00","open_rate":106440.27,"close_rate":107186.09771771771,"fee_open":0.001,"fee_close":0.001,"trade_duration":625,"profit_ratio":0.00499500483857908,"profit_abs":0.04789812,"exit_reason":"roi","initial_stop_loss_abs":104311.47,"initial_stop_loss_ratio":-0.02,"stop_loss_abs":104311.47,"stop_loss_ratio":-0.02,"min_rate":106001.0,"max_rate":107198.45,"is_open":false,"enter_tag":"","leverage":1.0,"is_short":false,"open_timestamp":1750814340000,"close_timestamp":1750851840000,"orders":[{"amount":9e-05,"safe_price":106440.27,"ft_order_side":"buy","order_filled_timestamp":1750814340000,"ft_is_entry":true,"ft_order_tag":"","cost":9.5892039243},{"amount":9e-05,"safe_price":107186.09771771771,"ft_order_side":"sell","order_filled_timestamp":1750851840000,"ft_is_entry":false,"ft_order_tag":"roi","cost":9.65639554338919}]},{"pair":"ETH/USDT","stake_amount":9.922451,"max_stake_amount":9.922451,"amount":0.0041,"open_date":"2025-06-25 09:52:00+00:00","close_date":"2025-06-25 13:15:00+00:00","open_rate":2420.11,"close_rate":2437.0677277277277,"fee_open":0.001,"fee_close":0.001,"trade_duration":203,"profit_ratio":0.004995004491600645,"profit_abs":0.04961225,"exit_reason":"roi","initial_stop_loss_abs":2371.71,"initial_stop_loss_ratio":-0.02,"stop_loss_abs":2371.71,"stop_loss_ratio":-0.02,"min_rate":2413.15,"max_rate":2438.97,"is_open":false,"enter_tag":"","leverage":1.0,"is_short":false,"open_timestamp":1750845120000,"close_timestamp":1750857300000,"orders":[{"amount":0.0041,"safe_price":2420.11,"ft_order_side":"buy","order_filled_timestamp":1750845120000,"ft_is_entry":true,"ft_order_tag":"","cost":9.932373451},{"amount":0.0041,"safe_price":2437.0677277277277,"ft_order_side":"sell","order_filled_timestamp":1750857300000,"ft_is_entry":false,"ft_order_tag":"roi","cost":10.001969661367367}]},{"pair":"BTC/USDT","stake_amount":9.6468183,"max_stake_amount":9.6468183,"amount":9e-05,"open_date":"2025-06-25 11:45:00+00:00","close_date":"2025-06-25 13:43:00+00:00","open_rate":107186.87,"close_rate":107937.92914914913,"fee_open":0.001,"fee_close":0.001,"trade_duration":118,"profit_ratio":0.00499500483966865,"profit_abs":0.04823409,"exit_reason":"roi","initial_stop_loss_abs":105043.14,"initial_stop_loss_ratio":-0.02,"stop_loss_abs":105043.14,"stop_loss_ratio":-0.02,"min_rate":106927.8,"max_rate":107979.39,"is_open":false,"enter_tag":"","leverage":1.0,"is_short":false,"open_timestamp":1750851900000,"close_timestamp":1750858980000,"orders":[{"amount":9e-05,"safe_price":107186.87,"ft_order_side":"buy","order_filled_timestamp":1750851900000,"ft_is_entry":true,"ft_order_tag":"","cost":9.656465118299998},{"amount":9e-05,"safe_price":107937.92914914913,"ft_order_side":"sell","order_filled_timestamp":1750858980000,"ft_is_entry":false,"ft_order_tag":"roi","cost":9.724128037046844}]},{"pair":"ETH/USDT","stake_amount":9.98473,"max_stake_amount":9.98473,"amount":0.0041,"open_date":"2025-06-25 13:16:00+00:00","close_date":"2025-06-25 21:03:00+00:00","open_rate":2435.3,"close_rate":2452.364164164164,"fee_open":0.001,"fee_close":0.001,"trade_duration":467,"profit_ratio":0.004995004995004995,"profit_abs":0.04992365,"exit_reason":"roi","initial_stop_loss_abs":2386.6,"initial_stop_loss_ratio":-0.02,"stop_loss_abs":2386.6,"stop_loss_ratio":-0.02,"min_rate":2389.69,"max_rate":2454.98,"is_open":false,"enter_tag":"","leverage":1.0,"is_short":false,"open_timestamp":1750857360000,"close_timestamp":1750885380000,"orders":[{"amount":0.0041,"safe_price":2435.3,"ft_order_side":"buy","order_filled_timestamp":1750857360000,"ft_is_entry":true,"ft_order_tag":"","cost":9.99471473},{"amount":0.0041,"safe_price":2452.364164164164,"ft_order_side":"sell","order_filled_timestamp":1750885380000,"ft_is_entry":false,"ft_order_tag":"roi","cost":10.064747766146144}]},{"pair":"ETH/USDT","stake_amount":9.81404,"max_stake_amount":9.81404,"amount":0.004,"open_date":"2025-06-25 21:04:00+00:00","close_date":"2025-06-26 01:34:00+00:00","open_rate":2453.51,"close_rate":2470.7017617617616,"fee_open":0.001,"fee_close":0.001,"trade_duration":270,"profit_ratio":0.004995004995004995,"profit_abs":0.0490702,"exit_reason":"roi","initial_stop_loss_abs":2404.44,"initial_stop_loss_ratio":-0.02,"stop_loss_abs":2404.44,"stop_loss_ratio":-0.02,"min_rate":2408.02,"max_rate":2474.87,"is_open":false,"enter_tag":"","leverage":1.0,"is_short":false,"open_timestamp":1750885440000,"close_timestamp":1750901640000,"orders":[{"amount":0.004,"safe_price":2453.51,"ft_order_side":"buy","order_filled_timestamp":1750885440000,"ft_is_entry":true,"ft_order_tag":"","cost":9.823854039999999},{"amount":0.004,"safe_price":2470.7017617617616,"ft_order_side":"sell","order_filled_timestamp":1750901640000,"ft_is_entry":false,"ft_order_tag":"roi","cost":9.892689854094092}]},{"pair":"ETH/USDT","stake_amount":9.85792,"max_stake_amount":9.85792,"amount":0.004,"open_date":"2025-06-26 01:35:00+00:00","close_date":"2025-06-26 02:53:00+00:00","open_rate":2464.48,"close_rate":2481.7486286286285,"fee_open":0.001,"fee_close":0.001,"trade_duration":78,"profit_ratio":0.004995004995004995,"profit_abs":0.0492896,"exit_reason":"roi","initial_stop_loss_abs":2415.2,"initial_stop_loss_ratio":-0.02,"stop_loss_abs":2415.2,"stop_loss_ratio":-0.02,"min_rate":2450.55,"max_rate":2500.0,"is_open":false,"enter_tag":"","leverage":1.0,"is_short":false,"open_timestamp":1750901700000,"close_timestamp":1750906380000,"orders":[{"amount":0.004,"safe_price":2464.48,"ft_order_side":"buy","order_filled_timestamp":1750901700000,"ft_is_entry":true,"ft_order_tag":"","cost":9.867777919999998},{"amount":0.004,"safe_price":2481.7486286286285,"ft_order_side":"sell","order_filled_timestamp":1750906380000,"ft_is_entry":false,"ft_order_tag":"roi","cost":9.936921509029027}]},{"pair":"ETH/USDT","stake_amount":9.99604,"max_stake_amount":9.99604,"amount":0.004,"open_date":"2025-06-26 02:54:00+00:00","close_date":"2025-06-26 10:53:00+00:00","open_rate":2499.01,"close_rate":2449.03,"fee_open":0.001,"fee_close":0.001,"trade_duration":479,"profit_ratio":-0.021957962086252888,"profit_abs":-0.21971216,"exit_reason":"stop_loss","initial_stop_loss_abs":2449.03,"initial_stop_loss_ratio":-0.02,"stop_loss_abs":2449.03,"stop_loss_ratio":-0.02,"min_rate":2448.0,"max_rate":2520.92,"is_open":false,"enter_tag":"","leverage":1.0,"is_short":false,"open_timestamp":1750906440000,"close_timestamp":1750935180000,"orders":[{"amount":0.004,"safe_price":2499.01,"ft_order_side":"buy","order_filled_timestamp":1750906440000,"ft_is_entry":true,"ft_order_tag":"","cost":10.00603604},{"amount":0.004,"safe_price":2449.03,"ft_order_side":"sell","order_filled_timestamp":1750935180000,"ft_is_entry":false,"ft_order_tag":"stop_loss","cost":9.80591612}]},{"pair":"ETH/USDT","stake_amount":9.81036,"max_stake_amount":9.81036,"amount":0.004,"open_date":"2025-06-26 10:58:00+00:00","close_date":"2025-06-26 21:34:00+00:00","open_rate":2452.59,"close_rate":2403.54,"fee_open":0.001,"fee_close":0.001,"trade_duration":636,"profit_ratio":-0.02195730950639027,"profit_abs":-0.21562452,"exit_reason":"stop_loss","initial_stop_loss_abs":2403.54,"initial_stop_loss_ratio":-0.02,"stop_loss_abs":2403.54,"stop_loss_ratio":-0.02,"min_rate":2396.42,"max_rate":2459.49,"is_open":false,"enter_tag":"","leverage":1.0,"is_short":false,"open_timestamp":1750935480000,"close_timestamp":1750973640000,"orders":[{"amount":0.004,"safe_price":2452.59,"ft_order_side":"buy","order_filled_timestamp":1750935480000,"ft_is_entry":true,"ft_order_tag":"","cost":9.82017036},{"amount":0.004,"safe_price":2403.54,"ft_order_side":"sell","order_filled_timestamp":1750973640000,"ft_is_entry":false,"ft_order_tag":"stop_loss","cost":9.623774159999998}]},{"pair":"ETH/USDT","stake_amount":9.887765,"max_stake_amount":9.887765,"amount":0.0041,"open_date":"2025-06-26 21:44:00+00:00","close_date":"2025-06-27 01:40:00+00:00","open_rate":2411.65,"close_rate":2428.548448448448,"fee_open":0.001,"fee_close":0.001,"trade_duration":236,"profit_ratio":0.004995004489834717,"profit_abs":0.04943882,"exit_reason":"roi","initial_stop_loss_abs":2363.42,"initial_stop_loss_ratio":-0.02,"stop_loss_abs":2363.42,"stop_loss_ratio":-0.02,"min_rate":2382.53,"max_rate":2428.9,"is_open":false,"enter_tag":"","leverage":1.0,"is_short":false,"open_timestamp":1750974240000,"close_timestamp":1750988400000,"orders":[{"amount":0.0041,"safe_price":2411.65,"ft_order_side":"buy","order_filled_timestamp":1750974240000,"ft_is_entry":true,"ft_order_tag":"","cost":9.897652765},{"amount":0.0041,"safe_price":2428.548448448448,"ft_order_side":"sell","order_filled_timestamp":1750988400000,"ft_is_entry":false,"ft_order_tag":"roi","cost":9.967005687277277}]},{"pair":"ETH/USDT","stake_amount":9.95562,"max_stake_amount":9.95562,"amount":0.0041,"open_date":"2025-06-27 01:41:00+00:00","close_date":"2025-06-27 03:45:00+00:00","open_rate":2428.2,"close_rate":2445.214414414414,"fee_open":0.001,"fee_close":0.001,"trade_duration":124,"profit_ratio":0.004995004995004995,"profit_abs":0.0497781,"exit_reason":"roi","initial_stop_loss_abs":2379.64,"initial_stop_loss_ratio":-0.02,"stop_loss_abs":2379.64,"stop_loss_ratio":-0.02,"min_rate":2423.68,"max_rate":2445.97,"is_open":false,"enter_tag":"","leverage":1.0,"is_short":false,"open_timestamp":1750988460000,"close_timestamp":1750995900000,"orders":[{"amount":0.0041,"safe_price":2428.2,"ft_order_side":"buy","order_filled_timestamp":1750988460000,"ft_is_entry":true,"ft_order_tag":"","cost":9.96557562},{"amount":0.0041,"safe_price":2445.214414414414,"ft_order_side":"sell","order_filled_timestamp":1750995900000,"ft_is_entry":false,"ft_order_tag":"roi","cost":10.035404478198195}]},{"pair":"ETH/USDT","stake_amount":9.7804,"max_stake_amount":9.7804,"amount":0.004,"open_date":"2025-06-27 03:46:00+00:00","close_date":"2025-06-27 08:47:00+00:00","open_rate":2445.1,"close_rate":2462.2328328328326,"fee_open":0.001,"fee_close":0.001,"trade_duration":301,"profit_ratio":0.004995004995004995,"profit_abs":0.048902,"exit_reason":"roi","initial_stop_loss_abs":2396.2,"initial_stop_loss_ratio":-0.02,"stop_loss_abs":2396.2,"stop_loss_ratio":-0.02,"min_rate":2434.63,"max_rate":2463.54,"is_open":false,"enter_tag":"","leverage":1.0,"is_short":false,"open_timestamp":1750995960000,"close_timestamp":1751014020000,"orders":[{"amount":0.004,"safe_price":2445.1,"ft_order_side":"buy","order_filled_timestamp":1750995960000,"ft_is_entry":true,"ft_order_tag":"","cost":9.790180399999999},{"amount":0.004,"safe_price":2462.2328328328326,"ft_order_side":"sell","order_filled_timestamp":1751014020000,"ft_is_entry":false,"ft_order_tag":"roi","cost":9.85878026266266}]},{"pair":"ETH/USDT","stake_amount":9.83088,"max_stake_amount":9.83088,"amount":0.004,"open_date":"2025-06-27 08:48:00+00:00","close_date":"2025-06-27 17:44:00+00:00","open_rate":2457.72,"close_rate":2408.57,"fee_open":0.001,"fee_close":0.001,"trade_duration":536,"profit_ratio":-0.021956255257851862,"profit_abs":-0.21606516,"exit_reason":"stop_loss","initial_stop_loss_abs":2408.57,"initial_stop_loss_ratio":-0.02,"stop_loss_abs":2408.57,"stop_loss_ratio":-0.02,"min_rate":2404.79,"max_rate":2463.3,"is_open":false,"enter_tag":"","leverage":1.0,"is_short":false,"open_timestamp":1751014080000,"close_timestamp":1751046240000,"orders":[{"amount":0.004,"safe_price":2457.72,"ft_order_side":"buy","order_filled_timestamp":1751014080000,"ft_is_entry":true,"ft_order_tag":"","cost":9.840710879999998},{"amount":0.004,"safe_price":2408.57,"ft_order_side":"sell","order_filled_timestamp":1751046240000,"ft_is_entry":false,"ft_order_tag":"stop_loss","cost":9.643914279999999}]},{"pair":"ETH/USDT","stake_amount":9.865092,"max_stake_amount":9.865092,"amount":0.0041,"open_date":"2025-06-27 17:54:00+00:00","close_date":"2025-06-27 20:22:00+00:00","open_rate":2406.12,"close_rate":2422.9796996996993,"fee_open":0.001,"fee_close":0.001,"trade_duration":148,"profit_ratio":0.004995004995004995,"profit_abs":0.04932546,"exit_reason":"roi","initial_stop_loss_abs":2358.0,"initial_stop_loss_ratio":-0.02,"stop_loss_abs":2358.0,"stop_loss_ratio":-0.02,"min_rate":2388.29,"max_rate":2426.23,"is_open":false,"enter_tag":"","leverage":1.0,"is_short":false,"open_timestamp":1751046840000,"close_timestamp":1751055720000,"orders":[{"amount":0.0041,"safe_price":2406.12,"ft_order_side":"buy","order_filled_timestamp":1751046840000,"ft_is_entry":true,"ft_order_tag":"","cost":9.874957091999999},{"amount":0.0041,"safe_price":2422.9796996996993,"ft_order_side":"sell","order_filled_timestamp":1751055720000,"ft_is_entry":false,"ft_order_tag":"roi","cost":9.944150985537535}]},{"pair":"ETH/USDT","stake_amount":9.930077,"max_stake_amount":9.930077,"amount":0.0041,"open_date":"2025-06-27 20:23:00+00:00","close_date":"2025-06-28 15:57:00+00:00","open_rate":2421.97,"close_rate":2438.9407607607604,"fee_open":0.001,"fee_close":0.001,"trade_duration":1174,"profit_ratio":0.004995004491987244,"profit_abs":0.04965038,"exit_reason":"roi","initial_stop_loss_abs":2373.54,"initial_stop_loss_ratio":-0.02,"stop_loss_abs":2373.54,"stop_loss_ratio":-0.02,"min_rate":2405.81,"max_rate":2443.0,"is_open":false,"enter_tag":"","leverage":1.0,"is_short":false,"open_timestamp":1751055780000,"close_timestamp":1751126220000,"orders":[{"amount":0.0041,"safe_price":2421.97,"ft_order_side":"buy","order_filled_timestamp":1751055780000,"ft_is_entry":true,"ft_order_tag":"","cost":9.940007076999999},{"amount":0.0041,"safe_price":2438.9407607607604,"ft_order_side":"sell","order_filled_timestamp":1751126220000,"ft_is_entry":false,"ft_order_tag":"roi","cost":10.009656776238238}]},{"pair":"ETH/USDT","stake_amount":9.75692,"max_stake_amount":9.75692,"amount":0.004,"open_date":"2025-06-28 15:58:00+00:00","close_date":"2025-06-29 09:33:00+00:00","open_rate":2439.23,"close_rate":2456.321701701702,"fee_open":0.001,"fee_close":0.001,"trade_duration":1055,"profit_ratio":0.004995004995004995,"profit_abs":0.0487846,"exit_reason":"roi","initial_stop_loss_abs":2390.45,"initial_stop_loss_ratio":-0.02,"stop_loss_abs":2390.45,"stop_loss_ratio":-0.02,"min_rate":2424.65,"max_rate":2456.8,"is_open":false,"enter_tag":"","leverage":1.0,"is_short":false,"open_timestamp":1751126280000,"close_timestamp":1751189580000,"orders":[{"amount":0.004,"safe_price":2439.23,"ft_order_side":"buy","order_filled_timestamp":1751126280000,"ft_is_entry":true,"ft_order_tag":"","cost":9.76667692},{"amount":0.004,"safe_price":2456.321701701702,"ft_order_side":"sell","order_filled_timestamp":1751189580000,"ft_is_entry":false,"ft_order_tag":"roi","cost":9.835112093613613}]},{"pair":"ETH/USDT","stake_amount":9.81672,"max_stake_amount":9.81672,"amount":0.004,"open_date":"2025-06-29 09:34:00+00:00","close_date":"2025-06-29 22:24:00+00:00","open_rate":2454.18,"close_rate":2471.376456456456,"fee_open":0.001,"fee_close":0.001,"trade_duration":770,"profit_ratio":0.004995004995004995,"profit_abs":0.0490836,"exit_reason":"roi","initial_stop_loss_abs":2405.1,"initial_stop_loss_ratio":-0.02,"stop_loss_abs":2405.1,"stop_loss_ratio":-0.02,"min_rate":2412.0,"max_rate":2472.0,"is_open":false,"enter_tag":"","leverage":1.0,"is_short":false,"open_timestamp":1751189640000,"close_timestamp":1751235840000,"orders":[{"amount":0.004,"safe_price":2454.18,"ft_order_side":"buy","order_filled_timestamp":1751189640000,"ft_is_entry":true,"ft_order_tag":"","cost":9.826536719999998},{"amount":0.004,"safe_price":2471.376456456456,"ft_order_side":"sell","order_filled_timestamp":1751235840000,"ft_is_entry":false,"ft_order_tag":"roi","cost":9.895391331651648}]},{"pair":"ETH/USDT","stake_amount":9.88408,"max_stake_amount":9.88408,"amount":0.004,"open_date":"2025-06-29 22:25:00+00:00","close_date":"2025-06-29 22:47:00+00:00","open_rate":2471.02,"close_rate":2500.701921921922,"fee_open":0.001,"fee_close":0.001,"trade_duration":22,"profit_ratio":0.00999000999000999,"profit_abs":0.0988408,"exit_reason":"roi","initial_stop_loss_abs":2421.6,"initial_stop_loss_ratio":-0.02,"stop_loss_abs":2421.6,"stop_loss_ratio":-0.02,"min_rate":2466.96,"max_rate":2505.0,"is_open":false,"enter_tag":"","leverage":1.0,"is_short":false,"open_timestamp":1751235900000,"close_timestamp":1751237220000,"orders":[{"amount":0.004,"safe_price":2471.02,"ft_order_side":"buy","order_filled_timestamp":1751235900000,"ft_is_entry":true,"ft_order_tag":"","cost":9.89396408},{"amount":0.004,"safe_price":2500.701921921922,"ft_order_side":"sell","order_filled_timestamp":1751237220000,"ft_is_entry":false,"ft_order_tag":"roi","cost":10.012810495375374}]},{"pair":"BTC/USDT","stake_amount":9.7151706,"max_stake_amount":9.7151706,"amount":9e-05,"open_date":"2025-06-25 13:44:00+00:00","close_date":"2025-06-30 00:39:00+00:00","open_rate":107946.34,"close_rate":108702.72076076076,"fee_open":0.001,"fee_close":0.001,"trade_duration":6415,"profit_ratio":0.00499500468651808,"profit_abs":0.04857585,"exit_reason":"roi","initial_stop_loss_abs":105787.42,"initial_stop_loss_ratio":-0.02,"stop_loss_abs":105787.42,"stop_loss_ratio":-0.02,"min_rate":106356.76,"max_rate":108789.99,"is_open":false,"enter_tag":"","leverage":1.0,"is_short":false,"open_timestamp":1750859040000,"close_timestamp":1751243940000,"orders":[{"amount":9e-05,"safe_price":107946.34,"ft_order_side":"buy","order_filled_timestamp":1750859040000,"ft_is_entry":true,"ft_order_tag":"","cost":9.724885770599998},{"amount":9e-05,"safe_price":108702.72076076076,"ft_order_side":"sell","order_filled_timestamp":1751243940000,"ft_is_entry":false,"ft_order_tag":"roi","cost":9.793028113336936}]},{"pair":"ETH/USDT","stake_amount":9.761271,"max_stake_amount":9.761271,"amount":0.0039,"open_date":"2025-06-29 22:48:00+00:00","close_date":"2025-06-30 00:39:00+00:00","open_rate":2502.89,"close_rate":2520.4277677677674,"fee_open":0.001,"fee_close":0.001,"trade_duration":111,"profit_ratio":0.004995004483288335,"profit_abs":0.04880635,"exit_reason":"roi","initial_stop_loss_abs":2452.84,"initial_stop_loss_ratio":-0.02,"stop_loss_abs":2452.84,"stop_loss_ratio":-0.02,"min_rate":2495.05,"max_rate":2525.0,"is_open":false,"enter_tag":"","leverage":1.0,"is_short":false,"open_timestamp":1751237280000,"close_timestamp":1751243940000,"orders":[{"amount":0.0039,"safe_price":2502.89,"ft_order_side":"buy","order_filled_timestamp":1751237280000,"ft_is_entry":true,"ft_order_tag":"","cost":9.771032270999997},{"amount":0.0039,"safe_price":2520.4277677677674,"ft_order_side":"sell","order_filled_timestamp":1751243940000,"ft_is_entry":false,"ft_order_tag":"roi","cost":9.839497962588585}]},{"pair":"ETH/USDT","stake_amount":9.817821,"max_stake_amount":9.817821,"amount":0.0039,"open_date":"2025-06-30 00:40:00+00:00","close_date":"2025-06-30 06:49:00+00:00","open_rate":2517.39,"close_rate":2467.05,"fee_open":0.001,"fee_close":0.001,"trade_duration":369,"profit_ratio":-0.021954950108559752,"profit_abs":-0.21576532,"exit_reason":"stop_loss","initial_stop_loss_abs":2467.05,"initial_stop_loss_ratio":-0.02,"stop_loss_abs":2467.05,"stop_loss_ratio":-0.02,"min_rate":2463.44,"max_rate":2522.36,"is_open":false,"enter_tag":"","leverage":1.0,"is_short":false,"open_timestamp":1751244000000,"close_timestamp":1751266140000,"orders":[{"amount":0.0039,"safe_price":2517.39,"ft_order_side":"buy","order_filled_timestamp":1751244000000,"ft_is_entry":true,"ft_order_tag":"","cost":9.827638820999997},{"amount":0.0039,"safe_price":2467.05,"ft_order_side":"sell","order_filled_timestamp":1751266140000,"ft_is_entry":false,"ft_order_tag":"stop_loss","cost":9.631116494999999}]},{"pair":"ETH/USDT","stake_amount":9.86744,"max_stake_amount":9.86744,"amount":0.004,"open_date":"2025-06-30 07:03:00+00:00","close_date":"2025-06-30 08:04:00+00:00","open_rate":2466.86,"close_rate":2484.145305305305,"fee_open":0.001,"fee_close":0.001,"trade_duration":61,"profit_ratio":0.004995004995004995,"profit_abs":0.0493372,"exit_reason":"roi","initial_stop_loss_abs":2417.53,"initial_stop_loss_ratio":-0.02,"stop_loss_abs":2417.53,"stop_loss_ratio":-0.02,"min_rate":2460.53,"max_rate":2484.79,"is_open":false,"enter_tag":"","leverage":1.0,"is_short":false,"open_timestamp":1751266980000,"close_timestamp":1751270640000,"orders":[{"amount":0.004,"safe_price":2466.86,"ft_order_side":"buy","order_filled_timestamp":1751266980000,"ft_is_entry":true,"ft_order_tag":"","cost":9.87730744},{"amount":0.004,"safe_price":2484.145305305305,"ft_order_side":"sell","order_filled_timestamp":1751270640000,"ft_is_entry":false,"ft_order_tag":"roi","cost":9.946517802442441}]},{"pair":"BTC/USDT","stake_amount":9.7758585,"max_stake_amount":9.7758585,"amount":9e-05,"open_date":"2025-06-30 00:40:00+00:00","close_date":"2025-06-30 14:18:00+00:00","open_rate":108620.65,"close_rate":107593.58,"fee_open":0.001,"fee_close":0.001,"trade_duration":818,"profit_ratio":-0.011434678213048624,"profit_abs":-0.11189558,"exit_reason":"force_exit","initial_stop_loss_abs":106448.24,"initial_stop_loss_ratio":-0.02,"stop_loss_abs":106448.24,"stop_loss_ratio":-0.02,"min_rate":107131.6,"max_rate":108783.92,"is_open":false,"enter_tag":"","leverage":1.0,"is_short":false,"open_timestamp":1751244000000,"close_timestamp":1751293080000,"orders":[{"amount":9e-05,"safe_price":108620.65,"ft_order_side":"buy","order_filled_timestamp":1751244000000,"ft_is_entry":true,"ft_order_tag":"","cost":9.7856343585},{"amount":9e-05,"safe_price":107593.58,"ft_order_side":"sell","order_filled_timestamp":1751293080000,"ft_is_entry":false,"ft_order_tag":"force_exit","cost":9.6931056222}]},{"pair":"ETH/USDT","stake_amount":9.92988,"max_stake_amount":9.92988,"amount":0.004,"open_date":"2025-06-30 08:05:00+00:00","close_date":"2025-06-30 14:19:00+00:00","open_rate":2482.47,"close_rate":2459.07,"fee_open":0.001,"fee_close":0.001,"trade_duration":374,"profit_ratio":-0.011405264423427784,"profit_abs":-0.11336616,"exit_reason":"force_exit","initial_stop_loss_abs":2432.83,"initial_stop_loss_ratio":-0.02,"stop_loss_abs":2432.83,"stop_loss_ratio":-0.02,"min_rate":2446.68,"max_rate":2486.64,"is_open":false,"enter_tag":"","leverage":1.0,"is_short":false,"open_timestamp":1751270700000,"close_timestamp":1751293140000,"orders":[{"amount":0.004,"safe_price":2482.47,"ft_order_side":"buy","order_filled_timestamp":1751270700000,"ft_is_entry":true,"ft_order_tag":"","cost":9.939809879999999},{"amount":0.004,"safe_price":2459.07,"ft_order_side":"sell","order_filled_timestamp":1751293140000,"ft_is_entry":false,"ft_order_tag":"force_exit","cost":9.846116279999999}]}],"locks":[],"best_pair":{"key":"BTC/USDT","trades":13,"profit_mean":0.0022546874322402497,"profit_mean_pct":0.23,"profit_sum":0.02931093661912325,"profit_sum_pct":2.93,"profit_total_abs":0.27250438,"profit_total":0.00027250437999999996,"profit_total_pct":0.03,"duration_avg":"13:56:00","wins":11,"draws":0,"losses":2,"winrate":0.8461538461538461},"worst_pair":{"key":"ETH/USDT","trades":41,"profit_mean":0.00030926520114839327,"profit_mean_pct":0.03,"profit_sum":0.012679873247084125,"profit_sum_pct":1.27,"profit_total_abs":0.12219556000000006,"profit_total":0.00012219556000000006,"profit_total_pct":0.01,"duration_avg":"4:23:00","wins":32,"draws":0,"losses":9,"winrate":0.7804878048780488},"results_per_pair":[{"key":"BTC/USDT","trades":13,"profit_mean":0.0022546874322402497,"profit_mean_pct":0.23,"profit_sum":0.02931093661912325,"profit_sum_pct":2.93,"profit_total_abs":0.27250438,"profit_total":0.00027250437999999996,"profit_total_pct":0.03,"duration_avg":"13:56:00","wins":11,"draws":0,"losses":2,"winrate":0.8461538461538461},{"key":"ETH/USDT","trades":41,"profit_mean":0.00030926520114839327,"profit_mean_pct":0.03,"profit_sum":0.012679873247084125,"profit_sum_pct":1.27,"profit_total_abs":0.12219556000000006,"profit_total":0.00012219556000000006,"profit_total_pct":0.01,"duration_avg":"4:23:00","wins":32,"draws":0,"losses":9,"winrate":0.7804878048780488},{"key":"TOTAL","trades":54,"profit_mean":0.0007776075901149512,"profit_mean_pct":0.08,"profit_sum":0.04199080986620737,"profit_sum_pct":4.2,"profit_total_abs":0.39469993999999986,"profit_total":0.00039469993999999986,"profit_total_pct":0.04,"duration_avg":"6:41:00","wins":43,"draws":0,"losses":11,"winrate":0.7962962962962963}],"results_per_enter_tag":[{"key":"","trades":54,"profit_mean":0.0007776075901149512,"profit_mean_pct":0.08,"profit_sum":0.04199080986620737,"profit_sum_pct":4.2,"profit_total_abs":0.39469993999999986,"profit_total":0.00039469993999999986,"profit_total_pct":0.04,"duration_avg":"6:41:00","wins":43,"draws":0,"losses":11,"winrate":0.7962962962962963},{"key":"TOTAL","trades":54,"profit_mean":0.0007776075901149512,"profit_mean_pct":0.08,"profit_sum":0.04199080986620737,"profit_sum_pct":4.2,"profit_total_abs":0.39469993999999986,"profit_total":0.00039469993999999986,"profit_total_pct":0.04,"duration_avg":"6:41:00","wins":43,"draws":0,"losses":11,"winrate":0.7962962962962963}],"exit_reason_summary":[{"key":"roi","trades":43,"profit_mean":0.006103154185076912,"profit_mean_pct":0.61,"profit_sum":0.2624356299583072,"profit_sum_pct":26.24,"profit_total_abs":2.5578039300000004,"profit_total":0.0025578039300000006,"profit_total_pct":0.26,"duration_avg":"6:24:00","wins":43,"draws":0,"losses":0,"winrate":1.0},{"key":"force_exit","trades":2,"profit_mean":-0.011419971318238204,"profit_mean_pct":-1.14,"profit_sum":-0.02283994263647641,"profit_sum_pct":-2.28,"profit_total_abs":-0.22526174,"profit_total":-0.00022526173999999998,"profit_total_pct":-0.02,"duration_avg":"9:56:00","wins":0,"draws":0,"losses":2,"winrate":0.0},{"key":"stop_loss","trades":9,"profit_mean":-0.02195609749506927,"profit_mean_pct":-2.2,"profit_sum":-0.19760487745562344,"profit_sum_pct":-19.76,"profit_total_abs":-1.93784225,"profit_total":-0.00193784225,"profit_total_pct":-0.19,"duration_avg":"7:16:00","wins":0,"draws":0,"losses":9,"winrate":0.0},{"key":"TOTAL","trades":54,"profit_mean":0.0007776075901149512,"profit_mean_pct":0.08,"profit_sum":0.04199080986620737,"profit_sum_pct":4.2,"profit_total_abs":0.39469993999999986,"profit_total":0.00039469993999999986,"profit_total_pct":0.04,"duration_avg":"6:41:00","wins":43,"draws":0,"losses":11,"winrate":0.7962962962962963}],"mix_tag_stats":[{"key":["","roi"],"trades":43,"profit_mean":0.006103154185076912,"profit_mean_pct":0.61,"profit_sum":0.2624356299583072,"profit_sum_pct":26.24,"profit_total_abs":2.5578039300000004,"profit_total":0.0025578039300000006,"profit_total_pct":0.26,"duration_avg":"6:24:00","wins":43,"draws":0,"losses":0,"winrate":1.0},{"key":["","force_exit"],"trades":2,"profit_mean":-0.011419971318238204,"profit_mean_pct":-1.14,"profit_sum":-0.02283994263647641,"profit_sum_pct":-2.28,"profit_total_abs":-0.22526174,"profit_total":-0.00022526173999999998,"profit_total_pct":-0.02,"duration_avg":"9:56:00","wins":0,"draws":0,"losses":2,"winrate":0.0},{"key":["","stop_loss"],"trades":9,"profit_mean":-0.02195609749506927,"profit_mean_pct":-2.2,"profit_sum":-0.19760487745562344,"profit_sum_pct":-19.76,"profit_total_abs":-1.93784225,"profit_total":-0.00193784225,"profit_total_pct":-0.19,"duration_avg":"7:16:00","wins":0,"draws":0,"losses":9,"winrate":0.0},{"key":"TOTAL","trades":54,"profit_mean":0.0007776075901149512,"profit_mean_pct":0.08,"profit_sum":0.04199080986620737,"profit_sum_pct":4.2,"profit_total_abs":0.39469993999999986,"profit_total":0.00039469993999999986,"profit_total_pct":0.04,"duration_avg":"6:41:00","wins":43,"draws":0,"losses":11,"winrate":0.7962962962962963}],"left_open_trades":[{"key":"BTC/USDT","trades":1,"profit_mean":-0.011434678213048624,"profit_mean_pct":-1.14,"profit_sum":-0.011434678213048624,"profit_sum_pct":-1.14,"profit_total_abs":-0.11189558,"profit_total":-0.00011189558,"profit_total_pct":-0.01,"duration_avg":"13:38:00","wins":0,"draws":0,"losses":1,"winrate":0.0},{"key":"ETH/USDT","trades":1,"profit_mean":-0.011405264423427784,"profit_mean_pct":-1.14,"profit_sum":-0.011405264423427784,"profit_sum_pct":-1.14,"profit_total_abs":-0.11336616,"profit_total":-0.00011336616,"profit_total_pct":-0.01,"duration_avg":"6:14:00","wins":0,"draws":0,"losses":1,"winrate":0.0},{"key":"TOTAL","trades":2,"profit_mean":-0.011419971318238204,"profit_mean_pct":-1.14,"profit_sum":-0.02283994263647641,"profit_sum_pct":-2.28,"profit_total_abs":-0.22526174,"profit_total":-0.00022526173999999998,"profit_total_pct":-0.02,"duration_avg":"9:56:00","wins":0,"draws":0,"losses":2,"winrate":0.0}],"total_trades":54,"trade_count_long":54,"trade_count_short":0,"total_volume":1056.0224555741718,"avg_stake_amount":9.754794635185185,"profit_mean":0.0007776075901149512,"profit_median":0.004995004995004995,"profit_total":0.00039469993999999986,"profit_total_long":0.00039469993999999986,"profit_total_short":0.0,"profit_total_abs":0.39469993999999986,"profit_total_long_abs":0.39469993999999986,"profit_total_short_abs":0.0,"cagr":0.020789882318391406,"expectancy":0.0073092581481481525,"expectancy_ratio":0.03716965989676235,"sortino":27.02533745934924,"sharpe":10.116535955696309,"calmar":169.59020304420923,"sqn":0.4997,"profit_factor":1.182469239493197,"backtest_start":"2025-06-23 00:00:00","backtest_start_ts":1750636800000,"backtest_end":"2025-06-30 14:19:00","backtest_end_ts":1751293140000,"backtest_days":7,"backtest_run_start_ts":1751295365,"backtest_run_end_ts":1751295372,"trades_per_day":7.71,"market_change":0.08569640760059422,"pairlist":["BTC/USDT","ETH/USDT"],"stake_amount":10,"stake_currency":"USDT","stake_currency_decimals":3,"starting_balance":1000,"dry_run_wallet":1000,"final_balance":1000.39469994,"rejected_signals":0,"timedout_entry_orders":0,"timedout_exit_orders":0,"canceled_trade_entries":0,"canceled_entry_orders":0,"replaced_entry_orders":0,"max_open_trades":-1,"max_open_trades_setting":-1,"timeframe":"1m","timeframe_detail":"","timerange":"","enable_protections":false,"strategy_name":"UltimateScalp10xStrategy","stoploss":-0.02,"trailing_stop":false,"trailing_stop_positive":null,"trailing_stop_positive_offset":0.0,"trailing_only_offset_is_reached":false,"use_custom_stoploss":false,"minimal_roi":{"0":0.02,"15":0.01,"30":0.005},"use_exit_signal":true,"exit_profit_only":false,"exit_profit_offset":0.0,"ignore_roi_if_entry_signal":false,"trading_mode":"spot","margin_mode":"","periodic_breakdown":{"day":[{"date":"23/06/2025","date_ts":1750636800000,"profit_abs":0.69414835,"wins":19,"draws":0,"losses":3,"trades":22,"profit_factor":2.09252657},{"date":"24/06/2025","date_ts":1750723200000,"profit_abs":0.07736911,"wins":6,"draws":0,"losses":1,"trades":7,"profit_factor":1.35366369},{"date":"25/06/2025","date_ts":1750809600000,"profit_abs":0.02672842,"wins":5,"draws":0,"losses":1,"trades":6,"profit_factor":1.12342849},{"date":"26/06/2025","date_ts":1750896000000,"profit_abs":-0.33697688,"wins":2,"draws":0,"losses":2,"trades":4,"profit_factor":0.22593961},{"date":"27/06/2025","date_ts":1750982400000,"profit_abs":-0.01862078,"wins":4,"draws":0,"losses":1,"trades":5,"profit_factor":0.91381868},{"date":"28/06/2025","date_ts":1751068800000,"profit_abs":0.04965038,"wins":1,"draws":0,"losses":0,"trades":1,"profit_factor":0.0},{"date":"29/06/2025","date_ts":1751155200000,"profit_abs":0.196709,"wins":3,"draws":0,"losses":0,"trades":3,"profit_factor":0.0},{"date":"30/06/2025","date_ts":1751241600000,"profit_abs":-0.29430766,"wins":3,"draws":0,"losses":3,"trades":6,"profit_factor":0.33267664}],"week":[{"date":"23/06/2025","date_ts":1750636800000,"profit_abs":0.69414835,"wins":19,"draws":0,"losses":3,"trades":22,"profit_factor":2.09252657},{"date":"30/06/2025","date_ts":1751241600000,"profit_abs":-0.29944841,"wins":24,"draws":0,"losses":8,"trades":32,"profit_factor":0.80399299}],"month":[{"date":"30/06/2025","date_ts":1751241600000,"profit_abs":0.39469994,"wins":43,"draws":0,"losses":11,"trades":54,"profit_factor":1.18246924}],"year":[{"date":"31/12/2025","date_ts":1767139200000,"profit_abs":0.39469994,"wins":43,"draws":0,"losses":11,"trades":54,"profit_factor":1.18246924}]},"backtest_best_day":0.07143989242388413,"backtest_worst_day":-0.03392526160263317,"backtest_best_day_abs":0.69414835,"backtest_worst_day_abs":-0.33697688,"winning_days":5,"draw_days":0,"losing_days":3,"daily_profit":[["2025-06-23",0.69414835],["2025-06-24",0.07736911],["2025-06-25",0.02672842],["2025-06-26",-0.33697688],["2025-06-27",-0.01862078],["2025-06-28",0.04965038],["2025-06-29",0.196709],["2025-06-30",-0.29430766]],"wins":43,"losses":11,"draws":0,"winrate":0.7962962962962963,"holding_avg":"6:41:00","holding_avg_s":24060.0,"winner_holding_avg":"6:24:00","winner_holding_avg_s":23040.0,"loser_holding_avg":"7:45:00","loser_holding_avg_s":27900.0,"max_consecutive_wins":16,"max_consecutive_losses":3,"max_drawdown_account":0.0006352061473847479,"max_relative_drawdown":0.0006352061473847479,"max_drawdown_abs":0.63536061,"drawdown_start":"2025-06-23 14:00:00","drawdown_start_ts":1750687200000.0,"drawdown_end":"2025-06-23 16:37:00","drawdown_end_ts":1750696620000.0,"max_drawdown_low":-0.39219134,"max_drawdown_high":0.24316927,"csum_min":999.60780866,"csum_max":1000.89660568}},"strategy_comparison":[{"key":"UltimateScalp10xStrategy","trades":54,"profit_mean":0.0007776075901149512,"profit_mean_pct":0.08,"profit_sum":0.04199080986620737,"profit_sum_pct":4.2,"profit_total_abs":0.39469993999999986,"profit_total":0.00039469993999999986,"profit_total_pct":0.04,"duration_avg":"6:41:00","wins":43,"draws":0,"losses":11,"winrate":0.7962962962962963,"max_drawdown_account":0.0006352061473847479,"max_drawdown_abs":"0.635"}]}