{"strategy":{"FixedRiskRewardLoss":{"trades":[{"pair":"BTC/USDT","stake_amount":9.0777609,"max_stake_amount":9.0777609,"amount":9e-05,"open_date":"2025-06-23 00:01:00+00:00","close_date":"2025-06-30 14:04:00+00:00","open_rate":100864.01,"close_rate":107475.99,"fee_open":0.001,"fee_close":0.001,"trade_duration":10923,"profit_ratio":0.06342443411919432,"profit_abs":0.5763276,"exit_reason":"force_exit","initial_stop_loss_abs":10086.41,"initial_stop_loss_ratio":-0.9,"stop_loss_abs":10086.41,"stop_loss_ratio":-0.9,"min_rate":99613.33,"max_rate":108789.99,"is_open":false,"enter_tag":"","leverage":1.0,"is_short":false,"open_timestamp":1750636860000,"close_timestamp":1751292240000,"orders":[{"amount":9e-05,"safe_price":100864.01,"ft_order_side":"buy","order_filled_timestamp":1750636860000,"ft_is_entry":true,"ft_order_tag":"","cost":9.086838660899998},{"amount":9e-05,"safe_price":107475.99,"ft_order_side":"sell","order_filled_timestamp":1751292240000,"ft_is_entry":false,"ft_order_tag":"force_exit","cost":9.6825119391}]},{"pair":"ETH/USDT","stake_amount":9.78538,"max_stake_amount":9.78538,"amount":0.0044,"open_date":"2025-06-23 00:01:00+00:00","close_date":"2025-06-30 14:08:00+00:00","open_rate":2223.95,"close_rate":2459.06,"fee_open":0.001,"fee_close":0.001,"trade_duration":10927,"profit_ratio":0.10350807981967938,"profit_abs":1.01387876,"exit_reason":"force_exit","initial_stop_loss_abs":222.4,"initial_stop_loss_ratio":-0.9,"stop_loss_abs":222.4,"stop_loss_ratio":-0.9,"min_rate":2188.0,"max_rate":2525.0,"is_open":false,"enter_tag":"","leverage":1.0,"is_short":false,"open_timestamp":1750636860000,"close_timestamp":1751292480000,"orders":[{"amount":0.0044,"safe_price":2223.95,"ft_order_side":"buy","order_filled_timestamp":1750636860000,"ft_is_entry":true,"ft_order_tag":"","cost":9.795165379999998},{"amount":0.0044,"safe_price":2459.06,"ft_order_side":"sell","order_filled_timestamp":1751292480000,"ft_is_entry":false,"ft_order_tag":"force_exit","cost":10.830683864}]}],"locks":[],"best_pair":{"key":"ETH/USDT","trades":1,"profit_mean":0.10350807981967938,"profit_mean_pct":10.35,"profit_sum":0.10350807981967938,"profit_sum_pct":10.35,"profit_total_abs":1.01387876,"profit_total":0.0010138787600000002,"profit_total_pct":0.1,"duration_avg":"7 days, 14:07:00","wins":1,"draws":0,"losses":0,"winrate":1.0},"worst_pair":{"key":"BTC/USDT","trades":1,"profit_mean":0.06342443411919432,"profit_mean_pct":6.34,"profit_sum":0.06342443411919432,"profit_sum_pct":6.34,"profit_total_abs":0.5763276,"profit_total":0.0005763276000000001,"profit_total_pct":0.06,"duration_avg":"7 days, 14:03:00","wins":1,"draws":0,"losses":0,"winrate":1.0},"results_per_pair":[{"key":"ETH/USDT","trades":1,"profit_mean":0.10350807981967938,"profit_mean_pct":10.35,"profit_sum":0.10350807981967938,"profit_sum_pct":10.35,"profit_total_abs":1.01387876,"profit_total":0.0010138787600000002,"profit_total_pct":0.1,"duration_avg":"7 days, 14:07:00","wins":1,"draws":0,"losses":0,"winrate":1.0},{"key":"BTC/USDT","trades":1,"profit_mean":0.06342443411919432,"profit_mean_pct":6.34,"profit_sum":0.06342443411919432,"profit_sum_pct":6.34,"profit_total_abs":0.5763276,"profit_total":0.0005763276000000001,"profit_total_pct":0.06,"duration_avg":"7 days, 14:03:00","wins":1,"draws":0,"losses":0,"winrate":1.0},{"key":"TOTAL","trades":2,"profit_mean":0.08346625696943685,"profit_mean_pct":8.35,"profit_sum":0.1669325139388737,"profit_sum_pct":16.69,"profit_total_abs":1.5902063600000003,"profit_total":0.0015902063600000003,"profit_total_pct":0.16,"duration_avg":"7 days, 14:05:00","wins":2,"draws":0,"losses":0,"winrate":1.0}],"results_per_enter_tag":[{"key":"","trades":2,"profit_mean":0.08346625696943685,"profit_mean_pct":8.35,"profit_sum":0.1669325139388737,"profit_sum_pct":16.69,"profit_total_abs":1.5902063600000003,"profit_total":0.0015902063600000003,"profit_total_pct":0.16,"duration_avg":"7 days, 14:05:00","wins":2,"draws":0,"losses":0,"winrate":1.0},{"key":"TOTAL","trades":2,"profit_mean":0.08346625696943685,"profit_mean_pct":8.35,"profit_sum":0.1669325139388737,"profit_sum_pct":16.69,"profit_total_abs":1.5902063600000003,"profit_total":0.0015902063600000003,"profit_total_pct":0.16,"duration_avg":"7 days, 14:05:00","wins":2,"draws":0,"losses":0,"winrate":1.0}],"exit_reason_summary":[{"key":"force_exit","trades":2,"profit_mean":0.08346625696943685,"profit_mean_pct":8.35,"profit_sum":0.1669325139388737,"profit_sum_pct":16.69,"profit_total_abs":1.5902063600000003,"profit_total":0.0015902063600000003,"profit_total_pct":0.16,"duration_avg":"7 days, 14:05:00","wins":2,"draws":0,"losses":0,"winrate":1.0},{"key":"TOTAL","trades":2,"profit_mean":0.08346625696943685,"profit_mean_pct":8.35,"profit_sum":0.1669325139388737,"profit_sum_pct":16.69,"profit_total_abs":1.5902063600000003,"profit_total":0.0015902063600000003,"profit_total_pct":0.16,"duration_avg":"7 days, 14:05:00","wins":2,"draws":0,"losses":0,"winrate":1.0}],"mix_tag_stats":[{"key":["","force_exit"],"trades":2,"profit_mean":0.08346625696943685,"profit_mean_pct":8.35,"profit_sum":0.1669325139388737,"profit_sum_pct":16.69,"profit_total_abs":1.5902063600000003,"profit_total":0.0015902063600000003,"profit_total_pct":0.16,"duration_avg":"7 days, 14:05:00","wins":2,"draws":0,"losses":0,"winrate":1.0},{"key":"TOTAL","trades":2,"profit_mean":0.08346625696943685,"profit_mean_pct":8.35,"profit_sum":0.1669325139388737,"profit_sum_pct":16.69,"profit_total_abs":1.5902063600000003,"profit_total":0.0015902063600000003,"profit_total_pct":0.16,"duration_avg":"7 days, 14:05:00","wins":2,"draws":0,"losses":0,"winrate":1.0}],"left_open_trades":[{"key":"ETH/USDT","trades":1,"profit_mean":0.10350807981967938,"profit_mean_pct":10.35,"profit_sum":0.10350807981967938,"profit_sum_pct":10.35,"profit_total_abs":1.01387876,"profit_total":0.0010138787600000002,"profit_total_pct":0.1,"duration_avg":"7 days, 14:07:00","wins":1,"draws":0,"losses":0,"winrate":1.0},{"key":"BTC/USDT","trades":1,"profit_mean":0.06342443411919432,"profit_mean_pct":6.34,"profit_sum":0.06342443411919432,"profit_sum_pct":6.34,"profit_total_abs":0.5763276,"profit_total":0.0005763276000000001,"profit_total_pct":0.06,"duration_avg":"7 days, 14:03:00","wins":1,"draws":0,"losses":0,"winrate":1.0},{"key":"TOTAL","trades":2,"profit_mean":0.08346625696943685,"profit_mean_pct":8.35,"profit_sum":0.1669325139388737,"profit_sum_pct":16.69,"profit_total_abs":1.5902063600000003,"profit_total":0.0015902063600000003,"profit_total_pct":0.16,"duration_avg":"7 days, 14:05:00","wins":2,"draws":0,"losses":0,"winrate":1.0}],"total_trades":2,"trade_count_long":2,"trade_count_short":0,"total_volume":39.39519984399999,"avg_stake_amount":9.431570449999999,"profit_mean":0.08346625696943685,"profit_median":0.08346625696943685,"profit_total":0.0015902063600000003,"profit_total_long":0.0015902063600000003,"profit_total_short":0.0,"profit_total_abs":1.5902063600000003,"profit_total_long_abs":1.5902063600000003,"profit_total_short_abs":0.0,"cagr":0.08638106068907692,"expectancy":0.7951031800000001,"expectancy_ratio":100.0,"sortino":-100,"sharpe":19.83823517740178,"calmar":-100,"sqn":3.6343,"profit_factor":0.0,"backtest_start":"2025-06-23 00:00:00","backtest_start_ts":1750636800000,"backtest_end":"2025-06-30 14:08:00","backtest_end_ts":1751292480000,"backtest_days":7,"backtest_run_start_ts":1751306449,"backtest_run_end_ts":1751306478,"trades_per_day":0.29,"market_change":0.0846082271643927,"pairlist":["BTC/USDT","ETH/USDT"],"stake_amount":10,"stake_currency":"USDT","stake_currency_decimals":3,"starting_balance":1000,"dry_run_wallet":1000,"final_balance":1001.59020636,"rejected_signals":0,"timedout_entry_orders":0,"timedout_exit_orders":0,"canceled_trade_entries":0,"canceled_entry_orders":0,"replaced_entry_orders":0,"max_open_trades":-1,"max_open_trades_setting":-1,"timeframe":"1m","timeframe_detail":"","timerange":"","enable_protections":false,"strategy_name":"FixedRiskRewardLoss","stoploss":-0.9,"trailing_stop":false,"trailing_stop_positive":null,"trailing_stop_positive_offset":0.0,"trailing_only_offset_is_reached":false,"use_custom_stoploss":true,"minimal_roi":{},"use_exit_signal":true,"exit_profit_only":false,"exit_profit_offset":0.0,"ignore_roi_if_entry_signal":false,"trading_mode":"spot","margin_mode":"","periodic_breakdown":{"day":[{"date":"30/06/2025","date_ts":1751241600000,"profit_abs":1.59020636,"wins":2,"draws":0,"losses":0,"trades":2,"profit_factor":0.0}],"week":[{"date":"30/06/2025","date_ts":1751241600000,"profit_abs":1.59020636,"wins":2,"draws":0,"losses":0,"trades":2,"profit_factor":0.0}],"month":[{"date":"30/06/2025","date_ts":1751241600000,"profit_abs":1.59020636,"wins":2,"draws":0,"losses":0,"trades":2,"profit_factor":0.0}],"year":[{"date":"31/12/2025","date_ts":1767139200000,"profit_abs":1.59020636,"wins":2,"draws":0,"losses":0,"trades":2,"profit_factor":0.0}]},"backtest_best_day":0.1669325139388737,"backtest_worst_day":0.1669325139388737,"backtest_best_day_abs":1.59020636,"backtest_worst_day_abs":1.59020636,"winning_days":1,"draw_days":0,"losing_days":0,"daily_profit":[["2025-06-30",1.59020636]],"wins":2,"losses":0,"draws":0,"winrate":1.0,"holding_avg":"7 days, 14:05:00","holding_avg_s":655500.0,"winner_holding_avg":"7 days, 14:05:00","winner_holding_avg_s":655500.0,"loser_holding_avg":"0:00:00","loser_holding_avg_s":0.0,"max_consecutive_wins":2,"max_consecutive_losses":0,"max_drawdown_account":0.0,"max_relative_drawdown":0.0,"max_drawdown_abs":0.0,"max_drawdown_low":0.0,"max_drawdown_high":0.0,"drawdown_start":"1970-01-01 00:00:00+00:00","drawdown_start_ts":0,"drawdown_end":"1970-01-01 00:00:00+00:00","drawdown_end_ts":0,"csum_min":0,"csum_max":0}},"strategy_comparison":[{"key":"FixedRiskRewardLoss","trades":2,"profit_mean":0.08346625696943685,"profit_mean_pct":8.35,"profit_sum":0.1669325139388737,"profit_sum_pct":16.69,"profit_total_abs":1.5902063600000003,"profit_total":0.0015902063600000003,"profit_total_pct":0.16,"duration_avg":"7 days, 14:05:00","wins":2,"draws":0,"losses":0,"winrate":1.0,"max_drawdown_account":0.0,"max_drawdown_abs":"0"}]}