{"strategy":{"MACDStrategy":{"trades":[{"pair":"BTC/USDT","stake_amount":9.0658899,"max_stake_amount":9.0658899,"amount":9e-05,"open_date":"2025-06-23 01:20:00+00:00","close_date":"2025-06-23 02:20:00+00:00","open_rate":100732.11,"close_rate":101141.4,"fee_open":0.001,"fee_close":0.001,"trade_duration":60,"profit_ratio":0.0020570326106465475,"profit_abs":0.01866748,"exit_reason":"roi","initial_stop_loss_abs":78873.25,"initial_stop_loss_ratio":-0.217,"stop_loss_abs":78873.25,"stop_loss_ratio":-0.217,"min_rate":100564.19,"max_rate":101211.35,"is_open":false,"enter_tag":"","leverage":1.0,"is_short":false,"open_timestamp":1750641600000,"close_timestamp":1750645200000,"orders":[{"amount":9e-05,"safe_price":100732.11,"ft_order_side":"buy","order_filled_timestamp":1750641600000,"ft_is_entry":true,"ft_order_tag":"","cost":9.074955789899999},{"amount":9e-05,"safe_price":101141.4,"ft_order_side":"sell","order_filled_timestamp":1750645200000,"ft_is_entry":false,"ft_order_tag":"roi","cost":9.111828725999999}]},{"pair":"ETH/USDT","stake_amount":9.84104,"max_stake_amount":9.84104,"amount":0.0044,"open_date":"2025-06-23 03:01:00+00:00","close_date":"2025-06-23 04:25:00+00:00","open_rate":2236.6,"close_rate":2241.0776776776775,"fee_open":0.001,"fee_close":0.001,"trade_duration":84,"profit_ratio":0.0,"profit_abs":0.0,"exit_reason":"roi","initial_stop_loss_abs":1751.26,"initial_stop_loss_ratio":-0.217,"stop_loss_abs":1751.26,"stop_loss_ratio":-0.217,"min_rate":2227.89,"max_rate":2243.78,"is_open":false,"enter_tag":"","leverage":1.0,"is_short":false,"open_timestamp":1750647660000,"close_timestamp":1750652700000,"orders":[{"amount":0.0044,"safe_price":2236.6,"ft_order_side":"buy","order_filled_timestamp":1750647660000,"ft_is_entry":true,"ft_order_tag":"","cost":9.850881039999999},{"amount":0.0044,"safe_price":2241.0776776776775,"ft_order_side":"sell","order_filled_timestamp":1750652700000,"ft_is_entry":false,"ft_order_tag":"roi","cost":9.870602523563562}]},{"pair":"BTC/USDT","stake_amount":9.102204,"max_stake_amount":9.102204,"amount":9e-05,"open_date":"2025-06-23 03:59:00+00:00","close_date":"2025-06-23 05:10:00+00:00","open_rate":101135.6,"close_rate":101338.07367367367,"fee_open":0.001,"fee_close":0.001,"trade_duration":71,"profit_ratio":0.0,"profit_abs":0.0,"exit_reason":"roi","initial_stop_loss_abs":79189.18,"initial_stop_loss_ratio":-0.217,"stop_loss_abs":79189.18,"stop_loss_ratio":-0.217,"min_rate":100980.0,"max_rate":101359.55,"is_open":false,"enter_tag":"","leverage":1.0,"is_short":false,"open_timestamp":1750651140000,"close_timestamp":1750655400000,"orders":[{"amount":9e-05,"safe_price":101135.6,"ft_order_side":"buy","order_filled_timestamp":1750651140000,"ft_is_entry":true,"ft_order_tag":"","cost":9.111306204},{"amount":9e-05,"safe_price":101338.07367367367,"ft_order_side":"sell","order_filled_timestamp":1750655400000,"ft_is_entry":false,"ft_order_tag":"roi","cost":9.12954705726126}]},{"pair":"ETH/USDT","stake_amount":9.845924,"max_stake_amount":9.845924,"amount":0.0044,"open_date":"2025-06-23 06:44:00+00:00","close_date":"2025-06-23 07:05:00+00:00","open_rate":2237.71,"close_rate":2264.3,"fee_open":0.001,"fee_close":0.001,"trade_duration":21,"profit_ratio":0.009860940418600623,"profit_abs":0.09718716,"exit_reason":"trailing_stop_loss","initial_stop_loss_abs":1752.13,"initial_stop_loss_ratio":-0.217,"stop_loss_abs":2264.3,"stop_loss_ratio":-0.005,"min_rate":2233.62,"max_rate":2275.67,"is_open":false,"enter_tag":"","leverage":1.0,"is_short":false,"open_timestamp":1750661040000,"close_timestamp":1750662300000,"orders":[{"amount":0.0044,"safe_price":2237.71,"ft_order_side":"buy","order_filled_timestamp":1750661040000,"ft_is_entry":true,"ft_order_tag":"","cost":9.855769923999999},{"amount":0.0044,"safe_price":2264.3,"ft_order_side":"sell","order_filled_timestamp":1750662300000,"ft_is_entry":false,"ft_order_tag":"trailing_stop_loss","cost":9.972882920000002}]},{"pair":"ETH/USDT","stake_amount":9.944924,"max_stake_amount":9.944924,"amount":0.0044,"open_date":"2025-06-23 09:01:00+00:00","close_date":"2025-06-23 12:45:00+00:00","open_rate":2260.21,"close_rate":2264.734944944945,"fee_open":0.001,"fee_close":0.001,"trade_duration":224,"profit_ratio":0.0,"profit_abs":0.0,"exit_reason":"roi","initial_stop_loss_abs":1769.75,"initial_stop_loss_ratio":-0.217,"stop_loss_abs":1769.75,"stop_loss_ratio":-0.217,"min_rate":2238.68,"max_rate":2266.03,"is_open":false,"enter_tag":"","leverage":1.0,"is_short":false,"open_timestamp":1750669260000,"close_timestamp":1750682700000,"orders":[{"amount":0.0044,"safe_price":2260.21,"ft_order_side":"buy","order_filled_timestamp":1750669260000,"ft_is_entry":true,"ft_order_tag":"","cost":9.954868924},{"amount":0.0044,"safe_price":2264.734944944945,"ft_order_side":"sell","order_filled_timestamp":1750682700000,"ft_is_entry":false,"ft_order_tag":"roi","cost":9.974798591515514}]},{"pair":"BTC/USDT","stake_amount":9.1628883,"max_stake_amount":9.1628883,"amount":9e-05,"open_date":"2025-06-23 09:02:00+00:00","close_date":"2025-06-23 13:44:00+00:00","open_rate":101809.87,"close_rate":102013.69356356355,"fee_open":0.001,"fee_close":0.001,"trade_duration":282,"profit_ratio":0.0,"profit_abs":0.0,"exit_reason":"roi","initial_stop_loss_abs":79717.13,"initial_stop_loss_ratio":-0.217,"stop_loss_abs":79717.13,"stop_loss_ratio":-0.217,"min_rate":100792.16,"max_rate":102345.67,"is_open":false,"enter_tag":"","leverage":1.0,"is_short":false,"open_timestamp":1750669320000,"close_timestamp":1750686240000,"orders":[{"amount":9e-05,"safe_price":101809.87,"ft_order_side":"buy","order_filled_timestamp":1750669320000,"ft_is_entry":true,"ft_order_tag":"","cost":9.1720511883},{"amount":9e-05,"safe_price":102013.69356356355,"ft_order_side":"sell","order_filled_timestamp":1750686240000,"ft_is_entry":false,"ft_order_tag":"roi","cost":9.190413653141439}]},{"pair":"BTC/USDT","stake_amount":9.1525221,"max_stake_amount":9.1525221,"amount":9e-05,"open_date":"2025-06-23 14:49:00+00:00","close_date":"2025-06-23 17:27:00+00:00","open_rate":101694.69,"close_rate":101898.28297297297,"fee_open":0.001,"fee_close":0.001,"trade_duration":158,"profit_ratio":0.0,"profit_abs":0.0,"exit_reason":"roi","initial_stop_loss_abs":79626.95,"initial_stop_loss_ratio":-0.217,"stop_loss_abs":79626.95,"stop_loss_ratio":-0.217,"min_rate":99613.33,"max_rate":102060.25,"is_open":false,"enter_tag":"","leverage":1.0,"is_short":false,"open_timestamp":1750690140000,"close_timestamp":1750699620000,"orders":[{"amount":9e-05,"safe_price":101694.69,"ft_order_side":"buy","order_filled_timestamp":1750690140000,"ft_is_entry":true,"ft_order_tag":"","cost":9.1616746221},{"amount":9e-05,"safe_price":101898.28297297297,"ft_order_side":"sell","order_filled_timestamp":1750699620000,"ft_is_entry":false,"ft_order_tag":"roi","cost":9.180016313035136}]},{"pair":"ETH/USDT","stake_amount":9.794841,"max_stake_amount":9.794841,"amount":0.0043,"open_date":"2025-06-23 14:49:00+00:00","close_date":"2025-06-23 17:29:00+00:00","open_rate":2277.87,"close_rate":2282.4303003003,"fee_open":0.001,"fee_close":0.001,"trade_duration":160,"profit_ratio":0.0,"profit_abs":0.0,"exit_reason":"roi","initial_stop_loss_abs":1783.58,"initial_stop_loss_ratio":-0.217,"stop_loss_abs":1783.58,"stop_loss_ratio":-0.217,"min_rate":2188.0,"max_rate":2288.27,"is_open":false,"enter_tag":"","leverage":1.0,"is_short":false,"open_timestamp":1750690140000,"close_timestamp":1750699740000,"orders":[{"amount":0.0043,"safe_price":2277.87,"ft_order_side":"buy","order_filled_timestamp":1750690140000,"ft_is_entry":true,"ft_order_tag":"","cost":9.804635841},{"amount":0.0043,"safe_price":2282.4303003003,"ft_order_side":"sell","order_filled_timestamp":1750699740000,"ft_is_entry":false,"ft_order_tag":"roi","cost":9.824264741582581}]},{"pair":"BTC/USDT","stake_amount":9.2474982,"max_stake_amount":9.2474982,"amount":9e-05,"open_date":"2025-06-23 19:42:00+00:00","close_date":"2025-06-23 20:42:00+00:00","open_rate":102749.98,"close_rate":103876.62,"fee_open":0.001,"fee_close":0.001,"trade_duration":60,"profit_ratio":0.008944958919645047,"profit_abs":0.08280121,"exit_reason":"roi","initial_stop_loss_abs":80453.24,"initial_stop_loss_ratio":-0.217,"stop_loss_abs":80453.24,"stop_loss_ratio":-0.217,"min_rate":102677.16,"max_rate":103891.01,"is_open":false,"enter_tag":"","leverage":1.0,"is_short":false,"open_timestamp":1750707720000,"close_timestamp":1750711320000,"orders":[{"amount":9e-05,"safe_price":102749.98,"ft_order_side":"buy","order_filled_timestamp":1750707720000,"ft_is_entry":true,"ft_order_tag":"","cost":9.2567456982},{"amount":9e-05,"safe_price":103876.62,"ft_order_side":"sell","order_filled_timestamp":1750711320000,"ft_is_entry":false,"ft_order_tag":"roi","cost":9.358244695799998}]},{"pair":"ETH/USDT","stake_amount":9.8343,"max_stake_amount":9.8343,"amount":0.0042,"open_date":"2025-06-23 21:51:00+00:00","close_date":"2025-06-23 22:04:00+00:00","open_rate":2341.5,"close_rate":2362.05,"fee_open":0.001,"fee_close":0.001,"trade_duration":13,"profit_ratio":0.006760888054930335,"profit_abs":0.06655509,"exit_reason":"trailing_stop_loss","initial_stop_loss_abs":1833.4,"initial_stop_loss_ratio":-0.217,"stop_loss_abs":2362.05,"stop_loss_ratio":-0.005,"min_rate":2333.89,"max_rate":2373.91,"is_open":false,"enter_tag":"","leverage":1.0,"is_short":false,"open_timestamp":1750715460000,"close_timestamp":1750716240000,"orders":[{"amount":0.0042,"safe_price":2341.5,"ft_order_side":"buy","order_filled_timestamp":1750715460000,"ft_is_entry":true,"ft_order_tag":"","cost":9.844134299999999},{"amount":0.0042,"safe_price":2362.05,"ft_order_side":"sell","order_filled_timestamp":1750716240000,"ft_is_entry":false,"ft_order_tag":"trailing_stop_loss","cost":9.930530609999998}]},{"pair":"BTC/USDT","stake_amount":9.3294144,"max_stake_amount":9.3294144,"amount":9e-05,"open_date":"2025-06-23 21:51:00+00:00","close_date":"2025-06-23 22:18:00+00:00","open_rate":103660.16,"close_rate":105018.76,"fee_open":0.001,"fee_close":0.001,"trade_duration":27,"profit_ratio":0.011082100768244412,"profit_abs":0.1034929,"exit_reason":"trailing_stop_loss","initial_stop_loss_abs":81165.91,"initial_stop_loss_ratio":-0.217,"stop_loss_abs":105018.76,"stop_loss_ratio":-0.005,"min_rate":103634.19,"max_rate":105546.49,"is_open":false,"enter_tag":"","leverage":1.0,"is_short":false,"open_timestamp":1750715460000,"close_timestamp":1750717080000,"orders":[{"amount":9e-05,"safe_price":103660.16,"ft_order_side":"buy","order_filled_timestamp":1750715460000,"ft_is_entry":true,"ft_order_tag":"","cost":9.3387438144},{"amount":9e-05,"safe_price":105018.76,"ft_order_side":"sell","order_filled_timestamp":1750717080000,"ft_is_entry":false,"ft_order_tag":"trailing_stop_loss","cost":9.461140088399999}]},{"pair":"ETH/USDT","stake_amount":9.855744,"max_stake_amount":9.855744,"amount":0.0041,"open_date":"2025-06-24 00:30:00+00:00","close_date":"2025-06-24 01:30:00+00:00","open_rate":2403.84,"close_rate":2410.52,"fee_open":0.001,"fee_close":0.001,"trade_duration":60,"profit_ratio":0.0007753324884938693,"profit_abs":0.00764912,"exit_reason":"roi","initial_stop_loss_abs":1882.21,"initial_stop_loss_ratio":-0.217,"stop_loss_abs":1882.21,"stop_loss_ratio":-0.217,"min_rate":2392.39,"max_rate":2417.29,"is_open":false,"enter_tag":"","leverage":1.0,"is_short":false,"open_timestamp":1750725000000,"close_timestamp":1750728600000,"orders":[{"amount":0.0041,"safe_price":2403.84,"ft_order_side":"buy","order_filled_timestamp":1750725000000,"ft_is_entry":true,"ft_order_tag":"","cost":9.865599744},{"amount":0.0041,"safe_price":2410.52,"ft_order_side":"sell","order_filled_timestamp":1750728600000,"ft_is_entry":false,"ft_order_tag":"roi","cost":9.893015132}]},{"pair":"BTC/USDT","stake_amount":9.4632939,"max_stake_amount":9.4632939,"amount":9e-05,"open_date":"2025-06-24 00:38:00+00:00","close_date":"2025-06-24 01:53:00+00:00","open_rate":105147.71,"close_rate":105358.21592592592,"fee_open":0.001,"fee_close":0.001,"trade_duration":75,"profit_ratio":0.0,"profit_abs":0.0,"exit_reason":"roi","initial_stop_loss_abs":82330.66,"initial_stop_loss_ratio":-0.217,"stop_loss_abs":82330.66,"stop_loss_ratio":-0.217,"min_rate":104909.69,"max_rate":105382.61,"is_open":false,"enter_tag":"","leverage":1.0,"is_short":false,"open_timestamp":1750725480000,"close_timestamp":1750729980000,"orders":[{"amount":9e-05,"safe_price":105147.71,"ft_order_side":"buy","order_filled_timestamp":1750725480000,"ft_is_entry":true,"ft_order_tag":"","cost":9.472757193900001},{"amount":9e-05,"safe_price":105358.21592592592,"ft_order_side":"sell","order_filled_timestamp":1750729980000,"ft_is_entry":false,"ft_order_tag":"roi","cost":9.491721672766666}]},{"pair":"ETH/USDT","stake_amount":9.815933,"max_stake_amount":9.815933,"amount":0.0041,"open_date":"2025-06-24 02:37:00+00:00","close_date":"2025-06-24 03:37:00+00:00","open_rate":2394.13,"close_rate":2402.65,"fee_open":0.001,"fee_close":0.001,"trade_duration":60,"profit_ratio":0.0015535914976141391,"profit_abs":0.0152652,"exit_reason":"roi","initial_stop_loss_abs":1874.61,"initial_stop_loss_ratio":-0.217,"stop_loss_abs":1874.61,"stop_loss_ratio":-0.217,"min_rate":2390.48,"max_rate":2411.14,"is_open":false,"enter_tag":"","leverage":1.0,"is_short":false,"open_timestamp":1750732620000,"close_timestamp":1750736220000,"orders":[{"amount":0.0041,"safe_price":2394.13,"ft_order_side":"buy","order_filled_timestamp":1750732620000,"ft_is_entry":true,"ft_order_tag":"","cost":9.825748933},{"amount":0.0041,"safe_price":2402.65,"ft_order_side":"sell","order_filled_timestamp":1750736220000,"ft_is_entry":false,"ft_order_tag":"roi","cost":9.860715865}]},{"pair":"ETH/USDT","stake_amount":9.841517,"max_stake_amount":9.841517,"amount":0.0041,"open_date":"2025-06-24 04:06:00+00:00","close_date":"2025-06-24 05:11:00+00:00","open_rate":2400.37,"close_rate":2405.1755455455454,"fee_open":0.001,"fee_close":0.001,"trade_duration":65,"profit_ratio":0.0,"profit_abs":0.0,"exit_reason":"roi","initial_stop_loss_abs":1879.49,"initial_stop_loss_ratio":-0.217,"stop_loss_abs":1879.49,"stop_loss_ratio":-0.217,"min_rate":2392.4,"max_rate":2406.7,"is_open":false,"enter_tag":"","leverage":1.0,"is_short":false,"open_timestamp":1750737960000,"close_timestamp":1750741860000,"orders":[{"amount":0.0041,"safe_price":2400.37,"ft_order_side":"buy","order_filled_timestamp":1750737960000,"ft_is_entry":true,"ft_order_tag":"","cost":9.851358516999998},{"amount":0.0041,"safe_price":2405.1755455455454,"ft_order_side":"sell","order_filled_timestamp":1750741860000,"ft_is_entry":false,"ft_order_tag":"roi","cost":9.871080956473474}]},{"pair":"BTC/USDT","stake_amount":9.4412268,"max_stake_amount":9.4412268,"amount":9e-05,"open_date":"2025-06-24 02:37:00+00:00","close_date":"2025-06-24 05:15:00+00:00","open_rate":104902.52,"close_rate":105112.53505505505,"fee_open":0.001,"fee_close":0.001,"trade_duration":158,"profit_ratio":0.0,"profit_abs":0.0,"exit_reason":"roi","initial_stop_loss_abs":82138.68,"initial_stop_loss_ratio":-0.217,"stop_loss_abs":82138.68,"stop_loss_ratio":-0.217,"min_rate":104704.91,"max_rate":105178.43,"is_open":false,"enter_tag":"","leverage":1.0,"is_short":false,"open_timestamp":1750732620000,"close_timestamp":1750742100000,"orders":[{"amount":9e-05,"safe_price":104902.52,"ft_order_side":"buy","order_filled_timestamp":1750732620000,"ft_is_entry":true,"ft_order_tag":"","cost":9.450668026799999},{"amount":9e-05,"safe_price":105112.53505505505,"ft_order_side":"sell","order_filled_timestamp":1750742100000,"ft_is_entry":false,"ft_order_tag":"roi","cost":9.469588283109909}]},{"pair":"ETH/USDT","stake_amount":9.840451,"max_stake_amount":9.840451,"amount":0.0041,"open_date":"2025-06-24 07:50:00+00:00","close_date":"2025-06-24 09:06:00+00:00","open_rate":2400.11,"close_rate":2404.9150250250245,"fee_open":0.001,"fee_close":0.001,"trade_duration":76,"profit_ratio":0.0,"profit_abs":0.0,"exit_reason":"roi","initial_stop_loss_abs":1879.29,"initial_stop_loss_ratio":-0.217,"stop_loss_abs":1879.29,"stop_loss_ratio":-0.217,"min_rate":2376.11,"max_rate":2412.43,"is_open":false,"enter_tag":"","leverage":1.0,"is_short":false,"open_timestamp":1750751400000,"close_timestamp":1750755960000,"orders":[{"amount":0.0041,"safe_price":2400.11,"ft_order_side":"buy","order_filled_timestamp":1750751400000,"ft_is_entry":true,"ft_order_tag":"","cost":9.850291451},{"amount":0.0041,"safe_price":2404.9150250250245,"ft_order_side":"sell","order_filled_timestamp":1750755960000,"ft_is_entry":false,"ft_order_tag":"roi","cost":9.870011754205203}]},{"pair":"ETH/USDT","stake_amount":9.846519,"max_stake_amount":9.846519,"amount":0.0041,"open_date":"2025-06-24 09:10:00+00:00","close_date":"2025-06-24 09:28:00+00:00","open_rate":2401.59,"close_rate":2436.9,"fee_open":0.001,"fee_close":0.001,"trade_duration":18,"profit_ratio":0.012675381179722663,"profit_abs":0.12493319,"exit_reason":"trailing_stop_loss","initial_stop_loss_abs":1880.45,"initial_stop_loss_ratio":-0.217,"stop_loss_abs":2436.9,"stop_loss_ratio":-0.005,"min_rate":2398.99,"max_rate":2449.14,"is_open":false,"enter_tag":"","leverage":1.0,"is_short":false,"open_timestamp":1750756200000,"close_timestamp":1750757280000,"orders":[{"amount":0.0041,"safe_price":2401.59,"ft_order_side":"buy","order_filled_timestamp":1750756200000,"ft_is_entry":true,"ft_order_tag":"","cost":9.856365518999999},{"amount":0.0041,"safe_price":2436.9,"ft_order_side":"sell","order_filled_timestamp":1750757280000,"ft_is_entry":false,"ft_order_tag":"trailing_stop_loss","cost":10.00128129}]},{"pair":"ETH/USDT","stake_amount":9.891865,"max_stake_amount":9.891865,"amount":0.0041,"open_date":"2025-06-24 11:08:00+00:00","close_date":"2025-06-24 12:45:00+00:00","open_rate":2412.65,"close_rate":2417.48013013013,"fee_open":0.001,"fee_close":0.001,"trade_duration":97,"profit_ratio":0.0,"profit_abs":0.0,"exit_reason":"roi","initial_stop_loss_abs":1889.11,"initial_stop_loss_ratio":-0.217,"stop_loss_abs":1889.11,"stop_loss_ratio":-0.217,"min_rate":2397.72,"max_rate":2421.2,"is_open":false,"enter_tag":"","leverage":1.0,"is_short":false,"open_timestamp":1750763280000,"close_timestamp":1750769100000,"orders":[{"amount":0.0041,"safe_price":2412.65,"ft_order_side":"buy","order_filled_timestamp":1750763280000,"ft_is_entry":true,"ft_order_tag":"","cost":9.901756865},{"amount":0.0041,"safe_price":2417.48013013013,"ft_order_side":"sell","order_filled_timestamp":1750769100000,"ft_is_entry":false,"ft_order_tag":"roi","cost":9.921580202067068}]},{"pair":"ETH/USDT","stake_amount":9.91626,"max_stake_amount":9.91626,"amount":0.0041,"open_date":"2025-06-24 13:50:00+00:00","close_date":"2025-06-24 14:50:00+00:00","open_rate":2418.6,"close_rate":2429.84,"fee_open":0.001,"fee_close":0.001,"trade_duration":60,"profit_ratio":0.002640029686516971,"profit_abs":0.0262054,"exit_reason":"roi","initial_stop_loss_abs":1893.77,"initial_stop_loss_ratio":-0.217,"stop_loss_abs":1893.77,"stop_loss_ratio":-0.217,"min_rate":2411.1,"max_rate":2441.19,"is_open":false,"enter_tag":"","leverage":1.0,"is_short":false,"open_timestamp":1750773000000,"close_timestamp":1750776600000,"orders":[{"amount":0.0041,"safe_price":2418.6,"ft_order_side":"buy","order_filled_timestamp":1750773000000,"ft_is_entry":true,"ft_order_tag":"","cost":9.92617626},{"amount":0.0041,"safe_price":2429.84,"ft_order_side":"sell","order_filled_timestamp":1750776600000,"ft_is_entry":false,"ft_order_tag":"roi","cost":9.972306344}]},{"pair":"BTC/USDT","stake_amount":9.5047632,"max_stake_amount":9.5047632,"amount":9e-05,"open_date":"2025-06-24 07:30:00+00:00","close_date":"2025-06-24 16:43:00+00:00","open_rate":105608.48,"close_rate":105819.90838838839,"fee_open":0.001,"fee_close":0.001,"trade_duration":553,"profit_ratio":0.0,"profit_abs":0.0,"exit_reason":"roi","initial_stop_loss_abs":82691.44,"initial_stop_loss_ratio":-0.217,"stop_loss_abs":82691.44,"stop_loss_ratio":-0.217,"min_rate":104622.02,"max_rate":105881.41,"is_open":false,"enter_tag":"","leverage":1.0,"is_short":false,"open_timestamp":1750750200000,"close_timestamp":1750783380000,"orders":[{"amount":9e-05,"safe_price":105608.48,"ft_order_side":"buy","order_filled_timestamp":1750750200000,"ft_is_entry":true,"ft_order_tag":"","cost":9.5142679632},{"amount":9e-05,"safe_price":105819.90838838839,"ft_order_side":"sell","order_filled_timestamp":1750783380000,"ft_is_entry":false,"ft_order_tag":"roi","cost":9.53331554670991}]},{"pair":"BTC/USDT","stake_amount":9.5143023,"max_stake_amount":9.5143023,"amount":9e-05,"open_date":"2025-06-24 18:34:00+00:00","close_date":"2025-06-24 20:42:00+00:00","open_rate":105714.47,"close_rate":105926.11058058057,"fee_open":0.001,"fee_close":0.001,"trade_duration":128,"profit_ratio":0.0,"profit_abs":0.0,"exit_reason":"roi","initial_stop_loss_abs":82774.44,"initial_stop_loss_ratio":-0.217,"stop_loss_abs":82774.44,"stop_loss_ratio":-0.217,"min_rate":105270.48,"max_rate":105948.81,"is_open":false,"enter_tag":"","leverage":1.0,"is_short":false,"open_timestamp":1750790040000,"close_timestamp":1750797720000,"orders":[{"amount":9e-05,"safe_price":105714.47,"ft_order_side":"buy","order_filled_timestamp":1750790040000,"ft_is_entry":true,"ft_order_tag":"","cost":9.5238166023},{"amount":9e-05,"safe_price":105926.11058058057,"ft_order_side":"sell","order_filled_timestamp":1750797720000,"ft_is_entry":false,"ft_order_tag":"roi","cost":9.542883302204503}]},{"pair":"ETH/USDT","stake_amount":9.82912,"max_stake_amount":9.82912,"amount":0.004,"open_date":"2025-06-24 17:57:00+00:00","close_date":"2025-06-25 01:02:00+00:00","open_rate":2457.28,"close_rate":2462.199479479479,"fee_open":0.001,"fee_close":0.001,"trade_duration":425,"profit_ratio":0.0,"profit_abs":0.0,"exit_reason":"roi","initial_stop_loss_abs":1924.06,"initial_stop_loss_ratio":-0.217,"stop_loss_abs":1924.06,"stop_loss_ratio":-0.217,"min_rate":2417.22,"max_rate":2463.37,"is_open":false,"enter_tag":"","leverage":1.0,"is_short":false,"open_timestamp":1750787820000,"close_timestamp":1750813320000,"orders":[{"amount":0.004,"safe_price":2457.28,"ft_order_side":"buy","order_filled_timestamp":1750787820000,"ft_is_entry":true,"ft_order_tag":"","cost":9.83894912},{"amount":0.004,"safe_price":2462.199479479479,"ft_order_side":"sell","order_filled_timestamp":1750813320000,"ft_is_entry":false,"ft_order_tag":"roi","cost":9.858646715835834}]},{"pair":"BTC/USDT","stake_amount":9.5608809,"max_stake_amount":9.5608809,"amount":9e-05,"open_date":"2025-06-25 04:00:00+00:00","close_date":"2025-06-25 06:34:00+00:00","open_rate":106232.01,"close_rate":106444.68669669668,"fee_open":0.001,"fee_close":0.001,"trade_duration":154,"profit_ratio":0.0,"profit_abs":0.0,"exit_reason":"roi","initial_stop_loss_abs":83179.67,"initial_stop_loss_ratio":-0.217,"stop_loss_abs":83179.67,"stop_loss_ratio":-0.217,"min_rate":106001.0,"max_rate":106445.42,"is_open":false,"enter_tag":"","leverage":1.0,"is_short":false,"open_timestamp":1750824000000,"close_timestamp":1750833240000,"orders":[{"amount":9e-05,"safe_price":106232.01,"ft_order_side":"buy","order_filled_timestamp":1750824000000,"ft_is_entry":true,"ft_order_tag":"","cost":9.5704417809},{"amount":9e-05,"safe_price":106444.68669669668,"ft_order_side":"sell","order_filled_timestamp":1750833240000,"ft_is_entry":false,"ft_order_tag":"roi","cost":9.589601824505403}]},{"pair":"BTC/USDT","stake_amount":9.5710743,"max_stake_amount":9.5710743,"amount":9e-05,"open_date":"2025-06-25 08:48:00+00:00","close_date":"2025-06-25 09:48:00+00:00","open_rate":106345.27,"close_rate":106558.17344344343,"fee_open":0.001,"fee_close":0.001,"trade_duration":60,"profit_ratio":0.0,"profit_abs":0.0,"exit_reason":"roi","initial_stop_loss_abs":83268.35,"initial_stop_loss_ratio":-0.217,"stop_loss_abs":83268.35,"stop_loss_ratio":-0.217,"min_rate":106343.13,"max_rate":106971.91,"is_open":false,"enter_tag":"","leverage":1.0,"is_short":false,"open_timestamp":1750841280000,"close_timestamp":1750844880000,"orders":[{"amount":9e-05,"safe_price":106345.27,"ft_order_side":"buy","order_filled_timestamp":1750841280000,"ft_is_entry":true,"ft_order_tag":"","cost":9.5806453743},{"amount":9e-05,"safe_price":106558.17344344343,"ft_order_side":"sell","order_filled_timestamp":1750844880000,"ft_is_entry":false,"ft_order_tag":"roi","cost":9.599825845519819}]},{"pair":"BTC/USDT","stake_amount":9.5910651,"max_stake_amount":9.5910651,"amount":9e-05,"open_date":"2025-06-25 10:12:00+00:00","close_date":"2025-06-25 11:12:00+00:00","open_rate":106567.39,"close_rate":107011.69,"fee_open":0.001,"fee_close":0.001,"trade_duration":60,"profit_ratio":0.002162860500669093,"profit_abs":0.02076488,"exit_reason":"roi","initial_stop_loss_abs":83442.27,"initial_stop_loss_ratio":-0.217,"stop_loss_abs":83442.27,"stop_loss_ratio":-0.217,"min_rate":106567.38,"max_rate":107184.68,"is_open":false,"enter_tag":"","leverage":1.0,"is_short":false,"open_timestamp":1750846320000,"close_timestamp":1750849920000,"orders":[{"amount":9e-05,"safe_price":106567.39,"ft_order_side":"buy","order_filled_timestamp":1750846320000,"ft_is_entry":true,"ft_order_tag":"","cost":9.600656165099998},{"amount":9e-05,"safe_price":107011.69,"ft_order_side":"sell","order_filled_timestamp":1750849920000,"ft_is_entry":false,"ft_order_tag":"roi","cost":9.640683152100001}]},{"pair":"BTC/USDT","stake_amount":9.62586,"max_stake_amount":9.62586,"amount":9e-05,"open_date":"2025-06-25 15:33:00+00:00","close_date":"2025-06-25 16:33:00+00:00","open_rate":106954.0,"close_rate":107352.3,"fee_open":0.001,"fee_close":0.001,"trade_duration":60,"profit_ratio":0.001718587961271732,"profit_abs":0.01655943,"exit_reason":"roi","initial_stop_loss_abs":83744.99,"initial_stop_loss_ratio":-0.217,"stop_loss_abs":83744.99,"stop_loss_ratio":-0.217,"min_rate":106752.36,"max_rate":107490.75,"is_open":false,"enter_tag":"","leverage":1.0,"is_short":false,"open_timestamp":1750865580000,"close_timestamp":1750869180000,"orders":[{"amount":9e-05,"safe_price":106954.0,"ft_order_side":"buy","order_filled_timestamp":1750865580000,"ft_is_entry":true,"ft_order_tag":"","cost":9.63548586},{"amount":9e-05,"safe_price":107352.3,"ft_order_side":"sell","order_filled_timestamp":1750869180000,"ft_is_entry":false,"ft_order_tag":"roi","cost":9.671368707000001}]},{"pair":"ETH/USDT","stake_amount":9.83112,"max_stake_amount":9.83112,"amount":0.004,"open_date":"2025-06-25 01:50:00+00:00","close_date":"2025-06-26 01:33:00+00:00","open_rate":2457.78,"close_rate":2462.7004804804806,"fee_open":0.001,"fee_close":0.001,"trade_duration":1423,"profit_ratio":0.0,"profit_abs":0.0,"exit_reason":"roi","initial_stop_loss_abs":1924.45,"initial_stop_loss_ratio":-0.217,"stop_loss_abs":1924.45,"stop_loss_ratio":-0.217,"min_rate":2389.69,"max_rate":2468.69,"is_open":false,"enter_tag":"","leverage":1.0,"is_short":false,"open_timestamp":1750816200000,"close_timestamp":1750901580000,"orders":[{"amount":0.004,"safe_price":2457.78,"ft_order_side":"buy","order_filled_timestamp":1750816200000,"ft_is_entry":true,"ft_order_tag":"","cost":9.84095112},{"amount":0.004,"safe_price":2462.7004804804806,"ft_order_side":"sell","order_filled_timestamp":1750901580000,"ft_is_entry":false,"ft_order_tag":"roi","cost":9.860652723843844}]},{"pair":"BTC/USDT","stake_amount":9.6846795,"max_stake_amount":9.6846795,"amount":9e-05,"open_date":"2025-06-25 20:21:00+00:00","close_date":"2025-06-26 01:36:00+00:00","open_rate":107607.55,"close_rate":107822.98053053052,"fee_open":0.001,"fee_close":0.001,"trade_duration":315,"profit_ratio":0.0,"profit_abs":0.0,"exit_reason":"roi","initial_stop_loss_abs":84256.72,"initial_stop_loss_ratio":-0.217,"stop_loss_abs":84256.72,"stop_loss_ratio":-0.217,"min_rate":107079.9,"max_rate":108000.0,"is_open":false,"enter_tag":"","leverage":1.0,"is_short":false,"open_timestamp":1750882860000,"close_timestamp":1750901760000,"orders":[{"amount":9e-05,"safe_price":107607.55,"ft_order_side":"buy","order_filled_timestamp":1750882860000,"ft_is_entry":true,"ft_order_tag":"","cost":9.6943641795},{"amount":9e-05,"safe_price":107822.98053053052,"ft_order_side":"sell","order_filled_timestamp":1750901760000,"ft_is_entry":false,"ft_order_tag":"roi","cost":9.713772315995493}]},{"pair":"ETH/USDT","stake_amount":9.94192,"max_stake_amount":9.94192,"amount":0.004,"open_date":"2025-06-26 03:48:00+00:00","close_date":"2025-06-26 07:17:00+00:00","open_rate":2485.48,"close_rate":2490.455935935936,"fee_open":0.001,"fee_close":0.001,"trade_duration":209,"profit_ratio":0.0,"profit_abs":0.0,"exit_reason":"roi","initial_stop_loss_abs":1946.14,"initial_stop_loss_ratio":-0.217,"stop_loss_abs":1946.14,"stop_loss_ratio":-0.217,"min_rate":2467.14,"max_rate":2498.33,"is_open":false,"enter_tag":"","leverage":1.0,"is_short":false,"open_timestamp":1750909680000,"close_timestamp":1750922220000,"orders":[{"amount":0.004,"safe_price":2485.48,"ft_order_side":"buy","order_filled_timestamp":1750909680000,"ft_is_entry":true,"ft_order_tag":"","cost":9.951861919999999},{"amount":0.004,"safe_price":2490.455935935936,"ft_order_side":"sell","order_filled_timestamp":1750922220000,"ft_is_entry":false,"ft_order_tag":"roi","cost":9.971785567487487}]},{"pair":"BTC/USDT","stake_amount":9.7038261,"max_stake_amount":9.7038261,"amount":9e-05,"open_date":"2025-06-26 03:47:00+00:00","close_date":"2025-06-26 07:24:00+00:00","open_rate":107820.29,"close_rate":108036.14643643642,"fee_open":0.001,"fee_close":0.001,"trade_duration":217,"profit_ratio":0.0,"profit_abs":0.0,"exit_reason":"roi","initial_stop_loss_abs":84423.29,"initial_stop_loss_ratio":-0.217,"stop_loss_abs":84423.29,"stop_loss_ratio":-0.217,"min_rate":107520.0,"max_rate":108038.95,"is_open":false,"enter_tag":"","leverage":1.0,"is_short":false,"open_timestamp":1750909620000,"close_timestamp":1750922640000,"orders":[{"amount":9e-05,"safe_price":107820.29,"ft_order_side":"buy","order_filled_timestamp":1750909620000,"ft_is_entry":true,"ft_order_tag":"","cost":9.7135299261},{"amount":9e-05,"safe_price":108036.14643643642,"ft_order_side":"sell","order_filled_timestamp":1750922640000,"ft_is_entry":false,"ft_order_tag":"roi","cost":9.732976432458557}]},{"pair":"BTC/USDT","stake_amount":9.6999462,"max_stake_amount":9.6999462,"amount":9e-05,"open_date":"2025-06-26 08:58:00+00:00","close_date":"2025-06-26 20:45:00+00:00","open_rate":107777.18,"close_rate":107992.9501301301,"fee_open":0.001,"fee_close":0.001,"trade_duration":707,"profit_ratio":0.0,"profit_abs":0.0,"exit_reason":"roi","initial_stop_loss_abs":84389.54,"initial_stop_loss_ratio":-0.217,"stop_loss_abs":84389.54,"stop_loss_ratio":-0.217,"min_rate":106562.5,"max_rate":108000.0,"is_open":false,"enter_tag":"","leverage":1.0,"is_short":false,"open_timestamp":1750928280000,"close_timestamp":1750970700000,"orders":[{"amount":9e-05,"safe_price":107777.18,"ft_order_side":"buy","order_filled_timestamp":1750928280000,"ft_is_entry":true,"ft_order_tag":"","cost":9.709646146199999},{"amount":9e-05,"safe_price":107992.9501301301,"ft_order_side":"sell","order_filled_timestamp":1750970700000,"ft_is_entry":false,"ft_order_tag":"roi","cost":9.729084877223421}]},{"pair":"BTC/USDT","stake_amount":9.6412212,"max_stake_amount":9.6412212,"amount":9e-05,"open_date":"2025-06-26 21:32:00+00:00","close_date":"2025-06-27 03:02:00+00:00","open_rate":107124.68,"close_rate":107339.1438238238,"fee_open":0.001,"fee_close":0.001,"trade_duration":330,"profit_ratio":0.0,"profit_abs":0.0,"exit_reason":"roi","initial_stop_loss_abs":83878.63,"initial_stop_loss_ratio":-0.217,"stop_loss_abs":83878.63,"stop_loss_ratio":-0.217,"min_rate":106438.33,"max_rate":107347.65,"is_open":false,"enter_tag":"","leverage":1.0,"is_short":false,"open_timestamp":1750973520000,"close_timestamp":1750993320000,"orders":[{"amount":9e-05,"safe_price":107124.68,"ft_order_side":"buy","order_filled_timestamp":1750973520000,"ft_is_entry":true,"ft_order_tag":"","cost":9.6508624212},{"amount":9e-05,"safe_price":107339.1438238238,"ft_order_side":"sell","order_filled_timestamp":1750993320000,"ft_is_entry":false,"ft_order_tag":"roi","cost":9.670183467088286}]},{"pair":"BTC/USDT","stake_amount":9.659106,"max_stake_amount":9.659106,"amount":9e-05,"open_date":"2025-06-27 05:43:00+00:00","close_date":"2025-06-27 07:16:00+00:00","open_rate":107323.4,"close_rate":107538.26166166164,"fee_open":0.001,"fee_close":0.001,"trade_duration":93,"profit_ratio":0.0,"profit_abs":0.0,"exit_reason":"roi","initial_stop_loss_abs":84034.23,"initial_stop_loss_ratio":-0.217,"stop_loss_abs":84034.23,"stop_loss_ratio":-0.217,"min_rate":107202.67,"max_rate":107550.0,"is_open":false,"enter_tag":"","leverage":1.0,"is_short":false,"open_timestamp":1751002980000,"close_timestamp":1751008560000,"orders":[{"amount":9e-05,"safe_price":107323.4,"ft_order_side":"buy","order_filled_timestamp":1751002980000,"ft_is_entry":true,"ft_order_tag":"","cost":9.668765105999999},{"amount":9e-05,"safe_price":107538.26166166164,"ft_order_side":"sell","order_filled_timestamp":1751008560000,"ft_is_entry":false,"ft_order_tag":"roi","cost":9.688121993099097}]},{"pair":"BTC/USDT","stake_amount":9.6223293,"max_stake_amount":9.6223293,"amount":9e-05,"open_date":"2025-06-27 07:53:00+00:00","close_date":"2025-06-27 09:55:00+00:00","open_rate":106914.77,"close_rate":107128.81358358357,"fee_open":0.001,"fee_close":0.001,"trade_duration":122,"profit_ratio":0.0,"profit_abs":0.0,"exit_reason":"roi","initial_stop_loss_abs":83714.27,"initial_stop_loss_ratio":-0.217,"stop_loss_abs":83714.27,"stop_loss_ratio":-0.217,"min_rate":106679.98,"max_rate":107137.64,"is_open":false,"enter_tag":"","leverage":1.0,"is_short":false,"open_timestamp":1751010780000,"close_timestamp":1751018100000,"orders":[{"amount":9e-05,"safe_price":106914.77,"ft_order_side":"buy","order_filled_timestamp":1751010780000,"ft_is_entry":true,"ft_order_tag":"","cost":9.6319516293},{"amount":9e-05,"safe_price":107128.81358358357,"ft_order_side":"sell","order_filled_timestamp":1751018100000,"ft_is_entry":false,"ft_order_tag":"roi","cost":9.651234815745044}]},{"pair":"BTC/USDT","stake_amount":9.6315057,"max_stake_amount":9.6315057,"amount":9e-05,"open_date":"2025-06-27 10:43:00+00:00","close_date":"2025-06-27 15:41:00+00:00","open_rate":107016.73,"close_rate":107230.97770770769,"fee_open":0.001,"fee_close":0.001,"trade_duration":298,"profit_ratio":0.0,"profit_abs":0.0,"exit_reason":"roi","initial_stop_loss_abs":83794.1,"initial_stop_loss_ratio":-0.217,"stop_loss_abs":83794.1,"stop_loss_ratio":-0.217,"min_rate":106356.76,"max_rate":107249.0,"is_open":false,"enter_tag":"","leverage":1.0,"is_short":false,"open_timestamp":1751020980000,"close_timestamp":1751038860000,"orders":[{"amount":9e-05,"safe_price":107016.73,"ft_order_side":"buy","order_filled_timestamp":1751020980000,"ft_is_entry":true,"ft_order_tag":"","cost":9.6411372057},{"amount":9e-05,"safe_price":107230.97770770769,"ft_order_side":"sell","order_filled_timestamp":1751038860000,"ft_is_entry":false,"ft_order_tag":"roi","cost":9.660438781687384}]},{"pair":"BTC/USDT","stake_amount":9.6489369,"max_stake_amount":9.6489369,"amount":9e-05,"open_date":"2025-06-27 17:26:00+00:00","close_date":"2025-06-28 06:26:00+00:00","open_rate":107210.41,"close_rate":107425.04545545545,"fee_open":0.001,"fee_close":0.001,"trade_duration":780,"profit_ratio":0.0,"profit_abs":0.0,"exit_reason":"roi","initial_stop_loss_abs":83945.76,"initial_stop_loss_ratio":-0.217,"stop_loss_abs":83945.76,"stop_loss_ratio":-0.217,"min_rate":106446.45,"max_rate":107431.0,"is_open":false,"enter_tag":"","leverage":1.0,"is_short":false,"open_timestamp":1751045160000,"close_timestamp":1751091960000,"orders":[{"amount":9e-05,"safe_price":107210.41,"ft_order_side":"buy","order_filled_timestamp":1751045160000,"ft_is_entry":true,"ft_order_tag":"","cost":9.6585858369},{"amount":9e-05,"safe_price":107425.04545545545,"ft_order_side":"sell","order_filled_timestamp":1751091960000,"ft_is_entry":false,"ft_order_tag":"roi","cost":9.67792234508198}]},{"pair":"BTC/USDT","stake_amount":9.6628824,"max_stake_amount":9.6628824,"amount":9e-05,"open_date":"2025-06-28 09:05:00+00:00","close_date":"2025-06-29 08:31:00+00:00","open_rate":107365.36,"close_rate":107580.30566566564,"fee_open":0.001,"fee_close":0.001,"trade_duration":1406,"profit_ratio":0.0,"profit_abs":0.0,"exit_reason":"roi","initial_stop_loss_abs":84067.08,"initial_stop_loss_ratio":-0.217,"stop_loss_abs":84067.08,"stop_loss_ratio":-0.217,"min_rate":107084.15,"max_rate":107607.42,"is_open":false,"enter_tag":"","leverage":1.0,"is_short":false,"open_timestamp":1751101500000,"close_timestamp":1751185860000,"orders":[{"amount":9e-05,"safe_price":107365.36,"ft_order_side":"buy","order_filled_timestamp":1751101500000,"ft_is_entry":true,"ft_order_tag":"","cost":9.6725452824},{"amount":9e-05,"safe_price":107580.30566566564,"ft_order_side":"sell","order_filled_timestamp":1751185860000,"ft_is_entry":false,"ft_order_tag":"roi","cost":9.691909737419818}]},{"pair":"ETH/USDT","stake_amount":9.9466,"max_stake_amount":9.9466,"amount":0.004,"open_date":"2025-06-26 09:03:00+00:00","close_date":"2025-06-29 22:37:00+00:00","open_rate":2486.65,"close_rate":2491.6282782782782,"fee_open":0.001,"fee_close":0.001,"trade_duration":5134,"profit_ratio":0.0,"profit_abs":0.0,"exit_reason":"roi","initial_stop_loss_abs":1947.05,"initial_stop_loss_ratio":-0.217,"stop_loss_abs":1947.05,"stop_loss_ratio":-0.217,"min_rate":2382.53,"max_rate":2494.65,"is_open":false,"enter_tag":"","leverage":1.0,"is_short":false,"open_timestamp":1750928580000,"close_timestamp":1751236620000,"orders":[{"amount":0.004,"safe_price":2486.65,"ft_order_side":"buy","order_filled_timestamp":1750928580000,"ft_is_entry":true,"ft_order_tag":"","cost":9.9565466},{"amount":0.004,"safe_price":2491.6282782782782,"ft_order_side":"sell","order_filled_timestamp":1751236620000,"ft_is_entry":false,"ft_order_tag":"roi","cost":9.976479626226224}]},{"pair":"BTC/USDT","stake_amount":9.7283304,"max_stake_amount":9.7283304,"amount":9e-05,"open_date":"2025-06-29 13:33:00+00:00","close_date":"2025-06-29 23:23:00+00:00","open_rate":108092.56,"close_rate":108308.96152152152,"fee_open":0.001,"fee_close":0.001,"trade_duration":590,"profit_ratio":0.0,"profit_abs":0.0,"exit_reason":"roi","initial_stop_loss_abs":84636.48,"initial_stop_loss_ratio":-0.217,"stop_loss_abs":84636.48,"stop_loss_ratio":-0.217,"min_rate":107250.0,"max_rate":108326.71,"is_open":false,"enter_tag":"","leverage":1.0,"is_short":false,"open_timestamp":1751203980000,"close_timestamp":1751239380000,"orders":[{"amount":9e-05,"safe_price":108092.56,"ft_order_side":"buy","order_filled_timestamp":1751203980000,"ft_is_entry":true,"ft_order_tag":"","cost":9.7380587304},{"amount":9e-05,"safe_price":108308.96152152152,"ft_order_side":"sell","order_filled_timestamp":1751239380000,"ft_is_entry":false,"ft_order_tag":"roi","cost":9.757554343473872}]},{"pair":"ETH/USDT","stake_amount":9.783189,"max_stake_amount":9.783189,"amount":0.0039,"open_date":"2025-06-30 02:18:00+00:00","close_date":"2025-06-30 19:26:00+00:00","open_rate":2508.51,"close_rate":2513.532042042042,"fee_open":0.001,"fee_close":0.001,"trade_duration":1028,"profit_ratio":0.0,"profit_abs":0.0,"exit_reason":"roi","initial_stop_loss_abs":1964.17,"initial_stop_loss_ratio":-0.217,"stop_loss_abs":1964.17,"stop_loss_ratio":-0.217,"min_rate":2431.0,"max_rate":2516.02,"is_open":false,"enter_tag":"","leverage":1.0,"is_short":false,"open_timestamp":1751249880000,"close_timestamp":1751311560000,"orders":[{"amount":0.0039,"safe_price":2508.51,"ft_order_side":"buy","order_filled_timestamp":1751249880000,"ft_is_entry":true,"ft_order_tag":"","cost":9.792972188999999},{"amount":0.0039,"safe_price":2513.532042042042,"ft_order_side":"sell","order_filled_timestamp":1751311560000,"ft_is_entry":false,"ft_order_tag":"roi","cost":9.812577738927928}]},{"pair":"BTC/USDT","stake_amount":9.7615746,"max_stake_amount":9.7615746,"amount":9e-05,"open_date":"2025-06-30 03:32:00+00:00","close_date":"2025-06-30 19:40:00+00:00","open_rate":108461.94,"close_rate":107434.17,"fee_open":0.001,"fee_close":0.001,"trade_duration":968,"profit_ratio":-0.011454927760131225,"profit_abs":-0.11192995,"exit_reason":"force_exit","initial_stop_loss_abs":84925.7,"initial_stop_loss_ratio":-0.217,"stop_loss_abs":84925.7,"stop_loss_ratio":-0.217,"min_rate":106733.33,"max_rate":108549.0,"is_open":false,"enter_tag":"","leverage":1.0,"is_short":false,"open_timestamp":1751254320000,"close_timestamp":1751312400000,"orders":[{"amount":9e-05,"safe_price":108461.94,"ft_order_side":"buy","order_filled_timestamp":1751254320000,"ft_is_entry":true,"ft_order_tag":"","cost":9.7713361746},{"amount":9e-05,"safe_price":107434.17,"ft_order_side":"sell","order_filled_timestamp":1751312400000,"ft_is_entry":false,"ft_order_tag":"force_exit","cost":9.6787443753}]}],"locks":[],"best_pair":{"key":"ETH/USDT","trades":17,"profit_mean":0.0020156566662281527,"profit_mean_pct":0.2,"profit_sum":0.0342661633258786,"profit_sum_pct":3.43,"profit_total_abs":0.33779516,"profit_total":0.00033779515999999996,"profit_total_pct":0.03,"duration_avg":"8:59:00","wins":6,"draws":11,"losses":0,"winrate":0.35294117647058826},"worst_pair":{"key":"BTC/USDT","trades":25,"profit_mean":0.0005804245200138242,"profit_mean_pct":0.06,"profit_sum":0.014510613000345604,"profit_sum_pct":1.45,"profit_total_abs":0.13035595,"profit_total":0.00013035595,"profit_total_pct":0.01,"duration_avg":"5:09:00","wins":5,"draws":19,"losses":1,"winrate":0.2},"results_per_pair":[{"key":"ETH/USDT","trades":17,"profit_mean":0.0020156566662281527,"profit_mean_pct":0.2,"profit_sum":0.0342661633258786,"profit_sum_pct":3.43,"profit_total_abs":0.33779516,"profit_total":0.00033779515999999996,"profit_total_pct":0.03,"duration_avg":"8:59:00","wins":6,"draws":11,"losses":0,"winrate":0.35294117647058826},{"key":"BTC/USDT","trades":25,"profit_mean":0.0005804245200138242,"profit_mean_pct":0.06,"profit_sum":0.014510613000345604,"profit_sum_pct":1.45,"profit_total_abs":0.13035595,"profit_total":0.00013035595,"profit_total_pct":0.01,"duration_avg":"5:09:00","wins":5,"draws":19,"losses":1,"winrate":0.2},{"key":"TOTAL","trades":42,"profit_mean":0.0011613518172910522,"profit_mean_pct":0.12,"profit_sum":0.048776776326224194,"profit_sum_pct":4.88,"profit_total_abs":0.4681511099999999,"profit_total":0.0004681511099999999,"profit_total_pct":0.05,"duration_avg":"6:42:00","wins":11,"draws":30,"losses":1,"winrate":0.2619047619047619}],"results_per_enter_tag":[{"key":"","trades":42,"profit_mean":0.0011613518172910522,"profit_mean_pct":0.12,"profit_sum":0.048776776326224194,"profit_sum_pct":4.88,"profit_total_abs":0.4681511099999999,"profit_total":0.0004681511099999999,"profit_total_pct":0.05,"duration_avg":"6:42:00","wins":11,"draws":30,"losses":1,"winrate":0.2619047619047619},{"key":"TOTAL","trades":42,"profit_mean":0.0011613518172910522,"profit_mean_pct":0.12,"profit_sum":0.048776776326224194,"profit_sum_pct":4.88,"profit_total_abs":0.4681511099999999,"profit_total":0.0004681511099999999,"profit_total_pct":0.05,"duration_avg":"6:42:00","wins":11,"draws":30,"losses":1,"winrate":0.2619047619047619}],"exit_reason_summary":[{"key":"trailing_stop_loss","trades":4,"profit_mean":0.010094827605374508,"profit_mean_pct":1.01,"profit_sum":0.04037931042149803,"profit_sum_pct":4.04,"profit_total_abs":0.39216834,"profit_total":0.00039216834000000003,"profit_total_pct":0.04,"duration_avg":"0:20:00","wins":4,"draws":0,"losses":0,"winrate":1.0},{"key":"roi","trades":37,"profit_mean":0.000536551180131281,"profit_mean_pct":0.05,"profit_sum":0.019852393664857398,"profit_sum_pct":1.99,"profit_total_abs":0.18791271999999998,"profit_total":0.00018791271999999998,"profit_total_pct":0.02,"duration_avg":"7:08:00","wins":7,"draws":30,"losses":0,"winrate":0.1891891891891892},{"key":"force_exit","trades":1,"profit_mean":-0.011454927760131225,"profit_mean_pct":-1.15,"profit_sum":-0.011454927760131225,"profit_sum_pct":-1.15,"profit_total_abs":-0.11192995,"profit_total":-0.00011192995,"profit_total_pct":-0.01,"duration_avg":"16:08:00","wins":0,"draws":0,"losses":1,"winrate":0.0},{"key":"TOTAL","trades":42,"profit_mean":0.0011613518172910522,"profit_mean_pct":0.12,"profit_sum":0.048776776326224194,"profit_sum_pct":4.88,"profit_total_abs":0.4681511099999999,"profit_total":0.0004681511099999999,"profit_total_pct":0.05,"duration_avg":"6:42:00","wins":11,"draws":30,"losses":1,"winrate":0.2619047619047619}],"mix_tag_stats":[{"key":["","trailing_stop_loss"],"trades":4,"profit_mean":0.010094827605374508,"profit_mean_pct":1.01,"profit_sum":0.04037931042149803,"profit_sum_pct":4.04,"profit_total_abs":0.39216834,"profit_total":0.00039216834000000003,"profit_total_pct":0.04,"duration_avg":"0:20:00","wins":4,"draws":0,"losses":0,"winrate":1.0},{"key":["","roi"],"trades":37,"profit_mean":0.000536551180131281,"profit_mean_pct":0.05,"profit_sum":0.019852393664857398,"profit_sum_pct":1.99,"profit_total_abs":0.18791271999999998,"profit_total":0.00018791271999999998,"profit_total_pct":0.02,"duration_avg":"7:08:00","wins":7,"draws":30,"losses":0,"winrate":0.1891891891891892},{"key":["","force_exit"],"trades":1,"profit_mean":-0.011454927760131225,"profit_mean_pct":-1.15,"profit_sum":-0.011454927760131225,"profit_sum_pct":-1.15,"profit_total_abs":-0.11192995,"profit_total":-0.00011192995,"profit_total_pct":-0.01,"duration_avg":"16:08:00","wins":0,"draws":0,"losses":1,"winrate":0.0},{"key":"TOTAL","trades":42,"profit_mean":0.0011613518172910522,"profit_mean_pct":0.12,"profit_sum":0.048776776326224194,"profit_sum_pct":4.88,"profit_total_abs":0.4681511099999999,"profit_total":0.0004681511099999999,"profit_total_pct":0.05,"duration_avg":"6:42:00","wins":11,"draws":30,"losses":1,"winrate":0.2619047619047619}],"left_open_trades":[{"key":"BTC/USDT","trades":1,"profit_mean":-0.011454927760131225,"profit_mean_pct":-1.15,"profit_sum":-0.011454927760131225,"profit_sum_pct":-1.15,"profit_total_abs":-0.11192995,"profit_total":-0.00011192995,"profit_total_pct":-0.01,"duration_avg":"16:08:00","wins":0,"draws":0,"losses":1,"winrate":0.0},{"key":"TOTAL","trades":1,"profit_mean":-0.011454927760131225,"profit_mean_pct":-1.15,"profit_sum":-0.011454927760131225,"profit_sum_pct":-1.15,"profit_total_abs":-0.11192995,"profit_total":-0.00011192995,"profit_total_pct":-0.01,"duration_avg":"16:08:00","wins":0,"draws":0,"losses":1,"winrate":0.0}],"total_trades":42,"trade_count_long":42,"trade_count_short":0,"total_volume":812.8492028435558,"avg_stake_amount":9.65186877857143,"profit_mean":0.0011613518172910522,"profit_median":0.0,"profit_total":0.0004681511099999999,"profit_total_long":0.0004681511099999999,"profit_total_short":0.0,"profit_total_abs":0.4681511099999999,"profit_total_long_abs":0.4681511099999999,"profit_total_short_abs":0.0,"cagr":0.024705264361084556,"expectancy":0.011146455000000005,"expectancy_ratio":-0.6147015100579807,"sortino":-100,"sharpe":34.86979001858413,"calmar":1142.1943113956552,"sqn":1.9478,"profit_factor":5.182536577564808,"backtest_start":"2025-06-23 00:52:00","backtest_start_ts":1750639920000,"backtest_end":"2025-06-30 19:40:00","backtest_end_ts":1751312400000,"backtest_days":7,"backtest_run_start_ts":1751316901,"backtest_run_end_ts":1751316903,"trades_per_day":6.0,"market_change":0.09671840477060001,"pairlist":["BTC/USDT","ETH/USDT"],"stake_amount":10,"stake_currency":"USDT","stake_currency_decimals":3,"starting_balance":1000,"dry_run_wallet":1000,"final_balance":1000.46815111,"rejected_signals":0,"timedout_entry_orders":0,"timedout_exit_orders":0,"canceled_trade_entries":0,"canceled_entry_orders":0,"replaced_entry_orders":0,"max_open_trades":-1,"max_open_trades_setting":-1,"timeframe":"1m","timeframe_detail":"","timerange":"20230101-","enable_protections":false,"strategy_name":"MACDStrategy","stoploss":-0.217,"trailing_stop":true,"trailing_stop_positive":0.005,"trailing_stop_positive_offset":0.01,"trailing_only_offset_is_reached":true,"use_custom_stoploss":false,"minimal_roi":{"0":0.03,"10":0.02,"30":0.015,"60":0},"use_exit_signal":true,"exit_profit_only":false,"exit_profit_offset":0.0,"ignore_roi_if_entry_signal":false,"trading_mode":"spot","margin_mode":"","periodic_breakdown":{"day":[{"date":"23/06/2025","date_ts":1750636800000,"profit_abs":0.36870384,"wins":5,"draws":6,"losses":0,"trades":11,"profit_factor":0.0},{"date":"24/06/2025","date_ts":1750723200000,"profit_abs":0.17405291,"wins":4,"draws":7,"losses":0,"trades":11,"profit_factor":0.0},{"date":"25/06/2025","date_ts":1750809600000,"profit_abs":0.03732431,"wins":2,"draws":3,"losses":0,"trades":5,"profit_factor":0.0},{"date":"26/06/2025","date_ts":1750896000000,"profit_abs":0.0,"wins":0,"draws":5,"losses":0,"trades":5,"profit_factor":0.0},{"date":"27/06/2025","date_ts":1750982400000,"profit_abs":0.0,"wins":0,"draws":4,"losses":0,"trades":4,"profit_factor":0.0},{"date":"28/06/2025","date_ts":1751068800000,"profit_abs":0.0,"wins":0,"draws":1,"losses":0,"trades":1,"profit_factor":0.0},{"date":"29/06/2025","date_ts":1751155200000,"profit_abs":0.0,"wins":0,"draws":3,"losses":0,"trades":3,"profit_factor":0.0},{"date":"30/06/2025","date_ts":1751241600000,"profit_abs":-0.11192995,"wins":0,"draws":1,"losses":1,"trades":2,"profit_factor":0.0}],"week":[{"date":"23/06/2025","date_ts":1750636800000,"profit_abs":0.36870384,"wins":5,"draws":6,"losses":0,"trades":11,"profit_factor":0.0},{"date":"30/06/2025","date_ts":1751241600000,"profit_abs":0.09944727,"wins":6,"draws":24,"losses":1,"trades":31,"profit_factor":1.88847775}],"month":[{"date":"30/06/2025","date_ts":1751241600000,"profit_abs":0.46815111,"wins":11,"draws":30,"losses":1,"trades":42,"profit_factor":5.18253658}],"year":[{"date":"31/12/2025","date_ts":1767139200000,"profit_abs":0.46815111,"wins":11,"draws":30,"losses":1,"trades":42,"profit_factor":5.18253658}]},"backtest_best_day":0.038705920772066964,"backtest_worst_day":-0.011454927760131225,"backtest_best_day_abs":0.36870384,"backtest_worst_day_abs":-0.11192995,"winning_days":3,"draw_days":4,"losing_days":1,"daily_profit":[["2025-06-23",0.36870384],["2025-06-24",0.17405291],["2025-06-25",0.03732431],["2025-06-26",0.0],["2025-06-27",0.0],["2025-06-28",0.0],["2025-06-29",0.0],["2025-06-30",-0.11192995]],"wins":11,"losses":1,"draws":30,"winrate":0.2619047619047619,"holding_avg":"6:42:00","holding_avg_s":24120.0,"winner_holding_avg":"0:45:00","winner_holding_avg_s":2700.0,"loser_holding_avg":"16:08:00","loser_holding_avg_s":58080.0,"max_consecutive_wins":4,"max_consecutive_losses":15,"max_drawdown_account":0.00011186505919787326,"max_relative_drawdown":0.00011186505919787326,"max_drawdown_abs":0.11192995,"drawdown_start":"2025-06-25 16:33:00","drawdown_start_ts":1750869180000.0,"drawdown_end":"2025-06-30 19:40:00","drawdown_end_ts":1751312400000.0,"max_drawdown_low":0.46815111000000004,"max_drawdown_high":0.58008106,"csum_min":1000.01866748,"csum_max":1000.58008106}},"strategy_comparison":[{"key":"MACDStrategy","trades":42,"profit_mean":0.0011613518172910522,"profit_mean_pct":0.12,"profit_sum":0.048776776326224194,"profit_sum_pct":4.88,"profit_total_abs":0.4681511099999999,"profit_total":0.0004681511099999999,"profit_total_pct":0.05,"duration_avg":"6:42:00","wins":11,"draws":30,"losses":1,"winrate":0.2619047619047619,"max_drawdown_account":0.00011186505919787326,"max_drawdown_abs":"0.112"}]}