{"timeframe":"1m","leverage":{"enabled":true,"type":"dynamic","max_leverage":10},"exchange":{"name":"binance","pair_whitelist":["SOL/USDT"],"type":"spot"},"stake_currency":"USDT","stake_amount":"unlimited","dry_run":true,"dry_run_wallet":1000,"max_open_trades":3,"custom_leverage":1.0,"entry_pricing":{"price_side":"same","use_order_book":true,"order_book_top":1,"price_last_balance":0.0,"check_depth_of_market":{"enabled":false,"bids_to_ask_delta":1}},"exit_pricing":{"use_exit_signal":true,"exit_type":"ohlcv","allow_df_rate_limit":false},"pairlists":[{"method":"StaticPairList","pairs":["SOL/USDT"]}],"startup_candle_count":52,"log_level":"debug","initial_state":"running","strategy":"FixedRiskRewardLossV2","user_data_dir":"c:\\Users\\HP1\\Music\\botmoon-backend\\user_data","strategy_path":"c:\\Users\\HP1\\Music\\botmoon-backend\\user_data\\strategies","data_format_ohlcv":"json","config_files":["config.json"],"internals":{}}