{"strategy":{"AlphaBreakoutV2025":{"trades":[{"pair":"ETH/USDT","stake_amount":9.870392,"max_stake_amount":9.870392,"amount":0.0043,"open_date":"2025-06-23 18:10:00+00:00","close_date":"2025-06-23 18:28:00+00:00","open_rate":2295.44,"close_rate":2289.36,"fee_open":0.001,"fee_close":0.001,"trade_duration":18,"profit_ratio":-0.0046414394861751355,"profit_abs":-0.04585864,"exit_reason":"exit_signal","initial_stop_loss_abs":2261.01,"initial_stop_loss_ratio":-0.015,"stop_loss_abs":2267.62,"stop_loss_ratio":-0.015,"min_rate":2284.98,"max_rate":2302.15,"is_open":false,"enter_tag":"","leverage":1.0,"is_short":false,"open_timestamp":1750702200000,"close_timestamp":1750703280000,"orders":[{"amount":0.0043,"safe_price":2295.44,"ft_order_side":"buy","order_filled_timestamp":1750702200000,"ft_is_entry":true,"ft_order_tag":"","cost":9.880262391999999},{"amount":0.0043,"safe_price":2289.36,"ft_order_side":"sell","order_filled_timestamp":1750703280000,"ft_is_entry":false,"ft_order_tag":"exit_signal","cost":9.854092247999999}]},{"pair":"BTC/USDT","stake_amount":9.2612682,"max_stake_amount":9.2612682,"amount":9e-05,"open_date":"2025-06-23 18:13:00+00:00","close_date":"2025-06-23 18:28:00+00:00","open_rate":102902.98,"close_rate":102782.11,"fee_open":0.001,"fee_close":0.001,"trade_duration":15,"profit_ratio":-0.003170256898574582,"profit_abs":-0.02938996,"exit_reason":"exit_signal","initial_stop_loss_abs":101359.44,"initial_stop_loss_ratio":-0.015,"stop_loss_abs":101638.12,"stop_loss_ratio":-0.015,"min_rate":102680.0,"max_rate":103185.9,"is_open":false,"enter_tag":"","leverage":1.0,"is_short":false,"open_timestamp":1750702380000,"close_timestamp":1750703280000,"orders":[{"amount":9e-05,"safe_price":102902.98,"ft_order_side":"buy","order_filled_timestamp":1750702380000,"ft_is_entry":true,"ft_order_tag":"","cost":9.2705294682},{"amount":9e-05,"safe_price":102782.11,"ft_order_side":"sell","order_filled_timestamp":1750703280000,"ft_is_entry":false,"ft_order_tag":"exit_signal","cost":9.259640289899998}]},{"pair":"BTC/USDT","stake_amount":9.267885,"max_stake_amount":9.267885,"amount":9e-05,"open_date":"2025-06-23 18:33:00+00:00","close_date":"2025-06-23 18:48:00+00:00","open_rate":102976.5,"close_rate":102924.48,"fee_open":0.001,"fee_close":0.001,"trade_duration":15,"profit_ratio":-0.0025021566732539627,"profit_abs":-0.02321289,"exit_reason":"exit_signal","initial_stop_loss_abs":101431.86,"initial_stop_loss_ratio":-0.015,"stop_loss_abs":101750.5,"stop_loss_ratio":-0.015,"min_rate":102923.98,"max_rate":103300.0,"is_open":false,"enter_tag":"","leverage":1.0,"is_short":false,"open_timestamp":1750703580000,"close_timestamp":1750704480000,"orders":[{"amount":9e-05,"safe_price":102976.5,"ft_order_side":"buy","order_filled_timestamp":1750703580000,"ft_is_entry":true,"ft_order_tag":"","cost":9.277152885},{"amount":9e-05,"safe_price":102924.48,"ft_order_side":"sell","order_filled_timestamp":1750704480000,"ft_is_entry":false,"ft_order_tag":"exit_signal","cost":9.2724664032}]},{"pair":"ETH/USDT","stake_amount":9.807336,"max_stake_amount":9.807336,"amount":0.0042,"open_date":"2025-06-23 20:17:00+00:00","close_date":"2025-06-23 20:38:00+00:00","open_rate":2335.08,"close_rate":2349.47,"fee_open":0.001,"fee_close":0.001,"trade_duration":21,"profit_ratio":0.004152215018652143,"profit_abs":0.04076289,"exit_reason":"exit_signal","initial_stop_loss_abs":2300.06,"initial_stop_loss_ratio":-0.015,"stop_loss_abs":2344.1,"stop_loss_ratio":-0.015,"min_rate":2335.07,"max_rate":2379.79,"is_open":false,"enter_tag":"","leverage":1.0,"is_short":false,"open_timestamp":1750709820000,"close_timestamp":1750711080000,"orders":[{"amount":0.0042,"safe_price":2335.08,"ft_order_side":"buy","order_filled_timestamp":1750709820000,"ft_is_entry":true,"ft_order_tag":"","cost":9.817143335999999},{"amount":0.0042,"safe_price":2349.47,"ft_order_side":"sell","order_filled_timestamp":1750711080000,"ft_is_entry":false,"ft_order_tag":"exit_signal","cost":9.877641773999997}]},{"pair":"BTC/USDT","stake_amount":9.284517,"max_stake_amount":9.284517,"amount":9e-05,"open_date":"2025-06-23 20:00:00+00:00","close_date":"2025-06-23 21:28:00+00:00","open_rate":103161.3,"close_rate":103746.99,"fee_open":0.001,"fee_close":0.001,"trade_duration":88,"profit_ratio":0.003668073816472489,"profit_abs":0.03409035,"exit_reason":"exit_signal","initial_stop_loss_abs":101613.89,"initial_stop_loss_ratio":-0.015,"stop_loss_abs":102651.07,"stop_loss_ratio":-0.015,"min_rate":102880.0,"max_rate":104214.28,"is_open":false,"enter_tag":"","leverage":1.0,"is_short":false,"open_timestamp":1750708800000,"close_timestamp":1750714080000,"orders":[{"amount":9e-05,"safe_price":103161.3,"ft_order_side":"buy","order_filled_timestamp":1750708800000,"ft_is_entry":true,"ft_order_tag":"","cost":9.293801517},{"amount":9e-05,"safe_price":103746.99,"ft_order_side":"sell","order_filled_timestamp":1750714080000,"ft_is_entry":false,"ft_order_tag":"exit_signal","cost":9.346566329100002}]},{"pair":"BTC/USDT","stake_amount":9.4916943,"max_stake_amount":9.4916943,"amount":9e-05,"open_date":"2025-06-24 09:32:00+00:00","close_date":"2025-06-24 09:41:00+00:00","open_rate":105463.27,"close_rate":105230.69,"fee_open":0.001,"fee_close":0.001,"trade_duration":9,"profit_ratio":-0.004198913696030559,"profit_abs":-0.03989466,"exit_reason":"exit_signal","initial_stop_loss_abs":103881.33,"initial_stop_loss_ratio":-0.015,"stop_loss_abs":103881.33,"stop_loss_ratio":-0.015,"min_rate":105212.58,"max_rate":105463.27,"is_open":false,"enter_tag":"","leverage":1.0,"is_short":false,"open_timestamp":1750757520000,"close_timestamp":1750758060000,"orders":[{"amount":9e-05,"safe_price":105463.27,"ft_order_side":"buy","order_filled_timestamp":1750757520000,"ft_is_entry":true,"ft_order_tag":"","cost":9.5011859943},{"amount":9e-05,"safe_price":105230.69,"ft_order_side":"sell","order_filled_timestamp":1750758060000,"ft_is_entry":false,"ft_order_tag":"exit_signal","cost":9.4802328621}]},{"pair":"BTC/USDT","stake_amount":9.526662,"max_stake_amount":9.526662,"amount":9e-05,"open_date":"2025-06-24 16:50:00+00:00","close_date":"2025-06-24 17:12:00+00:00","open_rate":105851.8,"close_rate":105943.94,"fee_open":0.001,"fee_close":0.001,"trade_duration":22,"profit_ratio":-0.0011292792520886895,"profit_abs":-0.01076902,"exit_reason":"exit_signal","initial_stop_loss_abs":104264.03,"initial_stop_loss_ratio":-0.015,"stop_loss_abs":104695.65,"stop_loss_ratio":-0.015,"min_rate":105800.0,"max_rate":106290.0,"is_open":false,"enter_tag":"","leverage":1.0,"is_short":false,"open_timestamp":1750783800000,"close_timestamp":1750785120000,"orders":[{"amount":9e-05,"safe_price":105851.8,"ft_order_side":"buy","order_filled_timestamp":1750783800000,"ft_is_entry":true,"ft_order_tag":"","cost":9.536188662},{"amount":9e-05,"safe_price":105943.94,"ft_order_side":"sell","order_filled_timestamp":1750785120000,"ft_is_entry":false,"ft_order_tag":"exit_signal","cost":9.5444895546}]},{"pair":"ETH/USDT","stake_amount":9.78564,"max_stake_amount":9.78564,"amount":0.004,"open_date":"2025-06-24 20:56:00+00:00","close_date":"2025-06-24 21:03:00+00:00","open_rate":2446.41,"close_rate":2442.01,"fee_open":0.001,"fee_close":0.001,"trade_duration":7,"profit_ratio":-0.0037929622831581215,"profit_abs":-0.03715368,"exit_reason":"exit_signal","initial_stop_loss_abs":2409.72,"initial_stop_loss_ratio":-0.015,"stop_loss_abs":2413.66,"stop_loss_ratio":-0.015,"min_rate":2439.84,"max_rate":2450.41,"is_open":false,"enter_tag":"","leverage":1.0,"is_short":false,"open_timestamp":1750798560000,"close_timestamp":1750798980000,"orders":[{"amount":0.004,"safe_price":2446.41,"ft_order_side":"buy","order_filled_timestamp":1750798560000,"ft_is_entry":true,"ft_order_tag":"","cost":9.795425639999998},{"amount":0.004,"safe_price":2442.01,"ft_order_side":"sell","order_filled_timestamp":1750798980000,"ft_is_entry":false,"ft_order_tag":"exit_signal","cost":9.77780804}]},{"pair":"BTC/USDT","stake_amount":9.650889,"max_stake_amount":9.650889,"amount":9e-05,"open_date":"2025-06-25 13:06:00+00:00","close_date":"2025-06-25 13:34:00+00:00","open_rate":107232.1,"close_rate":107700.01,"fee_open":0.001,"fee_close":0.001,"trade_duration":28,"profit_ratio":0.0023568051332125708,"profit_abs":0.02276801,"exit_reason":"exit_signal","initial_stop_loss_abs":105623.62,"initial_stop_loss_ratio":-0.015,"stop_loss_abs":106292.27,"stop_loss_ratio":-0.015,"min_rate":107172.87,"max_rate":107910.93,"is_open":false,"enter_tag":"","leverage":1.0,"is_short":false,"open_timestamp":1750856760000,"close_timestamp":1750858440000,"orders":[{"amount":9e-05,"safe_price":107232.1,"ft_order_side":"buy","order_filled_timestamp":1750856760000,"ft_is_entry":true,"ft_order_tag":"","cost":9.660539889},{"amount":9e-05,"safe_price":107700.01,"ft_order_side":"sell","order_filled_timestamp":1750858440000,"ft_is_entry":false,"ft_order_tag":"exit_signal","cost":9.702693900899998}]},{"pair":"BTC/USDT","stake_amount":9.7067646,"max_stake_amount":9.7067646,"amount":9e-05,"open_date":"2025-06-25 13:45:00+00:00","close_date":"2025-06-25 14:13:00+00:00","open_rate":107852.94,"close_rate":107939.21,"fee_open":0.001,"fee_close":0.001,"trade_duration":28,"profit_ratio":-0.001199714336880556,"profit_abs":-0.01165699,"exit_reason":"exit_signal","initial_stop_loss_abs":106235.15,"initial_stop_loss_ratio":-0.015,"stop_loss_abs":106513.28,"stop_loss_ratio":-0.015,"min_rate":107699.99,"max_rate":108135.3,"is_open":false,"enter_tag":"","leverage":1.0,"is_short":false,"open_timestamp":1750859100000,"close_timestamp":1750860780000,"orders":[{"amount":9e-05,"safe_price":107852.94,"ft_order_side":"buy","order_filled_timestamp":1750859100000,"ft_is_entry":true,"ft_order_tag":"","cost":9.7164713646},{"amount":9e-05,"safe_price":107939.21,"ft_order_side":"sell","order_filled_timestamp":1750860780000,"ft_is_entry":false,"ft_order_tag":"exit_signal","cost":9.7242434289}]},{"pair":"ETH/USDT","stake_amount":9.985714,"max_stake_amount":9.985714,"amount":0.0041,"open_date":"2025-06-25 13:45:00+00:00","close_date":"2025-06-25 14:13:00+00:00","open_rate":2435.54,"close_rate":2432.41,"fee_open":0.001,"fee_close":0.001,"trade_duration":28,"profit_ratio":-0.003280570739242197,"profit_abs":-0.0327916,"exit_reason":"exit_signal","initial_stop_loss_abs":2399.01,"initial_stop_loss_ratio":-0.015,"stop_loss_abs":2408.79,"stop_loss_ratio":-0.015,"min_rate":2427.87,"max_rate":2445.47,"is_open":false,"enter_tag":"","leverage":1.0,"is_short":false,"open_timestamp":1750859100000,"close_timestamp":1750860780000,"orders":[{"amount":0.0041,"safe_price":2435.54,"ft_order_side":"buy","order_filled_timestamp":1750859100000,"ft_is_entry":true,"ft_order_tag":"","cost":9.995699714},{"amount":0.0041,"safe_price":2432.41,"ft_order_side":"sell","order_filled_timestamp":1750860780000,"ft_is_entry":false,"ft_order_tag":"exit_signal","cost":9.982853881}]},{"pair":"ETH/USDT","stake_amount":9.996579,"max_stake_amount":9.996579,"amount":0.0041,"open_date":"2025-06-25 21:00:00+00:00","close_date":"2025-06-25 21:11:00+00:00","open_rate":2438.19,"close_rate":2435.64,"fee_open":0.001,"fee_close":0.001,"trade_duration":11,"profit_ratio":-0.0030417698601984447,"profit_abs":-0.0304377,"exit_reason":"exit_signal","initial_stop_loss_abs":2401.62,"initial_stop_loss_ratio":-0.015,"stop_loss_abs":2418.16,"stop_loss_ratio":-0.015,"min_rate":2435.62,"max_rate":2454.98,"is_open":false,"enter_tag":"","leverage":1.0,"is_short":false,"open_timestamp":1750885200000,"close_timestamp":1750885860000,"orders":[{"amount":0.0041,"safe_price":2438.19,"ft_order_side":"buy","order_filled_timestamp":1750885200000,"ft_is_entry":true,"ft_order_tag":"","cost":10.006575579},{"amount":0.0041,"safe_price":2435.64,"ft_order_side":"sell","order_filled_timestamp":1750885860000,"ft_is_entry":false,"ft_order_tag":"exit_signal","cost":9.996110124}]},{"pair":"BTC/USDT","stake_amount":9.6867549,"max_stake_amount":9.6867549,"amount":9e-05,"open_date":"2025-06-26 14:38:00+00:00","close_date":"2025-06-26 14:55:00+00:00","open_rate":107630.61,"close_rate":107527.76,"fee_open":0.001,"fee_close":0.001,"trade_duration":17,"profit_ratio":-0.0029516755752907347,"profit_abs":-0.02862075,"exit_reason":"exit_signal","initial_stop_loss_abs":106016.16,"initial_stop_loss_ratio":-0.015,"stop_loss_abs":106149.07,"stop_loss_ratio":-0.015,"min_rate":107392.0,"max_rate":107765.55,"is_open":false,"enter_tag":"","leverage":1.0,"is_short":false,"open_timestamp":1750948680000,"close_timestamp":1750949700000,"orders":[{"amount":9e-05,"safe_price":107630.61,"ft_order_side":"buy","order_filled_timestamp":1750948680000,"ft_is_entry":true,"ft_order_tag":"","cost":9.6964416549},{"amount":9e-05,"safe_price":107527.76,"ft_order_side":"sell","order_filled_timestamp":1750949700000,"ft_is_entry":false,"ft_order_tag":"exit_signal","cost":9.687175898399998}]},{"pair":"ETH/USDT","stake_amount":9.76304,"max_stake_amount":9.76304,"amount":0.004,"open_date":"2025-06-26 20:07:00+00:00","close_date":"2025-06-26 20:50:00+00:00","open_rate":2440.76,"close_rate":2444.17,"fee_open":0.001,"fee_close":0.001,"trade_duration":43,"profit_ratio":-0.0006036875987219323,"profit_abs":-0.00589972,"exit_reason":"exit_signal","initial_stop_loss_abs":2404.15,"initial_stop_loss_ratio":-0.015,"stop_loss_abs":2420.47,"stop_loss_ratio":-0.015,"min_rate":2437.85,"max_rate":2457.32,"is_open":false,"enter_tag":"","leverage":1.0,"is_short":false,"open_timestamp":1750968420000,"close_timestamp":1750971000000,"orders":[{"amount":0.004,"safe_price":2440.76,"ft_order_side":"buy","order_filled_timestamp":1750968420000,"ft_is_entry":true,"ft_order_tag":"","cost":9.772803040000001},{"amount":0.004,"safe_price":2444.17,"ft_order_side":"sell","order_filled_timestamp":1750971000000,"ft_is_entry":false,"ft_order_tag":"exit_signal","cost":9.786456679999999}]},{"pair":"BTC/USDT","stake_amount":9.639,"max_stake_amount":9.639,"amount":9e-05,"open_date":"2025-06-27 10:16:00+00:00","close_date":"2025-06-27 10:26:00+00:00","open_rate":107100.0,"close_rate":106983.7,"fee_open":0.001,"fee_close":0.001,"trade_duration":10,"profit_ratio":-0.003081733081733082,"profit_abs":-0.02973453,"exit_reason":"exit_signal","initial_stop_loss_abs":105493.5,"initial_stop_loss_ratio":-0.015,"stop_loss_abs":105493.5,"stop_loss_ratio":-0.015,"min_rate":106960.65,"max_rate":107100.0,"is_open":false,"enter_tag":"","leverage":1.0,"is_short":false,"open_timestamp":1751019360000,"close_timestamp":1751019960000,"orders":[{"amount":9e-05,"safe_price":107100.0,"ft_order_side":"buy","order_filled_timestamp":1751019360000,"ft_is_entry":true,"ft_order_tag":"","cost":9.648639},{"amount":9e-05,"safe_price":106983.7,"ft_order_side":"sell","order_filled_timestamp":1751019960000,"ft_is_entry":false,"ft_order_tag":"exit_signal","cost":9.638161533}]},{"pair":"ETH/USDT","stake_amount":9.994857,"max_stake_amount":9.994857,"amount":0.0041,"open_date":"2025-06-27 15:42:00+00:00","close_date":"2025-06-27 16:02:00+00:00","open_rate":2437.77,"close_rate":2434.89,"fee_open":0.001,"fee_close":0.001,"trade_duration":20,"profit_ratio":-0.0031770495409945178,"profit_abs":-0.03178591,"exit_reason":"exit_signal","initial_stop_loss_abs":2401.21,"initial_stop_loss_ratio":-0.015,"stop_loss_abs":2406.0,"stop_loss_ratio":-0.015,"min_rate":2434.14,"max_rate":2442.63,"is_open":false,"enter_tag":"","leverage":1.0,"is_short":false,"open_timestamp":1751038920000,"close_timestamp":1751040120000,"orders":[{"amount":0.0041,"safe_price":2437.77,"ft_order_side":"buy","order_filled_timestamp":1751038920000,"ft_is_entry":true,"ft_order_tag":"","cost":10.004851857},{"amount":0.0041,"safe_price":2434.89,"ft_order_side":"sell","order_filled_timestamp":1751040120000,"ft_is_entry":false,"ft_order_tag":"exit_signal","cost":9.993032049}]},{"pair":"BTC/USDT","stake_amount":9.6275898,"max_stake_amount":9.6275898,"amount":9e-05,"open_date":"2025-06-27 19:58:00+00:00","close_date":"2025-06-27 20:00:00+00:00","open_rate":106973.22,"close_rate":106801.02,"fee_open":0.001,"fee_close":0.001,"trade_duration":2,"profit_ratio":-0.00360453423378892,"profit_abs":-0.03473768,"exit_reason":"exit_signal","initial_stop_loss_abs":105368.63,"initial_stop_loss_ratio":-0.015,"stop_loss_abs":105375.3,"stop_loss_ratio":-0.015,"min_rate":106794.33,"max_rate":106980.0,"is_open":false,"enter_tag":"","leverage":1.0,"is_short":false,"open_timestamp":1751054280000,"close_timestamp":1751054400000,"orders":[{"amount":9e-05,"safe_price":106973.22,"ft_order_side":"buy","order_filled_timestamp":1751054280000,"ft_is_entry":true,"ft_order_tag":"","cost":9.6372173898},{"amount":9e-05,"safe_price":106801.02,"ft_order_side":"sell","order_filled_timestamp":1751054400000,"ft_is_entry":false,"ft_order_tag":"exit_signal","cost":9.621703891800001}]},{"pair":"ETH/USDT","stake_amount":9.884526,"max_stake_amount":9.884526,"amount":0.0041,"open_date":"2025-06-27 19:51:00+00:00","close_date":"2025-06-27 20:56:00+00:00","open_rate":2410.86,"close_rate":2421.59,"fee_open":0.001,"fee_close":0.001,"trade_duration":65,"profit_ratio":0.002443799955182899,"profit_abs":0.02417996,"exit_reason":"exit_signal","initial_stop_loss_abs":2374.7,"initial_stop_loss_ratio":-0.015,"stop_loss_abs":2391.13,"stop_loss_ratio":-0.015,"min_rate":2409.95,"max_rate":2427.54,"is_open":false,"enter_tag":"","leverage":1.0,"is_short":false,"open_timestamp":1751053860000,"close_timestamp":1751057760000,"orders":[{"amount":0.0041,"safe_price":2410.86,"ft_order_side":"buy","order_filled_timestamp":1751053860000,"ft_is_entry":true,"ft_order_tag":"","cost":9.894410526},{"amount":0.0041,"safe_price":2421.59,"ft_order_side":"sell","order_filled_timestamp":1751057760000,"ft_is_entry":false,"ft_order_tag":"exit_signal","cost":9.938447519}]},{"pair":"ETH/USDT","stake_amount":9.953201,"max_stake_amount":9.953201,"amount":0.0041,"open_date":"2025-06-28 09:48:00+00:00","close_date":"2025-06-28 10:17:00+00:00","open_rate":2427.61,"close_rate":2426.71,"fee_open":0.001,"fee_close":0.001,"trade_duration":29,"profit_ratio":-0.002367996070725474,"profit_abs":-0.02359271,"exit_reason":"exit_signal","initial_stop_loss_abs":2391.2,"initial_stop_loss_ratio":-0.015,"stop_loss_abs":2392.41,"stop_loss_ratio":-0.015,"min_rate":2425.69,"max_rate":2428.84,"is_open":false,"enter_tag":"","leverage":1.0,"is_short":false,"open_timestamp":1751104080000,"close_timestamp":1751105820000,"orders":[{"amount":0.0041,"safe_price":2427.61,"ft_order_side":"buy","order_filled_timestamp":1751104080000,"ft_is_entry":true,"ft_order_tag":"","cost":9.963154201},{"amount":0.0041,"safe_price":2426.71,"ft_order_side":"sell","order_filled_timestamp":1751105820000,"ft_is_entry":false,"ft_order_tag":"exit_signal","cost":9.959460511}]},{"pair":"BTC/USDT","stake_amount":9.6580449,"max_stake_amount":9.6580449,"amount":9e-05,"open_date":"2025-06-28 15:48:00+00:00","close_date":"2025-06-28 16:11:00+00:00","open_rate":107311.61,"close_rate":107412.07,"fee_open":0.001,"fee_close":0.001,"trade_duration":23,"profit_ratio":-0.0010637201058628898,"profit_abs":-0.01028373,"exit_reason":"exit_signal","initial_stop_loss_abs":105701.94,"initial_stop_loss_ratio":-0.015,"stop_loss_abs":105964.09,"stop_loss_ratio":-0.015,"min_rate":107283.72,"max_rate":107577.75,"is_open":false,"enter_tag":"","leverage":1.0,"is_short":false,"open_timestamp":1751125680000,"close_timestamp":1751127060000,"orders":[{"amount":9e-05,"safe_price":107311.61,"ft_order_side":"buy","order_filled_timestamp":1751125680000,"ft_is_entry":true,"ft_order_tag":"","cost":9.667702944899998},{"amount":9e-05,"safe_price":107412.07,"ft_order_side":"sell","order_filled_timestamp":1751127060000,"ft_is_entry":false,"ft_order_tag":"exit_signal","cost":9.6767533863}]},{"pair":"ETH/USDT","stake_amount":9.963082,"max_stake_amount":9.963082,"amount":0.0041,"open_date":"2025-06-28 15:51:00+00:00","close_date":"2025-06-28 16:17:00+00:00","open_rate":2430.02,"close_rate":2433.83,"fee_open":0.001,"fee_close":0.001,"trade_duration":26,"profit_ratio":-0.00043324681323244415,"profit_abs":-0.00432079,"exit_reason":"exit_signal","initial_stop_loss_abs":2393.57,"initial_stop_loss_ratio":-0.015,"stop_loss_abs":2407.07,"stop_loss_ratio":-0.015,"min_rate":2428.71,"max_rate":2443.72,"is_open":false,"enter_tag":"","leverage":1.0,"is_short":false,"open_timestamp":1751125860000,"close_timestamp":1751127420000,"orders":[{"amount":0.0041,"safe_price":2430.02,"ft_order_side":"buy","order_filled_timestamp":1751125860000,"ft_is_entry":true,"ft_order_tag":"","cost":9.973045081999999},{"amount":0.0041,"safe_price":2433.83,"ft_order_side":"sell","order_filled_timestamp":1751127420000,"ft_is_entry":false,"ft_order_tag":"exit_signal","cost":9.988681703}]},{"pair":"ETH/USDT","stake_amount":9.78656,"max_stake_amount":9.78656,"amount":0.004,"open_date":"2025-06-29 09:28:00+00:00","close_date":"2025-06-29 09:57:00+00:00","open_rate":2446.64,"close_rate":2452.04,"fee_open":0.001,"fee_close":0.001,"trade_duration":29,"profit_ratio":0.00020469671910014584,"profit_abs":0.00200528,"exit_reason":"exit_signal","initial_stop_loss_abs":2409.95,"initial_stop_loss_ratio":-0.015,"stop_loss_abs":2421.1,"stop_loss_ratio":-0.015,"min_rate":2446.44,"max_rate":2457.96,"is_open":false,"enter_tag":"","leverage":1.0,"is_short":false,"open_timestamp":1751189280000,"close_timestamp":1751191020000,"orders":[{"amount":0.004,"safe_price":2446.64,"ft_order_side":"buy","order_filled_timestamp":1751189280000,"ft_is_entry":true,"ft_order_tag":"","cost":9.796346559999998},{"amount":0.004,"safe_price":2452.04,"ft_order_side":"sell","order_filled_timestamp":1751191020000,"ft_is_entry":false,"ft_order_tag":"exit_signal","cost":9.81796816}]},{"pair":"BTC/USDT","stake_amount":9.7157889,"max_stake_amount":9.7157889,"amount":9e-05,"open_date":"2025-06-29 10:01:00+00:00","close_date":"2025-06-29 10:17:00+00:00","open_rate":107953.21,"close_rate":108081.43,"fee_open":0.001,"fee_close":0.001,"trade_duration":16,"profit_ratio":-0.0008126385470792368,"profit_abs":-0.00790332,"exit_reason":"exit_signal","initial_stop_loss_abs":106333.92,"initial_stop_loss_ratio":-0.015,"stop_loss_abs":106553.63,"stop_loss_ratio":-0.015,"min_rate":107928.31,"max_rate":108176.27,"is_open":false,"enter_tag":"","leverage":1.0,"is_short":false,"open_timestamp":1751191260000,"close_timestamp":1751192220000,"orders":[{"amount":9e-05,"safe_price":107953.21,"ft_order_side":"buy","order_filled_timestamp":1751191260000,"ft_is_entry":true,"ft_order_tag":"","cost":9.725504688900001},{"amount":9e-05,"safe_price":108081.43,"ft_order_side":"sell","order_filled_timestamp":1751192220000,"ft_is_entry":false,"ft_order_tag":"exit_signal","cost":9.737056028699998}]},{"pair":"ETH/USDT","stake_amount":9.84152,"max_stake_amount":9.84152,"amount":0.004,"open_date":"2025-06-29 11:49:00+00:00","close_date":"2025-06-29 12:05:00+00:00","open_rate":2460.38,"close_rate":2459.26,"fee_open":0.001,"fee_close":0.001,"trade_duration":16,"profit_ratio":-0.002452306714249991,"profit_abs":-0.02415856,"exit_reason":"exit_signal","initial_stop_loss_abs":2423.48,"initial_stop_loss_ratio":-0.015,"stop_loss_abs":2426.53,"stop_loss_ratio":-0.015,"min_rate":2457.89,"max_rate":2463.48,"is_open":false,"enter_tag":"","leverage":1.0,"is_short":false,"open_timestamp":1751197740000,"close_timestamp":1751198700000,"orders":[{"amount":0.004,"safe_price":2460.38,"ft_order_side":"buy","order_filled_timestamp":1751197740000,"ft_is_entry":true,"ft_order_tag":"","cost":9.85136152},{"amount":0.004,"safe_price":2459.26,"ft_order_side":"sell","order_filled_timestamp":1751198700000,"ft_is_entry":false,"ft_order_tag":"exit_signal","cost":9.84687704}]},{"pair":"BTC/USDT","stake_amount":9.7431246,"max_stake_amount":9.7431246,"amount":9e-05,"open_date":"2025-06-29 11:48:00+00:00","close_date":"2025-06-29 12:06:00+00:00","open_rate":108256.94,"close_rate":108360.01,"fee_open":0.001,"fee_close":0.001,"trade_duration":18,"profit_ratio":-0.0010478179637588726,"profit_abs":-0.01021923,"exit_reason":"exit_signal","initial_stop_loss_abs":106633.09,"initial_stop_loss_ratio":-0.015,"stop_loss_abs":106900.58,"stop_loss_ratio":-0.015,"min_rate":108219.16,"max_rate":108528.5,"is_open":false,"enter_tag":"","leverage":1.0,"is_short":false,"open_timestamp":1751197680000,"close_timestamp":1751198760000,"orders":[{"amount":9e-05,"safe_price":108256.94,"ft_order_side":"buy","order_filled_timestamp":1751197680000,"ft_is_entry":true,"ft_order_tag":"","cost":9.7528677246},{"amount":9e-05,"safe_price":108360.01,"ft_order_side":"sell","order_filled_timestamp":1751198760000,"ft_is_entry":false,"ft_order_tag":"exit_signal","cost":9.762153300899998}]},{"pair":"ETH/USDT","stake_amount":9.76636,"max_stake_amount":9.76636,"amount":0.004,"open_date":"2025-06-29 18:33:00+00:00","close_date":"2025-06-29 18:39:00+00:00","open_rate":2441.59,"close_rate":2439.56,"fee_open":0.001,"fee_close":0.001,"trade_duration":6,"profit_ratio":-0.00282776623194138,"profit_abs":-0.0276446,"exit_reason":"exit_signal","initial_stop_loss_abs":2404.97,"initial_stop_loss_ratio":-0.015,"stop_loss_abs":2405.92,"stop_loss_ratio":-0.015,"min_rate":2438.65,"max_rate":2442.55,"is_open":false,"enter_tag":"","leverage":1.0,"is_short":false,"open_timestamp":1751221980000,"close_timestamp":1751222340000,"orders":[{"amount":0.004,"safe_price":2441.59,"ft_order_side":"buy","order_filled_timestamp":1751221980000,"ft_is_entry":true,"ft_order_tag":"","cost":9.77612636},{"amount":0.004,"safe_price":2439.56,"ft_order_side":"sell","order_filled_timestamp":1751222340000,"ft_is_entry":false,"ft_order_tag":"exit_signal","cost":9.767998239999999}]},{"pair":"ETH/USDT","stake_amount":9.88308,"max_stake_amount":9.88308,"amount":0.004,"open_date":"2025-06-30 13:27:00+00:00","close_date":"2025-06-30 13:34:00+00:00","open_rate":2470.77,"close_rate":2465.18,"fee_open":0.001,"fee_close":0.001,"trade_duration":7,"profit_ratio":-0.004255934208944809,"profit_abs":-0.0421038,"exit_reason":"exit_signal","initial_stop_loss_abs":2433.71,"initial_stop_loss_ratio":-0.015,"stop_loss_abs":2437.55,"stop_loss_ratio":-0.015,"min_rate":2462.63,"max_rate":2474.66,"is_open":false,"enter_tag":"","leverage":1.0,"is_short":false,"open_timestamp":1751290020000,"close_timestamp":1751290440000,"orders":[{"amount":0.004,"safe_price":2470.77,"ft_order_side":"buy","order_filled_timestamp":1751290020000,"ft_is_entry":true,"ft_order_tag":"","cost":9.892963079999998},{"amount":0.004,"safe_price":2465.18,"ft_order_side":"sell","order_filled_timestamp":1751290440000,"ft_is_entry":false,"ft_order_tag":"exit_signal","cost":9.870580719999998}]},{"pair":"BTC/USDT","stake_amount":9.6955812,"max_stake_amount":9.6955812,"amount":9e-05,"open_date":"2025-06-30 13:38:00+00:00","close_date":"2025-06-30 13:45:00+00:00","open_rate":107728.68,"close_rate":107601.5,"fee_open":0.001,"fee_close":0.001,"trade_duration":7,"profit_ratio":-0.0031762020491484175,"profit_abs":-0.03082592,"exit_reason":"exit_signal","initial_stop_loss_abs":106112.75,"initial_stop_loss_ratio":-0.015,"stop_loss_abs":106131.27,"stop_loss_ratio":-0.015,"min_rate":107582.53,"max_rate":107747.48,"is_open":false,"enter_tag":"","leverage":1.0,"is_short":false,"open_timestamp":1751290680000,"close_timestamp":1751291100000,"orders":[{"amount":9e-05,"safe_price":107728.68,"ft_order_side":"buy","order_filled_timestamp":1751290680000,"ft_is_entry":true,"ft_order_tag":"","cost":9.705276781199998},{"amount":9e-05,"safe_price":107601.5,"ft_order_side":"sell","order_filled_timestamp":1751291100000,"ft_is_entry":false,"ft_order_tag":"exit_signal","cost":9.693819135}]}],"locks":[],"best_pair":{"key":"BTC/USDT","trades":14,"profit_mean":-0.001565268818843246,"profit_mean_pct":-0.16,"profit_sum":-0.02191376346380544,"profit_sum_pct":-2.19,"profit_total_abs":-0.21039032,"profit_total":-0.00021039032,"profit_total_pct":-0.02,"duration_avg":"0:21:00","wins":2,"draws":0,"losses":12,"winrate":0.14285714285714285},"worst_pair":{"key":"ETH/USDT","trades":14,"profit_mean":-0.0017195727039035183,"profit_mean_pct":-0.17,"profit_sum":-0.024074017854649257,"profit_sum_pct":-2.41,"profit_total_abs":-0.23879957999999996,"profit_total":-0.00023879957999999995,"profit_total_pct":-0.02,"duration_avg":"0:23:00","wins":3,"draws":0,"losses":11,"winrate":0.21428571428571427},"results_per_pair":[{"key":"BTC/USDT","trades":14,"profit_mean":-0.001565268818843246,"profit_mean_pct":-0.16,"profit_sum":-0.02191376346380544,"profit_sum_pct":-2.19,"profit_total_abs":-0.21039032,"profit_total":-0.00021039032,"profit_total_pct":-0.02,"duration_avg":"0:21:00","wins":2,"draws":0,"losses":12,"winrate":0.14285714285714285},{"key":"ETH/USDT","trades":14,"profit_mean":-0.0017195727039035183,"profit_mean_pct":-0.17,"profit_sum":-0.024074017854649257,"profit_sum_pct":-2.41,"profit_total_abs":-0.23879957999999996,"profit_total":-0.00023879957999999995,"profit_total_pct":-0.02,"duration_avg":"0:23:00","wins":3,"draws":0,"losses":11,"winrate":0.21428571428571427},{"key":"TOTAL","trades":28,"profit_mean":-0.0016424207613733824,"profit_mean_pct":-0.16,"profit_sum":-0.045987781318454705,"profit_sum_pct":-4.6,"profit_total_abs":-0.4491899,"profit_total":-0.0004491899,"profit_total_pct":-0.04,"duration_avg":"0:22:00","wins":5,"draws":0,"losses":23,"winrate":0.17857142857142858}],"results_per_enter_tag":[{"key":"","trades":28,"profit_mean":-0.0016424207613733824,"profit_mean_pct":-0.16,"profit_sum":-0.045987781318454705,"profit_sum_pct":-4.6,"profit_total_abs":-0.4491899,"profit_total":-0.0004491899,"profit_total_pct":-0.04,"duration_avg":"0:22:00","wins":5,"draws":0,"losses":23,"winrate":0.17857142857142858},{"key":"TOTAL","trades":28,"profit_mean":-0.0016424207613733824,"profit_mean_pct":-0.16,"profit_sum":-0.045987781318454705,"profit_sum_pct":-4.6,"profit_total_abs":-0.4491899,"profit_total":-0.0004491899,"profit_total_pct":-0.04,"duration_avg":"0:22:00","wins":5,"draws":0,"losses":23,"winrate":0.17857142857142858}],"exit_reason_summary":[{"key":"exit_signal","trades":28,"profit_mean":-0.0016424207613733824,"profit_mean_pct":-0.16,"profit_sum":-0.045987781318454705,"profit_sum_pct":-4.6,"profit_total_abs":-0.4491899,"profit_total":-0.0004491899,"profit_total_pct":-0.04,"duration_avg":"0:22:00","wins":5,"draws":0,"losses":23,"winrate":0.17857142857142858},{"key":"TOTAL","trades":28,"profit_mean":-0.0016424207613733824,"profit_mean_pct":-0.16,"profit_sum":-0.045987781318454705,"profit_sum_pct":-4.6,"profit_total_abs":-0.4491899,"profit_total":-0.0004491899,"profit_total_pct":-0.04,"duration_avg":"0:22:00","wins":5,"draws":0,"losses":23,"winrate":0.17857142857142858}],"mix_tag_stats":[{"key":["","exit_signal"],"trades":28,"profit_mean":-0.0016424207613733824,"profit_mean_pct":-0.16,"profit_sum":-0.045987781318454705,"profit_sum_pct":-4.6,"profit_total_abs":-0.4491899,"profit_total":-0.0004491899,"profit_total_pct":-0.04,"duration_avg":"0:22:00","wins":5,"draws":0,"losses":23,"winrate":0.17857142857142858},{"key":"TOTAL","trades":28,"profit_mean":-0.0016424207613733824,"profit_mean_pct":-0.16,"profit_sum":-0.045987781318454705,"profit_sum_pct":-4.6,"profit_total_abs":-0.4491899,"profit_total":-0.0004491899,"profit_total_pct":-0.04,"duration_avg":"0:22:00","wins":5,"draws":0,"losses":23,"winrate":0.17857142857142858}],"left_open_trades":[{"key":"TOTAL","trades":0,"profit_mean":0.0,"profit_mean_pct":0.0,"profit_sum":0.0,"profit_sum_pct":0.0,"profit_total_abs":0.0,"profit_total":0.0,"profit_total_pct":0.0,"duration_avg":"0:00","wins":0,"draws":0,"losses":0,"winrate":0.0}],"total_trades":28,"trade_count_long":28,"trade_count_short":0,"total_volume":545.1148534832,"avg_stake_amount":9.722766121428569,"profit_mean":-0.0016424207613733824,"profit_median":-0.0024772316937519768,"profit_total":-0.0004491899,"profit_total_long":-0.0004491899,"profit_total_short":0.0,"profit_total_abs":-0.4491899,"profit_total_long_abs":-0.4491899,"profit_total_short_abs":0.0,"cagr":-0.023155017958137458,"expectancy":-0.016042496428571428,"expectancy_ratio":-0.643943704177862,"sortino":-101.88552441074992,"sharpe":-54.19222309892197,"calmar":-288.06150659316773,"sqn":-3.6848,"profit_factor":0.2160685340443419,"backtest_start":"2025-06-23 00:00:00","backtest_start_ts":1750636800000,"backtest_end":"2025-06-30 14:11:00","backtest_end_ts":1751292660000,"backtest_days":7,"backtest_run_start_ts":1751304546,"backtest_run_end_ts":1751304546,"trades_per_day":4.0,"market_change":0.08535653626498181,"pairlist":["BTC/USDT","ETH/USDT"],"stake_amount":10,"stake_currency":"USDT","stake_currency_decimals":3,"starting_balance":1000,"dry_run_wallet":1000,"final_balance":999.5508101,"rejected_signals":0,"timedout_entry_orders":0,"timedout_exit_orders":0,"canceled_trade_entries":0,"canceled_entry_orders":0,"replaced_entry_orders":0,"max_open_trades":2,"max_open_trades_setting":2,"timeframe":"1m","timeframe_detail":"","timerange":"","enable_protections":false,"strategy_name":"AlphaBreakoutV2025","stoploss":-0.015,"trailing_stop":true,"trailing_stop_positive":0.01,"trailing_stop_positive_offset":0.02,"trailing_only_offset_is_reached":false,"use_custom_stoploss":false,"minimal_roi":{"0":0.03,"10":0.02,"20":0.015,"30":0.01},"use_exit_signal":true,"exit_profit_only":false,"exit_profit_offset":0.0,"ignore_roi_if_entry_signal":false,"trading_mode":"spot","margin_mode":"","periodic_breakdown":{"day":[{"date":"23/06/2025","date_ts":1750636800000,"profit_abs":-0.02360825,"wins":2,"draws":0,"losses":3,"trades":5,"profit_factor":0.76022859},{"date":"24/06/2025","date_ts":1750723200000,"profit_abs":-0.08781736,"wins":0,"draws":0,"losses":3,"trades":3,"profit_factor":0.0},{"date":"25/06/2025","date_ts":1750809600000,"profit_abs":-0.05211828,"wins":1,"draws":0,"losses":3,"trades":4,"profit_factor":0.30403442},{"date":"26/06/2025","date_ts":1750896000000,"profit_abs":-0.03452047,"wins":0,"draws":0,"losses":2,"trades":2,"profit_factor":0.0},{"date":"27/06/2025","date_ts":1750982400000,"profit_abs":-0.07207816,"wins":1,"draws":0,"losses":3,"trades":4,"profit_factor":0.25119917},{"date":"28/06/2025","date_ts":1751068800000,"profit_abs":-0.03819723,"wins":0,"draws":0,"losses":3,"trades":3,"profit_factor":0.0},{"date":"29/06/2025","date_ts":1751155200000,"profit_abs":-0.06792043,"wins":1,"draws":0,"losses":4,"trades":5,"profit_factor":0.02867729},{"date":"30/06/2025","date_ts":1751241600000,"profit_abs":-0.07292972,"wins":0,"draws":0,"losses":2,"trades":2,"profit_factor":0.0}],"week":[{"date":"23/06/2025","date_ts":1750636800000,"profit_abs":-0.02360825,"wins":2,"draws":0,"losses":3,"trades":5,"profit_factor":0.76022859},{"date":"30/06/2025","date_ts":1751241600000,"profit_abs":-0.42558165,"wins":3,"draws":0,"losses":20,"trades":23,"profit_factor":0.10316048}],"month":[{"date":"30/06/2025","date_ts":1751241600000,"profit_abs":-0.4491899,"wins":5,"draws":0,"losses":23,"trades":28,"profit_factor":0.21606853}],"year":[{"date":"31/12/2025","date_ts":1767139200000,"profit_abs":-0.4491899,"wins":5,"draws":0,"losses":23,"trades":28,"profit_factor":0.21606853}]},"backtest_best_day":-0.0024935642228790483,"backtest_worst_day":-0.009121155231277371,"backtest_best_day_abs":-0.02360825,"backtest_worst_day_abs":-0.08781736,"winning_days":0,"draw_days":0,"losing_days":8,"daily_profit":[["2025-06-23",-0.02360825],["2025-06-24",-0.08781736],["2025-06-25",-0.05211828],["2025-06-26",-0.03452047],["2025-06-27",-0.07207816],["2025-06-28",-0.03819723],["2025-06-29",-0.06792043],["2025-06-30",-0.07292972]],"wins":5,"losses":23,"draws":0,"winrate":0.17857142857142858,"holding_avg":"0:22:00","holding_avg_s":1320.0,"winner_holding_avg":"0:46:00","winner_holding_avg_s":2760.0,"loser_holding_avg":"0:17:00","loser_holding_avg_s":1020.0,"max_consecutive_wins":2,"max_consecutive_losses":8,"max_drawdown_account":0.0004255916974751047,"max_relative_drawdown":0.0004255916974751047,"max_drawdown_abs":0.4255816500000001,"drawdown_start":"2025-06-23 21:28:00","drawdown_start_ts":1750714080000.0,"drawdown_end":"2025-06-30 13:45:00","drawdown_end_ts":1751291100000.0,"max_drawdown_low":-0.4491899000000001,"max_drawdown_high":-0.023608249999999997,"csum_min":999.5508101,"csum_max":999.97639175}},"strategy_comparison":[{"key":"AlphaBreakoutV2025","trades":28,"profit_mean":-0.0016424207613733824,"profit_mean_pct":-0.16,"profit_sum":-0.045987781318454705,"profit_sum_pct":-4.6,"profit_total_abs":-0.4491899,"profit_total":-0.0004491899,"profit_total_pct":-0.04,"duration_avg":"0:22:00","wins":5,"draws":0,"losses":23,"winrate":0.17857142857142858,"max_drawdown_account":0.0004255916974751047,"max_drawdown_abs":"0.426"}]}